name,width,height,orientation,bytes,mode
100503_200w.jpg,200,280,portrait,25626,RGB
100504_200w.jpg,200,276,portrait,25604,RGB
100505_200w.jpg,200,279,portrait,24178,RGB
100506_200w.jpg,200,279,portrait,23524,RGB
100507_200w.jpg,200,279,portrait,22318,RGB
100508_200w.jpg,200,279,portrait,23737,RGB
100509_200w.jpg,200,279,portrait,27160,RGB
100510_200w.jpg,200,279,portrait,27222,RGB
100511_200w.jpg,200,279,portrait,29840,RGB
100512_200w.jpg,200,279,portrait,27354,RGB
100513_200w.jpg,200,279,portrait,32551,RGB
100514_200w.jpg,200,279,portrait,21861,RGB
100515_200w.jpg,200,279,portrait,32153,RGB
100613_200w.jpg,200,279,portrait,19266,RGB
100614_200w.jpg,200,279,portrait,19516,RGB
100615_200w.jpg,200,279,portrait,21993,RGB
100616_200w.jpg,200,279,portrait,23846,RGB
100617_200w.jpg,200,279,portrait,27384,RGB
100618_200w.jpg,200,279,portrait,32885,RGB
100619_200w.jpg,200,279,portrait,22442,RGB
100620_200w.jpg,200,279,portrait,24273,RGB
100621_200w.jpg,200,279,portrait,24175,RGB
100622_200w.jpg,200,279,portrait,25055,RGB
100623_200w.jpg,200,279,portrait,30619,RGB
100624_200w.jpg,200,279,portrait,24927,RGB
100625_200w.jpg,200,279,portrait,33214,RGB
101434_200w.jpg,200,279,portrait,19063,RGB
101435_200w.jpg,200,279,portrait,23337,RGB
101436_200w.jpg,200,279,portrait,27946,RGB
101437_200w.jpg,200,279,portrait,22252,RGB
101438_200w.jpg,200,279,portrait,19916,RGB
101439_200w.jpg,200,279,portrait,26064,RGB
101440_200w.jpg,200,279,portrait,24260,RGB
101441_200w.jpg,200,279,portrait,27596,RGB
101442_200w.jpg,200,279,portrait,28802,RGB
101443_200w.jpg,200,279,portrait,22178,RGB
101444_200w.jpg,200,279,portrait,24729,RGB
101445_200w.jpg,200,279,portrait,24250,RGB
101446_200w.jpg,200,279,portrait,30098,RGB
101447_200w.jpg,200,279,portrait,25900,RGB
101448_200w.jpg,200,279,portrait,26829,RGB
101449_200w.jpg,200,279,portrait,33189,RGB
101450_200w.jpg,200,279,portrait,24224,RGB
101451_200w.jpg,200,279,portrait,22962,RGB
101452_200w.jpg,200,279,portrait,18069,RGB
101453_200w.jpg,200,279,portrait,23095,RGB
101454_200w.jpg,200,279,portrait,21180,RGB
101455_200w.jpg,200,279,portrait,23650,RGB
101456_200w.jpg,200,279,portrait,22332,RGB
101457_200w.jpg,200,279,portrait,21706,RGB
101458_200w.jpg,200,279,portrait,26920,RGB
101459_200w.jpg,200,279,portrait,28118,RGB
101460_200w.jpg,200,279,portrait,19481,RGB
101461_200w.jpg,200,279,portrait,21399,RGB
101462_200w.jpg,200,279,portrait,22455,RGB
101463_200w.jpg,200,279,portrait,23520,RGB
101464_200w.jpg,200,279,portrait,22843,RGB
101465_200w.jpg,200,279,portrait,24035,RGB
101466_200w.jpg,200,279,portrait,24170,RGB
101467_200w.jpg,200,279,portrait,22094,RGB
101470_200w.jpg,200,279,portrait,25478,RGB
101471_200w.jpg,200,279,portrait,25213,RGB
101472_200w.jpg,200,279,portrait,26559,RGB
101473_200w.jpg,200,279,portrait,24543,RGB
101474_200w.jpg,200,279,portrait,16651,RGB
101475_200w.jpg,200,279,portrait,21561,RGB
101476_200w.jpg,200,279,portrait,23385,RGB
101477_200w.jpg,200,279,portrait,23385,RGB
101478_200w.jpg,200,279,portrait,20833,RGB
101479_200w.jpg,200,279,portrait,29494,RGB
101480_200w.jpg,200,279,portrait,20322,RGB
101481_200w.jpg,200,279,portrait,22250,RGB
101482_200w.jpg,200,279,portrait,23733,RGB
101483_200w.jpg,200,279,portrait,22636,RGB
101484_200w.jpg,200,279,portrait,20876,RGB
101485_200w.jpg,200,279,portrait,20676,RGB
101486_200w.jpg,200,279,portrait,23440,RGB
101487_200w.jpg,200,279,portrait,20872,RGB
101488_200w.jpg,200,279,portrait,23986,RGB
101489_200w.jpg,200,279,portrait,25116,RGB
101490_200w.jpg,200,279,portrait,27178,RGB
101491_200w.jpg,200,279,portrait,23211,RGB
101492_200w.jpg,200,279,portrait,20398,RGB
101493_200w.jpg,200,279,portrait,23459,RGB
101494_200w.jpg,200,279,portrait,20289,RGB
101495_200w.jpg,200,279,portrait,18520,RGB
101496_200w.jpg,200,279,portrait,20940,RGB
101497_200w.jpg,200,279,portrait,21406,RGB
101498_200w.jpg,200,279,portrait,20641,RGB
101499_200w.jpg,200,279,portrait,22953,RGB
101500_200w.jpg,200,279,portrait,18573,RGB
101501_200w.jpg,200,279,portrait,19061,RGB
101502_200w.jpg,200,279,portrait,23533,RGB
101503_200w.jpg,200,279,portrait,22861,RGB
101504_200w.jpg,200,279,portrait,21406,RGB
101505_200w.jpg,200,279,portrait,21354,RGB
101506_200w.jpg,200,279,portrait,35205,RGB
101507_200w.jpg,200,279,portrait,26919,RGB
101508_200w.jpg,200,279,portrait,25710,RGB
101509_200w.jpg,200,279,portrait,24918,RGB
101510_200w.jpg,200,279,portrait,33180,RGB
101511_200w.jpg,200,279,portrait,32295,RGB
101512_200w.jpg,200,279,portrait,26071,RGB
101513_200w.jpg,200,279,portrait,25086,RGB
101514_200w.jpg,200,279,portrait,35494,RGB
101515_200w.jpg,200,279,portrait,27438,RGB
101516_200w.jpg,200,279,portrait,26922,RGB
101517_200w.jpg,200,279,portrait,23432,RGB
101518_200w.jpg,200,279,portrait,34456,RGB
101519_200w.jpg,200,279,portrait,37612,RGB
101520_200w.jpg,200,279,portrait,37249,RGB
101521_200w.jpg,200,279,portrait,23072,RGB
101522_200w.jpg,200,279,portrait,22247,RGB
102802_200w.jpg,200,279,portrait,28024,RGB
102803_200w.jpg,200,278,portrait,28597,RGB
102804_200w.jpg,200,279,portrait,22866,RGB
104053_200w.jpg,200,279,portrait,24818,RGB
106207_200w.jpg,200,284,portrait,33433,RGB
106357_200w.jpg,200,275,portrait,25554,RGB
106358_200w.jpg,200,275,portrait,21160,RGB
106359_200w.jpg,200,275,portrait,21085,RGB
106360_200w.jpg,200,275,portrait,19752,RGB
106361_200w.jpg,200,275,portrait,19809,RGB
106518_200w.jpg,200,274,portrait,25433,RGB
106519_200w.jpg,200,274,portrait,20850,RGB
106520_200w.jpg,200,274,portrait,23349,RGB
106521_200w.jpg,200,274,portrait,23157,RGB
106522_200w.jpg,200,274,portrait,21085,RGB
106523_200w.jpg,200,274,portrait,22061,RGB
106524_200w.jpg,200,274,portrait,23821,RGB
106525_200w.jpg,200,274,portrait,23681,RGB
106526_200w.jpg,200,274,portrait,24082,RGB
106527_200w.jpg,200,274,portrait,22442,RGB
106528_200w.jpg,200,274,portrait,28169,RGB
106529_200w.jpg,200,274,portrait,23044,RGB
106530_200w.jpg,200,274,portrait,22362,RGB
106531_200w.jpg,200,274,portrait,23935,RGB
106532_200w.jpg,200,274,portrait,24285,RGB
106979_200w.jpg,200,274,portrait,22795,RGB
106980_200w.jpg,200,274,portrait,21321,RGB
106981_200w.jpg,200,274,portrait,23384,RGB
106982_200w.jpg,200,274,portrait,24928,RGB
106983_200w.jpg,200,274,portrait,20456,RGB
106984_200w.jpg,200,274,portrait,23666,RGB
106985_200w.jpg,200,274,portrait,23705,RGB
106986_200w.jpg,200,274,portrait,23645,RGB
106987_200w.jpg,200,274,portrait,21620,RGB
106988_200w.jpg,200,274,portrait,22025,RGB
106989_200w.jpg,200,274,portrait,22005,RGB
106990_200w.jpg,200,274,portrait,25216,RGB
106991_200w.jpg,200,274,portrait,23799,RGB
106992_200w.jpg,200,274,portrait,24268,RGB
106993_200w.jpg,200,274,portrait,21112,RGB
106994_200w.jpg,200,274,portrait,20461,RGB
106996_200w.jpg,200,274,portrait,23946,RGB
106997_200w.jpg,200,274,portrait,27065,RGB
106998_200w.jpg,200,274,portrait,23250,RGB
106999_200w.jpg,200,274,portrait,24506,RGB
107000_200w.jpg,200,274,portrait,25436,RGB
107001_200w.jpg,200,274,portrait,23061,RGB
107002_200w.jpg,200,274,portrait,21160,RGB
107003_200w.jpg,200,274,portrait,23805,RGB
107004_200w.jpg,200,279,portrait,16522,RGB
107005_200w.jpg,200,274,portrait,22749,RGB
107006_200w.jpg,200,274,portrait,25512,RGB
107007_200w.jpg,200,274,portrait,25536,RGB
107008_200w.jpg,200,274,portrait,24489,RGB
107009_200w.jpg,200,274,portrait,25567,RGB
107010_200w.jpg,200,274,portrait,23426,RGB
107011_200w.jpg,200,274,portrait,23616,RGB
107012_200w.jpg,200,274,portrait,26484,RGB
107013_200w.jpg,200,274,portrait,23496,RGB
107014_200w.jpg,200,274,portrait,21109,RGB
107015_200w.jpg,200,274,portrait,24545,RGB
107016_200w.jpg,200,274,portrait,23413,RGB
107017_200w.jpg,200,274,portrait,22555,RGB
107018_200w.jpg,200,274,portrait,24893,RGB
107021_200w.jpg,200,274,portrait,22774,RGB
107022_200w.jpg,200,274,portrait,24007,RGB
107023_200w.jpg,200,274,portrait,18685,RGB
107024_200w.jpg,200,274,portrait,21686,RGB
107025_200w.jpg,200,274,portrait,20961,RGB
107026_200w.jpg,200,274,portrait,20494,RGB
107027_200w.jpg,200,274,portrait,23379,RGB
107028_200w.jpg,200,274,portrait,23745,RGB
107029_200w.jpg,200,274,portrait,23798,RGB
107030_200w.jpg,200,274,portrait,23452,RGB
107031_200w.jpg,200,274,portrait,25091,RGB
107032_200w.jpg,200,274,portrait,24364,RGB
107033_200w.jpg,200,274,portrait,23446,RGB
107034_200w.jpg,200,274,portrait,23433,RGB
107035_200w.jpg,200,274,portrait,25534,RGB
107036_200w.jpg,200,274,portrait,20920,RGB
107037_200w.jpg,200,274,portrait,23749,RGB
107038_200w.jpg,200,274,portrait,20996,RGB
107039_200w.jpg,200,274,portrait,24322,RGB
107040_200w.jpg,200,274,portrait,21260,RGB
107041_200w.jpg,200,274,portrait,22706,RGB
107042_200w.jpg,200,274,portrait,21528,RGB
107043_200w.jpg,200,274,portrait,22040,RGB
107044_200w.jpg,200,274,portrait,19717,RGB
107045_200w.jpg,200,274,portrait,20022,RGB
107046_200w.jpg,200,274,portrait,22321,RGB
107047_200w.jpg,200,274,portrait,20054,RGB
107048_200w.jpg,200,274,portrait,21116,RGB
107049_200w.jpg,200,274,portrait,18955,RGB
107050_200w.jpg,200,274,portrait,21351,RGB
107051_200w.jpg,200,274,portrait,24108,RGB
107052_200w.jpg,200,274,portrait,20515,RGB
107053_200w.jpg,200,274,portrait,23805,RGB
107054_200w.jpg,200,274,portrait,21617,RGB
107055_200w.jpg,200,274,portrait,21691,RGB
107056_200w.jpg,200,274,portrait,22764,RGB
107057_200w.jpg,200,274,portrait,20792,RGB
107058_200w.jpg,200,274,portrait,19495,RGB
107059_200w.jpg,200,274,portrait,21975,RGB
107060_200w.jpg,200,274,portrait,23629,RGB
107061_200w.jpg,200,274,portrait,22884,RGB
107062_200w.jpg,200,274,portrait,18961,RGB
107063_200w.jpg,200,274,portrait,24905,RGB
107064_200w.jpg,200,274,portrait,19279,RGB
107065_200w.jpg,200,274,portrait,21526,RGB
107066_200w.jpg,200,274,portrait,23125,RGB
107067_200w.jpg,200,274,portrait,21986,RGB
107068_200w.jpg,200,274,portrait,20655,RGB
107069_200w.jpg,200,274,portrait,19856,RGB
107070_200w.jpg,200,274,portrait,19364,RGB
107071_200w.jpg,200,274,portrait,18968,RGB
107072_200w.jpg,200,274,portrait,18187,RGB
107073_200w.jpg,200,274,portrait,21626,RGB
107074_200w.jpg,200,274,portrait,20497,RGB
107075_200w.jpg,200,274,portrait,18859,RGB
107076_200w.jpg,200,274,portrait,21714,RGB
107077_200w.jpg,200,274,portrait,20596,RGB
107078_200w.jpg,200,274,portrait,17636,RGB
107079_200w.jpg,200,274,portrait,16575,RGB
107080_200w.jpg,200,274,portrait,17317,RGB
107081_200w.jpg,200,274,portrait,19494,RGB
107082_200w.jpg,200,274,portrait,21651,RGB
107083_200w.jpg,200,274,portrait,19385,RGB
107084_200w.jpg,200,274,portrait,18907,RGB
107085_200w.jpg,200,274,portrait,18045,RGB
107086_200w.jpg,200,274,portrait,20437,RGB
107087_200w.jpg,200,274,portrait,18901,RGB
107088_200w.jpg,200,274,portrait,18527,RGB
107089_200w.jpg,200,274,portrait,17137,RGB
107090_200w.jpg,200,274,portrait,18775,RGB
107091_200w.jpg,200,274,portrait,15930,RGB
107092_200w.jpg,200,274,portrait,17611,RGB
107093_200w.jpg,200,274,portrait,15826,RGB
107094_200w.jpg,200,274,portrait,15697,RGB
107095_200w.jpg,200,274,portrait,15098,RGB
107096_200w.jpg,200,274,portrait,15463,RGB
107097_200w.jpg,200,274,portrait,12942,RGB
107098_200w.jpg,200,274,portrait,14755,RGB
107099_200w.jpg,200,274,portrait,16533,RGB
107120_200w.jpg,200,277,portrait,20491,RGB
107121_200w.jpg,200,277,portrait,21862,RGB
107122_200w.jpg,200,279,portrait,22538,RGB
107123_200w.jpg,200,275,portrait,20190,RGB
107124_200w.jpg,200,276,portrait,20189,RGB
107125_200w.jpg,200,278,portrait,21783,RGB
107126_200w.jpg,220,307,portrait,24781,RGB
107127_200w.jpg,200,278,portrait,22465,RGB
107128_200w.jpg,200,278,portrait,21640,RGB
107129_200w.jpg,200,278,portrait,20349,RGB
107130_200w.jpg,200,278,portrait,23479,RGB
107131_200w.jpg,200,144,landscape,16096,RGB
107132_200w.jpg,200,279,portrait,21273,RGB
107133_200w.jpg,200,277,portrait,21964,RGB
107134_200w.jpg,200,279,portrait,24691,RGB
107135_200w.jpg,200,278,portrait,22420,RGB
107136_200w.jpg,200,277,portrait,22442,RGB
107137_200w.jpg,200,276,portrait,21907,RGB
107138_200w.jpg,200,278,portrait,21971,RGB
107139_200w.jpg,200,277,portrait,23775,RGB
107140_200w.jpg,200,278,portrait,24682,RGB
107141_200w.jpg,200,278,portrait,30199,RGB
107142_200w.jpg,200,278,portrait,19521,RGB
107143_200w.jpg,200,278,portrait,23619,RGB
107144_200w.jpg,200,277,portrait,21844,RGB
107145_200w.jpg,200,277,portrait,20556,RGB
107146_200w.jpg,200,278,portrait,21756,RGB
107147_200w.jpg,200,277,portrait,24147,RGB
107148_200w.jpg,200,278,portrait,23377,RGB
107149_200w.jpg,200,277,portrait,22063,RGB
107150_200w.jpg,200,276,portrait,19761,RGB
107151_200w.jpg,200,277,portrait,19027,RGB
107152_200w.jpg,220,307,portrait,26845,RGB
107153_200w.jpg,200,278,portrait,25004,RGB
107154_200w.jpg,200,278,portrait,31546,RGB
107155_200w.jpg,200,278,portrait,21799,RGB
107156_200w.jpg,200,280,portrait,22359,RGB
107157_200w.jpg,200,277,portrait,23314,RGB
107158_200w.jpg,200,279,portrait,26324,RGB
107159_200w.jpg,200,278,portrait,22501,RGB
107160_200w.jpg,200,278,portrait,23043,RGB
107161_200w.jpg,200,279,portrait,23962,RGB
107162_200w.jpg,200,278,portrait,20448,RGB
107163_200w.jpg,200,278,portrait,24421,RGB
107164_200w.jpg,200,279,portrait,23756,RGB
107165_200w.jpg,200,277,portrait,22309,RGB
107166_200w.jpg,200,278,portrait,22984,RGB
107167_200w.jpg,200,279,portrait,21832,RGB
107168_200w.jpg,200,277,portrait,24446,RGB
107169_200w.jpg,200,144,landscape,15531,RGB
107170_200w.jpg,200,278,portrait,23163,RGB
107171_200w.jpg,200,278,portrait,23591,RGB
107172_200w.jpg,200,279,portrait,25293,RGB
107173_200w.jpg,200,278,portrait,25244,RGB
107174_200w.jpg,200,279,portrait,25139,RGB
107175_200w.jpg,200,278,portrait,24078,RGB
107176_200w.jpg,200,279,portrait,22562,RGB
107177_200w.jpg,200,277,portrait,21210,RGB
107178_200w.jpg,200,279,portrait,22752,RGB
107179_200w.jpg,200,278,portrait,23382,RGB
107180_200w.jpg,200,279,portrait,26635,RGB
107181_200w.jpg,200,280,portrait,30455,RGB
107182_200w.jpg,200,279,portrait,30666,RGB
107183_200w.jpg,200,281,portrait,31522,RGB
107184_200w.jpg,200,279,portrait,18987,RGB
107185_200w.jpg,200,277,portrait,22388,RGB
107186_200w.jpg,200,277,portrait,21228,RGB
107187_200w.jpg,200,278,portrait,20061,RGB
107188_200w.jpg,200,278,portrait,23363,RGB
107189_200w.jpg,200,279,portrait,21356,RGB
107190_200w.jpg,200,277,portrait,18965,RGB
107191_200w.jpg,200,278,portrait,22195,RGB
107192_200w.jpg,200,278,portrait,19258,RGB
107193_200w.jpg,200,279,portrait,23023,RGB
107194_200w.jpg,200,277,portrait,25141,RGB
107195_200w.jpg,200,277,portrait,22832,RGB
107196_200w.jpg,200,278,portrait,21436,RGB
107197_200w.jpg,200,277,portrait,22472,RGB
107198_200w.jpg,200,144,landscape,15120,RGB
107199_200w.jpg,200,278,portrait,17976,RGB
107200_200w.jpg,200,277,portrait,22625,RGB
107201_200w.jpg,200,278,portrait,25080,RGB
107202_200w.jpg,200,278,portrait,21198,RGB
107203_200w.jpg,200,278,portrait,23751,RGB
107204_200w.jpg,200,280,portrait,23467,RGB
107205_200w.jpg,200,279,portrait,22652,RGB
107206_200w.jpg,200,277,portrait,20764,RGB
107207_200w.jpg,200,279,portrait,20428,RGB
107208_200w.jpg,200,278,portrait,21201,RGB
107209_200w.jpg,200,277,portrait,23622,RGB
107210_200w.jpg,200,277,portrait,23328,RGB
107211_200w.jpg,200,144,landscape,17179,RGB
107212_200w.jpg,200,277,portrait,20793,RGB
107213_200w.jpg,200,278,portrait,25200,RGB
107214_200w.jpg,200,278,portrait,25116,RGB
107215_200w.jpg,200,280,portrait,25817,RGB
107216_200w.jpg,200,279,portrait,21384,RGB
107217_200w.jpg,200,278,portrait,19210,RGB
107218_200w.jpg,200,279,portrait,23179,RGB
107219_200w.jpg,200,277,portrait,16380,RGB
107220_200w.jpg,200,278,portrait,20651,RGB
107221_200w.jpg,200,279,portrait,25291,RGB
107222_200w.jpg,200,278,portrait,21707,RGB
107223_200w.jpg,200,144,landscape,17893,RGB
107224_200w.jpg,200,279,portrait,20721,RGB
107225_200w.jpg,200,278,portrait,22897,RGB
107226_200w.jpg,200,278,portrait,21189,RGB
107227_200w.jpg,200,278,portrait,21233,RGB
107228_200w.jpg,200,277,portrait,21379,RGB
107229_200w.jpg,200,278,portrait,22174,RGB
107230_200w.jpg,200,278,portrait,23218,RGB
107231_200w.jpg,200,279,portrait,22144,RGB
107232_200w.jpg,200,144,landscape,16252,RGB
107233_200w.jpg,200,278,portrait,20914,RGB
107234_200w.jpg,200,278,portrait,22346,RGB
107235_200w.jpg,200,279,portrait,23053,RGB
107236_200w.jpg,200,279,portrait,22874,RGB
107237_200w.jpg,200,277,portrait,24325,RGB
107238_200w.jpg,200,276,portrait,20686,RGB
107239_200w.jpg,200,279,portrait,21926,RGB
107240_200w.jpg,200,278,portrait,18882,RGB
107241_200w.jpg,200,278,portrait,24167,RGB
107242_200w.jpg,200,277,portrait,24686,RGB
107243_200w.jpg,200,278,portrait,19518,RGB
107244_200w.jpg,200,279,portrait,21501,RGB
107245_200w.jpg,200,279,portrait,21347,RGB
107246_200w.jpg,200,278,portrait,22595,RGB
107247_200w.jpg,200,277,portrait,22797,RGB
107248_200w.jpg,200,278,portrait,21805,RGB
107249_200w.jpg,200,279,portrait,22306,RGB
107250_200w.jpg,200,277,portrait,19016,RGB
107251_200w.jpg,200,278,portrait,21489,RGB
107252_200w.jpg,200,280,portrait,23136,RGB
107253_200w.jpg,200,279,portrait,21798,RGB
107254_200w.jpg,200,278,portrait,22370,RGB
107255_200w.jpg,200,277,portrait,21816,RGB
107256_200w.jpg,200,277,portrait,20376,RGB
107257_200w.jpg,200,278,portrait,21910,RGB
107258_200w.jpg,200,277,portrait,23527,RGB
107259_200w.jpg,200,279,portrait,20377,RGB
107260_200w.jpg,200,279,portrait,21756,RGB
107261_200w.jpg,200,279,portrait,24349,RGB
107262_200w.jpg,200,278,portrait,23248,RGB
107263_200w.jpg,200,277,portrait,21675,RGB
107264_200w.jpg,200,279,portrait,25158,RGB
107265_200w.jpg,200,278,portrait,19302,RGB
107266_200w.jpg,200,279,portrait,21249,RGB
107267_200w.jpg,200,279,portrait,21434,RGB
107268_200w.jpg,200,277,portrait,20328,RGB
107269_200w.jpg,200,278,portrait,21403,RGB
107270_200w.jpg,200,277,portrait,24029,RGB
107271_200w.jpg,200,279,portrait,14397,RGB
107272_200w.jpg,200,278,portrait,25223,RGB
107273_200w.jpg,200,278,portrait,31177,RGB
107274_200w.jpg,200,278,portrait,27264,RGB
107275_200w.jpg,200,277,portrait,31066,RGB
107276_200w.jpg,200,278,portrait,30813,RGB
107277_200w.jpg,200,280,portrait,28323,RGB
107278_200w.jpg,200,279,portrait,27629,RGB
107279_200w.jpg,200,280,portrait,34508,RGB
107280_200w.jpg,200,277,portrait,24220,RGB
107281_200w.jpg,200,279,portrait,23459,RGB
107282_200w.jpg,200,280,portrait,31545,RGB
107283_200w.jpg,200,279,portrait,30764,RGB
107876_200w.jpg,200,282,portrait,24255,RGB
107877_200w.jpg,200,284,portrait,23213,RGB
108421_200w.jpg,200,276,portrait,24028,RGB
108589_200w.jpg,200,282,portrait,31862,RGB
108591_200w.jpg,200,279,portrait,28055,RGB
108592_200w.jpg,200,279,portrait,28804,RGB
108593_200w.jpg,200,279,portrait,23050,RGB
108594_200w.jpg,200,279,portrait,23716,RGB
108595_200w.jpg,200,279,portrait,27282,RGB
108596_200w.jpg,200,279,portrait,24832,RGB
108597_200w.jpg,200,279,portrait,24719,RGB
108598_200w.jpg,200,281,portrait,23368,RGB
108599_200w.jpg,200,279,portrait,32992,RGB
108600_200w.jpg,200,279,portrait,26497,RGB
108601_200w.jpg,200,279,portrait,29068,RGB
108602_200w.jpg,200,279,portrait,26868,RGB
108603_200w.jpg,200,279,portrait,29213,RGB
108604_200w.jpg,200,279,portrait,23172,RGB
108605_200w.jpg,200,279,portrait,28954,RGB
108606_200w.jpg,200,279,portrait,27875,RGB
108607_200w.jpg,200,279,portrait,27262,RGB
108608_200w.jpg,200,279,portrait,28265,RGB
108609_200w.jpg,200,279,portrait,26358,RGB
108610_200w.jpg,200,279,portrait,26229,RGB
108611_200w.jpg,200,279,portrait,25490,RGB
108612_200w.jpg,200,279,portrait,27807,RGB
108613_200w.jpg,200,279,portrait,24043,RGB
108614_200w.jpg,200,279,portrait,28869,RGB
108615_200w.jpg,200,279,portrait,29398,RGB
108616_200w.jpg,200,279,portrait,33746,RGB
108617_200w.jpg,200,279,portrait,33466,RGB
108618_200w.jpg,200,279,portrait,18963,RGB
108619_200w.jpg,200,279,portrait,24266,RGB
108620_200w.jpg,200,279,portrait,23894,RGB
108621_200w.jpg,200,279,portrait,23106,RGB
108622_200w.jpg,200,279,portrait,25964,RGB
108623_200w.jpg,200,279,portrait,22096,RGB
108624_200w.jpg,200,279,portrait,22285,RGB
108625_200w.jpg,220,307,portrait,16559,RGB
108626_200w.jpg,220,305,portrait,17809,RGB
108627_200w.jpg,220,304,portrait,16175,RGB
108628_200w.jpg,220,307,portrait,18256,RGB
108629_200w.jpg,200,286,portrait,15876,RGB
108645_200w.jpg,200,280,portrait,18531,RGB
108646_200w.jpg,200,279,portrait,20618,RGB
108647_200w.jpg,200,280,portrait,18564,RGB
108648_200w.jpg,200,279,portrait,18923,RGB
110406_200w.jpg,200,286,portrait,22168,RGB
110407_200w.jpg,200,274,portrait,22142,RGB
110408_200w.jpg,200,284,portrait,24058,RGB
110409_200w.jpg,200,282,portrait,26459,RGB
110410_200w.jpg,200,279,portrait,22366,RGB
110411_200w.jpg,200,281,portrait,24181,RGB
110412_200w.jpg,200,280,portrait,27527,RGB
110413_200w.jpg,200,276,portrait,26596,RGB
110414_200w.jpg,200,278,portrait,23140,RGB
110415_200w.jpg,200,280,portrait,19351,RGB
110416_200w.jpg,200,283,portrait,24945,RGB
110417_200w.jpg,200,275,portrait,22440,RGB
110422_200w.jpg,200,280,portrait,22746,RGB
110423_200w.jpg,200,278,portrait,23056,RGB
110424_200w.jpg,200,278,portrait,25634,RGB
110425_200w.jpg,200,280,portrait,19937,RGB
110426_200w.jpg,200,277,portrait,22353,RGB
110427_200w.jpg,200,281,portrait,21588,RGB
110428_200w.jpg,200,279,portrait,23434,RGB
110429_200w.jpg,200,276,portrait,21784,RGB
110430_200w.jpg,200,278,portrait,25020,RGB
110431_200w.jpg,200,278,portrait,25777,RGB
110432_200w.jpg,200,279,portrait,25818,RGB
110433_200w.jpg,200,278,portrait,23412,RGB
111504_200w.jpg,200,279,portrait,20653,RGB
111505_200w.jpg,200,279,portrait,21710,RGB
111506_200w.jpg,200,279,portrait,23151,RGB
111507_200w.jpg,200,279,portrait,20268,RGB
111508_200w.jpg,200,279,portrait,19008,RGB
111509_200w.jpg,200,279,portrait,20267,RGB
111510_200w.jpg,200,279,portrait,21320,RGB
111511_200w.jpg,200,279,portrait,23117,RGB
111512_200w.jpg,200,279,portrait,21037,RGB
111513_200w.jpg,200,279,portrait,19298,RGB
111514_200w.jpg,200,279,portrait,21071,RGB
111515_200w.jpg,200,279,portrait,19080,RGB
111516_200w.jpg,200,279,portrait,24806,RGB
111517_200w.jpg,200,279,portrait,27638,RGB
111518_200w.jpg,200,279,portrait,21916,RGB
111519_200w.jpg,200,279,portrait,21808,RGB
111520_200w.jpg,200,279,portrait,23260,RGB
111521_200w.jpg,200,144,landscape,15969,RGB
111522_200w.jpg,200,279,portrait,23522,RGB
111523_200w.jpg,200,279,portrait,23252,RGB
111524_200w.jpg,200,279,portrait,25077,RGB
111525_200w.jpg,200,279,portrait,21334,RGB
111526_200w.jpg,200,279,portrait,21497,RGB
111527_200w.jpg,200,279,portrait,25123,RGB
111528_200w.jpg,200,279,portrait,19697,RGB
111529_200w.jpg,200,279,portrait,30084,RGB
111530_200w.jpg,200,279,portrait,27993,RGB
111531_200w.jpg,200,279,portrait,27807,RGB
111532_200w.jpg,200,279,portrait,34740,RGB
111533_200w.jpg,200,279,portrait,35140,RGB
111534_200w.jpg,200,279,portrait,22994,RGB
111535_200w.jpg,200,279,portrait,22386,RGB
111536_200w.jpg,200,279,portrait,21950,RGB
111537_200w.jpg,200,279,portrait,30329,RGB
111538_200w.jpg,200,279,portrait,26608,RGB
111539_200w.jpg,200,279,portrait,23815,RGB
111540_200w.jpg,200,279,portrait,23673,RGB
111541_200w.jpg,200,279,portrait,23024,RGB
111542_200w.jpg,200,279,portrait,25257,RGB
111543_200w.jpg,200,279,portrait,21875,RGB
111544_200w.jpg,200,279,portrait,20720,RGB
111545_200w.jpg,200,279,portrait,23276,RGB
111546_200w.jpg,200,279,portrait,22906,RGB
111547_200w.jpg,200,279,portrait,27329,RGB
111548_200w.jpg,200,144,landscape,17096,RGB
111549_200w.jpg,200,279,portrait,22821,RGB
111550_200w.jpg,200,279,portrait,23257,RGB
111551_200w.jpg,200,279,portrait,24000,RGB
111552_200w.jpg,200,279,portrait,23450,RGB
111553_200w.jpg,200,279,portrait,23466,RGB
111554_200w.jpg,200,144,landscape,16636,RGB
111555_200w.jpg,200,279,portrait,20555,RGB
111556_200w.jpg,200,279,portrait,25086,RGB
111557_200w.jpg,200,279,portrait,25186,RGB
111558_200w.jpg,200,279,portrait,24573,RGB
111559_200w.jpg,200,279,portrait,23533,RGB
111560_200w.jpg,200,144,landscape,17583,RGB
111561_200w.jpg,200,279,portrait,24917,RGB
111562_200w.jpg,200,279,portrait,26378,RGB
111563_200w.jpg,200,279,portrait,29329,RGB
111564_200w.jpg,200,279,portrait,28177,RGB
111565_200w.jpg,200,279,portrait,34518,RGB
111566_200w.jpg,200,279,portrait,23162,RGB
111567_200w.jpg,200,144,landscape,15581,RGB
111568_200w.jpg,200,279,portrait,29394,RGB
111569_200w.jpg,200,279,portrait,23638,RGB
111570_200w.jpg,200,279,portrait,22540,RGB
111571_200w.jpg,200,279,portrait,21269,RGB
111572_200w.jpg,200,279,portrait,22303,RGB
111573_200w.jpg,200,279,portrait,25903,RGB
111574_200w.jpg,200,279,portrait,23344,RGB
111592_200w.jpg,200,279,portrait,21872,RGB
111593_200w.jpg,200,279,portrait,23133,RGB
111594_200w.jpg,200,279,portrait,21245,RGB
111595_200w.jpg,200,279,portrait,20817,RGB
111596_200w.jpg,200,279,portrait,23246,RGB
111597_200w.jpg,200,279,portrait,21926,RGB
111598_200w.jpg,200,279,portrait,23046,RGB
111599_200w.jpg,200,279,portrait,18800,RGB
111600_200w.jpg,200,279,portrait,21026,RGB
111601_200w.jpg,200,279,portrait,21051,RGB
111602_200w.jpg,200,279,portrait,20836,RGB
111603_200w.jpg,200,279,portrait,24260,RGB
111604_200w.jpg,200,279,portrait,22331,RGB
111605_200w.jpg,200,279,portrait,19409,RGB
111606_200w.jpg,200,279,portrait,22399,RGB
111607_200w.jpg,200,279,portrait,19624,RGB
111608_200w.jpg,200,279,portrait,23610,RGB
111609_200w.jpg,200,279,portrait,20403,RGB
111610_200w.jpg,200,279,portrait,21288,RGB
111611_200w.jpg,200,279,portrait,25013,RGB
111612_200w.jpg,200,279,portrait,24336,RGB
111613_200w.jpg,200,279,portrait,24023,RGB
111614_200w.jpg,200,279,portrait,26697,RGB
111615_200w.jpg,200,279,portrait,23625,RGB
111616_200w.jpg,200,279,portrait,24672,RGB
111617_200w.jpg,200,279,portrait,22676,RGB
111618_200w.jpg,200,279,portrait,23472,RGB
111619_200w.jpg,200,279,portrait,19885,RGB
111620_200w.jpg,200,279,portrait,21394,RGB
111621_200w.jpg,200,279,portrait,22995,RGB
111622_200w.jpg,200,279,portrait,20903,RGB
111623_200w.jpg,200,279,portrait,23909,RGB
111624_200w.jpg,200,279,portrait,21815,RGB
111625_200w.jpg,200,279,portrait,20870,RGB
111626_200w.jpg,200,279,portrait,22140,RGB
111627_200w.jpg,200,279,portrait,21984,RGB
111628_200w.jpg,200,279,portrait,20847,RGB
111629_200w.jpg,200,279,portrait,23521,RGB
111630_200w.jpg,200,279,portrait,20223,RGB
111631_200w.jpg,200,279,portrait,19776,RGB
111632_200w.jpg,200,279,portrait,23223,RGB
111633_200w.jpg,200,279,portrait,20789,RGB
111634_200w.jpg,200,279,portrait,19806,RGB
111635_200w.jpg,200,279,portrait,21455,RGB
111636_200w.jpg,200,279,portrait,18177,RGB
111637_200w.jpg,200,279,portrait,20888,RGB
111638_200w.jpg,200,279,portrait,21716,RGB
111639_200w.jpg,200,279,portrait,23642,RGB
111640_200w.jpg,200,279,portrait,19926,RGB
111641_200w.jpg,200,279,portrait,22461,RGB
111642_200w.jpg,200,279,portrait,33649,RGB
111643_200w.jpg,200,279,portrait,28423,RGB
113659_200w.jpg,200,279,portrait,27783,RGB
113660_200w.jpg,200,279,portrait,33133,RGB
113661_200w.jpg,200,279,portrait,19778,RGB
113662_200w.jpg,200,279,portrait,23514,RGB
113663_200w.jpg,200,279,portrait,22069,RGB
113664_200w.jpg,200,279,portrait,19098,RGB
113665_200w.jpg,200,279,portrait,22638,RGB
113666_200w.jpg,200,279,portrait,20154,RGB
113667_200w.jpg,200,279,portrait,22485,RGB
113668_200w.jpg,200,279,portrait,30489,RGB
113669_200w.jpg,200,279,portrait,28459,RGB
113670_200w.jpg,200,279,portrait,34106,RGB
113671_200w.jpg,200,279,portrait,27134,RGB
113672_200w.jpg,200,279,portrait,21726,RGB
113673_200w.jpg,200,279,portrait,23828,RGB
113674_200w.jpg,200,279,portrait,21963,RGB
113675_200w.jpg,200,279,portrait,30370,RGB
113676_200w.jpg,200,279,portrait,34248,RGB
113677_200w.jpg,200,279,portrait,18435,RGB
113678_200w.jpg,200,279,portrait,24010,RGB
113679_200w.jpg,200,279,portrait,21179,RGB
113680_200w.jpg,200,279,portrait,21688,RGB
113681_200w.jpg,200,279,portrait,27090,RGB
113682_200w.jpg,200,279,portrait,29454,RGB
113683_200w.jpg,200,279,portrait,26637,RGB
113684_200w.jpg,200,279,portrait,20831,RGB
113685_200w.jpg,200,279,portrait,23023,RGB
113686_200w.jpg,200,279,portrait,31530,RGB
113687_200w.jpg,200,279,portrait,26654,RGB
113688_200w.jpg,200,279,portrait,19785,RGB
113689_200w.jpg,200,279,portrait,23347,RGB
113690_200w.jpg,200,279,portrait,16870,RGB
113691_200w.jpg,200,279,portrait,19667,RGB
113692_200w.jpg,200,279,portrait,22545,RGB
113693_200w.jpg,200,279,portrait,23350,RGB
113694_200w.jpg,200,279,portrait,23488,RGB
113695_200w.jpg,200,279,portrait,25336,RGB
113696_200w.jpg,200,279,portrait,23445,RGB
113697_200w.jpg,200,279,portrait,21145,RGB
113698_200w.jpg,200,279,portrait,20990,RGB
113699_200w.jpg,200,279,portrait,22532,RGB
113700_200w.jpg,200,279,portrait,24974,RGB
113701_200w.jpg,200,279,portrait,20600,RGB
113702_200w.jpg,200,279,portrait,20985,RGB
113703_200w.jpg,200,279,portrait,23622,RGB
113704_200w.jpg,200,279,portrait,25147,RGB
113705_200w.jpg,200,279,portrait,24977,RGB
113706_200w.jpg,200,279,portrait,21244,RGB
113707_200w.jpg,200,279,portrait,21759,RGB
113708_200w.jpg,200,279,portrait,21624,RGB
113709_200w.jpg,200,279,portrait,22631,RGB
113710_200w.jpg,200,279,portrait,22188,RGB
113711_200w.jpg,200,279,portrait,20817,RGB
113712_200w.jpg,200,279,portrait,20641,RGB
113713_200w.jpg,200,279,portrait,21530,RGB
113714_200w.jpg,200,279,portrait,24698,RGB
113715_200w.jpg,200,279,portrait,22464,RGB
113716_200w.jpg,200,279,portrait,21249,RGB
113717_200w.jpg,200,279,portrait,22128,RGB
113718_200w.jpg,200,279,portrait,20316,RGB
113719_200w.jpg,200,279,portrait,20137,RGB
113720_200w.jpg,200,279,portrait,21932,RGB
113721_200w.jpg,200,279,portrait,20852,RGB
113722_200w.jpg,200,279,portrait,21723,RGB
113723_200w.jpg,200,279,portrait,19208,RGB
113724_200w.jpg,200,279,portrait,20158,RGB
113725_200w.jpg,200,279,portrait,20165,RGB
113726_200w.jpg,200,279,portrait,22906,RGB
113727_200w.jpg,200,279,portrait,16010,RGB
113728_200w.jpg,200,279,portrait,19783,RGB
113729_200w.jpg,200,279,portrait,18364,RGB
113730_200w.jpg,200,279,portrait,18790,RGB
113731_200w.jpg,200,279,portrait,20231,RGB
113732_200w.jpg,200,279,portrait,17715,RGB
113733_200w.jpg,200,279,portrait,15230,RGB
113734_200w.jpg,200,279,portrait,15488,RGB
113735_200w.jpg,200,279,portrait,15161,RGB
113736_200w.jpg,200,279,portrait,13316,RGB
113737_200w.jpg,200,279,portrait,14587,RGB
113738_200w.jpg,200,279,portrait,14383,RGB
113739_200w.jpg,200,279,portrait,14048,RGB
113740_200w.jpg,200,279,portrait,19750,RGB
113741_200w.jpg,200,279,portrait,14704,RGB
113742_200w.jpg,200,279,portrait,21718,RGB
113743_200w.jpg,200,279,portrait,20586,RGB
113744_200w.jpg,200,279,portrait,22514,RGB
113745_200w.jpg,200,279,portrait,23115,RGB
113746_200w.jpg,200,279,portrait,24872,RGB
113747_200w.jpg,200,279,portrait,25683,RGB
113748_200w.jpg,200,279,portrait,27829,RGB
113749_200w.jpg,200,279,portrait,20859,RGB
113750_200w.jpg,200,279,portrait,26655,RGB
113751_200w.jpg,200,279,portrait,24657,RGB
113752_200w.jpg,200,279,portrait,21181,RGB
113753_200w.jpg,200,279,portrait,24511,RGB
113754_200w.jpg,200,279,portrait,20775,RGB
113755_200w.jpg,200,279,portrait,20730,RGB
113756_200w.jpg,200,279,portrait,21709,RGB
113757_200w.jpg,200,279,portrait,22207,RGB
113758_200w.jpg,200,279,portrait,26035,RGB
113759_200w.jpg,200,279,portrait,20789,RGB
113760_200w.jpg,200,279,portrait,24300,RGB
113761_200w.jpg,200,279,portrait,19783,RGB
113762_200w.jpg,200,279,portrait,22357,RGB
113763_200w.jpg,200,279,portrait,27045,RGB
113764_200w.jpg,200,279,portrait,30521,RGB
113765_200w.jpg,200,279,portrait,23182,RGB
113766_200w.jpg,200,279,portrait,19168,RGB
113767_200w.jpg,200,279,portrait,21290,RGB
113768_200w.jpg,200,279,portrait,21219,RGB
113769_200w.jpg,200,279,portrait,20278,RGB
113770_200w.jpg,200,279,portrait,23744,RGB
113771_200w.jpg,200,279,portrait,26890,RGB
113772_200w.jpg,200,279,portrait,24953,RGB
113773_200w.jpg,200,279,portrait,30248,RGB
114004_200w.jpg,200,279,portrait,27071,RGB
114005_200w.jpg,200,279,portrait,24210,RGB
114006_200w.jpg,200,279,portrait,21506,RGB
114007_200w.jpg,200,279,portrait,27130,RGB
114008_200w.jpg,200,279,portrait,31984,RGB
114011_200w.jpg,200,144,landscape,16048,RGB
114012_200w.jpg,200,144,landscape,16573,RGB
114013_200w.jpg,200,144,landscape,16055,RGB
114014_200w.jpg,200,279,portrait,25185,RGB
114015_200w.jpg,200,281,portrait,23836,RGB
114526_200w.jpg,200,279,portrait,22758,RGB
116005_200w.jpg,200,280,portrait,27733,RGB
116779_200w.jpg,200,279,portrait,25220,RGB
117266_200w.jpg,200,279,portrait,24380,RGB
117267_200w.jpg,200,279,portrait,25743,RGB
117512_200w.jpg,200,279,portrait,27945,RGB
117513_200w.jpg,200,279,portrait,23524,RGB
117514_200w.jpg,200,144,landscape,17143,RGB
117515_200w.jpg,200,279,portrait,32481,RGB
117516_200w.jpg,200,279,portrait,29173,RGB
117517_200w.jpg,200,279,portrait,25359,RGB
117518_200w.jpg,200,279,portrait,21959,RGB
117519_200w.jpg,200,279,portrait,30538,RGB
117520_200w.jpg,200,144,landscape,15336,RGB
117521_200w.jpg,200,279,portrait,25668,RGB
117599_200w.jpg,220,315,portrait,25899,RGB
117600_200w.jpg,220,304,portrait,27776,RGB
117601_200w.jpg,200,281,portrait,22888,RGB
117701_200w.jpg,200,279,portrait,31256,RGB
117702_200w.jpg,200,279,portrait,29091,RGB
117703_200w.jpg,200,279,portrait,27834,RGB
117764_200w.jpg,200,279,portrait,20899,RGB
117765_200w.jpg,200,279,portrait,20294,RGB
117766_200w.jpg,200,279,portrait,23737,RGB
117767_200w.jpg,200,279,portrait,22339,RGB
117768_200w.jpg,200,279,portrait,19241,RGB
117769_200w.jpg,200,279,portrait,21534,RGB
117770_200w.jpg,200,279,portrait,23187,RGB
117771_200w.jpg,200,279,portrait,24418,RGB
117772_200w.jpg,200,279,portrait,26405,RGB
117773_200w.jpg,200,279,portrait,23672,RGB
117774_200w.jpg,200,279,portrait,21729,RGB
117775_200w.jpg,200,279,portrait,22908,RGB
117776_200w.jpg,200,279,portrait,24697,RGB
117777_200w.jpg,200,279,portrait,20516,RGB
117778_200w.jpg,200,279,portrait,22941,RGB
117779_200w.jpg,200,279,portrait,24353,RGB
117781_200w.jpg,200,144,landscape,16702,RGB
117782_200w.jpg,200,279,portrait,30191,RGB
117783_200w.jpg,200,279,portrait,26233,RGB
117784_200w.jpg,200,279,portrait,24382,RGB
117785_200w.jpg,200,279,portrait,24836,RGB
117786_200w.jpg,200,279,portrait,26314,RGB
117787_200w.jpg,200,279,portrait,19159,RGB
117788_200w.jpg,200,279,portrait,23423,RGB
117789_200w.jpg,200,279,portrait,22552,RGB
117790_200w.jpg,200,279,portrait,19455,RGB
117791_200w.jpg,200,279,portrait,24528,RGB
117792_200w.jpg,200,279,portrait,22578,RGB
117793_200w.jpg,200,279,portrait,19057,RGB
117794_200w.jpg,200,279,portrait,19544,RGB
117795_200w.jpg,200,279,portrait,25394,RGB
117796_200w.jpg,200,279,portrait,19739,RGB
117797_200w.jpg,200,279,portrait,23803,RGB
117798_200w.jpg,200,279,portrait,18165,RGB
117799_200w.jpg,200,279,portrait,24764,RGB
117800_200w.jpg,200,279,portrait,19786,RGB
117801_200w.jpg,200,279,portrait,22586,RGB
117802_200w.jpg,200,279,portrait,21283,RGB
117803_200w.jpg,200,279,portrait,28516,RGB
117804_200w.jpg,200,279,portrait,22641,RGB
117805_200w.jpg,200,279,portrait,21345,RGB
117806_200w.jpg,200,279,portrait,20074,RGB
117807_200w.jpg,200,279,portrait,22248,RGB
117808_200w.jpg,200,279,portrait,21687,RGB
117809_200w.jpg,200,279,portrait,21227,RGB
117810_200w.jpg,200,279,portrait,23230,RGB
117811_200w.jpg,200,279,portrait,23867,RGB
117812_200w.jpg,200,279,portrait,28181,RGB
117813_200w.jpg,200,279,portrait,25145,RGB
117814_200w.jpg,200,279,portrait,23260,RGB
117815_200w.jpg,200,279,portrait,25037,RGB
117816_200w.jpg,200,279,portrait,27027,RGB
117835_200w.jpg,200,279,portrait,24926,RGB
117836_200w.jpg,200,279,portrait,26016,RGB
117837_200w.jpg,200,144,landscape,17682,RGB
117838_200w.jpg,200,279,portrait,26721,RGB
117839_200w.jpg,200,279,portrait,29922,RGB
117840_200w.jpg,200,279,portrait,23153,RGB
117841_200w.jpg,200,279,portrait,21448,RGB
117842_200w.jpg,200,279,portrait,22930,RGB
117843_200w.jpg,200,279,portrait,20695,RGB
117844_200w.jpg,200,279,portrait,30492,RGB
117845_200w.jpg,200,279,portrait,19917,RGB
117846_200w.jpg,200,279,portrait,19860,RGB
117847_200w.jpg,200,279,portrait,29406,RGB
117848_200w.jpg,200,279,portrait,27323,RGB
117849_200w.jpg,200,279,portrait,24968,RGB
117850_200w.jpg,200,279,portrait,22249,RGB
117851_200w.jpg,200,279,portrait,22882,RGB
117852_200w.jpg,200,279,portrait,23649,RGB
117853_200w.jpg,200,279,portrait,24898,RGB
117854_200w.jpg,200,144,landscape,16429,RGB
117855_200w.jpg,200,279,portrait,20080,RGB
117856_200w.jpg,200,279,portrait,22698,RGB
117857_200w.jpg,200,279,portrait,24651,RGB
117858_200w.jpg,200,279,portrait,26277,RGB
117859_200w.jpg,200,279,portrait,22100,RGB
117860_200w.jpg,200,279,portrait,18709,RGB
117861_200w.jpg,200,279,portrait,22246,RGB
117862_200w.jpg,200,279,portrait,22209,RGB
117863_200w.jpg,200,279,portrait,22759,RGB
117864_200w.jpg,200,279,portrait,21647,RGB
117865_200w.jpg,200,279,portrait,22165,RGB
117866_200w.jpg,200,279,portrait,21242,RGB
117868_200w.jpg,200,279,portrait,20461,RGB
117869_200w.jpg,200,279,portrait,22377,RGB
117870_200w.jpg,200,279,portrait,21295,RGB
117871_200w.jpg,200,279,portrait,19081,RGB
117872_200w.jpg,200,279,portrait,20940,RGB
117873_200w.jpg,200,279,portrait,22137,RGB
117874_200w.jpg,200,279,portrait,22052,RGB
117875_200w.jpg,200,279,portrait,21315,RGB
117876_200w.jpg,200,279,portrait,21832,RGB
117877_200w.jpg,200,279,portrait,20018,RGB
117878_200w.jpg,200,279,portrait,22353,RGB
117879_200w.jpg,200,279,portrait,22564,RGB
117880_200w.jpg,200,279,portrait,21412,RGB
117881_200w.jpg,200,279,portrait,20162,RGB
117882_200w.jpg,200,279,portrait,19094,RGB
117883_200w.jpg,200,279,portrait,21372,RGB
117884_200w.jpg,200,279,portrait,26239,RGB
117885_200w.jpg,200,279,portrait,18765,RGB
117886_200w.jpg,200,279,portrait,21498,RGB
117887_200w.jpg,200,279,portrait,21949,RGB
117888_200w.jpg,200,279,portrait,28493,RGB
117889_200w.jpg,200,279,portrait,26822,RGB
117890_200w.jpg,200,279,portrait,34285,RGB
117891_200w.jpg,200,279,portrait,25875,RGB
117892_200w.jpg,200,279,portrait,28117,RGB
117893_200w.jpg,200,279,portrait,30797,RGB
117894_200w.jpg,200,279,portrait,26109,RGB
117895_200w.jpg,200,279,portrait,24771,RGB
117896_200w.jpg,200,279,portrait,28166,RGB
118404_200w.jpg,220,304,portrait,27157,RGB
118775_200w.jpg,220,306,portrait,31157,RGB
118798_200w.jpg,220,307,portrait,24152,RGB
118799_200w.jpg,220,307,portrait,24152,RGB
118800_200w.jpg,220,307,portrait,14553,RGB
118801_200w.jpg,220,307,portrait,14553,RGB
118802_200w.jpg,220,307,portrait,14553,RGB
118803_200w.jpg,220,307,portrait,14553,RGB
118804_200w.jpg,220,307,portrait,14553,RGB
118805_200w.jpg,220,307,portrait,14553,RGB
118806_200w.jpg,220,307,portrait,14553,RGB
118807_200w.jpg,220,307,portrait,14553,RGB
118808_200w.jpg,220,307,portrait,14553,RGB
118809_200w.jpg,220,307,portrait,14553,RGB
118810_200w.jpg,220,307,portrait,25984,RGB
118811_200w.jpg,220,307,portrait,25984,RGB
118812_200w.jpg,220,307,portrait,21566,RGB
118813_200w.jpg,220,307,portrait,22331,RGB
118814_200w.jpg,220,307,portrait,22331,RGB
118815_200w.jpg,220,307,portrait,22161,RGB
118816_200w.jpg,220,307,portrait,22161,RGB
118817_200w.jpg,220,309,portrait,25457,RGB
118818_200w.jpg,220,309,portrait,25457,RGB
118819_200w.jpg,220,307,portrait,24075,RGB
118820_200w.jpg,220,307,portrait,24159,RGB
118821_200w.jpg,220,308,portrait,24497,RGB
118822_200w.jpg,220,308,portrait,24497,RGB
118823_200w.jpg,220,309,portrait,25669,RGB
118824_200w.jpg,220,307,portrait,24924,RGB
118825_200w.jpg,200,279,portrait,14344,RGB
118826_200w.jpg,220,310,portrait,23344,RGB
118827_200w.jpg,220,309,portrait,21403,RGB
118828_200w.jpg,220,307,portrait,16277,RGB
118829_200w.jpg,220,307,portrait,16277,RGB
118830_200w.jpg,220,307,portrait,16277,RGB
118831_200w.jpg,220,307,portrait,16277,RGB
118832_200w.jpg,220,307,portrait,8949,RGB
118833_200w.jpg,220,307,portrait,16277,RGB
118834_200w.jpg,220,307,portrait,16277,RGB
118835_200w.jpg,220,307,portrait,16277,RGB
118836_200w.jpg,220,307,portrait,16277,RGB
118837_200w.jpg,220,307,portrait,16277,RGB
118838_200w.jpg,220,307,portrait,16277,RGB
118839_200w.jpg,220,308,portrait,22944,RGB
118840_200w.jpg,220,304,portrait,25785,RGB
118841_200w.jpg,220,304,portrait,25785,RGB
118842_200w.jpg,220,306,portrait,24559,RGB
118843_200w.jpg,220,306,portrait,24559,RGB
118844_200w.jpg,220,308,portrait,26683,RGB
118846_200w.jpg,220,307,portrait,28580,RGB
118847_200w.jpg,220,307,portrait,28580,RGB
118848_200w.jpg,220,307,portrait,25289,RGB
118849_200w.jpg,220,307,portrait,25289,RGB
118850_200w.jpg,220,307,portrait,24465,RGB
118851_200w.jpg,200,281,portrait,21764,RGB
118852_200w.jpg,220,306,portrait,21160,RGB
118853_200w.jpg,220,309,portrait,25506,RGB
118854_200w.jpg,220,307,portrait,24080,RGB
118855_200w.jpg,220,307,portrait,24080,RGB
118856_200w.jpg,220,309,portrait,24008,RGB
118857_200w.jpg,220,309,portrait,24008,RGB
118859_200w.jpg,200,279,portrait,23429,RGB
118860_200w.jpg,200,279,portrait,30645,RGB
118861_200w.jpg,200,279,portrait,27226,RGB
118862_200w.jpg,200,279,portrait,28348,RGB
118863_200w.jpg,200,279,portrait,24600,RGB
118864_200w.jpg,220,307,portrait,26556,RGB
118865_200w.jpg,200,279,portrait,26885,RGB
118866_200w.jpg,220,305,portrait,29089,RGB
118867_200w.jpg,220,304,portrait,26483,RGB
118868_200w.jpg,200,279,portrait,24541,RGB
118869_200w.jpg,200,279,portrait,25197,RGB
118870_200w.jpg,220,309,portrait,30056,RGB
118871_200w.jpg,200,279,portrait,31606,RGB
118872_200w.jpg,200,279,portrait,19790,RGB
118873_200w.jpg,200,279,portrait,21243,RGB
118874_200w.jpg,200,279,portrait,24338,RGB
118875_200w.jpg,200,279,portrait,23216,RGB
118882_200w.jpg,220,298,portrait,28354,RGB
119012_200w.jpg,220,308,portrait,28437,RGB
120115_200w.jpg,200,279,portrait,26133,RGB
120150_200w.jpg,200,144,landscape,15948,RGB
120151_200w.jpg,200,279,portrait,30264,RGB
120152_200w.jpg,200,279,portrait,26239,RGB
120153_200w.jpg,200,279,portrait,25947,RGB
120154_200w.jpg,200,279,portrait,26503,RGB
120155_200w.jpg,200,279,portrait,30712,RGB
120156_200w.jpg,200,279,portrait,22542,RGB
120157_200w.jpg,200,279,portrait,20630,RGB
120701_200w.jpg,200,279,portrait,33681,RGB
120990_200w.jpg,200,279,portrait,24419,RGB
120991_200w.jpg,200,279,portrait,22449,RGB
120992_200w.jpg,200,279,portrait,20303,RGB
120993_200w.jpg,200,279,portrait,18896,RGB
120994_200w.jpg,200,279,portrait,19852,RGB
120995_200w.jpg,200,279,portrait,19799,RGB
120996_200w.jpg,200,279,portrait,23534,RGB
120997_200w.jpg,200,144,landscape,15887,RGB
120998_200w.jpg,200,279,portrait,19820,RGB
120999_200w.jpg,200,279,portrait,22871,RGB
121000_200w.jpg,200,279,portrait,25503,RGB
121001_200w.jpg,200,279,portrait,20436,RGB
121002_200w.jpg,200,279,portrait,21878,RGB
121003_200w.jpg,200,279,portrait,21746,RGB
121004_200w.jpg,200,279,portrait,23578,RGB
121005_200w.jpg,200,279,portrait,20277,RGB
121006_200w.jpg,200,279,portrait,23480,RGB
121007_200w.jpg,200,279,portrait,21602,RGB
121008_200w.jpg,200,279,portrait,22203,RGB
121009_200w.jpg,200,279,portrait,25479,RGB
121010_200w.jpg,200,279,portrait,20188,RGB
121011_200w.jpg,200,279,portrait,23686,RGB
121012_200w.jpg,200,144,landscape,15160,RGB
121013_200w.jpg,200,279,portrait,23447,RGB
121014_200w.jpg,200,279,portrait,24159,RGB
121015_200w.jpg,200,279,portrait,22017,RGB
121016_200w.jpg,200,279,portrait,24762,RGB
121017_200w.jpg,200,279,portrait,21193,RGB
121018_200w.jpg,200,279,portrait,22201,RGB
121019_200w.jpg,200,279,portrait,24516,RGB
121020_200w.jpg,200,279,portrait,24029,RGB
121021_200w.jpg,200,279,portrait,21732,RGB
121022_200w.jpg,200,144,landscape,16293,RGB
121125_200w.jpg,200,279,portrait,22602,RGB
121126_200w.jpg,200,279,portrait,26844,RGB
121127_200w.jpg,200,279,portrait,22145,RGB
121128_200w.jpg,200,279,portrait,21962,RGB
121129_200w.jpg,200,279,portrait,24501,RGB
121130_200w.jpg,200,279,portrait,20957,RGB
121131_200w.jpg,200,279,portrait,25327,RGB
121132_200w.jpg,200,279,portrait,21261,RGB
121133_200w.jpg,200,279,portrait,20160,RGB
121134_200w.jpg,200,279,portrait,25070,RGB
121135_200w.jpg,200,279,portrait,21304,RGB
121136_200w.jpg,200,279,portrait,20608,RGB
121137_200w.jpg,200,279,portrait,17795,RGB
121138_200w.jpg,200,279,portrait,20604,RGB
121139_200w.jpg,200,279,portrait,24967,RGB
121140_200w.jpg,200,279,portrait,22556,RGB
121141_200w.jpg,200,279,portrait,22855,RGB
121183_200w.jpg,200,279,portrait,25141,RGB
121184_200w.jpg,200,279,portrait,19795,RGB
121185_200w.jpg,200,279,portrait,21815,RGB
121186_200w.jpg,200,279,portrait,24474,RGB
121187_200w.jpg,200,279,portrait,24043,RGB
121188_200w.jpg,200,279,portrait,22440,RGB
121189_200w.jpg,200,279,portrait,24479,RGB
121190_200w.jpg,200,279,portrait,21868,RGB
121191_200w.jpg,200,279,portrait,23269,RGB
121192_200w.jpg,200,279,portrait,24828,RGB
121193_200w.jpg,200,279,portrait,20117,RGB
121194_200w.jpg,200,279,portrait,24680,RGB
121195_200w.jpg,200,144,landscape,19084,RGB
121196_200w.jpg,200,279,portrait,30120,RGB
121197_200w.jpg,200,279,portrait,33933,RGB
121198_200w.jpg,200,279,portrait,25852,RGB
121199_200w.jpg,200,279,portrait,27211,RGB
121200_200w.jpg,200,279,portrait,21045,RGB
121201_200w.jpg,200,279,portrait,26536,RGB
121202_200w.jpg,200,279,portrait,27229,RGB
121203_200w.jpg,200,279,portrait,23283,RGB
121204_200w.jpg,200,279,portrait,30480,RGB
121205_200w.jpg,200,279,portrait,22122,RGB
121206_200w.jpg,200,279,portrait,25832,RGB
121207_200w.jpg,200,279,portrait,24574,RGB
121208_200w.jpg,200,144,landscape,16148,RGB
121209_200w.jpg,200,279,portrait,22267,RGB
121210_200w.jpg,200,279,portrait,20908,RGB
121211_200w.jpg,200,279,portrait,23332,RGB
121212_200w.jpg,200,279,portrait,24490,RGB
121213_200w.jpg,200,144,landscape,17897,RGB
121214_200w.jpg,200,279,portrait,24895,RGB
121215_200w.jpg,200,279,portrait,23184,RGB
121216_200w.jpg,200,279,portrait,24511,RGB
121217_200w.jpg,200,279,portrait,21282,RGB
121218_200w.jpg,200,279,portrait,17996,RGB
121219_200w.jpg,200,279,portrait,23124,RGB
121220_200w.jpg,200,279,portrait,21353,RGB
121221_200w.jpg,200,279,portrait,23653,RGB
121222_200w.jpg,200,279,portrait,23840,RGB
121223_200w.jpg,200,279,portrait,22521,RGB
121224_200w.jpg,200,279,portrait,20849,RGB
121225_200w.jpg,200,279,portrait,21709,RGB
121226_200w.jpg,200,279,portrait,19390,RGB
121227_200w.jpg,200,279,portrait,23249,RGB
121228_200w.jpg,200,279,portrait,22112,RGB
121229_200w.jpg,200,279,portrait,21769,RGB
121230_200w.jpg,200,279,portrait,23515,RGB
121231_200w.jpg,200,279,portrait,30835,RGB
121232_200w.jpg,200,279,portrait,26764,RGB
121233_200w.jpg,200,279,portrait,34230,RGB
121234_200w.jpg,200,279,portrait,28508,RGB
121235_200w.jpg,200,279,portrait,24239,RGB
121236_200w.jpg,200,279,portrait,32333,RGB
121237_200w.jpg,200,279,portrait,24776,RGB
121238_200w.jpg,200,279,portrait,27134,RGB
121239_200w.jpg,200,279,portrait,30594,RGB
121240_200w.jpg,200,279,portrait,27788,RGB
121364_200w.jpg,200,279,portrait,25800,RGB
121772_200w.jpg,200,280,portrait,24758,RGB
121946_200w.jpg,200,279,portrait,24674,RGB
121947_200w.jpg,200,279,portrait,30534,RGB
121948_200w.jpg,200,279,portrait,23582,RGB
121949_200w.jpg,200,144,landscape,16254,RGB
121950_200w.jpg,200,279,portrait,21991,RGB
121952_200w.jpg,200,279,portrait,27695,RGB
121953_200w.jpg,200,279,portrait,28117,RGB
121954_200w.jpg,200,279,portrait,29966,RGB
121955_200w.jpg,200,279,portrait,23994,RGB
121963_200w.jpg,200,144,landscape,14905,RGB
123183_200w.jpg,220,307,portrait,31142,RGB
123184_200w.jpg,220,307,portrait,30363,RGB
123185_200w.jpg,220,307,portrait,30242,RGB
123186_200w.jpg,220,307,portrait,30609,RGB
123187_200w.jpg,220,306,portrait,29568,RGB
123188_200w.jpg,220,307,portrait,29625,RGB
123189_200w.jpg,220,306,portrait,32754,RGB
123190_200w.jpg,220,307,portrait,31578,RGB
123191_200w.jpg,220,306,portrait,32003,RGB
123192_200w.jpg,220,311,portrait,29287,RGB
123193_200w.jpg,220,308,portrait,28839,RGB
123194_200w.jpg,220,305,portrait,31568,RGB
123195_200w.jpg,220,313,portrait,27232,RGB
123196_200w.jpg,220,305,portrait,30901,RGB
123434_200w.jpg,200,279,portrait,26599,RGB
123435_200w.jpg,200,279,portrait,27851,RGB
123436_200w.jpg,200,279,portrait,28535,RGB
123437_200w.jpg,200,279,portrait,22766,RGB
123438_200w.jpg,200,279,portrait,21033,RGB
123443_200w.jpg,220,305,portrait,26849,RGB
123444_200w.jpg,220,309,portrait,26297,RGB
123445_200w.jpg,220,298,portrait,29597,RGB
123453_200w.jpg,200,279,portrait,29409,RGB
123454_200w.jpg,200,279,portrait,25325,RGB
123455_200w.jpg,200,279,portrait,30543,RGB
123456_200w.jpg,220,307,portrait,27940,RGB
123457_200w.jpg,220,307,portrait,26204,RGB
123458_200w.jpg,220,307,portrait,30152,RGB
123459_200w.jpg,220,307,portrait,29001,RGB
123460_200w.jpg,220,307,portrait,28207,RGB
123461_200w.jpg,220,307,portrait,30015,RGB
123462_200w.jpg,200,277,portrait,22126,RGB
123463_200w.jpg,220,307,portrait,26833,RGB
123464_200w.jpg,220,307,portrait,25173,RGB
123465_200w.jpg,220,307,portrait,26690,RGB
123466_200w.jpg,220,307,portrait,26987,RGB
123467_200w.jpg,220,307,portrait,25946,RGB
123468_200w.jpg,220,306,portrait,27456,RGB
123469_200w.jpg,220,304,portrait,32818,RGB
123470_200w.jpg,220,307,portrait,28021,RGB
123471_200w.jpg,220,307,portrait,28552,RGB
123472_200w.jpg,220,307,portrait,28759,RGB
123473_200w.jpg,220,307,portrait,25050,RGB
123474_200w.jpg,220,307,portrait,26158,RGB
123475_200w.jpg,220,307,portrait,27377,RGB
123478_200w.jpg,220,307,portrait,30166,RGB
123479_200w.jpg,200,279,portrait,23811,RGB
123622_200w.jpg,220,308,portrait,24548,RGB
123623_200w.jpg,220,307,portrait,25662,RGB
123624_200w.jpg,220,307,portrait,28202,RGB
123625_200w.jpg,220,307,portrait,26259,RGB
123626_200w.jpg,220,307,portrait,30804,RGB
123627_200w.jpg,220,307,portrait,28160,RGB
123628_200w.jpg,220,307,portrait,26425,RGB
123629_200w.jpg,220,307,portrait,27550,RGB
123630_200w.jpg,220,307,portrait,26853,RGB
123631_200w.jpg,220,304,portrait,26398,RGB
123632_200w.jpg,220,307,portrait,29620,RGB
123633_200w.jpg,220,307,portrait,25576,RGB
123634_200w.jpg,220,306,portrait,25266,RGB
123636_200w.jpg,200,279,portrait,23365,RGB
124014_200w.jpg,200,279,portrait,24980,RGB
124015_200w.jpg,200,279,portrait,31387,RGB
124016_200w.jpg,200,279,portrait,22445,RGB
124017_200w.jpg,200,279,portrait,23815,RGB
124018_200w.jpg,200,279,portrait,23609,RGB
124019_200w.jpg,200,279,portrait,23759,RGB
124020_200w.jpg,200,279,portrait,27075,RGB
124021_200w.jpg,200,279,portrait,25715,RGB
124022_200w.jpg,200,279,portrait,21071,RGB
124023_200w.jpg,200,279,portrait,23151,RGB
124024_200w.jpg,200,279,portrait,26476,RGB
124025_200w.jpg,200,279,portrait,33164,RGB
124026_200w.jpg,200,279,portrait,25022,RGB
124027_200w.jpg,200,279,portrait,21369,RGB
124028_200w.jpg,200,279,portrait,25024,RGB
124029_200w.jpg,200,144,landscape,15698,RGB
124030_200w.jpg,200,279,portrait,22477,RGB
124031_200w.jpg,200,279,portrait,25580,RGB
124032_200w.jpg,200,279,portrait,19724,RGB
124033_200w.jpg,200,279,portrait,23080,RGB
124034_200w.jpg,200,279,portrait,28046,RGB
124035_200w.jpg,200,279,portrait,33655,RGB
124036_200w.jpg,200,279,portrait,22385,RGB
124037_200w.jpg,200,279,portrait,26585,RGB
124038_200w.jpg,200,279,portrait,27102,RGB
124039_200w.jpg,200,279,portrait,29502,RGB
124040_200w.jpg,200,279,portrait,33009,RGB
124041_200w.jpg,200,279,portrait,23985,RGB
124042_200w.jpg,200,279,portrait,25429,RGB
124043_200w.jpg,200,279,portrait,21927,RGB
124044_200w.jpg,200,279,portrait,22881,RGB
124045_200w.jpg,200,144,landscape,15339,RGB
124046_200w.jpg,200,279,portrait,24789,RGB
124047_200w.jpg,200,279,portrait,27276,RGB
124048_200w.jpg,200,279,portrait,21094,RGB
124049_200w.jpg,200,279,portrait,26354,RGB
124050_200w.jpg,200,279,portrait,19953,RGB
124051_200w.jpg,200,279,portrait,21881,RGB
124052_200w.jpg,200,279,portrait,19562,RGB
124053_200w.jpg,200,279,portrait,22354,RGB
124054_200w.jpg,200,279,portrait,23331,RGB
124055_200w.jpg,200,279,portrait,24772,RGB
124056_200w.jpg,200,279,portrait,20157,RGB
124057_200w.jpg,200,279,portrait,22758,RGB
124058_200w.jpg,200,279,portrait,25030,RGB
124059_200w.jpg,200,144,landscape,15971,RGB
124060_200w.jpg,200,279,portrait,19402,RGB
124061_200w.jpg,200,279,portrait,19222,RGB
124062_200w.jpg,200,279,portrait,21162,RGB
124063_200w.jpg,200,279,portrait,22111,RGB
124064_200w.jpg,200,279,portrait,23371,RGB
124065_200w.jpg,200,279,portrait,25299,RGB
124066_200w.jpg,200,279,portrait,22939,RGB
124067_200w.jpg,200,279,portrait,22551,RGB
124068_200w.jpg,200,279,portrait,21681,RGB
124069_200w.jpg,200,279,portrait,21750,RGB
124070_200w.jpg,200,279,portrait,20334,RGB
124071_200w.jpg,200,279,portrait,24729,RGB
124072_200w.jpg,200,279,portrait,25447,RGB
124073_200w.jpg,200,144,landscape,15699,RGB
124074_200w.jpg,200,279,portrait,23814,RGB
124075_200w.jpg,200,279,portrait,19426,RGB
124076_200w.jpg,200,279,portrait,20896,RGB
124077_200w.jpg,200,279,portrait,25912,RGB
124078_200w.jpg,200,279,portrait,28095,RGB
124079_200w.jpg,200,279,portrait,22655,RGB
124080_200w.jpg,200,279,portrait,24166,RGB
124081_200w.jpg,200,279,portrait,21265,RGB
124082_200w.jpg,200,279,portrait,20254,RGB
124083_200w.jpg,200,279,portrait,20965,RGB
124084_200w.jpg,200,279,portrait,20393,RGB
124085_200w.jpg,200,279,portrait,26099,RGB
124086_200w.jpg,200,279,portrait,23235,RGB
124087_200w.jpg,200,279,portrait,20651,RGB
124088_200w.jpg,200,279,portrait,22815,RGB
124089_200w.jpg,200,279,portrait,17946,RGB
124090_200w.jpg,200,279,portrait,16722,RGB
124091_200w.jpg,200,279,portrait,15893,RGB
124092_200w.jpg,200,279,portrait,18205,RGB
124093_200w.jpg,200,279,portrait,21172,RGB
124094_200w.jpg,200,279,portrait,21692,RGB
124095_200w.jpg,200,279,portrait,19423,RGB
124096_200w.jpg,200,279,portrait,16000,RGB
124097_200w.jpg,200,279,portrait,19544,RGB
124098_200w.jpg,200,279,portrait,17014,RGB
124099_200w.jpg,200,279,portrait,20935,RGB
124100_200w.jpg,200,279,portrait,18286,RGB
124101_200w.jpg,200,279,portrait,17617,RGB
124102_200w.jpg,200,279,portrait,22376,RGB
124103_200w.jpg,200,279,portrait,13917,RGB
124104_200w.jpg,200,279,portrait,13512,RGB
124105_200w.jpg,200,279,portrait,12880,RGB
124106_200w.jpg,200,279,portrait,12989,RGB
124107_200w.jpg,200,279,portrait,10620,RGB
124108_200w.jpg,200,279,portrait,12805,RGB
124109_200w.jpg,200,279,portrait,12559,RGB
124110_200w.jpg,200,279,portrait,12850,RGB
124111_200w.jpg,200,279,portrait,19413,RGB
124112_200w.jpg,200,279,portrait,13663,RGB
124113_200w.jpg,200,279,portrait,32043,RGB
124114_200w.jpg,200,279,portrait,31634,RGB
124115_200w.jpg,200,279,portrait,33927,RGB
124116_200w.jpg,200,279,portrait,25113,RGB
124117_200w.jpg,200,279,portrait,26449,RGB
124118_200w.jpg,200,279,portrait,30897,RGB
124119_200w.jpg,200,279,portrait,24888,RGB
124120_200w.jpg,200,279,portrait,22544,RGB
124121_200w.jpg,200,279,portrait,24153,RGB
124122_200w.jpg,200,279,portrait,27044,RGB
124123_200w.jpg,200,279,portrait,24227,RGB
124124_200w.jpg,200,279,portrait,20335,RGB
124125_200w.jpg,200,279,portrait,23950,RGB
124126_200w.jpg,200,279,portrait,22711,RGB
125037_200w.jpg,220,307,portrait,25227,RGB
125038_200w.jpg,200,279,portrait,21648,RGB
125039_200w.jpg,220,307,portrait,27496,RGB
125041_200w.jpg,200,278,portrait,23579,RGB
125043_200w.jpg,220,307,portrait,24424,RGB
125044_200w.jpg,220,306,portrait,27218,RGB
125045_200w.jpg,220,307,portrait,27355,RGB
125046_200w.jpg,220,307,portrait,24005,RGB
125047_200w.jpg,220,307,portrait,28968,RGB
125048_200w.jpg,220,307,portrait,27946,RGB
125049_200w.jpg,220,307,portrait,29062,RGB
125051_200w.jpg,220,307,portrait,25891,RGB
125052_200w.jpg,220,307,portrait,27594,RGB
125053_200w.jpg,220,307,portrait,26980,RGB
125055_200w.jpg,220,307,portrait,28053,RGB
125058_200w.jpg,220,307,portrait,28330,RGB
125060_200w.jpg,220,307,portrait,28537,RGB
125061_200w.jpg,220,307,portrait,29470,RGB
125062_200w.jpg,220,307,portrait,26714,RGB
125063_200w.jpg,220,307,portrait,29982,RGB
125066_200w.jpg,220,307,portrait,29933,RGB
125067_200w.jpg,220,303,portrait,28666,RGB
125068_200w.jpg,220,307,portrait,30515,RGB
125070_200w.jpg,220,307,portrait,28473,RGB
125071_200w.jpg,220,307,portrait,26460,RGB
125072_200w.jpg,220,307,portrait,27421,RGB
125073_200w.jpg,220,307,portrait,28669,RGB
125074_200w.jpg,220,307,portrait,29269,RGB
125075_200w.jpg,220,307,portrait,29310,RGB
125077_200w.jpg,220,308,portrait,27562,RGB
125078_200w.jpg,220,306,portrait,23432,RGB
125079_200w.jpg,220,307,portrait,28015,RGB
125088_200w.jpg,220,310,portrait,32798,RGB
125089_200w.jpg,200,279,portrait,21742,RGB
125110_200w.jpg,220,304,portrait,22019,RGB
125111_200w.jpg,220,304,portrait,22269,RGB
125112_200w.jpg,220,301,portrait,28415,RGB
125113_200w.jpg,220,305,portrait,30421,RGB
125114_200w.jpg,220,305,portrait,21105,RGB
125115_200w.jpg,220,305,portrait,21914,RGB
125116_200w.jpg,220,305,portrait,23736,RGB
125117_200w.jpg,220,306,portrait,28261,RGB
125118_200w.jpg,220,305,portrait,23885,RGB
125119_200w.jpg,220,304,portrait,27831,RGB
125120_200w.jpg,200,279,portrait,17104,RGB
125122_200w.jpg,200,281,portrait,19998,RGB
125125_200w.jpg,220,306,portrait,15108,RGB
125126_200w.jpg,220,310,portrait,23225,RGB
125127_200w.jpg,220,307,portrait,22294,RGB
125128_200w.jpg,220,304,portrait,21173,RGB
125130_200w.jpg,220,309,portrait,25039,RGB
125131_200w.jpg,220,308,portrait,23794,RGB
125132_200w.jpg,220,307,portrait,24672,RGB
125133_200w.jpg,220,303,portrait,25916,RGB
125134_200w.jpg,200,279,portrait,19708,RGB
125135_200w.jpg,220,307,portrait,19513,RGB
125136_200w.jpg,220,307,portrait,25658,RGB
125137_200w.jpg,220,305,portrait,22996,RGB
125138_200w.jpg,220,304,portrait,26091,RGB
125139_200w.jpg,220,307,portrait,27050,RGB
125140_200w.jpg,220,311,portrait,24829,RGB
125141_200w.jpg,220,309,portrait,28433,RGB
125142_200w.jpg,220,304,portrait,23253,RGB
125144_200w.jpg,220,308,portrait,25570,RGB
125145_200w.jpg,220,310,portrait,22670,RGB
125146_200w.jpg,220,310,portrait,20697,RGB
125147_200w.jpg,220,308,portrait,24521,RGB
125148_200w.jpg,220,305,portrait,27837,RGB
125150_200w.jpg,220,308,portrait,15662,RGB
125151_200w.jpg,220,307,portrait,14955,RGB
125152_200w.jpg,220,307,portrait,21311,RGB
125154_200w.jpg,220,309,portrait,17029,RGB
125156_200w.jpg,220,307,portrait,26802,RGB
125157_200w.jpg,220,306,portrait,24029,RGB
125158_200w.jpg,220,306,portrait,27958,RGB
125159_200w.jpg,200,279,portrait,26220,RGB
125160_200w.jpg,200,279,portrait,22585,RGB
125251_200w.jpg,200,279,portrait,23907,RGB
125252_200w.jpg,200,279,portrait,24978,RGB
125253_200w.jpg,200,279,portrait,30426,RGB
125254_200w.jpg,200,279,portrait,27705,RGB
125255_200w.jpg,220,306,portrait,26527,RGB
125256_200w.jpg,220,304,portrait,26240,RGB
125322_200w.jpg,200,279,portrait,25617,RGB
125562_200w.jpg,220,306,portrait,19611,RGB
125564_200w.jpg,200,279,portrait,23349,RGB
125565_200w.jpg,200,279,portrait,26213,RGB
125566_200w.jpg,200,279,portrait,34360,RGB
125567_200w.jpg,220,307,portrait,23350,RGB
125568_200w.jpg,220,308,portrait,28016,RGB
125569_200w.jpg,220,303,portrait,28607,RGB
125655_200w.jpg,220,306,portrait,24860,RGB
125656_200w.jpg,220,304,portrait,21455,RGB
125657_200w.jpg,220,306,portrait,26585,RGB
125658_200w.jpg,220,302,portrait,24774,RGB
125659_200w.jpg,220,306,portrait,25065,RGB
125660_200w.jpg,220,307,portrait,23650,RGB
125897_200w.jpg,220,310,portrait,29010,RGB
125898_200w.jpg,200,279,portrait,28274,RGB
126017_200w.jpg,220,307,portrait,30194,RGB
126018_200w.jpg,220,307,portrait,29338,RGB
126019_200w.jpg,220,307,portrait,26743,RGB
126020_200w.jpg,220,306,portrait,25539,RGB
126021_200w.jpg,220,311,portrait,24808,RGB
126022_200w.jpg,220,306,portrait,28685,RGB
126024_200w.jpg,220,311,portrait,33106,RGB
126025_200w.jpg,220,306,portrait,34601,RGB
126027_200w.jpg,200,279,portrait,26614,RGB
126028_200w.jpg,200,279,portrait,22657,RGB
126029_200w.jpg,200,279,portrait,20610,RGB
126030_200w.jpg,200,279,portrait,21487,RGB
126031_200w.jpg,200,279,portrait,21087,RGB
126032_200w.jpg,200,279,portrait,22223,RGB
126034_200w.jpg,200,279,portrait,26612,RGB
126035_200w.jpg,220,305,portrait,25462,RGB
126036_200w.jpg,220,305,portrait,22985,RGB
126037_200w.jpg,220,307,portrait,24339,RGB
126175_200w.jpg,220,307,portrait,26000,RGB
126176_200w.jpg,220,307,portrait,26337,RGB
126177_200w.jpg,220,307,portrait,27273,RGB
126178_200w.jpg,220,309,portrait,30194,RGB
126179_200w.jpg,220,306,portrait,27870,RGB
126180_200w.jpg,220,308,portrait,34272,RGB
126181_200w.jpg,220,311,portrait,34188,RGB
126182_200w.jpg,220,309,portrait,35204,RGB
126183_200w.jpg,220,306,portrait,35040,RGB
126184_200w.jpg,220,309,portrait,34431,RGB
126185_200w.jpg,220,308,portrait,34327,RGB
126186_200w.jpg,220,307,portrait,35294,RGB
126187_200w.jpg,220,311,portrait,34145,RGB
126188_200w.jpg,220,311,portrait,34575,RGB
126189_200w.jpg,220,307,portrait,31390,RGB
126190_200w.jpg,220,306,portrait,30928,RGB
126191_200w.jpg,220,308,portrait,32439,RGB
126192_200w.jpg,220,306,portrait,28694,RGB
126193_200w.jpg,220,307,portrait,31263,RGB
126194_200w.jpg,220,305,portrait,33296,RGB
126195_200w.jpg,220,310,portrait,33854,RGB
126196_200w.jpg,220,311,portrait,34399,RGB
126197_200w.jpg,220,307,portrait,35407,RGB
126198_200w.jpg,220,307,portrait,29864,RGB
126199_200w.jpg,220,308,portrait,31637,RGB
126200_200w.jpg,220,307,portrait,26658,RGB
126201_200w.jpg,220,306,portrait,25802,RGB
126202_200w.jpg,220,301,portrait,28958,RGB
126203_200w.jpg,220,303,portrait,29652,RGB
126204_200w.jpg,220,299,portrait,29213,RGB
126205_200w.jpg,220,308,portrait,33253,RGB
126208_200w.jpg,220,314,portrait,28854,RGB
126209_200w.jpg,220,313,portrait,27874,RGB
126210_200w.jpg,200,279,portrait,28446,RGB
126211_200w.jpg,220,307,portrait,23740,RGB
126301_200w.jpg,220,304,portrait,16886,RGB
126302_200w.jpg,220,305,portrait,16461,RGB
126303_200w.jpg,220,306,portrait,15716,RGB
126304_200w.jpg,220,305,portrait,16592,RGB
126305_200w.jpg,220,306,portrait,18063,RGB
126558_200w.jpg,200,279,portrait,23142,RGB
126559_200w.jpg,200,144,landscape,15700,RGB
126560_200w.jpg,200,144,landscape,14690,RGB
126561_200w.jpg,200,144,landscape,16816,RGB
126562_200w.jpg,200,279,portrait,26821,RGB
126563_200w.jpg,200,279,portrait,31585,RGB
126564_200w.jpg,200,279,portrait,23523,RGB
126565_200w.jpg,200,279,portrait,27810,RGB
126566_200w.jpg,200,279,portrait,34550,RGB
126567_200w.jpg,200,279,portrait,22539,RGB
126872_200w.jpg,200,279,portrait,22568,RGB
126873_200w.jpg,200,279,portrait,20336,RGB
126874_200w.jpg,200,279,portrait,25006,RGB
126876_200w.jpg,200,279,portrait,23648,RGB
126877_200w.jpg,200,279,portrait,21834,RGB
126878_200w.jpg,200,279,portrait,20686,RGB
126879_200w.jpg,200,279,portrait,19945,RGB
126880_200w.jpg,200,279,portrait,20537,RGB
126881_200w.jpg,200,279,portrait,22662,RGB
126882_200w.jpg,200,279,portrait,21583,RGB
126883_200w.jpg,200,279,portrait,29426,RGB
126884_200w.jpg,200,279,portrait,19893,RGB
126885_200w.jpg,200,279,portrait,22721,RGB
126886_200w.jpg,200,279,portrait,28740,RGB
126887_200w.jpg,200,279,portrait,20279,RGB
126889_200w.jpg,200,279,portrait,22163,RGB
126890_200w.jpg,200,279,portrait,22574,RGB
126891_200w.jpg,200,279,portrait,24794,RGB
126893_200w.jpg,200,279,portrait,24220,RGB
126894_200w.jpg,200,279,portrait,21744,RGB
126895_200w.jpg,200,279,portrait,21660,RGB
126896_200w.jpg,200,279,portrait,23167,RGB
126897_200w.jpg,200,279,portrait,24415,RGB
126898_200w.jpg,200,279,portrait,30445,RGB
126899_200w.jpg,200,279,portrait,23029,RGB
126900_200w.jpg,200,279,portrait,23470,RGB
126901_200w.jpg,200,279,portrait,21442,RGB
126902_200w.jpg,200,279,portrait,21490,RGB
126903_200w.jpg,200,279,portrait,25908,RGB
126904_200w.jpg,200,279,portrait,21387,RGB
126905_200w.jpg,200,279,portrait,25471,RGB
126906_200w.jpg,200,279,portrait,29243,RGB
126907_200w.jpg,200,279,portrait,22572,RGB
126908_200w.jpg,200,279,portrait,20057,RGB
126909_200w.jpg,200,279,portrait,22361,RGB
126910_200w.jpg,200,279,portrait,21852,RGB
126911_200w.jpg,200,279,portrait,23452,RGB
126912_200w.jpg,200,279,portrait,24078,RGB
126913_200w.jpg,200,279,portrait,30061,RGB
126914_200w.jpg,200,279,portrait,24636,RGB
126915_200w.jpg,200,279,portrait,20843,RGB
126916_200w.jpg,200,279,portrait,21931,RGB
126917_200w.jpg,200,279,portrait,23384,RGB
126918_200w.jpg,200,279,portrait,22980,RGB
126919_200w.jpg,200,279,portrait,24762,RGB
126920_200w.jpg,200,279,portrait,21178,RGB
126921_200w.jpg,200,279,portrait,23277,RGB
126922_200w.jpg,200,279,portrait,21840,RGB
126923_200w.jpg,200,279,portrait,25146,RGB
126924_200w.jpg,200,279,portrait,24266,RGB
126928_200w.jpg,200,279,portrait,22150,RGB
126929_200w.jpg,200,279,portrait,8949,RGB
126930_200w.jpg,200,279,portrait,18483,RGB
126931_200w.jpg,200,279,portrait,24957,RGB
126932_200w.jpg,200,279,portrait,26019,RGB
126933_200w.jpg,200,279,portrait,19590,RGB
126934_200w.jpg,200,279,portrait,22005,RGB
126935_200w.jpg,200,279,portrait,19671,RGB
126936_200w.jpg,200,279,portrait,21882,RGB
126937_200w.jpg,200,279,portrait,31188,RGB
126938_200w.jpg,200,279,portrait,23259,RGB
126940_200w.jpg,200,279,portrait,21508,RGB
126941_200w.jpg,200,279,portrait,22916,RGB
126942_200w.jpg,200,279,portrait,24918,RGB
126945_200w.jpg,200,279,portrait,24638,RGB
126946_200w.jpg,200,279,portrait,22110,RGB
126947_200w.jpg,200,279,portrait,21671,RGB
126949_200w.jpg,200,279,portrait,24891,RGB
126950_200w.jpg,200,279,portrait,24736,RGB
126951_200w.jpg,200,279,portrait,23484,RGB
126952_200w.jpg,200,279,portrait,29395,RGB
126953_200w.jpg,200,279,portrait,24102,RGB
126956_200w.jpg,200,279,portrait,23185,RGB
126959_200w.jpg,200,279,portrait,23295,RGB
126960_200w.jpg,200,279,portrait,23891,RGB
126961_200w.jpg,200,279,portrait,31673,RGB
126962_200w.jpg,200,279,portrait,21730,RGB
126963_200w.jpg,200,279,portrait,20180,RGB
126964_200w.jpg,200,279,portrait,19946,RGB
126965_200w.jpg,200,279,portrait,22851,RGB
126966_200w.jpg,200,279,portrait,22541,RGB
126967_200w.jpg,200,279,portrait,22463,RGB
126968_200w.jpg,200,279,portrait,22415,RGB
126970_200w.jpg,200,279,portrait,22857,RGB
126971_200w.jpg,200,279,portrait,22657,RGB
126972_200w.jpg,200,279,portrait,30917,RGB
126973_200w.jpg,200,279,portrait,23243,RGB
126974_200w.jpg,200,279,portrait,22088,RGB
126975_200w.jpg,200,279,portrait,20286,RGB
126977_200w.jpg,200,279,portrait,22456,RGB
126978_200w.jpg,200,279,portrait,19431,RGB
126979_200w.jpg,200,279,portrait,19614,RGB
126981_200w.jpg,200,279,portrait,19128,RGB
126982_200w.jpg,200,279,portrait,26848,RGB
126983_200w.jpg,200,279,portrait,19531,RGB
126984_200w.jpg,200,279,portrait,22076,RGB
126985_200w.jpg,200,279,portrait,23909,RGB
126986_200w.jpg,200,279,portrait,16525,RGB
126987_200w.jpg,200,279,portrait,18917,RGB
126988_200w.jpg,200,279,portrait,18953,RGB
126990_200w.jpg,200,279,portrait,20667,RGB
126992_200w.jpg,200,279,portrait,16804,RGB
126993_200w.jpg,200,279,portrait,17643,RGB
126994_200w.jpg,200,279,portrait,19486,RGB
126995_200w.jpg,200,279,portrait,17985,RGB
126996_200w.jpg,200,279,portrait,19643,RGB
126997_200w.jpg,200,279,portrait,17419,RGB
126998_200w.jpg,200,279,portrait,18292,RGB
126999_200w.jpg,200,279,portrait,16712,RGB
127000_200w.jpg,200,279,portrait,19846,RGB
127002_200w.jpg,200,279,portrait,16753,RGB
127003_200w.jpg,200,279,portrait,18784,RGB
127004_200w.jpg,200,279,portrait,17273,RGB
127005_200w.jpg,200,279,portrait,19820,RGB
127006_200w.jpg,200,279,portrait,17526,RGB
127007_200w.jpg,200,279,portrait,19319,RGB
127008_200w.jpg,200,279,portrait,19327,RGB
127009_200w.jpg,200,279,portrait,23554,RGB
127010_200w.jpg,200,279,portrait,26837,RGB
127011_200w.jpg,200,279,portrait,22291,RGB
127012_200w.jpg,200,279,portrait,23396,RGB
127013_200w.jpg,200,279,portrait,27575,RGB
127014_200w.jpg,200,279,portrait,26182,RGB
127015_200w.jpg,200,279,portrait,28796,RGB
127016_200w.jpg,200,279,portrait,26722,RGB
127017_200w.jpg,200,279,portrait,25911,RGB
127018_200w.jpg,200,279,portrait,23654,RGB
127019_200w.jpg,200,279,portrait,24284,RGB
127020_200w.jpg,200,279,portrait,25346,RGB
127128_200w.jpg,200,279,portrait,21177,RGB
127129_200w.jpg,200,279,portrait,23472,RGB
127130_200w.jpg,200,279,portrait,23150,RGB
127131_200w.jpg,200,279,portrait,25964,RGB
127132_200w.jpg,200,279,portrait,25500,RGB
127133_200w.jpg,200,279,portrait,24671,RGB
127134_200w.jpg,200,279,portrait,21940,RGB
127135_200w.jpg,200,279,portrait,21961,RGB
127136_200w.jpg,200,279,portrait,21687,RGB
127137_200w.jpg,200,279,portrait,21851,RGB
127138_200w.jpg,200,279,portrait,27540,RGB
127139_200w.jpg,200,279,portrait,27674,RGB
127141_200w.jpg,200,279,portrait,19178,RGB
127142_200w.jpg,200,279,portrait,19822,RGB
127143_200w.jpg,200,279,portrait,20018,RGB
127144_200w.jpg,200,279,portrait,20370,RGB
127145_200w.jpg,200,279,portrait,19767,RGB
127167_200w.jpg,220,308,portrait,16882,RGB
127168_200w.jpg,200,284,portrait,22751,RGB
127181_200w.jpg,200,279,portrait,23933,RGB
127182_200w.jpg,220,306,portrait,27240,RGB
127183_200w.jpg,220,308,portrait,28483,RGB
127184_200w.jpg,200,279,portrait,25152,RGB
127185_200w.jpg,200,279,portrait,25228,RGB
127186_200w.jpg,200,280,portrait,26228,RGB
127187_200w.jpg,220,308,portrait,30766,RGB
127188_200w.jpg,200,279,portrait,23320,RGB
127189_200w.jpg,200,279,portrait,25509,RGB
127190_200w.jpg,200,279,portrait,22508,RGB
127191_200w.jpg,200,279,portrait,23768,RGB
127193_200w.jpg,200,279,portrait,24078,RGB
127194_200w.jpg,200,279,portrait,27052,RGB
127195_200w.jpg,200,279,portrait,24276,RGB
127196_200w.jpg,200,279,portrait,24911,RGB
127197_200w.jpg,200,279,portrait,21910,RGB
127198_200w.jpg,200,279,portrait,22036,RGB
127199_200w.jpg,200,279,portrait,21581,RGB
127200_200w.jpg,200,279,portrait,21289,RGB
127201_200w.jpg,200,279,portrait,15597,RGB
127202_200w.jpg,200,279,portrait,17099,RGB
127381_200w.jpg,220,307,portrait,18817,RGB
127382_200w.jpg,220,307,portrait,18116,RGB
127383_200w.jpg,220,308,portrait,16655,RGB
127384_200w.jpg,220,307,portrait,18993,RGB
127385_200w.jpg,220,307,portrait,18135,RGB
127386_200w.jpg,220,309,portrait,14351,RGB
127388_200w.jpg,220,307,portrait,17579,RGB
127389_200w.jpg,220,309,portrait,16651,RGB
127434_200w.jpg,220,307,portrait,25630,RGB
127501_200w.jpg,220,308,portrait,29899,RGB
127502_200w.jpg,220,308,portrait,29312,RGB
127504_200w.jpg,220,308,portrait,25927,RGB
127505_200w.jpg,220,308,portrait,31411,RGB
127511_200w.jpg,200,279,portrait,20739,RGB
127512_200w.jpg,200,279,portrait,19961,RGB
127513_200w.jpg,200,279,portrait,20918,RGB
127514_200w.jpg,200,279,portrait,23928,RGB
127520_200w.jpg,200,279,portrait,29536,RGB
129313_200w.jpg,200,279,portrait,23553,RGB
129374_200w.jpg,200,279,portrait,24056,RGB
129376_200w.jpg,200,279,portrait,23958,RGB
129378_200w.jpg,200,279,portrait,22924,RGB
129380_200w.jpg,200,279,portrait,24305,RGB
129718_200w.jpg,200,279,portrait,20237,RGB
129719_200w.jpg,200,279,portrait,19390,RGB
129720_200w.jpg,200,279,portrait,19312,RGB
129721_200w.jpg,220,300,portrait,27216,RGB
129894_200w.jpg,200,279,portrait,18871,RGB
129898_200w.jpg,200,279,portrait,32816,RGB
129899_200w.jpg,200,279,portrait,23233,RGB
129900_200w.jpg,200,279,portrait,23855,RGB
129901_200w.jpg,200,279,portrait,34322,RGB
130324_200w.jpg,220,310,portrait,30339,RGB
130325_200w.jpg,200,277,portrait,23523,RGB
130326_200w.jpg,220,305,portrait,30582,RGB
130328_200w.jpg,220,302,portrait,29969,RGB
130329_200w.jpg,220,303,portrait,29273,RGB
130330_200w.jpg,200,280,portrait,26941,RGB
130683_200w.jpg,200,279,portrait,20643,RGB
130684_200w.jpg,200,279,portrait,22024,RGB
130685_200w.jpg,200,279,portrait,22473,RGB
130687_200w.jpg,200,279,portrait,22733,RGB
130688_200w.jpg,200,279,portrait,23818,RGB
130693_200w.jpg,200,279,portrait,20993,RGB
130694_200w.jpg,200,279,portrait,23367,RGB
130757_200w.jpg,200,279,portrait,17416,RGB
130758_200w.jpg,200,279,portrait,20998,RGB
130760_200w.jpg,200,279,portrait,22784,RGB
130761_200w.jpg,200,279,portrait,20954,RGB
130762_200w.jpg,200,279,portrait,23880,RGB
130763_200w.jpg,200,279,portrait,23787,RGB
130764_200w.jpg,200,279,portrait,31653,RGB
130765_200w.jpg,200,279,portrait,29815,RGB
130766_200w.jpg,200,279,portrait,26443,RGB
130918_200w.jpg,200,279,portrait,25016,RGB
130919_200w.jpg,200,279,portrait,23614,RGB
130920_200w.jpg,200,279,portrait,28594,RGB
130921_200w.jpg,200,279,portrait,29910,RGB
130922_200w.jpg,200,279,portrait,26381,RGB
130923_200w.jpg,200,279,portrait,23791,RGB
130925_200w.jpg,200,279,portrait,24644,RGB
130926_200w.jpg,200,279,portrait,22844,RGB
130927_200w.jpg,200,279,portrait,21079,RGB
130928_200w.jpg,200,279,portrait,23400,RGB
130929_200w.jpg,200,279,portrait,21515,RGB
130930_200w.jpg,200,279,portrait,26751,RGB
130931_200w.jpg,200,279,portrait,24692,RGB
130932_200w.jpg,200,279,portrait,8575,RGB
130933_200w.jpg,200,279,portrait,23280,RGB
130934_200w.jpg,200,279,portrait,22911,RGB
130935_200w.jpg,200,279,portrait,24342,RGB
130936_200w.jpg,200,279,portrait,22137,RGB
130937_200w.jpg,200,279,portrait,26327,RGB
130938_200w.jpg,200,279,portrait,28228,RGB
130939_200w.jpg,200,279,portrait,27461,RGB
130940_200w.jpg,200,279,portrait,25604,RGB
130941_200w.jpg,200,279,portrait,21911,RGB
130942_200w.jpg,200,279,portrait,20432,RGB
130943_200w.jpg,200,279,portrait,24735,RGB
130944_200w.jpg,200,279,portrait,25318,RGB
130945_200w.jpg,200,279,portrait,20886,RGB
130946_200w.jpg,200,279,portrait,24916,RGB
130947_200w.jpg,200,279,portrait,29296,RGB
130948_200w.jpg,200,279,portrait,29841,RGB
130950_200w.jpg,200,279,portrait,22832,RGB
130951_200w.jpg,200,279,portrait,31124,RGB
130952_200w.jpg,200,279,portrait,31418,RGB
130953_200w.jpg,200,279,portrait,26244,RGB
130954_200w.jpg,200,279,portrait,22385,RGB
130955_200w.jpg,200,279,portrait,23780,RGB
130956_200w.jpg,200,279,portrait,18433,RGB
130957_200w.jpg,200,279,portrait,20048,RGB
130958_200w.jpg,200,279,portrait,20082,RGB
130959_200w.jpg,200,279,portrait,20645,RGB
130961_200w.jpg,200,279,portrait,19723,RGB
130962_200w.jpg,200,279,portrait,21967,RGB
130964_200w.jpg,200,279,portrait,26598,RGB
130965_200w.jpg,200,279,portrait,26096,RGB
130966_200w.jpg,200,279,portrait,19330,RGB
130967_200w.jpg,200,279,portrait,21842,RGB
130969_200w.jpg,200,279,portrait,26807,RGB
130970_200w.jpg,200,279,portrait,24986,RGB
130971_200w.jpg,200,279,portrait,22812,RGB
130972_200w.jpg,200,279,portrait,22517,RGB
130973_200w.jpg,200,279,portrait,21256,RGB
130974_200w.jpg,200,279,portrait,23243,RGB
130975_200w.jpg,200,279,portrait,23608,RGB
130976_200w.jpg,200,279,portrait,23894,RGB
130977_200w.jpg,200,279,portrait,22315,RGB
130979_200w.jpg,200,279,portrait,23081,RGB
130980_200w.jpg,200,279,portrait,19954,RGB
130981_200w.jpg,200,279,portrait,25049,RGB
130982_200w.jpg,200,279,portrait,20132,RGB
130983_200w.jpg,200,279,portrait,23113,RGB
130984_200w.jpg,200,279,portrait,30689,RGB
130985_200w.jpg,200,279,portrait,28262,RGB
130986_200w.jpg,200,279,portrait,25254,RGB
130988_200w.jpg,200,279,portrait,22564,RGB
130989_200w.jpg,200,279,portrait,23472,RGB
130990_200w.jpg,200,279,portrait,23025,RGB
130991_200w.jpg,200,279,portrait,24164,RGB
130992_200w.jpg,200,279,portrait,20564,RGB
130993_200w.jpg,200,279,portrait,24373,RGB
130994_200w.jpg,200,279,portrait,24065,RGB
130995_200w.jpg,200,279,portrait,23243,RGB
130996_200w.jpg,200,279,portrait,22836,RGB
130998_200w.jpg,200,279,portrait,26416,RGB
131000_200w.jpg,200,279,portrait,21834,RGB
131001_200w.jpg,200,279,portrait,25725,RGB
131002_200w.jpg,200,279,portrait,22302,RGB
131003_200w.jpg,200,279,portrait,20820,RGB
131004_200w.jpg,200,279,portrait,18841,RGB
131005_200w.jpg,200,279,portrait,21056,RGB
131006_200w.jpg,200,279,portrait,29887,RGB
131007_200w.jpg,200,279,portrait,27285,RGB
131008_200w.jpg,200,279,portrait,25983,RGB
131009_200w.jpg,200,279,portrait,24903,RGB
131010_200w.jpg,200,279,portrait,20711,RGB
131011_200w.jpg,200,279,portrait,23599,RGB
131012_200w.jpg,200,279,portrait,25758,RGB
131014_200w.jpg,200,279,portrait,23098,RGB
131015_200w.jpg,200,279,portrait,21911,RGB
131017_200w.jpg,200,279,portrait,28961,RGB
131018_200w.jpg,200,279,portrait,27069,RGB
131021_200w.jpg,200,279,portrait,18814,RGB
131022_200w.jpg,200,279,portrait,23720,RGB
131023_200w.jpg,200,279,portrait,20922,RGB
131024_200w.jpg,200,279,portrait,21847,RGB
131026_200w.jpg,200,279,portrait,21818,RGB
131028_200w.jpg,200,279,portrait,21260,RGB
131029_200w.jpg,200,279,portrait,22402,RGB
131030_200w.jpg,200,279,portrait,19225,RGB
131031_200w.jpg,200,279,portrait,23793,RGB
131033_200w.jpg,200,279,portrait,22386,RGB
131034_200w.jpg,200,279,portrait,26458,RGB
131035_200w.jpg,200,279,portrait,24577,RGB
131036_200w.jpg,200,279,portrait,21840,RGB
131037_200w.jpg,200,279,portrait,19425,RGB
131038_200w.jpg,200,279,portrait,19570,RGB
131039_200w.jpg,200,279,portrait,20066,RGB
131040_200w.jpg,200,279,portrait,21570,RGB
131041_200w.jpg,200,279,portrait,20774,RGB
131042_200w.jpg,200,279,portrait,20100,RGB
131043_200w.jpg,200,279,portrait,18382,RGB
131045_200w.jpg,200,279,portrait,18427,RGB
131046_200w.jpg,200,279,portrait,19283,RGB
131047_200w.jpg,200,279,portrait,19147,RGB
131048_200w.jpg,200,279,portrait,18572,RGB
131049_200w.jpg,200,279,portrait,18155,RGB
131050_200w.jpg,200,279,portrait,19644,RGB
131051_200w.jpg,200,279,portrait,26214,RGB
131052_200w.jpg,200,279,portrait,26859,RGB
131053_200w.jpg,200,279,portrait,25782,RGB
131054_200w.jpg,200,279,portrait,24182,RGB
131055_200w.jpg,200,279,portrait,26339,RGB
131056_200w.jpg,200,279,portrait,25584,RGB
131057_200w.jpg,200,279,portrait,24527,RGB
131058_200w.jpg,200,279,portrait,22839,RGB
131060_200w.jpg,200,279,portrait,21999,RGB
131062_200w.jpg,200,279,portrait,20938,RGB
131063_200w.jpg,200,279,portrait,17169,RGB
131064_200w.jpg,200,279,portrait,14442,RGB
131065_200w.jpg,220,309,portrait,20610,RGB
131069_200w.jpg,220,307,portrait,18256,RGB
131070_200w.jpg,200,277,portrait,14699,RGB
131071_200w.jpg,200,276,portrait,14649,RGB
131085_200w.jpg,200,279,portrait,23099,RGB
131086_200w.jpg,220,308,portrait,28712,RGB
131087_200w.jpg,200,279,portrait,23930,RGB
131088_200w.jpg,220,308,portrait,28325,RGB
131089_200w.jpg,200,279,portrait,23648,RGB
131090_200w.jpg,220,308,portrait,30952,RGB
131091_200w.jpg,200,279,portrait,25980,RGB
131092_200w.jpg,220,315,portrait,29418,RGB
131293_200w.jpg,200,279,portrait,25586,RGB
131294_200w.jpg,200,279,portrait,22555,RGB
131295_200w.jpg,220,307,portrait,28150,RGB
131296_200w.jpg,220,307,portrait,24030,RGB
131297_200w.jpg,200,274,portrait,23541,RGB
131298_200w.jpg,220,307,portrait,21163,RGB
131299_200w.jpg,200,280,portrait,19740,RGB
131300_200w.jpg,220,307,portrait,24909,RGB
131301_200w.jpg,220,307,portrait,24455,RGB
131302_200w.jpg,200,280,portrait,21677,RGB
131303_200w.jpg,220,307,portrait,26226,RGB
131304_200w.jpg,200,280,portrait,22584,RGB
131305_200w.jpg,200,279,portrait,23375,RGB
131306_200w.jpg,220,307,portrait,28454,RGB
131307_200w.jpg,220,307,portrait,22213,RGB
131308_200w.jpg,200,281,portrait,22136,RGB
131309_200w.jpg,220,307,portrait,29129,RGB
131310_200w.jpg,220,307,portrait,24642,RGB
131311_200w.jpg,220,307,portrait,24415,RGB
131312_200w.jpg,220,307,portrait,24055,RGB
131313_200w.jpg,220,307,portrait,27740,RGB
131314_200w.jpg,220,307,portrait,32082,RGB
131315_200w.jpg,220,307,portrait,27935,RGB
131316_200w.jpg,220,307,portrait,26144,RGB
131317_200w.jpg,220,307,portrait,28495,RGB
131318_200w.jpg,220,307,portrait,25614,RGB
131319_200w.jpg,220,307,portrait,26643,RGB
131320_200w.jpg,200,280,portrait,27366,RGB
131321_200w.jpg,220,307,portrait,26892,RGB
131322_200w.jpg,220,307,portrait,29063,RGB
131323_200w.jpg,220,307,portrait,27092,RGB
131324_200w.jpg,200,279,portrait,25655,RGB
131325_200w.jpg,220,307,portrait,28708,RGB
131326_200w.jpg,220,307,portrait,29356,RGB
131327_200w.jpg,220,307,portrait,28447,RGB
131328_200w.jpg,220,307,portrait,27471,RGB
131329_200w.jpg,220,307,portrait,30707,RGB
131330_200w.jpg,220,307,portrait,27397,RGB
131331_200w.jpg,220,307,portrait,25790,RGB
131332_200w.jpg,220,307,portrait,29928,RGB
131333_200w.jpg,220,307,portrait,32698,RGB
131334_200w.jpg,220,307,portrait,28784,RGB
131694_200w.jpg,200,279,portrait,23224,RGB
131695_200w.jpg,220,309,portrait,41187,RGB
131696_200w.jpg,220,308,portrait,37071,RGB
131697_200w.jpg,220,307,portrait,31552,RGB
131698_200w.jpg,220,306,portrait,38503,RGB
131727_200w.jpg,200,279,portrait,31175,RGB
131728_200w.jpg,200,279,portrait,30267,RGB
131729_200w.jpg,220,306,portrait,27446,RGB
131733_200w.jpg,200,279,portrait,22439,RGB
131735_200w.jpg,200,279,portrait,22674,RGB
131736_200w.jpg,220,307,portrait,29317,RGB
131737_200w.jpg,220,308,portrait,32657,RGB
131738_200w.jpg,220,305,portrait,28136,RGB
131739_200w.jpg,220,307,portrait,23778,RGB
131740_200w.jpg,220,309,portrait,24838,RGB
131861_200w.jpg,220,306,portrait,25987,RGB
131863_200w.jpg,200,284,portrait,28383,RGB
131864_200w.jpg,200,284,portrait,28442,RGB
131866_200w.jpg,200,284,portrait,32249,RGB
131868_200w.jpg,200,284,portrait,30206,RGB
131869_200w.jpg,200,284,portrait,34159,RGB
131871_200w.jpg,200,284,portrait,30398,RGB
132239_200w.jpg,200,279,portrait,23729,RGB
132240_200w.jpg,200,279,portrait,29119,RGB
132241_200w.jpg,200,284,portrait,32340,RGB
133414_200w.jpg,220,308,portrait,33448,RGB
133415_200w.jpg,220,310,portrait,35987,RGB
133416_200w.jpg,220,311,portrait,31471,RGB
133417_200w.jpg,200,280,portrait,27206,RGB
133418_200w.jpg,220,307,portrait,34287,RGB
133795_200w.jpg,220,307,portrait,24111,RGB
133796_200w.jpg,220,307,portrait,25747,RGB
133797_200w.jpg,220,307,portrait,26857,RGB
133813_200w.jpg,200,279,portrait,21931,RGB
133814_200w.jpg,220,307,portrait,26802,RGB
133815_200w.jpg,220,307,portrait,27092,RGB
133816_200w.jpg,220,309,portrait,27489,RGB
133820_200w.jpg,200,279,portrait,28745,RGB
133821_200w.jpg,200,279,portrait,26415,RGB
133822_200w.jpg,200,279,portrait,30523,RGB
133823_200w.jpg,220,306,portrait,28439,RGB
133824_200w.jpg,200,278,portrait,20623,RGB
133825_200w.jpg,220,305,portrait,27630,RGB
133826_200w.jpg,220,306,portrait,27139,RGB
133827_200w.jpg,220,306,portrait,25588,RGB
133828_200w.jpg,220,308,portrait,28725,RGB
133829_200w.jpg,200,279,portrait,23711,RGB
133842_200w.jpg,220,307,portrait,28084,RGB
133843_200w.jpg,220,307,portrait,27857,RGB
133844_200w.jpg,220,307,portrait,27416,RGB
133845_200w.jpg,220,307,portrait,27482,RGB
133846_200w.jpg,220,307,portrait,28243,RGB
134919_200w.jpg,200,279,portrait,21761,RGB
134920_200w.jpg,200,279,portrait,25449,RGB
134921_200w.jpg,200,279,portrait,26440,RGB
134922_200w.jpg,200,279,portrait,24248,RGB
135027_200w.jpg,220,306,portrait,17492,RGB
135028_200w.jpg,220,307,portrait,22855,RGB
135029_200w.jpg,220,311,portrait,16466,RGB
135039_200w.jpg,220,307,portrait,28956,RGB
135040_200w.jpg,220,307,portrait,29186,RGB
135041_200w.jpg,220,307,portrait,33547,RGB
135042_200w.jpg,220,307,portrait,26661,RGB
135043_200w.jpg,220,307,portrait,28705,RGB
136645_200w.jpg,220,307,portrait,24672,RGB
136646_200w.jpg,220,309,portrait,24357,RGB
136746_200w.jpg,220,306,portrait,22115,RGB
136747_200w.jpg,220,305,portrait,20264,RGB
136748_200w.jpg,220,306,portrait,21222,RGB
136749_200w.jpg,220,302,portrait,20932,RGB
136750_200w.jpg,220,307,portrait,20937,RGB
136751_200w.jpg,220,309,portrait,21257,RGB
136752_200w.jpg,220,307,portrait,18447,RGB
136753_200w.jpg,220,309,portrait,18709,RGB
136754_200w.jpg,220,303,portrait,25317,RGB
136755_200w.jpg,220,308,portrait,20683,RGB
136756_200w.jpg,220,311,portrait,19213,RGB
136757_200w.jpg,220,308,portrait,20115,RGB
137281_200w.jpg,220,307,portrait,23326,RGB
137525_200w.jpg,200,279,portrait,25913,RGB
137526_200w.jpg,200,279,portrait,28881,RGB
137527_200w.jpg,220,308,portrait,29699,RGB
138125_200w.jpg,200,282,portrait,17140,RGB
138126_200w.jpg,200,278,portrait,23763,RGB
138127_200w.jpg,220,307,portrait,25442,RGB
138271_200w.jpg,200,279,portrait,19989,RGB
138272_200w.jpg,200,279,portrait,20367,RGB
138273_200w.jpg,200,279,portrait,22618,RGB
138274_200w.jpg,200,279,portrait,19112,RGB
138275_200w.jpg,200,279,portrait,21737,RGB
138276_200w.jpg,200,279,portrait,24839,RGB
138277_200w.jpg,200,279,portrait,21475,RGB
138278_200w.jpg,200,279,portrait,22800,RGB
138279_200w.jpg,200,279,portrait,21196,RGB
138280_200w.jpg,200,279,portrait,22235,RGB
138281_200w.jpg,200,279,portrait,24426,RGB
138282_200w.jpg,200,279,portrait,20289,RGB
138283_200w.jpg,200,279,portrait,23161,RGB
138284_200w.jpg,200,279,portrait,19012,RGB
138285_200w.jpg,200,279,portrait,23582,RGB
138286_200w.jpg,200,279,portrait,22425,RGB
138294_200w.jpg,200,279,portrait,29997,RGB
138295_200w.jpg,200,279,portrait,29254,RGB
138296_200w.jpg,200,279,portrait,27810,RGB
138454_200w.jpg,200,279,portrait,22118,RGB
138484_200w.jpg,220,306,portrait,26133,RGB
138485_200w.jpg,200,279,portrait,22255,RGB
138496_200w.jpg,200,279,portrait,30540,RGB
138497_200w.jpg,200,279,portrait,24735,RGB
138498_200w.jpg,200,279,portrait,30687,RGB
138499_200w.jpg,200,279,portrait,29108,RGB
138500_200w.jpg,200,279,portrait,21224,RGB
138501_200w.jpg,200,279,portrait,23439,RGB
138502_200w.jpg,200,279,portrait,25058,RGB
138503_200w.jpg,200,279,portrait,28510,RGB
138504_200w.jpg,200,279,portrait,28411,RGB
138505_200w.jpg,200,279,portrait,25088,RGB
138506_200w.jpg,200,279,portrait,20637,RGB
138507_200w.jpg,200,279,portrait,21402,RGB
138508_200w.jpg,200,279,portrait,22469,RGB
138509_200w.jpg,200,279,portrait,20283,RGB
138510_200w.jpg,200,279,portrait,20973,RGB
138511_200w.jpg,200,279,portrait,24229,RGB
138512_200w.jpg,200,279,portrait,23972,RGB
138513_200w.jpg,200,279,portrait,24657,RGB
138514_200w.jpg,200,279,portrait,21027,RGB
138515_200w.jpg,200,279,portrait,23158,RGB
138516_200w.jpg,200,279,portrait,22113,RGB
138517_200w.jpg,200,279,portrait,23383,RGB
138518_200w.jpg,200,279,portrait,24566,RGB
138519_200w.jpg,200,279,portrait,31577,RGB
138520_200w.jpg,200,279,portrait,28847,RGB
138521_200w.jpg,200,279,portrait,26830,RGB
138522_200w.jpg,200,279,portrait,21541,RGB
138523_200w.jpg,200,279,portrait,24956,RGB
138524_200w.jpg,200,279,portrait,23441,RGB
138525_200w.jpg,200,279,portrait,25348,RGB
138526_200w.jpg,200,279,portrait,18848,RGB
138527_200w.jpg,200,279,portrait,23058,RGB
138528_200w.jpg,200,279,portrait,25625,RGB
138529_200w.jpg,200,279,portrait,21138,RGB
138530_200w.jpg,200,279,portrait,21125,RGB
138531_200w.jpg,200,279,portrait,20735,RGB
138532_200w.jpg,200,279,portrait,21636,RGB
138533_200w.jpg,200,279,portrait,20833,RGB
138534_200w.jpg,200,279,portrait,19904,RGB
138535_200w.jpg,200,279,portrait,23684,RGB
138536_200w.jpg,200,279,portrait,20999,RGB
138537_200w.jpg,200,279,portrait,23188,RGB
138538_200w.jpg,200,279,portrait,23926,RGB
138539_200w.jpg,200,279,portrait,19617,RGB
138540_200w.jpg,200,279,portrait,22047,RGB
138541_200w.jpg,200,279,portrait,19290,RGB
138542_200w.jpg,200,279,portrait,20707,RGB
138543_200w.jpg,200,279,portrait,19413,RGB
138544_200w.jpg,200,279,portrait,20582,RGB
138545_200w.jpg,200,279,portrait,29599,RGB
138546_200w.jpg,200,279,portrait,29472,RGB
138547_200w.jpg,200,279,portrait,26930,RGB
138548_200w.jpg,200,279,portrait,25681,RGB
138549_200w.jpg,200,279,portrait,26962,RGB
138550_200w.jpg,200,279,portrait,30681,RGB
138551_200w.jpg,200,279,portrait,19525,RGB
138552_200w.jpg,200,279,portrait,23749,RGB
138553_200w.jpg,200,279,portrait,23443,RGB
138554_200w.jpg,200,279,portrait,20435,RGB
138555_200w.jpg,200,279,portrait,22341,RGB
138556_200w.jpg,200,279,portrait,20338,RGB
138557_200w.jpg,200,279,portrait,24445,RGB
138558_200w.jpg,200,279,portrait,25756,RGB
138559_200w.jpg,200,279,portrait,20856,RGB
138560_200w.jpg,200,279,portrait,20873,RGB
138561_200w.jpg,200,279,portrait,23181,RGB
138562_200w.jpg,200,279,portrait,21408,RGB
138563_200w.jpg,200,279,portrait,21178,RGB
138564_200w.jpg,200,279,portrait,24086,RGB
138565_200w.jpg,200,279,portrait,22516,RGB
138566_200w.jpg,200,279,portrait,30048,RGB
138567_200w.jpg,200,279,portrait,27052,RGB
138568_200w.jpg,200,279,portrait,24538,RGB
138569_200w.jpg,200,279,portrait,23604,RGB
138570_200w.jpg,200,279,portrait,23504,RGB
138571_200w.jpg,200,279,portrait,23889,RGB
138572_200w.jpg,200,279,portrait,30969,RGB
138573_200w.jpg,200,279,portrait,28213,RGB
138574_200w.jpg,200,279,portrait,26817,RGB
138575_200w.jpg,200,279,portrait,24073,RGB
138576_200w.jpg,200,279,portrait,24390,RGB
138577_200w.jpg,200,279,portrait,22414,RGB
138578_200w.jpg,200,279,portrait,28841,RGB
138579_200w.jpg,200,279,portrait,29445,RGB
138580_200w.jpg,200,279,portrait,27167,RGB
138581_200w.jpg,200,279,portrait,26439,RGB
138582_200w.jpg,200,279,portrait,24014,RGB
138583_200w.jpg,200,279,portrait,22076,RGB
138584_200w.jpg,200,279,portrait,21864,RGB
138585_200w.jpg,200,279,portrait,28178,RGB
138586_200w.jpg,200,279,portrait,27742,RGB
138587_200w.jpg,200,279,portrait,25781,RGB
138588_200w.jpg,200,279,portrait,24139,RGB
138590_200w.jpg,200,279,portrait,23294,RGB
138591_200w.jpg,200,279,portrait,19078,RGB
138592_200w.jpg,200,279,portrait,23725,RGB
138593_200w.jpg,200,279,portrait,28274,RGB
138594_200w.jpg,200,279,portrait,29331,RGB
138595_200w.jpg,200,279,portrait,27580,RGB
138596_200w.jpg,200,279,portrait,24776,RGB
138597_200w.jpg,200,279,portrait,20373,RGB
138598_200w.jpg,200,279,portrait,22053,RGB
138599_200w.jpg,200,279,portrait,21320,RGB
138600_200w.jpg,200,279,portrait,20962,RGB
138601_200w.jpg,200,279,portrait,21267,RGB
138602_200w.jpg,200,279,portrait,19116,RGB
138603_200w.jpg,200,279,portrait,22341,RGB
138604_200w.jpg,200,279,portrait,23401,RGB
138605_200w.jpg,200,279,portrait,20157,RGB
138606_200w.jpg,200,279,portrait,20966,RGB
138607_200w.jpg,200,279,portrait,21111,RGB
138608_200w.jpg,200,279,portrait,19298,RGB
138609_200w.jpg,200,279,portrait,21199,RGB
138610_200w.jpg,200,279,portrait,25638,RGB
138611_200w.jpg,200,279,portrait,19444,RGB
138612_200w.jpg,200,279,portrait,18148,RGB
138613_200w.jpg,200,279,portrait,25666,RGB
138614_200w.jpg,200,279,portrait,19017,RGB
138615_200w.jpg,200,279,portrait,18517,RGB
138616_200w.jpg,200,279,portrait,25944,RGB
138617_200w.jpg,200,279,portrait,19181,RGB
138618_200w.jpg,200,279,portrait,19433,RGB
138619_200w.jpg,200,279,portrait,28487,RGB
138620_200w.jpg,200,279,portrait,22672,RGB
138621_200w.jpg,200,279,portrait,19204,RGB
138622_200w.jpg,200,279,portrait,20797,RGB
138623_200w.jpg,200,279,portrait,26925,RGB
138624_200w.jpg,200,279,portrait,23876,RGB
138625_200w.jpg,200,279,portrait,19299,RGB
138626_200w.jpg,200,279,portrait,19197,RGB
138627_200w.jpg,200,279,portrait,19270,RGB
138628_200w.jpg,200,279,portrait,19589,RGB
138629_200w.jpg,200,279,portrait,19503,RGB
138630_200w.jpg,200,279,portrait,19028,RGB
138631_200w.jpg,200,279,portrait,19268,RGB
138632_200w.jpg,200,279,portrait,23438,RGB
138633_200w.jpg,200,279,portrait,23024,RGB
138634_200w.jpg,200,279,portrait,25296,RGB
138635_200w.jpg,200,279,portrait,16054,RGB
138636_200w.jpg,200,279,portrait,16136,RGB
138637_200w.jpg,200,279,portrait,16739,RGB
138638_200w.jpg,200,279,portrait,29479,RGB
138639_200w.jpg,200,279,portrait,26200,RGB
138640_200w.jpg,200,279,portrait,25542,RGB
138641_200w.jpg,200,279,portrait,27136,RGB
138642_200w.jpg,200,279,portrait,19150,RGB
138643_200w.jpg,200,279,portrait,23874,RGB
139088_200w.jpg,200,279,portrait,21374,RGB
139089_200w.jpg,220,307,portrait,23378,RGB
139090_200w.jpg,200,279,portrait,21999,RGB
139091_200w.jpg,220,307,portrait,23442,RGB
139092_200w.jpg,220,307,portrait,27990,RGB
139093_200w.jpg,200,279,portrait,25551,RGB
139095_200w.jpg,200,279,portrait,23062,RGB
139096_200w.jpg,200,279,portrait,25753,RGB
139097_200w.jpg,200,279,portrait,23259,RGB
139098_200w.jpg,200,279,portrait,22330,RGB
139099_200w.jpg,200,279,portrait,23506,RGB
139100_200w.jpg,200,279,portrait,18846,RGB
139101_200w.jpg,200,279,portrait,23928,RGB
139102_200w.jpg,200,279,portrait,23495,RGB
139857_200w.jpg,220,308,portrait,30984,RGB
139858_200w.jpg,200,279,portrait,23410,RGB
140164_200w.jpg,220,307,portrait,28121,RGB
140165_200w.jpg,220,305,portrait,28140,RGB
140166_200w.jpg,220,310,portrait,28738,RGB
140167_200w.jpg,220,307,portrait,28349,RGB
141244_200w.jpg,200,279,portrait,30429,RGB
141245_200w.jpg,220,308,portrait,33699,RGB
141246_200w.jpg,220,308,portrait,30752,RGB
141247_200w.jpg,220,308,portrait,31103,RGB
141248_200w.jpg,220,307,portrait,36469,RGB
141249_200w.jpg,220,307,portrait,34802,RGB
141250_200w.jpg,220,308,portrait,35312,RGB
141251_200w.jpg,220,307,portrait,27331,RGB
141252_200w.jpg,220,307,portrait,27951,RGB
141253_200w.jpg,220,306,portrait,31169,RGB
141254_200w.jpg,220,309,portrait,30928,RGB
141255_200w.jpg,220,310,portrait,31232,RGB
141256_200w.jpg,220,307,portrait,32134,RGB
141259_200w.jpg,220,307,portrait,26067,RGB
141260_200w.jpg,220,307,portrait,28290,RGB
141261_200w.jpg,220,307,portrait,30647,RGB
141631_200w.jpg,200,284,portrait,33252,RGB
141939_200w.jpg,200,284,portrait,31716,RGB
144668_200w.jpg,220,308,portrait,26724,RGB
144669_200w.jpg,200,284,portrait,24565,RGB
144670_200w.jpg,220,307,portrait,22845,RGB
144671_200w.jpg,220,309,portrait,25262,RGB
145259_200w.jpg,220,309,portrait,28615,RGB
145343_200w.jpg,200,275,portrait,18854,RGB
145555_200w.jpg,220,308,portrait,18302,RGB
145556_200w.jpg,220,305,portrait,16574,RGB
145557_200w.jpg,220,306,portrait,15164,RGB
145558_200w.jpg,220,305,portrait,16971,RGB
145559_200w.jpg,220,306,portrait,18820,RGB
145560_200w.jpg,220,305,portrait,16169,RGB
145561_200w.jpg,220,300,portrait,22369,RGB
145562_200w.jpg,220,300,portrait,15842,RGB
145610_200w.jpg,220,312,portrait,17100,RGB
145611_200w.jpg,220,307,portrait,18947,RGB
145612_200w.jpg,220,308,portrait,33603,RGB
145860_200w.jpg,220,307,portrait,29676,RGB
145861_200w.jpg,214,300,portrait,20807,RGB
145862_200w.jpg,220,304,portrait,24928,RGB
145863_200w.jpg,220,305,portrait,23867,RGB
145864_200w.jpg,220,307,portrait,27356,RGB
145865_200w.jpg,220,308,portrait,29821,RGB
145866_200w.jpg,220,307,portrait,32618,RGB
145867_200w.jpg,220,306,portrait,30914,RGB
145868_200w.jpg,220,306,portrait,30542,RGB
145869_200w.jpg,220,306,portrait,23206,RGB
145870_200w.jpg,220,306,portrait,25663,RGB
145871_200w.jpg,220,307,portrait,29070,RGB
145872_200w.jpg,200,114,landscape,6601,RGB
146653_200w.jpg,200,279,portrait,19242,RGB
146654_200w.jpg,200,279,portrait,20584,RGB
146655_200w.jpg,200,279,portrait,21995,RGB
146656_200w.jpg,200,279,portrait,21524,RGB
146657_200w.jpg,200,279,portrait,22104,RGB
146658_200w.jpg,200,279,portrait,23376,RGB
146659_200w.jpg,200,279,portrait,20840,RGB
146660_200w.jpg,200,279,portrait,23475,RGB
146661_200w.jpg,200,279,portrait,24236,RGB
146663_200w.jpg,200,279,portrait,28211,RGB
146664_200w.jpg,200,279,portrait,21389,RGB
146665_200w.jpg,200,279,portrait,20354,RGB
146666_200w.jpg,200,279,portrait,24000,RGB
146667_200w.jpg,200,279,portrait,24692,RGB
146668_200w.jpg,200,279,portrait,19408,RGB
146670_200w.jpg,200,279,portrait,22809,RGB
146671_200w.jpg,200,279,portrait,23732,RGB
146672_200w.jpg,200,279,portrait,25012,RGB
146673_200w.jpg,200,279,portrait,24902,RGB
146674_200w.jpg,200,279,portrait,23726,RGB
146675_200w.jpg,200,279,portrait,21745,RGB
146676_200w.jpg,200,279,portrait,21944,RGB
146678_200w.jpg,200,279,portrait,23874,RGB
146679_200w.jpg,200,279,portrait,22953,RGB
146681_200w.jpg,200,279,portrait,26870,RGB
146682_200w.jpg,200,279,portrait,18940,RGB
146683_200w.jpg,200,279,portrait,16310,RGB
146684_200w.jpg,200,279,portrait,20504,RGB
146685_200w.jpg,200,279,portrait,22280,RGB
146686_200w.jpg,200,279,portrait,22654,RGB
146687_200w.jpg,200,279,portrait,28959,RGB
146688_200w.jpg,200,279,portrait,19598,RGB
146692_200w.jpg,200,279,portrait,23145,RGB
146695_200w.jpg,200,279,portrait,27952,RGB
146697_200w.jpg,200,279,portrait,24098,RGB
146698_200w.jpg,200,279,portrait,24954,RGB
146699_200w.jpg,200,279,portrait,24162,RGB
146700_200w.jpg,200,279,portrait,20652,RGB
146701_200w.jpg,200,279,portrait,21901,RGB
146702_200w.jpg,200,279,portrait,21644,RGB
146703_200w.jpg,200,279,portrait,19548,RGB
146704_200w.jpg,220,307,portrait,29726,RGB
146705_200w.jpg,200,279,portrait,21633,RGB
146706_200w.jpg,200,279,portrait,22690,RGB
146707_200w.jpg,200,279,portrait,21151,RGB
146708_200w.jpg,200,279,portrait,21703,RGB
146709_200w.jpg,200,279,portrait,23422,RGB
146710_200w.jpg,200,279,portrait,22753,RGB
146711_200w.jpg,200,279,portrait,25338,RGB
146712_200w.jpg,200,279,portrait,23084,RGB
146713_200w.jpg,200,279,portrait,22850,RGB
146714_200w.jpg,200,279,portrait,22459,RGB
146715_200w.jpg,200,279,portrait,29641,RGB
146716_200w.jpg,200,279,portrait,25435,RGB
146717_200w.jpg,200,279,portrait,25984,RGB
146718_200w.jpg,200,279,portrait,27089,RGB
146719_200w.jpg,200,279,portrait,25066,RGB
146720_200w.jpg,200,279,portrait,24788,RGB
146721_200w.jpg,200,279,portrait,18054,RGB
146722_200w.jpg,200,279,portrait,18982,RGB
146723_200w.jpg,200,279,portrait,17955,RGB
146724_200w.jpg,200,279,portrait,18106,RGB
146725_200w.jpg,200,279,portrait,19131,RGB
146726_200w.jpg,200,279,portrait,16951,RGB
146728_200w.jpg,200,279,portrait,16830,RGB
146729_200w.jpg,200,279,portrait,19348,RGB
146730_200w.jpg,200,279,portrait,21988,RGB
146731_200w.jpg,200,279,portrait,28351,RGB
146732_200w.jpg,200,279,portrait,19354,RGB
146735_200w.jpg,200,279,portrait,25799,RGB
146736_200w.jpg,200,279,portrait,29281,RGB
146737_200w.jpg,200,279,portrait,24514,RGB
146979_200w.jpg,200,279,portrait,24475,RGB
146980_200w.jpg,200,279,portrait,22175,RGB
146982_200w.jpg,200,279,portrait,20476,RGB
147026_200w.jpg,200,279,portrait,21250,RGB
147098_200w.jpg,200,279,portrait,22974,RGB
147099_200w.jpg,220,308,portrait,27567,RGB
147222_200w.jpg,200,282,portrait,27542,RGB
147224_200w.jpg,200,279,portrait,22223,RGB
147225_200w.jpg,200,278,portrait,25196,RGB
147226_200w.jpg,200,280,portrait,26087,RGB
147227_200w.jpg,200,278,portrait,25303,RGB
147231_200w.jpg,200,284,portrait,30141,RGB
147236_200w.jpg,200,280,portrait,34626,RGB
147237_200w.jpg,220,307,portrait,27570,RGB
147238_200w.jpg,220,308,portrait,29862,RGB
147239_200w.jpg,220,307,portrait,28030,RGB
147240_200w.jpg,220,308,portrait,29133,RGB
148151_200w.jpg,200,279,portrait,28196,RGB
148152_200w.jpg,200,280,portrait,31152,RGB
148153_200w.jpg,220,309,portrait,31624,RGB
148339_200w.jpg,220,307,portrait,30453,RGB
148341_200w.jpg,220,307,portrait,30758,RGB
148342_200w.jpg,220,307,portrait,28327,RGB
148343_200w.jpg,220,307,portrait,31655,RGB
148344_200w.jpg,220,307,portrait,28978,RGB
148345_200w.jpg,220,307,portrait,35840,RGB
148346_200w.jpg,220,307,portrait,34715,RGB
148347_200w.jpg,220,307,portrait,25217,RGB
148348_200w.jpg,220,307,portrait,29959,RGB
148349_200w.jpg,220,307,portrait,29314,RGB
148350_200w.jpg,220,307,portrait,34774,RGB
148351_200w.jpg,220,307,portrait,33085,RGB
148352_200w.jpg,220,307,portrait,33699,RGB
148383_200w.jpg,220,307,portrait,24239,RGB
148385_200w.jpg,220,307,portrait,27619,RGB
148386_200w.jpg,220,307,portrait,25307,RGB
148387_200w.jpg,220,307,portrait,25736,RGB
148388_200w.jpg,220,307,portrait,28021,RGB
148409_200w.jpg,200,279,portrait,29315,RGB
148410_200w.jpg,200,279,portrait,30502,RGB
148422_200w.jpg,200,279,portrait,28003,RGB
148423_200w.jpg,200,279,portrait,29368,RGB
148424_200w.jpg,200,279,portrait,29827,RGB
148425_200w.jpg,200,279,portrait,26203,RGB
148426_200w.jpg,200,279,portrait,22594,RGB
148427_200w.jpg,200,279,portrait,22765,RGB
148428_200w.jpg,200,279,portrait,23660,RGB
148429_200w.jpg,200,279,portrait,27421,RGB
148430_200w.jpg,200,279,portrait,28726,RGB
148431_200w.jpg,220,307,portrait,21569,RGB
148432_200w.jpg,220,308,portrait,22151,RGB
148724_200w.jpg,220,309,portrait,37755,RGB
148725_200w.jpg,220,309,portrait,37820,RGB
148726_200w.jpg,220,307,portrait,30551,RGB
148727_200w.jpg,220,310,portrait,30996,RGB
148728_200w.jpg,200,275,portrait,16479,RGB
149022_200w.jpg,200,280,portrait,22210,RGB
149023_200w.jpg,200,281,portrait,21746,RGB
149024_200w.jpg,200,278,portrait,22556,RGB
149025_200w.jpg,200,281,portrait,21461,RGB
149026_200w.jpg,200,281,portrait,19996,RGB
149027_200w.jpg,200,280,portrait,24596,RGB
149028_200w.jpg,200,280,portrait,26388,RGB
149029_200w.jpg,200,279,portrait,23689,RGB
149030_200w.jpg,200,281,portrait,23181,RGB
149031_200w.jpg,200,281,portrait,21220,RGB
149032_200w.jpg,200,278,portrait,21524,RGB
149033_200w.jpg,200,278,portrait,22940,RGB
149034_200w.jpg,200,281,portrait,20366,RGB
149035_200w.jpg,200,280,portrait,24579,RGB
149036_200w.jpg,200,280,portrait,23088,RGB
149037_200w.jpg,200,280,portrait,23281,RGB
149038_200w.jpg,200,280,portrait,26976,RGB
149039_200w.jpg,200,279,portrait,29045,RGB
149040_200w.jpg,200,281,portrait,21540,RGB
149041_200w.jpg,200,280,portrait,20257,RGB
149042_200w.jpg,200,278,portrait,22905,RGB
149043_200w.jpg,200,281,portrait,19896,RGB
149044_200w.jpg,200,280,portrait,24491,RGB
149045_200w.jpg,200,278,portrait,21805,RGB
149046_200w.jpg,200,278,portrait,22370,RGB
149047_200w.jpg,200,280,portrait,23142,RGB
149049_200w.jpg,200,278,portrait,24658,RGB
149050_200w.jpg,200,278,portrait,24328,RGB
149051_200w.jpg,200,280,portrait,21384,RGB
149053_200w.jpg,200,281,portrait,23324,RGB
149054_200w.jpg,200,278,portrait,23726,RGB
149055_200w.jpg,200,280,portrait,20267,RGB
149056_200w.jpg,200,280,portrait,22942,RGB
149057_200w.jpg,200,280,portrait,26782,RGB
149058_200w.jpg,200,280,portrait,23037,RGB
149059_200w.jpg,200,280,portrait,22615,RGB
149060_200w.jpg,200,281,portrait,20650,RGB
149061_200w.jpg,200,278,portrait,20789,RGB
149062_200w.jpg,200,279,portrait,19780,RGB
149063_200w.jpg,200,280,portrait,23550,RGB
149064_200w.jpg,200,279,portrait,19157,RGB
149065_200w.jpg,200,280,portrait,21757,RGB
149066_200w.jpg,200,281,portrait,22085,RGB
149067_200w.jpg,200,280,portrait,19702,RGB
149068_200w.jpg,200,280,portrait,24865,RGB
149069_200w.jpg,200,280,portrait,19645,RGB
149070_200w.jpg,200,278,portrait,21796,RGB
149071_200w.jpg,200,280,portrait,20939,RGB
149072_200w.jpg,200,278,portrait,27825,RGB
149073_200w.jpg,200,281,portrait,21163,RGB
149074_200w.jpg,200,280,portrait,23493,RGB
149075_200w.jpg,200,281,portrait,21146,RGB
149076_200w.jpg,200,278,portrait,22137,RGB
149077_200w.jpg,200,280,portrait,25894,RGB
149078_200w.jpg,200,281,portrait,23379,RGB
149079_200w.jpg,200,278,portrait,22421,RGB
149080_200w.jpg,200,279,portrait,28298,RGB
149081_200w.jpg,200,280,portrait,21869,RGB
149082_200w.jpg,200,280,portrait,24048,RGB
149083_200w.jpg,200,280,portrait,21552,RGB
149084_200w.jpg,200,280,portrait,24121,RGB
149086_200w.jpg,220,307,portrait,35273,RGB
149087_200w.jpg,200,281,portrait,25441,RGB
149091_200w.jpg,200,278,portrait,23770,RGB
149092_200w.jpg,200,280,portrait,22315,RGB
149093_200w.jpg,200,278,portrait,22838,RGB
149094_200w.jpg,200,278,portrait,27472,RGB
149097_200w.jpg,200,281,portrait,22311,RGB
149098_200w.jpg,200,280,portrait,24262,RGB
149099_200w.jpg,200,280,portrait,23691,RGB
149100_200w.jpg,200,279,portrait,28034,RGB
149101_200w.jpg,200,280,portrait,20484,RGB
149102_200w.jpg,200,280,portrait,23539,RGB
149103_200w.jpg,200,278,portrait,24410,RGB
149104_200w.jpg,200,281,portrait,24291,RGB
149105_200w.jpg,200,281,portrait,17917,RGB
149106_200w.jpg,200,281,portrait,21662,RGB
149107_200w.jpg,200,281,portrait,20957,RGB
149108_200w.jpg,200,278,portrait,21881,RGB
149109_200w.jpg,200,278,portrait,22233,RGB
149110_200w.jpg,200,281,portrait,19919,RGB
149111_200w.jpg,200,281,portrait,22225,RGB
149112_200w.jpg,200,281,portrait,20358,RGB
149113_200w.jpg,200,278,portrait,21988,RGB
149114_200w.jpg,200,278,portrait,21817,RGB
149115_200w.jpg,200,278,portrait,27729,RGB
149116_200w.jpg,200,278,portrait,20246,RGB
149117_200w.jpg,200,281,portrait,22164,RGB
149118_200w.jpg,200,281,portrait,20681,RGB
149119_200w.jpg,200,280,portrait,21021,RGB
149120_200w.jpg,200,281,portrait,20629,RGB
149121_200w.jpg,200,280,portrait,18796,RGB
149122_200w.jpg,200,278,portrait,19509,RGB
149123_200w.jpg,200,281,portrait,20794,RGB
149124_200w.jpg,200,281,portrait,19433,RGB
149125_200w.jpg,200,281,portrait,23399,RGB
149126_200w.jpg,200,278,portrait,28234,RGB
149127_200w.jpg,200,282,portrait,28043,RGB
149128_200w.jpg,200,278,portrait,27393,RGB
149129_200w.jpg,200,284,portrait,26023,RGB
149130_200w.jpg,200,278,portrait,26461,RGB
149131_200w.jpg,200,276,portrait,22631,RGB
149132_200w.jpg,200,278,portrait,27943,RGB
149133_200w.jpg,200,280,portrait,29308,RGB
149134_200w.jpg,200,278,portrait,29747,RGB
149135_200w.jpg,200,278,portrait,24867,RGB
149136_200w.jpg,200,278,portrait,25641,RGB
149137_200w.jpg,200,278,portrait,26031,RGB
149138_200w.jpg,200,278,portrait,26266,RGB
149139_200w.jpg,200,278,portrait,28160,RGB
149140_200w.jpg,200,278,portrait,27362,RGB
149141_200w.jpg,200,284,portrait,28287,RGB
149142_200w.jpg,200,278,portrait,26382,RGB
149143_200w.jpg,200,278,portrait,22742,RGB
149144_200w.jpg,200,278,portrait,25070,RGB
149145_200w.jpg,200,280,portrait,22395,RGB
149146_200w.jpg,200,281,portrait,21207,RGB
149147_200w.jpg,200,280,portrait,23411,RGB
149148_200w.jpg,200,278,portrait,21142,RGB
149149_200w.jpg,200,287,portrait,19323,RGB
149299_200w.jpg,200,281,portrait,21148,RGB
149300_200w.jpg,220,307,portrait,22665,RGB
149301_200w.jpg,220,307,portrait,27151,RGB
149302_200w.jpg,220,307,portrait,25929,RGB
149381_200w.jpg,200,279,portrait,27448,RGB
149382_200w.jpg,200,279,portrait,30124,RGB
149383_200w.jpg,200,279,portrait,30861,RGB
149384_200w.jpg,200,279,portrait,29906,RGB
149385_200w.jpg,200,279,portrait,22131,RGB
149386_200w.jpg,200,279,portrait,26708,RGB
149387_200w.jpg,200,284,portrait,29829,RGB
149388_200w.jpg,200,282,portrait,28939,RGB
149389_200w.jpg,200,279,portrait,29759,RGB
149390_200w.jpg,200,279,portrait,13463,RGB
149391_200w.jpg,200,279,portrait,13023,RGB
149392_200w.jpg,200,279,portrait,13748,RGB
149393_200w.jpg,200,279,portrait,13908,RGB
149394_200w.jpg,200,279,portrait,11954,RGB
149395_200w.jpg,200,279,portrait,19159,RGB
149397_200w.jpg,200,279,portrait,13327,RGB
149398_200w.jpg,200,279,portrait,13307,RGB
149470_200w.jpg,200,280,portrait,20833,RGB
149471_200w.jpg,200,280,portrait,21439,RGB
149472_200w.jpg,200,278,portrait,22062,RGB
149473_200w.jpg,200,279,portrait,20454,RGB
149474_200w.jpg,200,280,portrait,19834,RGB
149475_200w.jpg,200,280,portrait,25016,RGB
149476_200w.jpg,200,279,portrait,20283,RGB
151701_200w.jpg,200,279,portrait,25548,RGB
151702_200w.jpg,200,279,portrait,23278,RGB
151703_200w.jpg,200,279,portrait,23576,RGB
151704_200w.jpg,200,279,portrait,23196,RGB
151705_200w.jpg,200,282,portrait,22696,RGB
151973_200w.jpg,200,279,portrait,21389,RGB
151974_200w.jpg,200,279,portrait,22049,RGB
152604_200w.jpg,200,279,portrait,27924,RGB
152605_200w.jpg,200,283,portrait,32502,RGB
152606_200w.jpg,200,279,portrait,20566,RGB
152607_200w.jpg,200,279,portrait,20806,RGB
152608_200w.jpg,200,279,portrait,23464,RGB
152609_200w.jpg,200,279,portrait,20354,RGB
152610_200w.jpg,200,279,portrait,22037,RGB
152673_200w.jpg,200,279,portrait,20985,RGB
152681_200w.jpg,200,280,portrait,21332,RGB
152682_200w.jpg,200,282,portrait,20092,RGB
152683_200w.jpg,200,280,portrait,22088,RGB
152684_200w.jpg,200,282,portrait,22917,RGB
152685_200w.jpg,200,282,portrait,23524,RGB
152686_200w.jpg,200,280,portrait,22062,RGB
152687_200w.jpg,200,280,portrait,22194,RGB
152688_200w.jpg,200,278,portrait,23588,RGB
152689_200w.jpg,200,282,portrait,22066,RGB
152690_200w.jpg,200,278,portrait,22513,RGB
152692_200w.jpg,200,278,portrait,21726,RGB
152693_200w.jpg,200,280,portrait,20893,RGB
152835_200w.jpg,200,278,portrait,18628,RGB
152838_200w.jpg,200,279,portrait,21839,RGB
152868_200w.jpg,200,114,landscape,6601,RGB
152873_200w.jpg,200,279,portrait,21644,RGB
152875_200w.jpg,200,282,portrait,12745,RGB
152931_200w.jpg,200,279,portrait,27230,RGB
152932_200w.jpg,200,280,portrait,29473,RGB
152933_200w.jpg,200,279,portrait,28897,RGB
152934_200w.jpg,200,279,portrait,28357,RGB
152939_200w.jpg,200,281,portrait,34830,RGB
152944_200w.jpg,200,279,portrait,26751,RGB
152945_200w.jpg,200,279,portrait,25433,RGB
152946_200w.jpg,200,279,portrait,32863,RGB
152950_200w.jpg,200,279,portrait,21801,RGB
153050_200w.jpg,200,280,portrait,27777,RGB
153051_200w.jpg,200,280,portrait,19417,RGB
153052_200w.jpg,200,280,portrait,15547,RGB
153053_200w.jpg,200,279,portrait,16601,RGB
153054_200w.jpg,200,280,portrait,24502,RGB
153055_200w.jpg,200,280,portrait,20471,RGB
153056_200w.jpg,200,280,portrait,20163,RGB
153057_200w.jpg,200,280,portrait,21808,RGB
153067_200w.jpg,200,281,portrait,23066,RGB
153068_200w.jpg,194,270,portrait,17828,RGB
153069_200w.jpg,200,279,portrait,26404,RGB
153074_200w.jpg,200,279,portrait,29353,RGB
153078_200w.jpg,200,280,portrait,26407,RGB
153083_200w.jpg,200,281,portrait,22780,RGB
153084_200w.jpg,200,281,portrait,18722,RGB
153085_200w.jpg,200,278,portrait,21207,RGB
153087_200w.jpg,200,278,portrait,23607,RGB
153088_200w.jpg,200,278,portrait,15568,RGB
153089_200w.jpg,200,278,portrait,22151,RGB
153090_200w.jpg,200,278,portrait,21608,RGB
153091_200w.jpg,200,281,portrait,25162,RGB
153092_200w.jpg,200,281,portrait,24130,RGB
153093_200w.jpg,200,281,portrait,24828,RGB
153094_200w.jpg,200,281,portrait,21959,RGB
153095_200w.jpg,200,278,portrait,19908,RGB
153096_200w.jpg,200,278,portrait,20548,RGB
153097_200w.jpg,200,281,portrait,23794,RGB
153100_200w.jpg,200,281,portrait,15068,RGB
153102_200w.jpg,200,281,portrait,23254,RGB
153104_200w.jpg,200,281,portrait,19928,RGB
153105_200w.jpg,200,281,portrait,22625,RGB
153106_200w.jpg,200,278,portrait,21811,RGB
153107_200w.jpg,200,278,portrait,21413,RGB
153108_200w.jpg,200,281,portrait,22587,RGB
153109_200w.jpg,200,281,portrait,20680,RGB
153110_200w.jpg,200,278,portrait,23916,RGB
153231_200w.jpg,200,280,portrait,27157,RGB
153233_200w.jpg,200,278,portrait,24883,RGB
153234_200w.jpg,200,280,portrait,23485,RGB
153235_200w.jpg,200,280,portrait,22451,RGB
153236_200w.jpg,200,276,portrait,24335,RGB
153238_200w.jpg,200,280,portrait,23280,RGB
153240_200w.jpg,200,279,portrait,26507,RGB
153246_200w.jpg,200,280,portrait,26200,RGB
153247_200w.jpg,200,279,portrait,20338,RGB
153248_200w.jpg,200,287,portrait,22896,RGB
153249_200w.jpg,200,280,portrait,19419,RGB
153250_200w.jpg,200,277,portrait,16547,RGB
153251_200w.jpg,200,283,portrait,25131,RGB
153252_200w.jpg,200,279,portrait,21544,RGB
153253_200w.jpg,200,277,portrait,22555,RGB
153256_200w.jpg,200,278,portrait,23344,RGB
153258_200w.jpg,200,277,portrait,25712,RGB
153259_200w.jpg,200,278,portrait,26293,RGB
153261_200w.jpg,200,279,portrait,23521,RGB
153262_200w.jpg,200,280,portrait,20951,RGB
153263_200w.jpg,200,278,portrait,25332,RGB
153265_200w.jpg,200,280,portrait,25213,RGB
153266_200w.jpg,200,283,portrait,23374,RGB
153269_200w.jpg,200,278,portrait,19032,RGB
153270_200w.jpg,200,280,portrait,20474,RGB
153271_200w.jpg,200,279,portrait,22808,RGB
153272_200w.jpg,200,276,portrait,16739,RGB
153273_200w.jpg,200,275,portrait,24139,RGB
153274_200w.jpg,200,281,portrait,22820,RGB
153276_200w.jpg,200,279,portrait,22380,RGB
153277_200w.jpg,200,280,portrait,23529,RGB
153278_200w.jpg,200,279,portrait,24189,RGB
153279_200w.jpg,200,278,portrait,24612,RGB
153280_200w.jpg,200,279,portrait,19101,RGB
153282_200w.jpg,200,279,portrait,20502,RGB
153284_200w.jpg,200,279,portrait,12568,RGB
153288_200w.jpg,200,278,portrait,23507,RGB
153290_200w.jpg,200,279,portrait,24285,RGB
153301_200w.jpg,200,278,portrait,27928,RGB
153303_200w.jpg,200,277,portrait,25592,RGB
153304_200w.jpg,200,281,portrait,26273,RGB
153305_200w.jpg,200,279,portrait,21362,RGB
153306_200w.jpg,200,277,portrait,24933,RGB
153307_200w.jpg,200,278,portrait,23625,RGB
153309_200w.jpg,200,281,portrait,26581,RGB
153310_200w.jpg,200,278,portrait,23831,RGB
153311_200w.jpg,200,280,portrait,24045,RGB
153312_200w.jpg,200,280,portrait,25416,RGB
153317_200w.jpg,200,278,portrait,19648,RGB
153319_200w.jpg,200,280,portrait,23682,RGB
153451_200w.jpg,200,279,portrait,28049,RGB
153452_200w.jpg,200,279,portrait,25133,RGB
153453_200w.jpg,200,280,portrait,33670,RGB
153995_200w.jpg,200,279,portrait,21252,RGB
153996_200w.jpg,200,279,portrait,20027,RGB
153997_200w.jpg,200,279,portrait,21198,RGB
153998_200w.jpg,200,279,portrait,21046,RGB
154718_200w.jpg,200,279,portrait,25044,RGB
154789_200w.jpg,200,283,portrait,25366,RGB
154997_200w.jpg,200,279,portrait,26390,RGB
154998_200w.jpg,200,276,portrait,21011,RGB
154999_200w.jpg,200,278,portrait,27114,RGB
155000_200w.jpg,200,282,portrait,23515,RGB
155063_200w.jpg,200,280,portrait,21751,RGB
155064_200w.jpg,200,279,portrait,26481,RGB
155082_200w.jpg,200,277,portrait,20261,RGB
155083_200w.jpg,200,279,portrait,21864,RGB
155084_200w.jpg,200,280,portrait,19480,RGB
155085_200w.jpg,200,276,portrait,23112,RGB
155086_200w.jpg,200,278,portrait,22623,RGB
155087_200w.jpg,200,280,portrait,24461,RGB
155088_200w.jpg,200,278,portrait,21463,RGB
155560_200w.jpg,200,279,portrait,22310,RGB
155561_200w.jpg,200,282,portrait,25529,RGB
155563_200w.jpg,200,278,portrait,22796,RGB
155587_200w.jpg,200,279,portrait,27874,RGB
155588_200w.jpg,200,279,portrait,33595,RGB
155597_200w.jpg,200,279,portrait,21382,RGB
155599_200w.jpg,200,278,portrait,35475,RGB
155600_200w.jpg,200,284,portrait,36005,RGB
155602_200w.jpg,200,282,portrait,24340,RGB
155603_200w.jpg,200,281,portrait,22376,RGB
155604_200w.jpg,200,278,portrait,23270,RGB
155605_200w.jpg,200,279,portrait,22838,RGB
155606_200w.jpg,200,280,portrait,24279,RGB
155607_200w.jpg,200,279,portrait,24309,RGB
155608_200w.jpg,200,281,portrait,21976,RGB
155609_200w.jpg,200,281,portrait,20931,RGB
155610_200w.jpg,200,286,portrait,24183,RGB
155611_200w.jpg,200,278,portrait,23630,RGB
156111_200w.jpg,200,279,portrait,21118,RGB
156258_200w.jpg,200,284,portrait,24467,RGB
157618_200w.jpg,200,279,portrait,21138,RGB
157619_200w.jpg,200,279,portrait,22021,RGB
157620_200w.jpg,200,279,portrait,21182,RGB
157621_200w.jpg,200,279,portrait,20817,RGB
157622_200w.jpg,200,279,portrait,20830,RGB
157623_200w.jpg,200,279,portrait,22705,RGB
157624_200w.jpg,200,279,portrait,22311,RGB
157625_200w.jpg,200,279,portrait,24167,RGB
157626_200w.jpg,200,279,portrait,24527,RGB
157627_200w.jpg,200,279,portrait,19013,RGB
157628_200w.jpg,200,279,portrait,20311,RGB
157629_200w.jpg,200,279,portrait,21537,RGB
157630_200w.jpg,200,279,portrait,28145,RGB
157631_200w.jpg,200,279,portrait,24470,RGB
157633_200w.jpg,200,279,portrait,20634,RGB
157634_200w.jpg,200,279,portrait,22682,RGB
157635_200w.jpg,200,279,portrait,23216,RGB
157636_200w.jpg,200,279,portrait,27026,RGB
157637_200w.jpg,200,279,portrait,20505,RGB
157638_200w.jpg,200,279,portrait,20874,RGB
157639_200w.jpg,200,279,portrait,24158,RGB
157640_200w.jpg,200,279,portrait,24973,RGB
157641_200w.jpg,200,279,portrait,24331,RGB
157642_200w.jpg,200,279,portrait,21293,RGB
157643_200w.jpg,200,279,portrait,24367,RGB
157644_200w.jpg,200,279,portrait,22414,RGB
157645_200w.jpg,200,279,portrait,22025,RGB
157646_200w.jpg,200,279,portrait,23815,RGB
157647_200w.jpg,200,279,portrait,24235,RGB
157649_200w.jpg,200,279,portrait,22664,RGB
157650_200w.jpg,200,279,portrait,22923,RGB
157651_200w.jpg,200,279,portrait,25876,RGB
157652_200w.jpg,200,279,portrait,21273,RGB
157653_200w.jpg,200,279,portrait,22743,RGB
157654_200w.jpg,200,279,portrait,20817,RGB
157655_200w.jpg,200,279,portrait,24916,RGB
157656_200w.jpg,200,279,portrait,29408,RGB
157657_200w.jpg,200,279,portrait,26876,RGB
157658_200w.jpg,200,279,portrait,23281,RGB
157659_200w.jpg,200,279,portrait,24509,RGB
157660_200w.jpg,200,279,portrait,20025,RGB
157661_200w.jpg,200,279,portrait,24508,RGB
157662_200w.jpg,200,279,portrait,23143,RGB
157663_200w.jpg,200,279,portrait,20708,RGB
157664_200w.jpg,200,279,portrait,21862,RGB
157665_200w.jpg,200,279,portrait,24219,RGB
157666_200w.jpg,200,279,portrait,24981,RGB
157667_200w.jpg,200,279,portrait,22942,RGB
157668_200w.jpg,200,279,portrait,19350,RGB
157669_200w.jpg,200,279,portrait,21696,RGB
157670_200w.jpg,200,279,portrait,22125,RGB
157671_200w.jpg,200,279,portrait,20887,RGB
157676_200w.jpg,200,279,portrait,23023,RGB
157677_200w.jpg,200,279,portrait,20372,RGB
157678_200w.jpg,200,279,portrait,22537,RGB
157679_200w.jpg,200,279,portrait,24229,RGB
157680_200w.jpg,200,279,portrait,30839,RGB
157681_200w.jpg,200,279,portrait,20586,RGB
157682_200w.jpg,200,279,portrait,23071,RGB
157683_200w.jpg,200,279,portrait,22257,RGB
157684_200w.jpg,200,279,portrait,24060,RGB
157685_200w.jpg,200,279,portrait,21041,RGB
157686_200w.jpg,200,279,portrait,24963,RGB
157687_200w.jpg,200,279,portrait,24930,RGB
157688_200w.jpg,200,279,portrait,22310,RGB
157689_200w.jpg,200,279,portrait,24884,RGB
157690_200w.jpg,200,279,portrait,23057,RGB
157691_200w.jpg,200,279,portrait,24341,RGB
157692_200w.jpg,200,279,portrait,21555,RGB
157693_200w.jpg,200,279,portrait,24185,RGB
157694_200w.jpg,200,279,portrait,26717,RGB
157695_200w.jpg,200,279,portrait,19502,RGB
157696_200w.jpg,200,279,portrait,22825,RGB
157698_200w.jpg,200,279,portrait,24089,RGB
157699_200w.jpg,200,279,portrait,24354,RGB
157700_200w.jpg,200,279,portrait,24085,RGB
157701_200w.jpg,200,279,portrait,21338,RGB
157702_200w.jpg,200,279,portrait,24191,RGB
157704_200w.jpg,200,279,portrait,23972,RGB
157705_200w.jpg,200,279,portrait,23808,RGB
157706_200w.jpg,200,279,portrait,27343,RGB
157707_200w.jpg,200,279,portrait,31581,RGB
157708_200w.jpg,200,279,portrait,24610,RGB
157709_200w.jpg,200,279,portrait,21581,RGB
157710_200w.jpg,200,279,portrait,22695,RGB
157711_200w.jpg,200,279,portrait,24604,RGB
157712_200w.jpg,200,279,portrait,24470,RGB
157713_200w.jpg,200,279,portrait,20717,RGB
157714_200w.jpg,200,279,portrait,23224,RGB
157715_200w.jpg,200,279,portrait,21086,RGB
157716_200w.jpg,200,279,portrait,24013,RGB
157717_200w.jpg,200,279,portrait,30272,RGB
157718_200w.jpg,200,279,portrait,29710,RGB
157720_200w.jpg,200,279,portrait,20569,RGB
157721_200w.jpg,200,279,portrait,17507,RGB
157723_200w.jpg,200,279,portrait,21871,RGB
157724_200w.jpg,200,279,portrait,22705,RGB
157725_200w.jpg,200,279,portrait,22464,RGB
157726_200w.jpg,200,279,portrait,23645,RGB
157727_200w.jpg,200,279,portrait,22362,RGB
157729_200w.jpg,200,279,portrait,22149,RGB
157730_200w.jpg,200,279,portrait,21534,RGB
157731_200w.jpg,200,279,portrait,22416,RGB
157733_200w.jpg,200,279,portrait,29615,RGB
157735_200w.jpg,200,279,portrait,20387,RGB
157737_200w.jpg,200,279,portrait,23838,RGB
157739_200w.jpg,200,279,portrait,19814,RGB
157740_200w.jpg,200,279,portrait,19845,RGB
157741_200w.jpg,200,279,portrait,19178,RGB
157742_200w.jpg,200,279,portrait,20472,RGB
157743_200w.jpg,200,279,portrait,15525,RGB
157745_200w.jpg,200,279,portrait,15871,RGB
157746_200w.jpg,200,279,portrait,18641,RGB
157747_200w.jpg,200,279,portrait,20169,RGB
157748_200w.jpg,200,279,portrait,17257,RGB
157749_200w.jpg,200,279,portrait,21516,RGB
157750_200w.jpg,200,279,portrait,19483,RGB
157751_200w.jpg,200,279,portrait,18625,RGB
157752_200w.jpg,200,279,portrait,25019,RGB
157753_200w.jpg,200,279,portrait,19480,RGB
157755_200w.jpg,200,279,portrait,28202,RGB
157756_200w.jpg,200,279,portrait,27749,RGB
157757_200w.jpg,200,279,portrait,28133,RGB
157758_200w.jpg,200,279,portrait,31820,RGB
157759_200w.jpg,200,279,portrait,30758,RGB
157761_200w.jpg,200,279,portrait,30079,RGB
157762_200w.jpg,200,279,portrait,28133,RGB
157765_200w.jpg,200,279,portrait,23422,RGB
157766_200w.jpg,200,279,portrait,25435,RGB
157767_200w.jpg,200,279,portrait,25132,RGB
157768_200w.jpg,200,279,portrait,24086,RGB
157769_200w.jpg,200,279,portrait,16010,RGB
157770_200w.jpg,200,279,portrait,24135,RGB
157772_200w.jpg,200,279,portrait,26478,RGB
157773_200w.jpg,200,279,portrait,26066,RGB
157775_200w.jpg,200,279,portrait,26209,RGB
157776_200w.jpg,200,279,portrait,27753,RGB
157777_200w.jpg,200,279,portrait,26892,RGB
157778_200w.jpg,200,279,portrait,26742,RGB
157779_200w.jpg,200,279,portrait,26332,RGB
157781_200w.jpg,200,279,portrait,27494,RGB
157782_200w.jpg,200,279,portrait,23077,RGB
157783_200w.jpg,200,279,portrait,24417,RGB
157784_200w.jpg,200,279,portrait,22584,RGB
157785_200w.jpg,200,279,portrait,22454,RGB
157786_200w.jpg,200,279,portrait,23352,RGB
157787_200w.jpg,200,279,portrait,21584,RGB
157788_200w.jpg,200,279,portrait,27007,RGB
157789_200w.jpg,200,279,portrait,26623,RGB
158032_200w.jpg,200,278,portrait,22054,RGB
158165_200w.jpg,200,279,portrait,25885,RGB
158166_200w.jpg,200,282,portrait,27546,RGB
158167_200w.jpg,200,279,portrait,27026,RGB
158168_200w.jpg,200,282,portrait,27701,RGB
158169_200w.jpg,200,279,portrait,22605,RGB
158170_200w.jpg,200,278,portrait,24000,RGB
158171_200w.jpg,200,279,portrait,26006,RGB
158172_200w.jpg,200,279,portrait,25988,RGB
158183_200w.jpg,200,279,portrait,23518,RGB
158187_200w.jpg,200,279,portrait,16372,RGB
158200_200w.jpg,200,278,portrait,21851,RGB
158201_200w.jpg,200,278,portrait,22159,RGB
158255_200w.jpg,200,279,portrait,24779,RGB
158256_200w.jpg,200,279,portrait,24211,RGB
158322_200w.jpg,200,279,portrait,22398,RGB
158422_200w.jpg,200,280,portrait,23828,RGB
158738_200w.jpg,200,279,portrait,25915,RGB
158739_200w.jpg,200,279,portrait,27343,RGB
159115_200w.jpg,200,278,portrait,25200,RGB
161362_200w.jpg,200,280,portrait,27192,RGB
161363_200w.jpg,200,279,portrait,21483,RGB
161463_200w.jpg,200,273,portrait,21467,RGB
161464_200w.jpg,200,280,portrait,21444,RGB
161465_200w.jpg,200,276,portrait,24377,RGB
161466_200w.jpg,200,286,portrait,27150,RGB
161747_200w.jpg,200,280,portrait,23612,RGB
161748_200w.jpg,200,282,portrait,20299,RGB
161749_200w.jpg,200,278,portrait,25241,RGB
161750_200w.jpg,200,278,portrait,24694,RGB
161751_200w.jpg,200,280,portrait,25074,RGB
161752_200w.jpg,200,278,portrait,22810,RGB
161753_200w.jpg,200,280,portrait,20564,RGB
162042_200w.jpg,200,279,portrait,28302,RGB
162043_200w.jpg,200,279,portrait,27275,RGB
162268_200w.jpg,200,281,portrait,20517,RGB
162269_200w.jpg,200,276,portrait,19980,RGB
162270_200w.jpg,200,279,portrait,20526,RGB
162271_200w.jpg,200,280,portrait,22740,RGB
162272_200w.jpg,200,277,portrait,23048,RGB
162449_200w.jpg,200,278,portrait,22739,RGB
162454_200w.jpg,200,278,portrait,27244,RGB
162455_200w.jpg,200,280,portrait,26861,RGB
162456_200w.jpg,200,278,portrait,22304,RGB
162457_200w.jpg,200,279,portrait,18790,RGB
162458_200w.jpg,200,280,portrait,21812,RGB
162459_200w.jpg,200,281,portrait,20407,RGB
162460_200w.jpg,200,279,portrait,30928,RGB
162461_200w.jpg,200,279,portrait,31459,RGB
162468_200w.jpg,200,279,portrait,21112,RGB
162469_200w.jpg,200,279,portrait,21260,RGB
162603_200w.jpg,200,279,portrait,27410,RGB
162604_200w.jpg,200,279,portrait,21706,RGB
162605_200w.jpg,200,279,portrait,24378,RGB
162606_200w.jpg,200,279,portrait,25301,RGB
162607_200w.jpg,200,279,portrait,22852,RGB
162816_200w.jpg,200,278,portrait,20212,RGB
162818_200w.jpg,200,278,portrait,20328,RGB
162829_200w.jpg,200,280,portrait,24041,RGB
162830_200w.jpg,200,280,portrait,24220,RGB
162832_200w.jpg,200,280,portrait,23957,RGB
162833_200w.jpg,200,280,portrait,24086,RGB
162836_200w.jpg,200,274,portrait,24335,RGB
162837_200w.jpg,200,274,portrait,24487,RGB
162838_200w.jpg,200,274,portrait,24738,RGB
162839_200w.jpg,200,274,portrait,24706,RGB
163855_200w.jpg,200,279,portrait,24042,RGB
163856_200w.jpg,200,279,portrait,24045,RGB
163857_200w.jpg,200,280,portrait,20252,RGB
163858_200w.jpg,200,278,portrait,25067,RGB
163859_200w.jpg,200,278,portrait,25105,RGB
164072_200w.jpg,200,278,portrait,24345,RGB
164073_200w.jpg,200,276,portrait,24666,RGB
164115_200w.jpg,200,279,portrait,20651,RGB
164116_200w.jpg,200,279,portrait,20052,RGB
164155_200w.jpg,200,278,portrait,26091,RGB
164160_200w.jpg,200,280,portrait,24171,RGB
164164_200w.jpg,200,278,portrait,21859,RGB
164178_200w.jpg,200,282,portrait,23995,RGB
164202_200w.jpg,200,274,portrait,24997,RGB
164203_200w.jpg,200,274,portrait,25031,RGB
164204_200w.jpg,200,280,portrait,23399,RGB
164205_200w.jpg,200,280,portrait,21447,RGB
164206_200w.jpg,200,278,portrait,24075,RGB
164207_200w.jpg,200,283,portrait,25073,RGB
164208_200w.jpg,200,279,portrait,25126,RGB
164209_200w.jpg,200,278,portrait,22952,RGB
164210_200w.jpg,200,278,portrait,20843,RGB
164211_200w.jpg,200,276,portrait,21800,RGB
164212_200w.jpg,200,276,portrait,19562,RGB
164213_200w.jpg,200,271,portrait,23735,RGB
164215_200w.jpg,200,275,portrait,22537,RGB
164216_200w.jpg,200,276,portrait,23585,RGB
164217_200w.jpg,200,276,portrait,23713,RGB
164231_200w.jpg,200,278,portrait,24885,RGB
164233_200w.jpg,200,279,portrait,28328,RGB
164234_200w.jpg,200,279,portrait,26914,RGB
164235_200w.jpg,200,280,portrait,25057,RGB
164280_200w.jpg,200,275,portrait,23056,RGB
164281_200w.jpg,200,274,portrait,22550,RGB
164282_200w.jpg,200,274,portrait,22025,RGB
164283_200w.jpg,200,274,portrait,24422,RGB
164284_200w.jpg,200,275,portrait,22458,RGB
164285_200w.jpg,200,278,portrait,24830,RGB
164286_200w.jpg,200,278,portrait,26721,RGB
164287_200w.jpg,200,276,portrait,22904,RGB
164288_200w.jpg,200,278,portrait,21727,RGB
164289_200w.jpg,200,282,portrait,24796,RGB
164388_200w.jpg,200,272,portrait,19981,RGB
164458_200w.jpg,200,280,portrait,23656,RGB
164460_200w.jpg,200,279,portrait,21797,RGB
164788_200w.jpg,200,278,portrait,23580,RGB
165633_200w.jpg,200,280,portrait,24294,RGB
165634_200w.jpg,200,280,portrait,25837,RGB
165648_200w.jpg,200,279,portrait,21279,RGB
165649_200w.jpg,200,279,portrait,21567,RGB
165650_200w.jpg,200,279,portrait,18799,RGB
165651_200w.jpg,200,279,portrait,23689,RGB
165652_200w.jpg,200,279,portrait,22819,RGB
165653_200w.jpg,200,279,portrait,19564,RGB
165654_200w.jpg,200,279,portrait,20531,RGB
165655_200w.jpg,200,279,portrait,21628,RGB
165656_200w.jpg,200,279,portrait,18876,RGB
165657_200w.jpg,200,279,portrait,22037,RGB
165658_200w.jpg,200,279,portrait,22101,RGB
165659_200w.jpg,200,279,portrait,21825,RGB
165660_200w.jpg,200,279,portrait,22812,RGB
165661_200w.jpg,200,279,portrait,21643,RGB
165662_200w.jpg,200,279,portrait,19524,RGB
165663_200w.jpg,200,279,portrait,22415,RGB
165664_200w.jpg,200,279,portrait,23178,RGB
165665_200w.jpg,200,279,portrait,19412,RGB
165666_200w.jpg,200,279,portrait,22788,RGB
165667_200w.jpg,200,279,portrait,29266,RGB
165668_200w.jpg,200,279,portrait,28755,RGB
165669_200w.jpg,200,279,portrait,27105,RGB
165670_200w.jpg,200,279,portrait,22459,RGB
165671_200w.jpg,200,279,portrait,21407,RGB
165672_200w.jpg,200,279,portrait,25858,RGB
165673_200w.jpg,200,279,portrait,32926,RGB
165674_200w.jpg,200,279,portrait,29158,RGB
165675_200w.jpg,200,279,portrait,27675,RGB
165676_200w.jpg,200,279,portrait,23059,RGB
165677_200w.jpg,200,279,portrait,24425,RGB
165678_200w.jpg,200,279,portrait,20457,RGB
165679_200w.jpg,200,279,portrait,21471,RGB
165680_200w.jpg,200,279,portrait,21085,RGB
165681_200w.jpg,200,279,portrait,22828,RGB
165682_200w.jpg,200,279,portrait,27325,RGB
165683_200w.jpg,200,279,portrait,22365,RGB
165684_200w.jpg,200,279,portrait,24927,RGB
165685_200w.jpg,200,279,portrait,21345,RGB
165686_200w.jpg,200,279,portrait,22543,RGB
165687_200w.jpg,200,279,portrait,23387,RGB
165688_200w.jpg,200,279,portrait,19895,RGB
165689_200w.jpg,200,279,portrait,22923,RGB
165690_200w.jpg,200,279,portrait,25828,RGB
165691_200w.jpg,200,279,portrait,21862,RGB
165692_200w.jpg,200,279,portrait,21177,RGB
165693_200w.jpg,200,279,portrait,20625,RGB
165694_200w.jpg,200,279,portrait,20598,RGB
165695_200w.jpg,200,279,portrait,18655,RGB
165696_200w.jpg,200,279,portrait,20517,RGB
165697_200w.jpg,200,279,portrait,19735,RGB
165698_200w.jpg,200,279,portrait,20046,RGB
165699_200w.jpg,200,279,portrait,22116,RGB
165700_200w.jpg,200,279,portrait,21277,RGB
165701_200w.jpg,200,279,portrait,21045,RGB
165702_200w.jpg,200,279,portrait,19357,RGB
165703_200w.jpg,200,279,portrait,21051,RGB
165704_200w.jpg,200,279,portrait,21329,RGB
165705_200w.jpg,200,279,portrait,21019,RGB
165706_200w.jpg,200,279,portrait,29585,RGB
165707_200w.jpg,200,279,portrait,26682,RGB
165708_200w.jpg,200,279,portrait,25205,RGB
165709_200w.jpg,200,279,portrait,19865,RGB
165710_200w.jpg,200,279,portrait,24765,RGB
165711_200w.jpg,200,279,portrait,24670,RGB
165712_200w.jpg,200,279,portrait,20415,RGB
165713_200w.jpg,200,279,portrait,20690,RGB
165714_200w.jpg,200,279,portrait,23755,RGB
165715_200w.jpg,200,279,portrait,19901,RGB
165716_200w.jpg,200,279,portrait,25168,RGB
165717_200w.jpg,200,279,portrait,22068,RGB
165718_200w.jpg,200,279,portrait,19699,RGB
165719_200w.jpg,200,279,portrait,23374,RGB
165720_200w.jpg,200,279,portrait,20966,RGB
165721_200w.jpg,200,279,portrait,25072,RGB
165722_200w.jpg,200,279,portrait,23115,RGB
165723_200w.jpg,200,279,portrait,23997,RGB
165724_200w.jpg,200,279,portrait,22508,RGB
165725_200w.jpg,200,279,portrait,30757,RGB
165726_200w.jpg,200,279,portrait,31344,RGB
165727_200w.jpg,200,279,portrait,26017,RGB
165728_200w.jpg,200,279,portrait,25253,RGB
165729_200w.jpg,200,279,portrait,22509,RGB
165730_200w.jpg,200,279,portrait,22526,RGB
165731_200w.jpg,200,279,portrait,25027,RGB
165732_200w.jpg,200,279,portrait,23794,RGB
165733_200w.jpg,200,279,portrait,29255,RGB
165734_200w.jpg,200,279,portrait,29409,RGB
165735_200w.jpg,200,279,portrait,26115,RGB
165736_200w.jpg,200,279,portrait,24267,RGB
165737_200w.jpg,200,279,portrait,25591,RGB
165738_200w.jpg,200,279,portrait,29541,RGB
165739_200w.jpg,200,279,portrait,26624,RGB
165740_200w.jpg,200,279,portrait,26411,RGB
165741_200w.jpg,200,279,portrait,21181,RGB
165742_200w.jpg,200,279,portrait,20120,RGB
165743_200w.jpg,200,279,portrait,22448,RGB
165744_200w.jpg,200,279,portrait,23403,RGB
165745_200w.jpg,200,279,portrait,22290,RGB
165746_200w.jpg,200,279,portrait,24565,RGB
165747_200w.jpg,200,279,portrait,21126,RGB
165748_200w.jpg,200,279,portrait,28904,RGB
165749_200w.jpg,200,279,portrait,26625,RGB
165750_200w.jpg,200,279,portrait,24303,RGB
165751_200w.jpg,200,279,portrait,20654,RGB
165752_200w.jpg,200,279,portrait,21009,RGB
165753_200w.jpg,200,279,portrait,21159,RGB
165754_200w.jpg,200,279,portrait,22419,RGB
165756_200w.jpg,200,279,portrait,30388,RGB
165757_200w.jpg,200,279,portrait,27859,RGB
165758_200w.jpg,200,279,portrait,25437,RGB
165759_200w.jpg,200,279,portrait,20248,RGB
165760_200w.jpg,200,279,portrait,22907,RGB
165761_200w.jpg,200,279,portrait,20263,RGB
165762_200w.jpg,200,279,portrait,19245,RGB
165763_200w.jpg,200,279,portrait,22201,RGB
165764_200w.jpg,200,279,portrait,19352,RGB
165765_200w.jpg,200,279,portrait,25679,RGB
165766_200w.jpg,200,279,portrait,23675,RGB
165767_200w.jpg,200,279,portrait,22033,RGB
165768_200w.jpg,200,279,portrait,21337,RGB
165769_200w.jpg,200,279,portrait,24989,RGB
165770_200w.jpg,200,279,portrait,20359,RGB
165771_200w.jpg,200,279,portrait,18278,RGB
165772_200w.jpg,200,279,portrait,17733,RGB
165773_200w.jpg,200,279,portrait,22699,RGB
165774_200w.jpg,200,279,portrait,17005,RGB
165775_200w.jpg,200,279,portrait,20565,RGB
165776_200w.jpg,200,279,portrait,26435,RGB
165777_200w.jpg,200,279,portrait,18486,RGB
165778_200w.jpg,200,279,portrait,19558,RGB
165779_200w.jpg,200,279,portrait,23235,RGB
165780_200w.jpg,200,279,portrait,26153,RGB
165781_200w.jpg,200,279,portrait,24243,RGB
165782_200w.jpg,200,279,portrait,19541,RGB
165783_200w.jpg,200,279,portrait,23791,RGB
165784_200w.jpg,200,279,portrait,22492,RGB
165785_200w.jpg,200,279,portrait,18083,RGB
165786_200w.jpg,200,279,portrait,20698,RGB
165787_200w.jpg,200,279,portrait,23819,RGB
165788_200w.jpg,200,279,portrait,26244,RGB
165789_200w.jpg,200,279,portrait,18596,RGB
165790_200w.jpg,200,279,portrait,19330,RGB
165791_200w.jpg,200,279,portrait,22316,RGB
165792_200w.jpg,200,279,portrait,23462,RGB
166288_200w.jpg,200,279,portrait,22674,RGB
166289_200w.jpg,200,278,portrait,22015,RGB
166290_200w.jpg,200,279,portrait,26110,RGB
166291_200w.jpg,200,278,portrait,23831,RGB
166292_200w.jpg,200,279,portrait,23429,RGB
166293_200w.jpg,200,280,portrait,23150,RGB
166294_200w.jpg,200,279,portrait,22860,RGB
166295_200w.jpg,200,277,portrait,22820,RGB
166296_200w.jpg,200,280,portrait,21794,RGB
166411_200w.jpg,200,279,portrait,20721,RGB
166412_200w.jpg,200,279,portrait,18129,RGB
166464_200w.jpg,200,279,portrait,18959,RGB
166498_200w.jpg,200,279,portrait,21325,RGB
166499_200w.jpg,200,278,portrait,23063,RGB
166500_200w.jpg,200,280,portrait,27487,RGB
166501_200w.jpg,200,280,portrait,27572,RGB
166502_200w.jpg,200,280,portrait,27557,RGB
166503_200w.jpg,200,280,portrait,27516,RGB
166530_200w.jpg,200,278,portrait,25142,RGB
166531_200w.jpg,200,284,portrait,28579,RGB
166532_200w.jpg,200,281,portrait,28268,RGB
166533_200w.jpg,200,280,portrait,29802,RGB
166670_200w.jpg,200,279,portrait,20437,RGB
166678_200w.jpg,200,278,portrait,24183,RGB
167077_200w.jpg,200,278,portrait,24374,RGB
167078_200w.jpg,200,281,portrait,26087,RGB
167079_200w.jpg,200,277,portrait,29022,RGB
167080_200w.jpg,200,279,portrait,24779,RGB
167081_200w.jpg,200,276,portrait,21629,RGB
167129_200w.jpg,200,281,portrait,19459,RGB
167222_200w.jpg,200,280,portrait,21213,RGB
167223_200w.jpg,200,279,portrait,25610,RGB
167793_200w.jpg,200,279,portrait,19676,RGB
167796_200w.jpg,200,281,portrait,23175,RGB
168030_200w.jpg,200,279,portrait,20079,RGB
168088_200w.jpg,200,279,portrait,26929,RGB
168093_200w.jpg,200,279,portrait,23640,RGB
168146_200w.jpg,200,278,portrait,18147,RGB
168174_200w.jpg,200,280,portrait,13233,RGB
168175_200w.jpg,200,278,portrait,13300,RGB
168176_200w.jpg,200,279,portrait,13453,RGB
168178_200w.jpg,200,279,portrait,13387,RGB
168179_200w.jpg,200,280,portrait,13312,RGB
168187_200w.jpg,200,277,portrait,13582,RGB
168189_200w.jpg,200,278,portrait,13468,RGB
168190_200w.jpg,200,279,portrait,13242,RGB
168191_200w.jpg,200,277,portrait,13332,RGB
168192_200w.jpg,200,279,portrait,13376,RGB
168194_200w.jpg,200,278,portrait,13309,RGB
168196_200w.jpg,200,279,portrait,13327,RGB
168198_200w.jpg,200,278,portrait,19094,RGB
168201_200w.jpg,200,280,portrait,20429,RGB
168205_200w.jpg,200,279,portrait,18966,RGB
168206_200w.jpg,200,279,portrait,20740,RGB
168208_200w.jpg,200,279,portrait,19517,RGB
168209_200w.jpg,200,279,portrait,19089,RGB
168210_200w.jpg,200,280,portrait,18849,RGB
168211_200w.jpg,200,279,portrait,24512,RGB
168212_200w.jpg,200,279,portrait,22523,RGB
168213_200w.jpg,200,278,portrait,21969,RGB
168214_200w.jpg,200,279,portrait,20504,RGB
168215_200w.jpg,200,278,portrait,15774,RGB
168216_200w.jpg,200,279,portrait,15729,RGB
168217_200w.jpg,200,280,portrait,15817,RGB
168218_200w.jpg,200,279,portrait,15660,RGB
168219_200w.jpg,200,278,portrait,18376,RGB
168220_200w.jpg,200,278,portrait,18291,RGB
168221_200w.jpg,200,282,portrait,19004,RGB
168222_200w.jpg,200,278,portrait,18571,RGB
168223_200w.jpg,200,281,portrait,21784,RGB
168224_200w.jpg,200,280,portrait,15784,RGB
168225_200w.jpg,200,278,portrait,14079,RGB
168226_200w.jpg,200,279,portrait,14259,RGB
168227_200w.jpg,200,280,portrait,14130,RGB
168228_200w.jpg,200,279,portrait,13830,RGB
168229_200w.jpg,200,279,portrait,14083,RGB
168230_200w.jpg,200,280,portrait,13925,RGB
168231_200w.jpg,200,278,portrait,13971,RGB
168232_200w.jpg,200,281,portrait,14126,RGB
168233_200w.jpg,200,279,portrait,14090,RGB
168234_200w.jpg,200,278,portrait,14044,RGB
168236_200w.jpg,200,279,portrait,14035,RGB
168237_200w.jpg,200,278,portrait,13936,RGB
168238_200w.jpg,200,280,portrait,19200,RGB
168239_200w.jpg,200,282,portrait,19550,RGB
168240_200w.jpg,200,280,portrait,17326,RGB
168241_200w.jpg,200,280,portrait,18808,RGB
168242_200w.jpg,200,280,portrait,22028,RGB
168243_200w.jpg,200,280,portrait,15696,RGB
168244_200w.jpg,200,281,portrait,17939,RGB
168245_200w.jpg,200,279,portrait,22746,RGB
168246_200w.jpg,200,277,portrait,21908,RGB
168247_200w.jpg,200,278,portrait,20531,RGB
168248_200w.jpg,200,279,portrait,21543,RGB
168249_200w.jpg,200,277,portrait,21420,RGB
168250_200w.jpg,200,279,portrait,16711,RGB
168251_200w.jpg,200,278,portrait,21954,RGB
168252_200w.jpg,200,274,portrait,19838,RGB
168356_200w.jpg,200,282,portrait,27773,RGB
168357_200w.jpg,200,273,portrait,24141,RGB
168358_200w.jpg,200,278,portrait,21127,RGB
168539_200w.jpg,200,282,portrait,23425,RGB
168540_200w.jpg,200,280,portrait,22145,RGB
168542_200w.jpg,200,282,portrait,18381,RGB
168543_200w.jpg,200,279,portrait,20229,RGB
169142_200w.jpg,200,280,portrait,25451,RGB
169143_200w.jpg,200,280,portrait,19878,RGB
169144_200w.jpg,200,280,portrait,19948,RGB
169669_200w.jpg,200,279,portrait,22624,RGB
169670_200w.jpg,200,280,portrait,22713,RGB
169759_200w.jpg,200,279,portrait,22370,RGB
169761_200w.jpg,200,279,portrait,22211,RGB
169797_200w.jpg,200,279,portrait,21904,RGB
169938_200w.jpg,200,279,portrait,29630,RGB
169940_200w.jpg,200,279,portrait,29286,RGB
169944_200w.jpg,200,280,portrait,31472,RGB
169945_200w.jpg,200,279,portrait,30257,RGB
169946_200w.jpg,200,279,portrait,31656,RGB
169947_200w.jpg,200,281,portrait,34661,RGB
169948_200w.jpg,200,280,portrait,33515,RGB
169949_200w.jpg,200,279,portrait,30931,RGB
169950_200w.jpg,200,280,portrait,29814,RGB
169951_200w.jpg,200,279,portrait,32347,RGB
169954_200w.jpg,200,279,portrait,31658,RGB
169955_200w.jpg,200,274,portrait,32233,RGB
170032_200w.jpg,200,279,portrait,29334,RGB
170033_200w.jpg,200,279,portrait,27916,RGB
170121_200w.jpg,200,280,portrait,23335,RGB
170337_200w.jpg,200,278,portrait,22355,RGB
170338_200w.jpg,200,278,portrait,22246,RGB
170339_200w.jpg,200,278,portrait,23033,RGB
170340_200w.jpg,200,280,portrait,22762,RGB
170341_200w.jpg,200,280,portrait,22482,RGB
170346_200w.jpg,200,282,portrait,21623,RGB
170347_200w.jpg,200,281,portrait,21095,RGB
170806_200w.jpg,200,279,portrait,20451,RGB
170807_200w.jpg,200,279,portrait,21876,RGB
170808_200w.jpg,200,279,portrait,23486,RGB
170810_200w.jpg,200,279,portrait,23774,RGB
170811_200w.jpg,200,279,portrait,20942,RGB
170812_200w.jpg,200,279,portrait,23834,RGB
170813_200w.jpg,200,279,portrait,19737,RGB
170816_200w.jpg,200,279,portrait,20278,RGB
170817_200w.jpg,200,279,portrait,21162,RGB
170818_200w.jpg,200,279,portrait,22301,RGB
170819_200w.jpg,200,279,portrait,19418,RGB
170820_200w.jpg,200,279,portrait,19489,RGB
170821_200w.jpg,200,279,portrait,21390,RGB
170822_200w.jpg,200,279,portrait,29351,RGB
170823_200w.jpg,200,279,portrait,27481,RGB
170824_200w.jpg,200,279,portrait,25552,RGB
170825_200w.jpg,200,279,portrait,18914,RGB
170826_200w.jpg,200,279,portrait,24906,RGB
170827_200w.jpg,200,279,portrait,20580,RGB
170828_200w.jpg,200,279,portrait,19213,RGB
170829_200w.jpg,200,279,portrait,20120,RGB
170830_200w.jpg,200,279,portrait,22200,RGB
170831_200w.jpg,200,279,portrait,22230,RGB
170832_200w.jpg,200,279,portrait,25848,RGB
170833_200w.jpg,200,280,portrait,23900,RGB
170834_200w.jpg,200,279,portrait,20891,RGB
170837_200w.jpg,200,279,portrait,21613,RGB
170838_200w.jpg,200,279,portrait,21144,RGB
170839_200w.jpg,200,279,portrait,21043,RGB
170840_200w.jpg,200,279,portrait,22099,RGB
170841_200w.jpg,200,279,portrait,30146,RGB
170842_200w.jpg,200,279,portrait,27586,RGB
170843_200w.jpg,200,279,portrait,24451,RGB
170844_200w.jpg,200,279,portrait,22170,RGB
170845_200w.jpg,200,279,portrait,23319,RGB
170846_200w.jpg,200,279,portrait,28212,RGB
170847_200w.jpg,200,279,portrait,24907,RGB
170848_200w.jpg,200,279,portrait,24026,RGB
170849_200w.jpg,200,279,portrait,23201,RGB
170850_200w.jpg,200,279,portrait,22787,RGB
170851_200w.jpg,200,279,portrait,22691,RGB
170852_200w.jpg,200,279,portrait,23691,RGB
170853_200w.jpg,200,279,portrait,19083,RGB
170854_200w.jpg,200,279,portrait,20772,RGB
170855_200w.jpg,200,279,portrait,22125,RGB
170856_200w.jpg,200,279,portrait,21981,RGB
170857_200w.jpg,200,279,portrait,21705,RGB
170858_200w.jpg,200,279,portrait,22573,RGB
170859_200w.jpg,200,279,portrait,24768,RGB
170860_200w.jpg,200,279,portrait,20890,RGB
170861_200w.jpg,200,279,portrait,22323,RGB
170862_200w.jpg,200,279,portrait,22936,RGB
170863_200w.jpg,200,279,portrait,26709,RGB
170864_200w.jpg,200,279,portrait,20534,RGB
170865_200w.jpg,200,279,portrait,29287,RGB
170866_200w.jpg,200,279,portrait,26735,RGB
170867_200w.jpg,200,279,portrait,23681,RGB
170868_200w.jpg,200,279,portrait,22954,RGB
170869_200w.jpg,200,279,portrait,24538,RGB
170870_200w.jpg,200,279,portrait,17597,RGB
170871_200w.jpg,200,279,portrait,25044,RGB
170872_200w.jpg,200,279,portrait,23872,RGB
170873_200w.jpg,200,279,portrait,20251,RGB
170874_200w.jpg,200,279,portrait,22796,RGB
170875_200w.jpg,200,279,portrait,27051,RGB
170876_200w.jpg,200,279,portrait,26632,RGB
170877_200w.jpg,200,279,portrait,25531,RGB
170878_200w.jpg,200,279,portrait,19214,RGB
170879_200w.jpg,200,279,portrait,20838,RGB
170880_200w.jpg,200,279,portrait,17916,RGB
170881_200w.jpg,200,279,portrait,20112,RGB
170882_200w.jpg,200,279,portrait,20263,RGB
170883_200w.jpg,200,279,portrait,22452,RGB
170884_200w.jpg,200,279,portrait,19180,RGB
170885_200w.jpg,200,279,portrait,19273,RGB
170886_200w.jpg,200,279,portrait,22496,RGB
170887_200w.jpg,200,279,portrait,27912,RGB
170888_200w.jpg,200,279,portrait,26222,RGB
170889_200w.jpg,200,279,portrait,21973,RGB
170890_200w.jpg,200,279,portrait,21249,RGB
170891_200w.jpg,200,279,portrait,20470,RGB
170892_200w.jpg,200,279,portrait,22406,RGB
170893_200w.jpg,200,279,portrait,22119,RGB
170894_200w.jpg,200,279,portrait,21076,RGB
170895_200w.jpg,200,279,portrait,23890,RGB
170896_200w.jpg,200,279,portrait,22197,RGB
170897_200w.jpg,200,279,portrait,23430,RGB
170898_200w.jpg,200,279,portrait,23428,RGB
170899_200w.jpg,200,279,portrait,23074,RGB
170900_200w.jpg,200,279,portrait,21108,RGB
170901_200w.jpg,200,279,portrait,22473,RGB
170902_200w.jpg,200,279,portrait,21572,RGB
170903_200w.jpg,200,279,portrait,26712,RGB
170904_200w.jpg,200,279,portrait,27880,RGB
170905_200w.jpg,200,279,portrait,23690,RGB
170906_200w.jpg,200,279,portrait,25707,RGB
170907_200w.jpg,200,279,portrait,26694,RGB
170908_200w.jpg,200,279,portrait,23893,RGB
170909_200w.jpg,200,279,portrait,24652,RGB
170910_200w.jpg,200,279,portrait,25960,RGB
170911_200w.jpg,200,279,portrait,23396,RGB
170912_200w.jpg,200,279,portrait,29629,RGB
170913_200w.jpg,200,279,portrait,28093,RGB
170914_200w.jpg,200,279,portrait,27280,RGB
170915_200w.jpg,200,279,portrait,26147,RGB
170916_200w.jpg,200,279,portrait,24201,RGB
170917_200w.jpg,200,279,portrait,23129,RGB
170918_200w.jpg,200,279,portrait,20469,RGB
170919_200w.jpg,200,279,portrait,22173,RGB
170920_200w.jpg,200,279,portrait,25126,RGB
170921_200w.jpg,200,279,portrait,23358,RGB
170922_200w.jpg,200,279,portrait,25470,RGB
170923_200w.jpg,200,279,portrait,26060,RGB
170924_200w.jpg,200,279,portrait,24172,RGB
170925_200w.jpg,200,279,portrait,24619,RGB
170926_200w.jpg,200,279,portrait,23637,RGB
170927_200w.jpg,200,279,portrait,28691,RGB
170928_200w.jpg,200,279,portrait,25800,RGB
170929_200w.jpg,200,279,portrait,26180,RGB
170930_200w.jpg,200,279,portrait,21256,RGB
170931_200w.jpg,200,279,portrait,20779,RGB
170932_200w.jpg,200,279,portrait,18936,RGB
170933_200w.jpg,200,279,portrait,22062,RGB
170934_200w.jpg,200,279,portrait,23943,RGB
170935_200w.jpg,200,279,portrait,23836,RGB
170936_200w.jpg,200,279,portrait,28805,RGB
170937_200w.jpg,200,279,portrait,28008,RGB
170938_200w.jpg,200,279,portrait,25643,RGB
170939_200w.jpg,200,279,portrait,19677,RGB
170940_200w.jpg,200,279,portrait,16239,RGB
170941_200w.jpg,200,279,portrait,22198,RGB
170942_200w.jpg,200,279,portrait,20163,RGB
170943_200w.jpg,200,279,portrait,21348,RGB
170944_200w.jpg,200,279,portrait,21736,RGB
170974_200w.jpg,200,279,portrait,21659,RGB
170975_200w.jpg,200,279,portrait,19411,RGB
170976_200w.jpg,200,279,portrait,20138,RGB
170977_200w.jpg,200,279,portrait,23328,RGB
170978_200w.jpg,200,279,portrait,18621,RGB
170980_200w.jpg,200,279,portrait,21726,RGB
170983_200w.jpg,200,279,portrait,24139,RGB
170984_200w.jpg,200,279,portrait,20675,RGB
170985_200w.jpg,200,279,portrait,19466,RGB
170986_200w.jpg,200,279,portrait,19812,RGB
170987_200w.jpg,200,279,portrait,18426,RGB
170988_200w.jpg,200,279,portrait,20050,RGB
170989_200w.jpg,200,279,portrait,20592,RGB
170990_200w.jpg,200,279,portrait,18778,RGB
170991_200w.jpg,200,279,portrait,19805,RGB
170992_200w.jpg,200,279,portrait,16996,RGB
170993_200w.jpg,200,279,portrait,17654,RGB
170994_200w.jpg,200,279,portrait,21201,RGB
170995_200w.jpg,200,279,portrait,23452,RGB
170996_200w.jpg,200,279,portrait,19002,RGB
170997_200w.jpg,200,279,portrait,16554,RGB
170998_200w.jpg,200,279,portrait,19967,RGB
170999_200w.jpg,200,279,portrait,17202,RGB
171000_200w.jpg,200,279,portrait,19259,RGB
171001_200w.jpg,200,279,portrait,22270,RGB
171002_200w.jpg,200,279,portrait,20112,RGB
171003_200w.jpg,200,279,portrait,19099,RGB
171004_200w.jpg,200,279,portrait,19487,RGB
171005_200w.jpg,200,279,portrait,17074,RGB
171006_200w.jpg,200,279,portrait,21302,RGB
171007_200w.jpg,200,279,portrait,18707,RGB
171008_200w.jpg,200,279,portrait,18616,RGB
171009_200w.jpg,200,279,portrait,19243,RGB
171010_200w.jpg,200,279,portrait,20830,RGB
171011_200w.jpg,200,279,portrait,20303,RGB
171012_200w.jpg,200,279,portrait,20313,RGB
171013_200w.jpg,200,279,portrait,26545,RGB
171014_200w.jpg,200,279,portrait,27721,RGB
171015_200w.jpg,200,279,portrait,28194,RGB
171016_200w.jpg,200,279,portrait,25192,RGB
171017_200w.jpg,200,279,portrait,21334,RGB
171018_200w.jpg,200,279,portrait,25938,RGB
171019_200w.jpg,200,279,portrait,24609,RGB
171020_200w.jpg,200,279,portrait,24796,RGB
171021_200w.jpg,200,279,portrait,25307,RGB
171022_200w.jpg,200,279,portrait,25217,RGB
171023_200w.jpg,200,279,portrait,21400,RGB
171024_200w.jpg,200,279,portrait,23985,RGB
171025_200w.jpg,200,279,portrait,24746,RGB
171026_200w.jpg,200,279,portrait,22961,RGB
171033_200w.jpg,200,283,portrait,22620,RGB
172930_200w.jpg,200,279,portrait,26041,RGB
172931_200w.jpg,200,278,portrait,25556,RGB
172932_200w.jpg,200,279,portrait,26652,RGB
172933_200w.jpg,200,279,portrait,25736,RGB
172934_200w.jpg,200,282,portrait,22549,RGB
172935_200w.jpg,200,279,portrait,25377,RGB
172936_200w.jpg,200,280,portrait,25477,RGB
172937_200w.jpg,200,279,portrait,23543,RGB
173064_200w.jpg,200,279,portrait,19774,RGB
173081_200w.jpg,200,280,portrait,27500,RGB
173082_200w.jpg,200,280,portrait,31432,RGB
173088_200w.jpg,200,278,portrait,25031,RGB
173089_200w.jpg,200,280,portrait,24110,RGB
173090_200w.jpg,200,282,portrait,21248,RGB
173091_200w.jpg,200,282,portrait,21248,RGB
173092_200w.jpg,200,280,portrait,24059,RGB
173093_200w.jpg,200,280,portrait,21265,RGB
173094_200w.jpg,200,279,portrait,23450,RGB
173095_200w.jpg,200,281,portrait,20493,RGB
173096_200w.jpg,200,279,portrait,21732,RGB
173098_200w.jpg,200,280,portrait,26130,RGB
173099_200w.jpg,200,279,portrait,26337,RGB
173100_200w.jpg,200,279,portrait,23487,RGB
173101_200w.jpg,200,279,portrait,19211,RGB
173102_200w.jpg,200,279,portrait,22052,RGB
173103_200w.jpg,200,278,portrait,21807,RGB
173104_200w.jpg,200,279,portrait,21150,RGB
173105_200w.jpg,200,279,portrait,23816,RGB
173106_200w.jpg,200,279,portrait,21490,RGB
173107_200w.jpg,200,279,portrait,20431,RGB
173108_200w.jpg,200,279,portrait,23297,RGB
173109_200w.jpg,200,279,portrait,21929,RGB
173111_200w.jpg,200,279,portrait,22350,RGB
173112_200w.jpg,200,279,portrait,23528,RGB
173114_200w.jpg,200,277,portrait,24869,RGB
173115_200w.jpg,200,279,portrait,26209,RGB
173116_200w.jpg,200,279,portrait,22026,RGB
173255_200w.jpg,200,279,portrait,22997,RGB
173381_200w.jpg,200,278,portrait,21893,RGB
173382_200w.jpg,200,279,portrait,22702,RGB
173383_200w.jpg,200,279,portrait,16010,RGB
173384_200w.jpg,200,277,portrait,25441,RGB
173399_200w.jpg,200,279,portrait,23245,RGB
173641_200w.jpg,200,278,portrait,22011,RGB
173642_200w.jpg,200,278,portrait,21840,RGB
174062_200w.jpg,200,279,portrait,22085,RGB
174129_200w.jpg,200,282,portrait,23482,RGB
174430_200w.jpg,200,280,portrait,25398,RGB
174486_200w.jpg,200,277,portrait,17884,RGB
174487_200w.jpg,200,280,portrait,22563,RGB
174488_200w.jpg,200,281,portrait,22292,RGB
174489_200w.jpg,200,279,portrait,25054,RGB
174490_200w.jpg,200,278,portrait,24882,RGB
174491_200w.jpg,200,280,portrait,27850,RGB
174492_200w.jpg,200,281,portrait,24225,RGB
174493_200w.jpg,200,279,portrait,24750,RGB
174494_200w.jpg,200,281,portrait,23753,RGB
174495_200w.jpg,200,280,portrait,28747,RGB
174502_200w.jpg,200,290,portrait,22305,RGB
174503_200w.jpg,200,278,portrait,20857,RGB
174504_200w.jpg,200,276,portrait,21559,RGB
174505_200w.jpg,200,280,portrait,20586,RGB
174506_200w.jpg,200,278,portrait,20558,RGB
174507_200w.jpg,200,278,portrait,21479,RGB
174508_200w.jpg,200,278,portrait,21498,RGB
175064_200w.jpg,200,279,portrait,23657,RGB
175169_200w.jpg,200,280,portrait,24666,RGB
175263_200w.jpg,200,279,portrait,22578,RGB
175269_200w.jpg,200,279,portrait,23662,RGB
175270_200w.jpg,200,279,portrait,23568,RGB
175271_200w.jpg,200,279,portrait,23170,RGB
175272_200w.jpg,200,279,portrait,20433,RGB
175273_200w.jpg,200,279,portrait,22226,RGB
175274_200w.jpg,200,279,portrait,24506,RGB
175275_200w.jpg,200,279,portrait,24550,RGB
175276_200w.jpg,200,279,portrait,20053,RGB
175277_200w.jpg,200,279,portrait,23913,RGB
175279_200w.jpg,200,279,portrait,25436,RGB
175312_200w.jpg,200,279,portrait,22012,RGB
175347_200w.jpg,200,279,portrait,29185,RGB
175348_200w.jpg,200,279,portrait,21119,RGB
175365_200w.jpg,200,279,portrait,21684,RGB
175366_200w.jpg,200,279,portrait,23356,RGB
175369_200w.jpg,200,279,portrait,24473,RGB
175371_200w.jpg,200,279,portrait,22450,RGB
175379_200w.jpg,200,279,portrait,22559,RGB
175380_200w.jpg,200,279,portrait,30049,RGB
175381_200w.jpg,200,279,portrait,20557,RGB
175382_200w.jpg,200,279,portrait,25100,RGB
175383_200w.jpg,200,279,portrait,22756,RGB
175384_200w.jpg,200,279,portrait,21857,RGB
175386_200w.jpg,200,279,portrait,24217,RGB
175387_200w.jpg,200,279,portrait,22180,RGB
175392_200w.jpg,200,279,portrait,23912,RGB
175400_200w.jpg,200,279,portrait,24174,RGB
175403_200w.jpg,200,279,portrait,21490,RGB
175412_200w.jpg,200,279,portrait,25193,RGB
175416_200w.jpg,200,279,portrait,24169,RGB
175417_200w.jpg,200,279,portrait,21344,RGB
175431_200w.jpg,200,279,portrait,27150,RGB
175438_200w.jpg,200,279,portrait,20276,RGB
175439_200w.jpg,200,279,portrait,21211,RGB
175441_200w.jpg,200,279,portrait,23573,RGB
175450_200w.jpg,200,279,portrait,25043,RGB
175451_200w.jpg,200,279,portrait,21949,RGB
175456_200w.jpg,200,279,portrait,23255,RGB
175467_200w.jpg,200,279,portrait,28068,RGB
175468_200w.jpg,200,279,portrait,21637,RGB
175469_200w.jpg,200,279,portrait,20869,RGB
175472_200w.jpg,200,279,portrait,28481,RGB
175473_200w.jpg,200,279,portrait,23473,RGB
175476_200w.jpg,200,279,portrait,24799,RGB
175477_200w.jpg,200,279,portrait,25857,RGB
175478_200w.jpg,200,279,portrait,29784,RGB
175479_200w.jpg,200,279,portrait,22803,RGB
175480_200w.jpg,200,279,portrait,20615,RGB
175482_200w.jpg,200,279,portrait,20385,RGB
175483_200w.jpg,200,279,portrait,23936,RGB
175484_200w.jpg,200,279,portrait,25428,RGB
175485_200w.jpg,200,279,portrait,20184,RGB
175487_200w.jpg,200,279,portrait,21238,RGB
175488_200w.jpg,200,279,portrait,18939,RGB
175489_200w.jpg,200,279,portrait,19465,RGB
175491_200w.jpg,200,279,portrait,24078,RGB
175492_200w.jpg,200,279,portrait,19958,RGB
175493_200w.jpg,200,279,portrait,19818,RGB
175494_200w.jpg,200,279,portrait,19271,RGB
175497_200w.jpg,200,279,portrait,25017,RGB
175498_200w.jpg,200,279,portrait,26145,RGB
175499_200w.jpg,200,279,portrait,20652,RGB
175500_200w.jpg,200,279,portrait,24440,RGB
175501_200w.jpg,200,279,portrait,26787,RGB
175502_200w.jpg,200,279,portrait,25272,RGB
175503_200w.jpg,200,279,portrait,24930,RGB
175504_200w.jpg,200,279,portrait,27180,RGB
175505_200w.jpg,200,279,portrait,24057,RGB
175506_200w.jpg,200,279,portrait,25415,RGB
175507_200w.jpg,200,279,portrait,22722,RGB
175508_200w.jpg,200,279,portrait,27569,RGB
175564_200w.jpg,200,279,portrait,23414,RGB
176626_200w.jpg,200,278,portrait,15251,RGB
176627_200w.jpg,200,280,portrait,17311,RGB
176628_200w.jpg,200,278,portrait,13143,RGB
176629_200w.jpg,200,280,portrait,22066,RGB
176630_200w.jpg,200,276,portrait,22545,RGB
176631_200w.jpg,200,282,portrait,18127,RGB
176632_200w.jpg,200,279,portrait,26693,RGB
176633_200w.jpg,200,280,portrait,25474,RGB
176634_200w.jpg,200,280,portrait,19725,RGB
176636_200w.jpg,200,279,portrait,15471,RGB
176637_200w.jpg,200,281,portrait,13724,RGB
176638_200w.jpg,200,278,portrait,25346,RGB
176639_200w.jpg,200,280,portrait,21989,RGB
176944_200w.jpg,200,279,portrait,29334,RGB
177110_200w.jpg,200,279,portrait,28381,RGB
177111_200w.jpg,200,279,portrait,28911,RGB
177112_200w.jpg,200,279,portrait,27466,RGB
177113_200w.jpg,200,277,portrait,28664,RGB
177120_200w.jpg,200,281,portrait,23439,RGB
177121_200w.jpg,200,280,portrait,21976,RGB
177122_200w.jpg,200,279,portrait,24493,RGB
177123_200w.jpg,200,278,portrait,25092,RGB
177124_200w.jpg,200,278,portrait,24958,RGB
177125_200w.jpg,200,282,portrait,23920,RGB
177126_200w.jpg,200,278,portrait,23873,RGB
177127_200w.jpg,200,278,portrait,21973,RGB
177128_200w.jpg,200,279,portrait,23999,RGB
177129_200w.jpg,200,278,portrait,28792,RGB
177130_200w.jpg,200,282,portrait,24943,RGB
177131_200w.jpg,200,278,portrait,26855,RGB
177162_200w.jpg,200,279,portrait,22406,RGB
177163_200w.jpg,200,279,portrait,25481,RGB
177164_200w.jpg,200,279,portrait,21712,RGB
177165_200w.jpg,200,279,portrait,20435,RGB
177166_200w.jpg,200,279,portrait,22035,RGB
177167_200w.jpg,200,281,portrait,23081,RGB
177707_200w.jpg,200,279,portrait,21931,RGB
177708_200w.jpg,200,279,portrait,22975,RGB
177709_200w.jpg,200,276,portrait,31215,RGB
177710_200w.jpg,200,279,portrait,28149,RGB
177866_200w.jpg,200,280,portrait,23092,RGB
177900_200w.jpg,200,279,portrait,29896,RGB
177901_200w.jpg,200,282,portrait,32040,RGB
177903_200w.jpg,200,279,portrait,26070,RGB
178007_200w.jpg,200,280,portrait,22275,RGB
178008_200w.jpg,200,280,portrait,24895,RGB
178009_200w.jpg,200,278,portrait,21918,RGB
178010_200w.jpg,200,279,portrait,22050,RGB
178011_200w.jpg,200,278,portrait,22037,RGB
178489_200w.jpg,200,284,portrait,16321,RGB
178490_200w.jpg,200,279,portrait,15341,RGB
178491_200w.jpg,200,272,portrait,14435,RGB
178492_200w.jpg,200,279,portrait,13012,RGB
178493_200w.jpg,200,279,portrait,14744,RGB
178692_200w.jpg,200,279,portrait,23963,RGB
178693_200w.jpg,200,279,portrait,24008,RGB
178755_200w.jpg,200,272,portrait,24250,RGB
178761_200w.jpg,200,280,portrait,22653,RGB
178762_200w.jpg,200,281,portrait,21396,RGB
178793_200w.jpg,200,279,portrait,22845,RGB
178794_200w.jpg,200,279,portrait,21960,RGB
178795_200w.jpg,200,279,portrait,24328,RGB
178796_200w.jpg,200,279,portrait,24124,RGB
178797_200w.jpg,200,279,portrait,22209,RGB
178798_200w.jpg,200,279,portrait,21103,RGB
178799_200w.jpg,200,279,portrait,20129,RGB
178800_200w.jpg,200,279,portrait,20388,RGB
178801_200w.jpg,200,279,portrait,20352,RGB
178802_200w.jpg,200,279,portrait,19785,RGB
178803_200w.jpg,200,279,portrait,18792,RGB
178804_200w.jpg,200,279,portrait,21110,RGB
178805_200w.jpg,200,279,portrait,25403,RGB
178806_200w.jpg,200,279,portrait,21713,RGB
178807_200w.jpg,200,279,portrait,20596,RGB
178808_200w.jpg,200,279,portrait,18199,RGB
178809_200w.jpg,200,279,portrait,19980,RGB
178810_200w.jpg,200,279,portrait,21850,RGB
178811_200w.jpg,200,279,portrait,20260,RGB
178812_200w.jpg,200,279,portrait,20470,RGB
178813_200w.jpg,200,279,portrait,23847,RGB
178814_200w.jpg,200,279,portrait,27194,RGB
178815_200w.jpg,200,279,portrait,23369,RGB
178816_200w.jpg,200,279,portrait,22339,RGB
178817_200w.jpg,200,279,portrait,20256,RGB
178818_200w.jpg,200,279,portrait,25093,RGB
178819_200w.jpg,200,279,portrait,20338,RGB
178820_200w.jpg,200,279,portrait,22688,RGB
178821_200w.jpg,200,279,portrait,26388,RGB
178822_200w.jpg,200,279,portrait,26449,RGB
178823_200w.jpg,200,279,portrait,25353,RGB
178824_200w.jpg,200,279,portrait,19015,RGB
178825_200w.jpg,200,279,portrait,19327,RGB
178826_200w.jpg,200,279,portrait,21673,RGB
178827_200w.jpg,200,279,portrait,24121,RGB
178828_200w.jpg,200,279,portrait,19118,RGB
178829_200w.jpg,200,279,portrait,23438,RGB
178830_200w.jpg,200,279,portrait,18707,RGB
178831_200w.jpg,200,279,portrait,21770,RGB
178832_200w.jpg,200,279,portrait,22427,RGB
178833_200w.jpg,200,279,portrait,22515,RGB
178834_200w.jpg,200,279,portrait,21102,RGB
178835_200w.jpg,200,279,portrait,26112,RGB
178836_200w.jpg,200,279,portrait,24465,RGB
178837_200w.jpg,200,279,portrait,23104,RGB
178838_200w.jpg,200,279,portrait,18508,RGB
178839_200w.jpg,200,279,portrait,22332,RGB
178840_200w.jpg,200,279,portrait,22796,RGB
178842_200w.jpg,200,279,portrait,21503,RGB
178843_200w.jpg,200,279,portrait,20584,RGB
178844_200w.jpg,200,279,portrait,20652,RGB
178845_200w.jpg,200,279,portrait,24388,RGB
178846_200w.jpg,200,279,portrait,20318,RGB
178847_200w.jpg,200,279,portrait,28812,RGB
178849_200w.jpg,200,279,portrait,26388,RGB
178850_200w.jpg,200,279,portrait,19161,RGB
178851_200w.jpg,200,279,portrait,22906,RGB
178852_200w.jpg,200,279,portrait,24368,RGB
178853_200w.jpg,200,279,portrait,23905,RGB
178854_200w.jpg,200,279,portrait,20497,RGB
178855_200w.jpg,200,279,portrait,23639,RGB
178856_200w.jpg,200,279,portrait,21631,RGB
178857_200w.jpg,200,279,portrait,29170,RGB
178858_200w.jpg,200,279,portrait,28812,RGB
178859_200w.jpg,200,279,portrait,26481,RGB
178860_200w.jpg,200,279,portrait,21217,RGB
178861_200w.jpg,200,279,portrait,22441,RGB
178862_200w.jpg,200,279,portrait,23843,RGB
178863_200w.jpg,200,279,portrait,23248,RGB
178864_200w.jpg,200,279,portrait,22510,RGB
178865_200w.jpg,200,279,portrait,24401,RGB
178866_200w.jpg,200,279,portrait,24799,RGB
178867_200w.jpg,200,279,portrait,30458,RGB
178868_200w.jpg,200,279,portrait,28425,RGB
178869_200w.jpg,200,279,portrait,26981,RGB
178870_200w.jpg,200,279,portrait,23006,RGB
178871_200w.jpg,200,279,portrait,21934,RGB
178872_200w.jpg,200,279,portrait,25186,RGB
178873_200w.jpg,200,279,portrait,21499,RGB
178874_200w.jpg,200,279,portrait,22385,RGB
178875_200w.jpg,200,279,portrait,19844,RGB
178876_200w.jpg,200,279,portrait,24323,RGB
178877_200w.jpg,200,279,portrait,19184,RGB
178878_200w.jpg,200,279,portrait,23627,RGB
178879_200w.jpg,200,279,portrait,24649,RGB
178880_200w.jpg,200,279,portrait,20920,RGB
178881_200w.jpg,200,279,portrait,25755,RGB
178882_200w.jpg,200,279,portrait,21850,RGB
178883_200w.jpg,200,279,portrait,21628,RGB
178884_200w.jpg,200,279,portrait,20832,RGB
178885_200w.jpg,200,279,portrait,18818,RGB
178886_200w.jpg,200,279,portrait,17681,RGB
178887_200w.jpg,200,279,portrait,24585,RGB
178888_200w.jpg,200,279,portrait,21263,RGB
178889_200w.jpg,200,279,portrait,23243,RGB
178890_200w.jpg,200,279,portrait,17072,RGB
178891_200w.jpg,200,279,portrait,21513,RGB
178892_200w.jpg,200,279,portrait,22108,RGB
178893_200w.jpg,200,279,portrait,22421,RGB
178894_200w.jpg,200,279,portrait,22465,RGB
178895_200w.jpg,200,279,portrait,30316,RGB
178896_200w.jpg,200,279,portrait,31408,RGB
178898_200w.jpg,200,279,portrait,21177,RGB
178899_200w.jpg,200,279,portrait,18748,RGB
178900_200w.jpg,200,279,portrait,20235,RGB
178901_200w.jpg,200,279,portrait,22838,RGB
178902_200w.jpg,200,279,portrait,21008,RGB
178903_200w.jpg,200,279,portrait,21437,RGB
178904_200w.jpg,200,279,portrait,21615,RGB
178905_200w.jpg,200,279,portrait,21121,RGB
178906_200w.jpg,200,279,portrait,21950,RGB
178907_200w.jpg,200,279,portrait,19798,RGB
178908_200w.jpg,200,279,portrait,24197,RGB
178909_200w.jpg,200,279,portrait,28871,RGB
178910_200w.jpg,200,279,portrait,27726,RGB
178911_200w.jpg,200,279,portrait,27043,RGB
178912_200w.jpg,200,279,portrait,19669,RGB
178913_200w.jpg,200,279,portrait,23163,RGB
178914_200w.jpg,200,279,portrait,17114,RGB
178915_200w.jpg,200,279,portrait,17785,RGB
178916_200w.jpg,200,279,portrait,23304,RGB
178917_200w.jpg,200,279,portrait,22121,RGB
178918_200w.jpg,200,279,portrait,21325,RGB
178919_200w.jpg,200,279,portrait,21372,RGB
178920_200w.jpg,200,279,portrait,20712,RGB
178921_200w.jpg,200,279,portrait,23689,RGB
178922_200w.jpg,200,279,portrait,22866,RGB
178923_200w.jpg,200,279,portrait,23330,RGB
178924_200w.jpg,200,279,portrait,19106,RGB
178925_200w.jpg,200,279,portrait,23758,RGB
178926_200w.jpg,200,279,portrait,23643,RGB
178927_200w.jpg,200,279,portrait,20558,RGB
178928_200w.jpg,200,279,portrait,19252,RGB
178929_200w.jpg,200,279,portrait,23603,RGB
178930_200w.jpg,200,279,portrait,25728,RGB
178931_200w.jpg,200,279,portrait,24367,RGB
178932_200w.jpg,200,279,portrait,24412,RGB
178933_200w.jpg,200,279,portrait,23608,RGB
178934_200w.jpg,200,279,portrait,28564,RGB
178935_200w.jpg,200,279,portrait,28421,RGB
178936_200w.jpg,200,279,portrait,26440,RGB
178937_200w.jpg,200,279,portrait,21274,RGB
178938_200w.jpg,200,279,portrait,22101,RGB
178939_200w.jpg,200,279,portrait,25783,RGB
178940_200w.jpg,200,279,portrait,23603,RGB
178941_200w.jpg,200,279,portrait,24501,RGB
178942_200w.jpg,200,279,portrait,24670,RGB
178943_200w.jpg,200,279,portrait,22704,RGB
178944_200w.jpg,200,279,portrait,22959,RGB
178945_200w.jpg,200,279,portrait,24806,RGB
178946_200w.jpg,200,279,portrait,24486,RGB
178947_200w.jpg,200,279,portrait,24176,RGB
178948_200w.jpg,200,279,portrait,24413,RGB
178949_200w.jpg,200,279,portrait,30332,RGB
178950_200w.jpg,200,279,portrait,30685,RGB
178951_200w.jpg,200,279,portrait,28891,RGB
178952_200w.jpg,200,279,portrait,20340,RGB
178953_200w.jpg,200,279,portrait,23321,RGB
178954_200w.jpg,200,279,portrait,21648,RGB
178955_200w.jpg,200,279,portrait,22990,RGB
178956_200w.jpg,200,279,portrait,22682,RGB
178957_200w.jpg,200,279,portrait,21037,RGB
178958_200w.jpg,200,279,portrait,21172,RGB
178959_200w.jpg,200,279,portrait,20471,RGB
178960_200w.jpg,200,279,portrait,22194,RGB
178961_200w.jpg,200,279,portrait,20911,RGB
178962_200w.jpg,200,279,portrait,20877,RGB
178963_200w.jpg,200,279,portrait,26033,RGB
178964_200w.jpg,200,279,portrait,20668,RGB
178965_200w.jpg,200,279,portrait,21993,RGB
178966_200w.jpg,200,279,portrait,19413,RGB
178967_200w.jpg,200,279,portrait,22520,RGB
178968_200w.jpg,200,279,portrait,28074,RGB
178969_200w.jpg,200,279,portrait,24220,RGB
178970_200w.jpg,200,279,portrait,22851,RGB
178971_200w.jpg,200,279,portrait,21299,RGB
178972_200w.jpg,200,279,portrait,24963,RGB
178973_200w.jpg,200,279,portrait,20496,RGB
178974_200w.jpg,200,279,portrait,22466,RGB
178975_200w.jpg,200,279,portrait,22498,RGB
178976_200w.jpg,200,279,portrait,18170,RGB
178977_200w.jpg,200,279,portrait,22069,RGB
178978_200w.jpg,200,279,portrait,21062,RGB
178979_200w.jpg,200,279,portrait,21849,RGB
178980_200w.jpg,200,279,portrait,28062,RGB
178981_200w.jpg,200,279,portrait,25677,RGB
178982_200w.jpg,200,279,portrait,24683,RGB
178983_200w.jpg,200,279,portrait,22904,RGB
178985_200w.jpg,200,279,portrait,23282,RGB
178986_200w.jpg,200,279,portrait,21791,RGB
178987_200w.jpg,200,279,portrait,18851,RGB
178988_200w.jpg,200,279,portrait,23458,RGB
178989_200w.jpg,200,279,portrait,21378,RGB
178990_200w.jpg,200,279,portrait,18600,RGB
178991_200w.jpg,200,279,portrait,20219,RGB
178992_200w.jpg,200,279,portrait,23672,RGB
178993_200w.jpg,200,279,portrait,20280,RGB
178994_200w.jpg,200,279,portrait,24920,RGB
178995_200w.jpg,200,279,portrait,20229,RGB
178996_200w.jpg,200,279,portrait,24325,RGB
178998_200w.jpg,200,279,portrait,25476,RGB
178999_200w.jpg,200,279,portrait,18922,RGB
179000_200w.jpg,200,279,portrait,23922,RGB
179001_200w.jpg,200,279,portrait,18646,RGB
179002_200w.jpg,200,279,portrait,23542,RGB
179003_200w.jpg,200,279,portrait,20071,RGB
179004_200w.jpg,200,279,portrait,19878,RGB
179005_200w.jpg,200,279,portrait,20086,RGB
179006_200w.jpg,200,279,portrait,19885,RGB
179007_200w.jpg,200,279,portrait,24093,RGB
179008_200w.jpg,200,279,portrait,19972,RGB
179009_200w.jpg,200,279,portrait,23819,RGB
179010_200w.jpg,200,279,portrait,26315,RGB
179011_200w.jpg,200,279,portrait,24175,RGB
179012_200w.jpg,200,279,portrait,18161,RGB
179013_200w.jpg,200,279,portrait,22773,RGB
179014_200w.jpg,200,279,portrait,22802,RGB
179015_200w.jpg,200,279,portrait,17245,RGB
179016_200w.jpg,200,279,portrait,23753,RGB
179017_200w.jpg,200,279,portrait,21847,RGB
179018_200w.jpg,200,279,portrait,17579,RGB
179019_200w.jpg,200,279,portrait,18231,RGB
179020_200w.jpg,200,279,portrait,24334,RGB
179021_200w.jpg,200,279,portrait,17163,RGB
179022_200w.jpg,200,279,portrait,22833,RGB
179023_200w.jpg,200,279,portrait,20994,RGB
179024_200w.jpg,200,279,portrait,27282,RGB
179025_200w.jpg,200,279,portrait,20399,RGB
179028_200w.jpg,200,279,portrait,24185,RGB
179029_200w.jpg,200,279,portrait,20167,RGB
179030_200w.jpg,200,279,portrait,18278,RGB
179031_200w.jpg,200,279,portrait,25397,RGB
179032_200w.jpg,200,279,portrait,20437,RGB
179034_200w.jpg,200,279,portrait,30400,RGB
179035_200w.jpg,200,279,portrait,31642,RGB
179036_200w.jpg,200,284,portrait,25360,RGB
179039_200w.jpg,200,279,portrait,29697,RGB
179068_200w.jpg,200,279,portrait,23890,RGB
179079_200w.jpg,200,286,portrait,27326,RGB
179081_200w.jpg,200,277,portrait,25181,RGB
179082_200w.jpg,200,280,portrait,23824,RGB
179367_200w.jpg,200,280,portrait,32060,RGB
179368_200w.jpg,200,280,portrait,32484,RGB
179371_200w.jpg,200,278,portrait,32614,RGB
179377_200w.jpg,200,279,portrait,20071,RGB
179428_200w.jpg,200,277,portrait,21777,RGB
179429_200w.jpg,200,279,portrait,23671,RGB
179430_200w.jpg,200,277,portrait,22403,RGB
179431_200w.jpg,200,277,portrait,22176,RGB
179433_200w.jpg,200,280,portrait,23820,RGB
179434_200w.jpg,200,280,portrait,23406,RGB
179436_200w.jpg,200,279,portrait,22788,RGB
179437_200w.jpg,200,278,portrait,23483,RGB
179438_200w.jpg,200,279,portrait,19605,RGB
179439_200w.jpg,200,279,portrait,22561,RGB
179440_200w.jpg,200,279,portrait,22752,RGB
179683_200w.jpg,200,280,portrait,23501,RGB
179850_200w.jpg,200,279,portrait,25713,RGB
180262_200w.jpg,200,279,portrait,26533,RGB
180263_200w.jpg,200,279,portrait,22737,RGB
180264_200w.jpg,200,279,portrait,25086,RGB
180301_200w.jpg,200,278,portrait,19680,RGB
180449_200w.jpg,200,278,portrait,24386,RGB
180450_200w.jpg,200,277,portrait,24203,RGB
180451_200w.jpg,200,280,portrait,24227,RGB
180452_200w.jpg,200,280,portrait,21953,RGB
180453_200w.jpg,200,280,portrait,21752,RGB
180454_200w.jpg,200,276,portrait,20522,RGB
180455_200w.jpg,200,278,portrait,23585,RGB
180456_200w.jpg,200,284,portrait,26420,RGB
180457_200w.jpg,200,279,portrait,20741,RGB
180458_200w.jpg,200,278,portrait,19590,RGB
180459_200w.jpg,200,281,portrait,27324,RGB
180460_200w.jpg,200,279,portrait,22012,RGB
180514_200w.jpg,200,280,portrait,22855,RGB
180519_200w.jpg,200,279,portrait,21883,RGB
180520_200w.jpg,200,279,portrait,23069,RGB
180521_200w.jpg,200,279,portrait,23215,RGB
180528_200w.jpg,200,279,portrait,24705,RGB
180529_200w.jpg,200,279,portrait,25671,RGB
180530_200w.jpg,200,279,portrait,23199,RGB
180531_200w.jpg,200,279,portrait,30011,RGB
180715_200w.jpg,200,279,portrait,30886,RGB
180716_200w.jpg,200,279,portrait,32940,RGB
180717_200w.jpg,200,279,portrait,25877,RGB
180718_200w.jpg,200,280,portrait,22073,RGB
180720_200w.jpg,200,280,portrait,19007,RGB
180721_200w.jpg,200,280,portrait,26718,RGB
180722_200w.jpg,200,280,portrait,22969,RGB
180834_200w.jpg,200,280,portrait,25489,RGB
181000_200w.jpg,200,279,portrait,21727,RGB
181193_200w.jpg,200,283,portrait,21947,RGB
181194_200w.jpg,200,280,portrait,20448,RGB
181195_200w.jpg,200,282,portrait,21542,RGB
181196_200w.jpg,200,280,portrait,21369,RGB
181262_200w.jpg,200,282,portrait,23087,RGB
181263_200w.jpg,200,282,portrait,23091,RGB
181559_200w.jpg,200,278,portrait,24958,RGB
181560_200w.jpg,200,279,portrait,22609,RGB
181682_200w.jpg,200,279,portrait,21870,RGB
181694_200w.jpg,200,279,portrait,30548,RGB
181786_200w.jpg,200,280,portrait,22194,RGB
181787_200w.jpg,200,280,portrait,21327,RGB
181804_200w.jpg,200,279,portrait,31027,RGB
182818_200w.jpg,200,280,portrait,19739,RGB
182819_200w.jpg,200,280,portrait,19872,RGB
182886_200w.jpg,200,285,portrait,18987,RGB
183194_200w.jpg,200,280,portrait,24345,RGB
183195_200w.jpg,200,277,portrait,23899,RGB
183196_200w.jpg,200,280,portrait,24834,RGB
183199_200w.jpg,200,280,portrait,28246,RGB
183200_200w.jpg,200,284,portrait,17667,RGB
183560_200w.jpg,200,279,portrait,27749,RGB
183561_200w.jpg,200,279,portrait,27582,RGB
183562_200w.jpg,200,279,portrait,27146,RGB
183563_200w.jpg,200,279,portrait,29122,RGB
183564_200w.jpg,200,279,portrait,29265,RGB
183566_200w.jpg,200,279,portrait,29925,RGB
183567_200w.jpg,200,279,portrait,28861,RGB
183770_200w.jpg,200,279,portrait,29127,RGB
183771_200w.jpg,200,279,portrait,29944,RGB
183772_200w.jpg,200,279,portrait,28166,RGB
183773_200w.jpg,200,279,portrait,20555,RGB
183774_200w.jpg,200,279,portrait,18895,RGB
183775_200w.jpg,200,279,portrait,22134,RGB
183776_200w.jpg,200,279,portrait,22532,RGB
183777_200w.jpg,200,279,portrait,20223,RGB
183778_200w.jpg,200,279,portrait,21500,RGB
183779_200w.jpg,200,279,portrait,20008,RGB
183780_200w.jpg,200,279,portrait,23187,RGB
183781_200w.jpg,200,279,portrait,21942,RGB
183782_200w.jpg,200,279,portrait,21574,RGB
183783_200w.jpg,200,279,portrait,18153,RGB
183784_200w.jpg,200,279,portrait,21416,RGB
183785_200w.jpg,200,279,portrait,26407,RGB
183786_200w.jpg,200,279,portrait,21813,RGB
183787_200w.jpg,200,279,portrait,22886,RGB
183788_200w.jpg,200,279,portrait,20110,RGB
183789_200w.jpg,200,279,portrait,25426,RGB
183790_200w.jpg,200,279,portrait,24456,RGB
183791_200w.jpg,200,279,portrait,20284,RGB
183792_200w.jpg,200,279,portrait,22135,RGB
183793_200w.jpg,200,279,portrait,21176,RGB
183794_200w.jpg,200,279,portrait,20340,RGB
183795_200w.jpg,200,279,portrait,23805,RGB
183796_200w.jpg,200,279,portrait,26159,RGB
183797_200w.jpg,200,279,portrait,20993,RGB
183798_200w.jpg,200,279,portrait,25238,RGB
183799_200w.jpg,200,279,portrait,21398,RGB
183800_200w.jpg,200,279,portrait,21490,RGB
183801_200w.jpg,200,279,portrait,25312,RGB
183802_200w.jpg,200,279,portrait,22636,RGB
183803_200w.jpg,200,279,portrait,24478,RGB
183804_200w.jpg,200,279,portrait,28420,RGB
183805_200w.jpg,200,279,portrait,31852,RGB
183806_200w.jpg,200,279,portrait,28021,RGB
183807_200w.jpg,200,279,portrait,21452,RGB
183808_200w.jpg,200,279,portrait,23976,RGB
183809_200w.jpg,200,279,portrait,21128,RGB
183810_200w.jpg,200,279,portrait,24118,RGB
183811_200w.jpg,200,279,portrait,18012,RGB
183812_200w.jpg,200,279,portrait,21118,RGB
183814_200w.jpg,200,279,portrait,20080,RGB
183815_200w.jpg,200,279,portrait,20378,RGB
183816_200w.jpg,200,279,portrait,31184,RGB
183817_200w.jpg,200,279,portrait,25956,RGB
183818_200w.jpg,200,279,portrait,23136,RGB
183819_200w.jpg,200,279,portrait,23345,RGB
183820_200w.jpg,200,279,portrait,23597,RGB
183821_200w.jpg,200,279,portrait,23085,RGB
183822_200w.jpg,200,279,portrait,21456,RGB
183823_200w.jpg,200,279,portrait,23529,RGB
183824_200w.jpg,200,279,portrait,19885,RGB
183825_200w.jpg,200,279,portrait,22130,RGB
183826_200w.jpg,200,279,portrait,26630,RGB
183827_200w.jpg,200,279,portrait,21244,RGB
183828_200w.jpg,200,279,portrait,27395,RGB
183829_200w.jpg,200,279,portrait,26444,RGB
183830_200w.jpg,200,279,portrait,26835,RGB
183831_200w.jpg,200,279,portrait,25962,RGB
183832_200w.jpg,200,279,portrait,20063,RGB
183833_200w.jpg,200,279,portrait,19638,RGB
183834_200w.jpg,200,279,portrait,24421,RGB
183835_200w.jpg,200,279,portrait,19935,RGB
183836_200w.jpg,200,279,portrait,20237,RGB
183837_200w.jpg,200,279,portrait,21414,RGB
183838_200w.jpg,200,279,portrait,22357,RGB
183839_200w.jpg,200,279,portrait,22405,RGB
183840_200w.jpg,200,279,portrait,18118,RGB
183841_200w.jpg,200,279,portrait,22115,RGB
183842_200w.jpg,200,279,portrait,21538,RGB
183843_200w.jpg,200,279,portrait,19233,RGB
183844_200w.jpg,200,279,portrait,20571,RGB
183845_200w.jpg,200,279,portrait,27091,RGB
183846_200w.jpg,200,279,portrait,21340,RGB
183847_200w.jpg,200,279,portrait,20126,RGB
183848_200w.jpg,200,279,portrait,18838,RGB
183850_200w.jpg,200,279,portrait,22896,RGB
183851_200w.jpg,200,279,portrait,25066,RGB
183852_200w.jpg,200,279,portrait,24439,RGB
183853_200w.jpg,200,279,portrait,20471,RGB
183854_200w.jpg,200,279,portrait,22009,RGB
183855_200w.jpg,200,279,portrait,20163,RGB
183856_200w.jpg,200,279,portrait,23791,RGB
183859_200w.jpg,200,279,portrait,22666,RGB
183860_200w.jpg,200,279,portrait,29204,RGB
183861_200w.jpg,200,279,portrait,23295,RGB
183862_200w.jpg,200,279,portrait,25682,RGB
183863_200w.jpg,200,279,portrait,24756,RGB
183864_200w.jpg,200,279,portrait,23275,RGB
183865_200w.jpg,200,279,portrait,23299,RGB
183866_200w.jpg,200,279,portrait,25723,RGB
183867_200w.jpg,200,279,portrait,24075,RGB
183868_200w.jpg,200,279,portrait,21838,RGB
183869_200w.jpg,200,279,portrait,25830,RGB
183870_200w.jpg,200,279,portrait,21178,RGB
183871_200w.jpg,200,279,portrait,24506,RGB
183872_200w.jpg,200,279,portrait,23103,RGB
183873_200w.jpg,200,279,portrait,25247,RGB
183875_200w.jpg,200,279,portrait,30581,RGB
183876_200w.jpg,200,279,portrait,28496,RGB
183877_200w.jpg,200,279,portrait,29964,RGB
183878_200w.jpg,200,279,portrait,29764,RGB
183879_200w.jpg,200,279,portrait,27574,RGB
183880_200w.jpg,200,279,portrait,23326,RGB
183881_200w.jpg,200,279,portrait,22908,RGB
183882_200w.jpg,200,279,portrait,21082,RGB
183883_200w.jpg,200,279,portrait,23197,RGB
183884_200w.jpg,200,279,portrait,25061,RGB
183886_200w.jpg,200,279,portrait,23583,RGB
183887_200w.jpg,200,279,portrait,24462,RGB
183888_200w.jpg,200,279,portrait,26437,RGB
183889_200w.jpg,200,279,portrait,25543,RGB
183890_200w.jpg,200,279,portrait,25201,RGB
183891_200w.jpg,200,279,portrait,20984,RGB
183892_200w.jpg,200,279,portrait,22785,RGB
183893_200w.jpg,200,279,portrait,25509,RGB
183894_200w.jpg,200,279,portrait,24994,RGB
183895_200w.jpg,200,279,portrait,22945,RGB
183896_200w.jpg,200,279,portrait,21441,RGB
183897_200w.jpg,200,279,portrait,26375,RGB
183898_200w.jpg,200,279,portrait,25898,RGB
183899_200w.jpg,200,279,portrait,27375,RGB
183902_200w.jpg,200,279,portrait,23390,RGB
183903_200w.jpg,200,279,portrait,19613,RGB
183904_200w.jpg,200,279,portrait,20760,RGB
183905_200w.jpg,200,279,portrait,22536,RGB
183906_200w.jpg,200,279,portrait,22131,RGB
183907_200w.jpg,200,279,portrait,28296,RGB
183908_200w.jpg,200,279,portrait,28824,RGB
183909_200w.jpg,200,279,portrait,26447,RGB
183910_200w.jpg,200,279,portrait,20579,RGB
183911_200w.jpg,200,279,portrait,19173,RGB
183912_200w.jpg,200,279,portrait,20376,RGB
183913_200w.jpg,200,279,portrait,24447,RGB
183914_200w.jpg,200,279,portrait,18800,RGB
183915_200w.jpg,200,279,portrait,23912,RGB
183916_200w.jpg,200,279,portrait,22742,RGB
183917_200w.jpg,200,279,portrait,19518,RGB
183918_200w.jpg,200,279,portrait,20815,RGB
183919_200w.jpg,200,279,portrait,21994,RGB
183920_200w.jpg,200,279,portrait,22636,RGB
183921_200w.jpg,200,279,portrait,21075,RGB
183922_200w.jpg,200,279,portrait,19915,RGB
183923_200w.jpg,200,279,portrait,23784,RGB
183924_200w.jpg,200,279,portrait,17668,RGB
183925_200w.jpg,200,279,portrait,23883,RGB
183927_200w.jpg,200,279,portrait,21743,RGB
183928_200w.jpg,200,279,portrait,25435,RGB
183930_200w.jpg,200,279,portrait,20361,RGB
183931_200w.jpg,200,279,portrait,18635,RGB
183932_200w.jpg,200,279,portrait,25775,RGB
183933_200w.jpg,200,279,portrait,26453,RGB
183934_200w.jpg,200,279,portrait,21736,RGB
183935_200w.jpg,200,279,portrait,19201,RGB
183936_200w.jpg,200,279,portrait,23981,RGB
183937_200w.jpg,200,279,portrait,20948,RGB
183938_200w.jpg,200,279,portrait,20386,RGB
183939_200w.jpg,200,279,portrait,20940,RGB
183940_200w.jpg,200,279,portrait,24968,RGB
183941_200w.jpg,200,279,portrait,24278,RGB
183942_200w.jpg,200,279,portrait,19007,RGB
183943_200w.jpg,200,279,portrait,18846,RGB
183944_200w.jpg,200,279,portrait,24146,RGB
183945_200w.jpg,200,279,portrait,17437,RGB
183946_200w.jpg,200,279,portrait,21993,RGB
183947_200w.jpg,200,279,portrait,26198,RGB
183948_200w.jpg,200,279,portrait,25464,RGB
183949_200w.jpg,200,279,portrait,22793,RGB
183950_200w.jpg,200,279,portrait,18831,RGB
183951_200w.jpg,200,279,portrait,23554,RGB
183952_200w.jpg,200,279,portrait,25684,RGB
183953_200w.jpg,200,279,portrait,20913,RGB
183954_200w.jpg,200,279,portrait,19032,RGB
183955_200w.jpg,200,279,portrait,23459,RGB
183956_200w.jpg,200,279,portrait,17532,RGB
183957_200w.jpg,200,279,portrait,20535,RGB
183958_200w.jpg,200,279,portrait,23277,RGB
183959_200w.jpg,200,279,portrait,19361,RGB
183960_200w.jpg,200,279,portrait,21190,RGB
183961_200w.jpg,200,279,portrait,20857,RGB
183962_200w.jpg,200,279,portrait,24190,RGB
183963_200w.jpg,200,279,portrait,26435,RGB
183964_200w.jpg,200,279,portrait,32420,RGB
183965_200w.jpg,200,279,portrait,25396,RGB
183966_200w.jpg,200,279,portrait,26880,RGB
183967_200w.jpg,200,279,portrait,24938,RGB
183968_200w.jpg,200,279,portrait,23408,RGB
183969_200w.jpg,200,279,portrait,21614,RGB
183970_200w.jpg,200,279,portrait,23457,RGB
183971_200w.jpg,200,279,portrait,22189,RGB
183972_200w.jpg,200,279,portrait,23362,RGB
183973_200w.jpg,200,279,portrait,21487,RGB
184216_200w.jpg,200,284,portrait,25462,RGB
184217_200w.jpg,200,279,portrait,24612,RGB
184218_200w.jpg,200,279,portrait,24304,RGB
184219_200w.jpg,200,279,portrait,22873,RGB
184424_200w.jpg,200,279,portrait,14155,RGB
184425_200w.jpg,200,279,portrait,13671,RGB
184426_200w.jpg,200,279,portrait,14377,RGB
184427_200w.jpg,200,279,portrait,14326,RGB
184428_200w.jpg,200,279,portrait,14441,RGB
184429_200w.jpg,200,279,portrait,14814,RGB
184430_200w.jpg,200,279,portrait,13423,RGB
184431_200w.jpg,200,279,portrait,13695,RGB
184432_200w.jpg,200,279,portrait,13711,RGB
184469_200w.jpg,200,279,portrait,20253,RGB
184483_200w.jpg,200,279,portrait,20880,RGB
184487_200w.jpg,200,279,portrait,22330,RGB
184493_200w.jpg,200,279,portrait,22514,RGB
184495_200w.jpg,200,279,portrait,24791,RGB
185033_200w.jpg,200,286,portrait,23908,RGB
185133_200w.jpg,200,276,portrait,20876,RGB
185134_200w.jpg,200,276,portrait,20528,RGB
185135_200w.jpg,200,276,portrait,21091,RGB
185136_200w.jpg,200,276,portrait,21272,RGB
185137_200w.jpg,200,276,portrait,23787,RGB
185247_200w.jpg,200,279,portrait,20684,RGB
185248_200w.jpg,200,279,portrait,27072,RGB
185249_200w.jpg,200,279,portrait,32245,RGB
185250_200w.jpg,200,279,portrait,31708,RGB
185251_200w.jpg,200,279,portrait,30905,RGB
185252_200w.jpg,200,280,portrait,31396,RGB
185253_200w.jpg,200,279,portrait,30666,RGB
185254_200w.jpg,200,279,portrait,19648,RGB
185721_200w.jpg,200,280,portrait,19242,RGB
185983_200w.jpg,200,280,portrait,19481,RGB
185984_200w.jpg,200,279,portrait,30923,RGB
185985_200w.jpg,200,279,portrait,30802,RGB
185986_200w.jpg,200,279,portrait,31243,RGB
185987_200w.jpg,200,279,portrait,28153,RGB
185988_200w.jpg,200,279,portrait,28648,RGB
186001_200w.jpg,200,280,portrait,19023,RGB
186003_200w.jpg,200,278,portrait,21125,RGB
186004_200w.jpg,200,278,portrait,18505,RGB
186005_200w.jpg,200,280,portrait,20119,RGB
186007_200w.jpg,200,279,portrait,21644,RGB
186009_200w.jpg,200,280,portrait,22247,RGB
186010_200w.jpg,200,278,portrait,19274,RGB
186012_200w.jpg,200,279,portrait,19325,RGB
186013_200w.jpg,200,280,portrait,24801,RGB
186015_200w.jpg,200,279,portrait,19581,RGB
186019_200w.jpg,200,279,portrait,20027,RGB
186020_200w.jpg,200,278,portrait,21193,RGB
186021_200w.jpg,200,280,portrait,21198,RGB
186023_200w.jpg,200,280,portrait,18681,RGB
186024_200w.jpg,200,280,portrait,19111,RGB
186025_200w.jpg,200,280,portrait,18198,RGB
186026_200w.jpg,200,278,portrait,17840,RGB
186106_200w.jpg,200,280,portrait,21324,RGB
186318_200w.jpg,200,280,portrait,23765,RGB
186319_200w.jpg,200,279,portrait,20321,RGB
186320_200w.jpg,200,280,portrait,21352,RGB
186321_200w.jpg,200,281,portrait,23859,RGB
186322_200w.jpg,200,281,portrait,23415,RGB
186524_200w.jpg,200,280,portrait,24086,RGB
186572_200w.jpg,200,270,portrait,26042,RGB
186825_200w.jpg,200,280,portrait,21226,RGB
186826_200w.jpg,200,276,portrait,24416,RGB
186827_200w.jpg,200,273,portrait,24157,RGB
186828_200w.jpg,200,282,portrait,24843,RGB
186829_200w.jpg,200,282,portrait,24682,RGB
186833_200w.jpg,200,273,portrait,24210,RGB
186915_200w.jpg,200,282,portrait,25548,RGB
187215_200w.jpg,200,277,portrait,22380,RGB
187216_200w.jpg,200,278,portrait,22712,RGB
187217_200w.jpg,200,276,portrait,20806,RGB
187218_200w.jpg,200,276,portrait,22009,RGB
187219_200w.jpg,200,280,portrait,23663,RGB
188126_200w.jpg,200,278,portrait,22055,RGB
188132_200w.jpg,200,282,portrait,22219,RGB
188165_200w.jpg,200,279,portrait,27267,RGB
188321_200w.jpg,200,278,portrait,18050,RGB
188322_200w.jpg,200,279,portrait,20154,RGB
188354_200w.jpg,200,279,portrait,22614,RGB
188355_200w.jpg,200,280,portrait,24423,RGB
188401_200w.jpg,200,279,portrait,32485,RGB
188402_200w.jpg,200,279,portrait,21210,RGB
188403_200w.jpg,200,279,portrait,29474,RGB
188404_200w.jpg,200,279,portrait,32331,RGB
188405_200w.jpg,200,279,portrait,32137,RGB
188406_200w.jpg,200,279,portrait,30967,RGB
188407_200w.jpg,200,279,portrait,32134,RGB
188408_200w.jpg,200,279,portrait,29547,RGB
188409_200w.jpg,200,279,portrait,30636,RGB
188634_200w.jpg,200,280,portrait,24452,RGB
188910_200w.jpg,200,279,portrait,22815,RGB
189010_200w.jpg,200,279,portrait,25618,RGB
189012_200w.jpg,200,279,portrait,24846,RGB
189021_200w.jpg,200,279,portrait,24952,RGB
189022_200w.jpg,200,279,portrait,22325,RGB
189040_200w.jpg,200,279,portrait,23966,RGB
189041_200w.jpg,200,279,portrait,23512,RGB
189042_200w.jpg,200,279,portrait,23420,RGB
189043_200w.jpg,200,279,portrait,21855,RGB
189044_200w.jpg,200,279,portrait,17079,RGB
189045_200w.jpg,200,279,portrait,23367,RGB
189046_200w.jpg,200,279,portrait,22532,RGB
189047_200w.jpg,200,279,portrait,20431,RGB
189048_200w.jpg,200,279,portrait,20410,RGB
189049_200w.jpg,200,279,portrait,21527,RGB
189050_200w.jpg,200,279,portrait,27131,RGB
189051_200w.jpg,200,279,portrait,24852,RGB
189052_200w.jpg,200,279,portrait,25051,RGB
189054_200w.jpg,200,279,portrait,20365,RGB
189055_200w.jpg,200,279,portrait,23626,RGB
189058_200w.jpg,200,279,portrait,22344,RGB
189059_200w.jpg,200,279,portrait,22299,RGB
189060_200w.jpg,200,279,portrait,20299,RGB
189061_200w.jpg,200,279,portrait,21786,RGB
189062_200w.jpg,200,279,portrait,22242,RGB
189063_200w.jpg,200,279,portrait,23938,RGB
189066_200w.jpg,200,279,portrait,23349,RGB
189068_200w.jpg,200,279,portrait,23802,RGB
189070_200w.jpg,200,279,portrait,25184,RGB
189071_200w.jpg,200,279,portrait,20549,RGB
189073_200w.jpg,200,279,portrait,20984,RGB
189075_200w.jpg,200,279,portrait,22711,RGB
189078_200w.jpg,200,279,portrait,25220,RGB
189079_200w.jpg,200,279,portrait,19911,RGB
189082_200w.jpg,200,279,portrait,23253,RGB
189084_200w.jpg,200,279,portrait,24584,RGB
189088_200w.jpg,200,279,portrait,22384,RGB
189094_200w.jpg,200,279,portrait,23331,RGB
189097_200w.jpg,200,279,portrait,28894,RGB
189100_200w.jpg,200,279,portrait,27262,RGB
189109_200w.jpg,200,279,portrait,24392,RGB
189111_200w.jpg,200,279,portrait,23232,RGB
189112_200w.jpg,200,279,portrait,24720,RGB
189114_200w.jpg,200,279,portrait,24815,RGB
189116_200w.jpg,200,279,portrait,21747,RGB
189120_200w.jpg,200,279,portrait,24732,RGB
189122_200w.jpg,200,279,portrait,22219,RGB
189142_200w.jpg,200,279,portrait,22786,RGB
189143_200w.jpg,200,279,portrait,17772,RGB
189144_200w.jpg,200,279,portrait,22659,RGB
189145_200w.jpg,200,279,portrait,22024,RGB
189146_200w.jpg,200,279,portrait,25480,RGB
189147_200w.jpg,200,279,portrait,21115,RGB
189148_200w.jpg,200,279,portrait,23791,RGB
189149_200w.jpg,200,279,portrait,24314,RGB
189150_200w.jpg,200,279,portrait,23699,RGB
189151_200w.jpg,200,279,portrait,22336,RGB
189152_200w.jpg,200,279,portrait,21080,RGB
189153_200w.jpg,200,279,portrait,19690,RGB
189154_200w.jpg,200,279,portrait,23875,RGB
189155_200w.jpg,200,279,portrait,24249,RGB
189156_200w.jpg,200,279,portrait,29421,RGB
189158_200w.jpg,200,279,portrait,30514,RGB
189159_200w.jpg,200,279,portrait,22281,RGB
189160_200w.jpg,200,279,portrait,23484,RGB
189161_200w.jpg,200,279,portrait,23772,RGB
189162_200w.jpg,200,279,portrait,21033,RGB
189163_200w.jpg,200,279,portrait,22729,RGB
189164_200w.jpg,200,279,portrait,21677,RGB
189165_200w.jpg,200,279,portrait,20041,RGB
189166_200w.jpg,200,279,portrait,21649,RGB
189167_200w.jpg,200,279,portrait,20915,RGB
189168_200w.jpg,200,279,portrait,18543,RGB
189169_200w.jpg,200,279,portrait,19053,RGB
189170_200w.jpg,200,279,portrait,21130,RGB
189171_200w.jpg,200,279,portrait,19801,RGB
189172_200w.jpg,200,279,portrait,20931,RGB
189173_200w.jpg,200,279,portrait,18650,RGB
189174_200w.jpg,200,279,portrait,24691,RGB
189175_200w.jpg,200,279,portrait,21443,RGB
189176_200w.jpg,200,279,portrait,18974,RGB
189177_200w.jpg,200,279,portrait,17978,RGB
189178_200w.jpg,200,279,portrait,20997,RGB
189179_200w.jpg,200,279,portrait,20638,RGB
189180_200w.jpg,200,279,portrait,21204,RGB
189181_200w.jpg,200,279,portrait,23569,RGB
189182_200w.jpg,200,279,portrait,20105,RGB
189183_200w.jpg,200,279,portrait,25679,RGB
189184_200w.jpg,200,279,portrait,20185,RGB
189185_200w.jpg,200,279,portrait,21344,RGB
189186_200w.jpg,200,279,portrait,19645,RGB
189187_200w.jpg,200,279,portrait,20934,RGB
189188_200w.jpg,200,279,portrait,23809,RGB
189189_200w.jpg,200,279,portrait,19884,RGB
189190_200w.jpg,200,279,portrait,23181,RGB
189191_200w.jpg,200,279,portrait,20973,RGB
189192_200w.jpg,200,279,portrait,19988,RGB
189193_200w.jpg,200,279,portrait,23230,RGB
189194_200w.jpg,200,279,portrait,25136,RGB
189195_200w.jpg,200,279,portrait,21458,RGB
189196_200w.jpg,200,279,portrait,20168,RGB
189197_200w.jpg,200,279,portrait,22240,RGB
189198_200w.jpg,200,279,portrait,20293,RGB
189199_200w.jpg,200,279,portrait,20467,RGB
189200_200w.jpg,200,279,portrait,26253,RGB
189201_200w.jpg,200,279,portrait,19255,RGB
189202_200w.jpg,200,279,portrait,24274,RGB
189203_200w.jpg,200,279,portrait,24889,RGB
189204_200w.jpg,200,279,portrait,24982,RGB
189205_200w.jpg,200,279,portrait,25621,RGB
189206_200w.jpg,200,279,portrait,23334,RGB
189207_200w.jpg,200,279,portrait,28820,RGB
189208_200w.jpg,200,279,portrait,26309,RGB
189209_200w.jpg,200,279,portrait,25580,RGB
189210_200w.jpg,200,279,portrait,20465,RGB
189211_200w.jpg,200,279,portrait,28268,RGB
189212_200w.jpg,200,279,portrait,23009,RGB
189213_200w.jpg,200,279,portrait,23979,RGB
189214_200w.jpg,200,279,portrait,26039,RGB
189215_200w.jpg,200,279,portrait,22067,RGB
189216_200w.jpg,200,279,portrait,24852,RGB
189217_200w.jpg,200,279,portrait,24388,RGB
189218_200w.jpg,200,279,portrait,22349,RGB
189219_200w.jpg,200,279,portrait,25407,RGB
189220_200w.jpg,200,279,portrait,18966,RGB
189221_200w.jpg,200,279,portrait,22489,RGB
189222_200w.jpg,200,279,portrait,22524,RGB
189223_200w.jpg,200,279,portrait,21735,RGB
189224_200w.jpg,200,279,portrait,23681,RGB
189225_200w.jpg,200,279,portrait,24122,RGB
189226_200w.jpg,200,279,portrait,23704,RGB
189227_200w.jpg,200,279,portrait,20759,RGB
189228_200w.jpg,200,279,portrait,23525,RGB
189229_200w.jpg,200,279,portrait,21866,RGB
189230_200w.jpg,200,279,portrait,21044,RGB
189231_200w.jpg,200,279,portrait,20404,RGB
189232_200w.jpg,200,279,portrait,22559,RGB
189233_200w.jpg,200,279,portrait,21052,RGB
189234_200w.jpg,200,279,portrait,21820,RGB
189235_200w.jpg,200,279,portrait,20305,RGB
189236_200w.jpg,200,279,portrait,20897,RGB
189237_200w.jpg,200,279,portrait,19890,RGB
189238_200w.jpg,200,279,portrait,26294,RGB
189239_200w.jpg,200,279,portrait,26579,RGB
189240_200w.jpg,200,279,portrait,24548,RGB
189241_200w.jpg,200,279,portrait,20575,RGB
189242_200w.jpg,200,279,portrait,25078,RGB
189243_200w.jpg,200,279,portrait,19233,RGB
189244_200w.jpg,200,279,portrait,21198,RGB
189245_200w.jpg,200,279,portrait,20727,RGB
189246_200w.jpg,200,279,portrait,20354,RGB
189247_200w.jpg,200,279,portrait,20283,RGB
189248_200w.jpg,200,279,portrait,22096,RGB
189249_200w.jpg,200,279,portrait,28552,RGB
189250_200w.jpg,200,279,portrait,27126,RGB
189251_200w.jpg,200,279,portrait,26047,RGB
189252_200w.jpg,200,279,portrait,19614,RGB
189253_200w.jpg,200,279,portrait,22458,RGB
189254_200w.jpg,200,279,portrait,21611,RGB
189255_200w.jpg,200,279,portrait,20764,RGB
189256_200w.jpg,200,279,portrait,20586,RGB
189257_200w.jpg,200,279,portrait,17752,RGB
189258_200w.jpg,200,279,portrait,20941,RGB
189259_200w.jpg,200,279,portrait,23208,RGB
189260_200w.jpg,200,279,portrait,21745,RGB
189261_200w.jpg,200,279,portrait,23368,RGB
189262_200w.jpg,200,279,portrait,24586,RGB
189263_200w.jpg,200,279,portrait,21005,RGB
189264_200w.jpg,200,279,portrait,21073,RGB
189265_200w.jpg,200,279,portrait,19756,RGB
189266_200w.jpg,200,279,portrait,20386,RGB
189267_200w.jpg,200,279,portrait,19302,RGB
189268_200w.jpg,200,279,portrait,19755,RGB
189269_200w.jpg,200,279,portrait,20548,RGB
189270_200w.jpg,200,279,portrait,26283,RGB
189271_200w.jpg,200,279,portrait,20913,RGB
189272_200w.jpg,200,279,portrait,21109,RGB
189273_200w.jpg,200,279,portrait,20532,RGB
189274_200w.jpg,200,279,portrait,19127,RGB
189275_200w.jpg,200,279,portrait,24160,RGB
189276_200w.jpg,200,279,portrait,17691,RGB
189277_200w.jpg,200,279,portrait,21560,RGB
189278_200w.jpg,200,279,portrait,25055,RGB
189279_200w.jpg,200,279,portrait,23320,RGB
189280_200w.jpg,200,279,portrait,19814,RGB
189281_200w.jpg,200,279,portrait,17438,RGB
189282_200w.jpg,200,279,portrait,25574,RGB
189283_200w.jpg,200,279,portrait,21290,RGB
189284_200w.jpg,200,279,portrait,21236,RGB
189285_200w.jpg,200,279,portrait,20530,RGB
189286_200w.jpg,200,279,portrait,24294,RGB
189287_200w.jpg,200,279,portrait,18711,RGB
189288_200w.jpg,200,279,portrait,23030,RGB
189289_200w.jpg,200,279,portrait,20197,RGB
189290_200w.jpg,200,279,portrait,25715,RGB
189291_200w.jpg,200,279,portrait,17400,RGB
189292_200w.jpg,200,279,portrait,20965,RGB
189293_200w.jpg,200,279,portrait,24935,RGB
189294_200w.jpg,200,279,portrait,19974,RGB
189295_200w.jpg,200,279,portrait,18390,RGB
189296_200w.jpg,200,279,portrait,19560,RGB
189297_200w.jpg,200,279,portrait,19737,RGB
189298_200w.jpg,200,279,portrait,20417,RGB
189299_200w.jpg,200,279,portrait,22971,RGB
189300_200w.jpg,200,279,portrait,24145,RGB
189301_200w.jpg,200,279,portrait,22266,RGB
189303_200w.jpg,200,279,portrait,33147,RGB
189305_200w.jpg,200,279,portrait,30039,RGB
189306_200w.jpg,200,279,portrait,30412,RGB
189307_200w.jpg,200,279,portrait,32242,RGB
189308_200w.jpg,200,279,portrait,27306,RGB
189309_200w.jpg,200,279,portrait,30245,RGB
189310_200w.jpg,200,279,portrait,28531,RGB
189312_200w.jpg,200,279,portrait,28662,RGB
189313_200w.jpg,200,279,portrait,31065,RGB
189314_200w.jpg,200,279,portrait,28553,RGB
189315_200w.jpg,200,279,portrait,29674,RGB
189316_200w.jpg,200,279,portrait,27518,RGB
189317_200w.jpg,200,279,portrait,29203,RGB
189318_200w.jpg,200,279,portrait,32115,RGB
189319_200w.jpg,200,279,portrait,28950,RGB
189320_200w.jpg,200,279,portrait,29183,RGB
189321_200w.jpg,200,279,portrait,30118,RGB
189322_200w.jpg,200,279,portrait,29770,RGB
189323_200w.jpg,200,279,portrait,27705,RGB
189324_200w.jpg,200,279,portrait,24458,RGB
189325_200w.jpg,200,279,portrait,28378,RGB
189455_200w.jpg,200,279,portrait,23815,RGB
189456_200w.jpg,200,279,portrait,22947,RGB
189457_200w.jpg,200,279,portrait,23083,RGB
189458_200w.jpg,200,280,portrait,23347,RGB
189659_200w.jpg,200,279,portrait,37300,RGB
189749_200w.jpg,200,279,portrait,22078,RGB
189750_200w.jpg,200,279,portrait,19523,RGB
189756_200w.jpg,200,279,portrait,18350,RGB
189758_200w.jpg,200,279,portrait,23247,RGB
189759_200w.jpg,200,279,portrait,21697,RGB
189760_200w.jpg,200,279,portrait,20211,RGB
189761_200w.jpg,200,280,portrait,20263,RGB
189762_200w.jpg,200,278,portrait,23876,RGB
189779_200w.jpg,200,280,portrait,22626,RGB
189786_200w.jpg,200,279,portrait,25861,RGB
189805_200w.jpg,200,279,portrait,17991,RGB
189838_200w.jpg,200,280,portrait,21869,RGB
190380_200w.jpg,200,268,portrait,19483,RGB
190828_200w.jpg,200,279,portrait,20169,RGB
190829_200w.jpg,200,279,portrait,21616,RGB
190937_200w.jpg,200,280,portrait,23009,RGB
190939_200w.jpg,200,279,portrait,16670,RGB
190940_200w.jpg,200,279,portrait,21450,RGB
191545_200w.jpg,200,280,portrait,27916,RGB
191605_200w.jpg,200,279,portrait,33178,RGB
191618_200w.jpg,200,279,portrait,31067,RGB
191625_200w.jpg,200,279,portrait,27983,RGB
191901_200w.jpg,200,280,portrait,22844,RGB
191902_200w.jpg,200,278,portrait,22384,RGB
191904_200w.jpg,200,278,portrait,19500,RGB
191905_200w.jpg,200,280,portrait,20937,RGB
191906_200w.jpg,200,286,portrait,23846,RGB
191907_200w.jpg,200,279,portrait,22851,RGB
191913_200w.jpg,200,278,portrait,21007,RGB
191916_200w.jpg,200,279,portrait,22536,RGB
192084_200w.jpg,200,279,portrait,26747,RGB
192085_200w.jpg,200,279,portrait,27849,RGB
193264_200w.jpg,200,282,portrait,22711,RGB
193275_200w.jpg,200,278,portrait,22594,RGB
193276_200w.jpg,200,278,portrait,23581,RGB
193277_200w.jpg,200,279,portrait,28639,RGB
193278_200w.jpg,200,279,portrait,29593,RGB
193683_200w.jpg,200,280,portrait,22442,RGB
194915_200w.jpg,200,279,portrait,30987,RGB
194916_200w.jpg,200,279,portrait,31922,RGB
194917_200w.jpg,200,279,portrait,28460,RGB
194918_200w.jpg,200,279,portrait,20213,RGB
194919_200w.jpg,200,279,portrait,21022,RGB
194920_200w.jpg,200,279,portrait,21226,RGB
194921_200w.jpg,200,279,portrait,18811,RGB
194922_200w.jpg,200,279,portrait,20839,RGB
194923_200w.jpg,200,279,portrait,24892,RGB
194924_200w.jpg,200,279,portrait,22963,RGB
194925_200w.jpg,200,279,portrait,23366,RGB
194926_200w.jpg,200,279,portrait,20005,RGB
194927_200w.jpg,200,279,portrait,23837,RGB
194928_200w.jpg,200,279,portrait,19235,RGB
194929_200w.jpg,200,279,portrait,18711,RGB
194930_200w.jpg,200,279,portrait,22961,RGB
194931_200w.jpg,200,279,portrait,20382,RGB
194932_200w.jpg,200,279,portrait,23882,RGB
194933_200w.jpg,200,279,portrait,21043,RGB
194934_200w.jpg,200,279,portrait,22184,RGB
194935_200w.jpg,200,279,portrait,22739,RGB
194936_200w.jpg,200,279,portrait,24221,RGB
194937_200w.jpg,200,279,portrait,21758,RGB
194938_200w.jpg,200,279,portrait,24307,RGB
194939_200w.jpg,200,279,portrait,21354,RGB
194940_200w.jpg,200,279,portrait,21938,RGB
194941_200w.jpg,200,279,portrait,29212,RGB
194942_200w.jpg,200,279,portrait,29744,RGB
194943_200w.jpg,200,279,portrait,25323,RGB
194944_200w.jpg,200,279,portrait,21690,RGB
194946_200w.jpg,200,279,portrait,22071,RGB
194947_200w.jpg,200,279,portrait,20575,RGB
194948_200w.jpg,200,279,portrait,22112,RGB
194949_200w.jpg,200,279,portrait,21451,RGB
194950_200w.jpg,200,279,portrait,22733,RGB
194951_200w.jpg,200,279,portrait,19387,RGB
194952_200w.jpg,200,279,portrait,20116,RGB
194953_200w.jpg,200,279,portrait,29347,RGB
194954_200w.jpg,200,279,portrait,28011,RGB
194955_200w.jpg,200,279,portrait,28060,RGB
194956_200w.jpg,200,279,portrait,26052,RGB
194957_200w.jpg,200,279,portrait,23452,RGB
194958_200w.jpg,200,279,portrait,20581,RGB
194959_200w.jpg,200,279,portrait,22268,RGB
194960_200w.jpg,200,279,portrait,20563,RGB
194961_200w.jpg,200,279,portrait,21976,RGB
194962_200w.jpg,200,279,portrait,21215,RGB
194963_200w.jpg,200,279,portrait,23238,RGB
194964_200w.jpg,200,279,portrait,22270,RGB
194965_200w.jpg,200,279,portrait,20547,RGB
194966_200w.jpg,200,279,portrait,24435,RGB
194967_200w.jpg,200,279,portrait,21759,RGB
194968_200w.jpg,200,279,portrait,30350,RGB
194969_200w.jpg,200,279,portrait,25884,RGB
194970_200w.jpg,200,279,portrait,24678,RGB
194971_200w.jpg,200,279,portrait,19582,RGB
194972_200w.jpg,200,279,portrait,25069,RGB
194973_200w.jpg,200,279,portrait,23339,RGB
194974_200w.jpg,200,279,portrait,26391,RGB
194975_200w.jpg,200,279,portrait,24076,RGB
194976_200w.jpg,200,279,portrait,24237,RGB
194977_200w.jpg,200,279,portrait,30454,RGB
194978_200w.jpg,200,279,portrait,30295,RGB
194979_200w.jpg,200,279,portrait,30505,RGB
194980_200w.jpg,200,279,portrait,27327,RGB
194981_200w.jpg,200,279,portrait,21588,RGB
194982_200w.jpg,200,279,portrait,20215,RGB
194983_200w.jpg,200,279,portrait,23435,RGB
194984_200w.jpg,200,279,portrait,19770,RGB
194985_200w.jpg,200,279,portrait,21943,RGB
194986_200w.jpg,200,279,portrait,21473,RGB
194987_200w.jpg,200,279,portrait,19750,RGB
194988_200w.jpg,200,279,portrait,22671,RGB
194989_200w.jpg,200,279,portrait,17850,RGB
194990_200w.jpg,200,279,portrait,18918,RGB
194991_200w.jpg,200,279,portrait,21693,RGB
194992_200w.jpg,200,279,portrait,27267,RGB
194993_200w.jpg,200,279,portrait,20001,RGB
194994_200w.jpg,200,279,portrait,25398,RGB
194995_200w.jpg,200,279,portrait,22705,RGB
194996_200w.jpg,200,279,portrait,25816,RGB
194997_200w.jpg,200,279,portrait,29042,RGB
194998_200w.jpg,200,279,portrait,26466,RGB
194999_200w.jpg,200,279,portrait,27038,RGB
195000_200w.jpg,200,279,portrait,28219,RGB
195002_200w.jpg,200,279,portrait,20897,RGB
195003_200w.jpg,200,279,portrait,22568,RGB
195004_200w.jpg,200,279,portrait,22642,RGB
195005_200w.jpg,200,279,portrait,21875,RGB
195006_200w.jpg,200,279,portrait,24286,RGB
195007_200w.jpg,200,279,portrait,22963,RGB
195008_200w.jpg,200,279,portrait,23388,RGB
195009_200w.jpg,200,279,portrait,26844,RGB
195010_200w.jpg,200,279,portrait,19728,RGB
195011_200w.jpg,200,279,portrait,20082,RGB
195012_200w.jpg,200,279,portrait,19341,RGB
195013_200w.jpg,200,279,portrait,19376,RGB
195014_200w.jpg,200,279,portrait,21040,RGB
195015_200w.jpg,200,279,portrait,18248,RGB
195016_200w.jpg,200,279,portrait,24500,RGB
195019_200w.jpg,200,279,portrait,19720,RGB
195020_200w.jpg,200,279,portrait,18595,RGB
195021_200w.jpg,200,279,portrait,21032,RGB
195022_200w.jpg,200,279,portrait,18829,RGB
195023_200w.jpg,200,279,portrait,22245,RGB
195024_200w.jpg,200,279,portrait,20416,RGB
195025_200w.jpg,200,279,portrait,18023,RGB
195026_200w.jpg,200,279,portrait,22324,RGB
195027_200w.jpg,200,279,portrait,22838,RGB
195029_200w.jpg,200,279,portrait,19220,RGB
195030_200w.jpg,200,279,portrait,19515,RGB
195032_200w.jpg,200,279,portrait,20761,RGB
195033_200w.jpg,200,279,portrait,21105,RGB
195040_200w.jpg,200,279,portrait,21916,RGB
195041_200w.jpg,200,279,portrait,22725,RGB
195042_200w.jpg,200,279,portrait,21736,RGB
195043_200w.jpg,200,279,portrait,21523,RGB
195045_200w.jpg,200,279,portrait,21695,RGB
195047_200w.jpg,200,279,portrait,21835,RGB
195052_200w.jpg,200,279,portrait,27299,RGB
195053_200w.jpg,200,279,portrait,25201,RGB
195054_200w.jpg,200,279,portrait,24260,RGB
195059_200w.jpg,200,279,portrait,23595,RGB
195061_200w.jpg,200,279,portrait,20038,RGB
195062_200w.jpg,200,279,portrait,21769,RGB
195063_200w.jpg,200,279,portrait,23877,RGB
195064_200w.jpg,200,279,portrait,21220,RGB
195065_200w.jpg,200,279,portrait,19472,RGB
195066_200w.jpg,200,279,portrait,20358,RGB
195068_200w.jpg,200,279,portrait,25399,RGB
195069_200w.jpg,200,279,portrait,22135,RGB
195070_200w.jpg,200,279,portrait,20530,RGB
195072_200w.jpg,200,279,portrait,23488,RGB
195073_200w.jpg,200,279,portrait,20537,RGB
195074_200w.jpg,200,279,portrait,21412,RGB
195075_200w.jpg,200,279,portrait,22492,RGB
195077_200w.jpg,200,279,portrait,22817,RGB
195078_200w.jpg,200,279,portrait,21650,RGB
195080_200w.jpg,200,279,portrait,22522,RGB
195081_200w.jpg,200,279,portrait,24731,RGB
195083_200w.jpg,200,279,portrait,28460,RGB
195088_200w.jpg,200,279,portrait,28270,RGB
195089_200w.jpg,200,279,portrait,28886,RGB
195090_200w.jpg,200,279,portrait,27364,RGB
195091_200w.jpg,200,279,portrait,23404,RGB
195094_200w.jpg,200,279,portrait,22599,RGB
195097_200w.jpg,200,279,portrait,21042,RGB
195100_200w.jpg,200,279,portrait,25843,RGB
195101_200w.jpg,200,279,portrait,20987,RGB
195103_200w.jpg,200,279,portrait,28436,RGB
195104_200w.jpg,200,279,portrait,21067,RGB
195105_200w.jpg,200,279,portrait,24898,RGB
195110_200w.jpg,200,279,portrait,23001,RGB
195111_200w.jpg,200,279,portrait,23091,RGB
195113_200w.jpg,200,279,portrait,24191,RGB
195118_200w.jpg,200,279,portrait,23657,RGB
195119_200w.jpg,200,279,portrait,25683,RGB
195122_200w.jpg,200,279,portrait,26257,RGB
195124_200w.jpg,200,279,portrait,26373,RGB
195125_200w.jpg,200,279,portrait,25201,RGB
195126_200w.jpg,200,279,portrait,23444,RGB
195131_200w.jpg,200,279,portrait,22809,RGB
195132_200w.jpg,200,279,portrait,20403,RGB
195138_200w.jpg,200,279,portrait,28228,RGB
195139_200w.jpg,200,279,portrait,31641,RGB
195140_200w.jpg,200,279,portrait,29151,RGB
195142_200w.jpg,200,279,portrait,23204,RGB
195143_200w.jpg,200,279,portrait,20791,RGB
195144_200w.jpg,200,279,portrait,21865,RGB
195145_200w.jpg,200,279,portrait,22407,RGB
195146_200w.jpg,200,279,portrait,24966,RGB
195147_200w.jpg,200,279,portrait,27988,RGB
195149_200w.jpg,200,279,portrait,25755,RGB
195150_200w.jpg,200,279,portrait,24593,RGB
195151_200w.jpg,200,279,portrait,23020,RGB
195152_200w.jpg,200,279,portrait,23889,RGB
195153_200w.jpg,200,279,portrait,23101,RGB
195154_200w.jpg,200,279,portrait,24250,RGB
195155_200w.jpg,200,279,portrait,23691,RGB
195156_200w.jpg,200,279,portrait,21288,RGB
195157_200w.jpg,200,279,portrait,23241,RGB
195158_200w.jpg,200,279,portrait,29294,RGB
195159_200w.jpg,200,279,portrait,28643,RGB
195160_200w.jpg,200,279,portrait,27856,RGB
195161_200w.jpg,200,279,portrait,22295,RGB
195162_200w.jpg,200,279,portrait,20411,RGB
195163_200w.jpg,200,279,portrait,23650,RGB
195164_200w.jpg,200,279,portrait,23571,RGB
195165_200w.jpg,200,279,portrait,20595,RGB
195166_200w.jpg,200,279,portrait,24846,RGB
195167_200w.jpg,200,279,portrait,20689,RGB
195168_200w.jpg,200,279,portrait,22382,RGB
195169_200w.jpg,200,279,portrait,21969,RGB
195170_200w.jpg,200,279,portrait,23786,RGB
195171_200w.jpg,200,279,portrait,19887,RGB
195172_200w.jpg,200,279,portrait,22235,RGB
195173_200w.jpg,200,279,portrait,21650,RGB
195174_200w.jpg,200,279,portrait,19603,RGB
195175_200w.jpg,200,279,portrait,20544,RGB
195176_200w.jpg,200,279,portrait,20513,RGB
195179_200w.jpg,200,279,portrait,20953,RGB
195180_200w.jpg,200,279,portrait,23145,RGB
195181_200w.jpg,200,279,portrait,18889,RGB
195183_200w.jpg,200,279,portrait,21580,RGB
195185_200w.jpg,200,279,portrait,20596,RGB
195192_200w.jpg,200,279,portrait,23480,RGB
195194_200w.jpg,200,279,portrait,18849,RGB
195214_200w.jpg,200,279,portrait,21905,RGB
195215_200w.jpg,200,279,portrait,19077,RGB
195216_200w.jpg,200,279,portrait,24342,RGB
195217_200w.jpg,200,279,portrait,15690,RGB
195218_200w.jpg,200,279,portrait,19543,RGB
195219_200w.jpg,200,279,portrait,19250,RGB
195220_200w.jpg,200,279,portrait,20466,RGB
195226_200w.jpg,200,279,portrait,19081,RGB
195227_200w.jpg,200,279,portrait,21517,RGB
195229_200w.jpg,200,279,portrait,18133,RGB
195231_200w.jpg,200,279,portrait,21757,RGB
195250_200w.jpg,200,279,portrait,24182,RGB
195251_200w.jpg,200,279,portrait,22509,RGB
195252_200w.jpg,200,279,portrait,19124,RGB
195253_200w.jpg,200,279,portrait,17896,RGB
195254_200w.jpg,200,279,portrait,19006,RGB
195255_200w.jpg,200,279,portrait,18460,RGB
195256_200w.jpg,200,279,portrait,20283,RGB
195257_200w.jpg,200,279,portrait,20507,RGB
195258_200w.jpg,200,279,portrait,22870,RGB
195259_200w.jpg,200,279,portrait,20728,RGB
195262_200w.jpg,200,279,portrait,21175,RGB
195263_200w.jpg,200,279,portrait,19714,RGB
195264_200w.jpg,200,279,portrait,18415,RGB
195265_200w.jpg,200,279,portrait,18528,RGB
195266_200w.jpg,200,279,portrait,19064,RGB
195275_200w.jpg,200,279,portrait,19513,RGB
195277_200w.jpg,200,279,portrait,19859,RGB
195279_200w.jpg,200,279,portrait,18329,RGB
195283_200w.jpg,200,279,portrait,18786,RGB
195290_200w.jpg,200,279,portrait,30227,RGB
195292_200w.jpg,200,279,portrait,26388,RGB
195293_200w.jpg,200,279,portrait,25916,RGB
195294_200w.jpg,200,279,portrait,26046,RGB
195295_200w.jpg,200,279,portrait,23383,RGB
195296_200w.jpg,200,279,portrait,23322,RGB
195298_200w.jpg,200,279,portrait,26200,RGB
195314_200w.jpg,200,279,portrait,21507,RGB
195315_200w.jpg,200,279,portrait,26257,RGB
195316_200w.jpg,200,279,portrait,23535,RGB
195317_200w.jpg,200,279,portrait,23886,RGB
195320_200w.jpg,200,279,portrait,24174,RGB
195321_200w.jpg,200,279,portrait,25352,RGB
195330_200w.jpg,200,279,portrait,30252,RGB
195332_200w.jpg,200,279,portrait,21165,RGB
195333_200w.jpg,200,279,portrait,21328,RGB
195344_200w.jpg,200,279,portrait,30425,RGB
195619_200w.jpg,200,279,portrait,26389,RGB
196347_200w.jpg,200,279,portrait,31111,RGB
196348_200w.jpg,200,279,portrait,32037,RGB
196715_200w.jpg,200,279,portrait,25130,RGB
196716_200w.jpg,200,279,portrait,24481,RGB
196717_200w.jpg,200,279,portrait,24804,RGB
196718_200w.jpg,200,279,portrait,24043,RGB
196719_200w.jpg,200,279,portrait,20583,RGB
196721_200w.jpg,200,279,portrait,25971,RGB
196723_200w.jpg,200,272,portrait,23708,RGB
196724_200w.jpg,200,280,portrait,21115,RGB
196992_200w.jpg,200,279,portrait,20172,RGB
197643_200w.jpg,200,279,portrait,22012,RGB
197644_200w.jpg,200,279,portrait,20209,RGB
197645_200w.jpg,200,279,portrait,19826,RGB
197646_200w.jpg,200,279,portrait,21960,RGB
197647_200w.jpg,200,279,portrait,20219,RGB
197648_200w.jpg,200,279,portrait,22396,RGB
197649_200w.jpg,200,279,portrait,20259,RGB
197650_200w.jpg,200,279,portrait,21677,RGB
197651_200w.jpg,200,279,portrait,24620,RGB
197652_200w.jpg,200,279,portrait,20515,RGB
197653_200w.jpg,200,279,portrait,21560,RGB
197654_200w.jpg,200,279,portrait,21796,RGB
197657_200w.jpg,200,279,portrait,21407,RGB
197658_200w.jpg,200,279,portrait,26576,RGB
197659_200w.jpg,200,279,portrait,25355,RGB
197660_200w.jpg,200,279,portrait,29271,RGB
197661_200w.jpg,200,279,portrait,20438,RGB
197662_200w.jpg,200,279,portrait,24478,RGB
197663_200w.jpg,200,279,portrait,20998,RGB
197664_200w.jpg,200,279,portrait,26567,RGB
197665_200w.jpg,200,279,portrait,16677,RGB
197666_200w.jpg,200,279,portrait,22121,RGB
197667_200w.jpg,200,279,portrait,24042,RGB
197668_200w.jpg,200,279,portrait,24158,RGB
197669_200w.jpg,200,279,portrait,19223,RGB
197670_200w.jpg,200,279,portrait,17775,RGB
197671_200w.jpg,200,279,portrait,22047,RGB
197673_200w.jpg,200,279,portrait,21492,RGB
197674_200w.jpg,200,279,portrait,18120,RGB
197675_200w.jpg,200,279,portrait,23258,RGB
197676_200w.jpg,200,279,portrait,16063,RGB
197677_200w.jpg,200,279,portrait,20125,RGB
197678_200w.jpg,200,279,portrait,23121,RGB
197679_200w.jpg,200,279,portrait,22490,RGB
197680_200w.jpg,200,279,portrait,25658,RGB
197681_200w.jpg,200,279,portrait,22383,RGB
197682_200w.jpg,200,279,portrait,21231,RGB
197683_200w.jpg,200,279,portrait,20111,RGB
197684_200w.jpg,200,279,portrait,20655,RGB
197685_200w.jpg,200,279,portrait,20886,RGB
197686_200w.jpg,200,279,portrait,23396,RGB
197687_200w.jpg,200,279,portrait,22053,RGB
197688_200w.jpg,200,279,portrait,29997,RGB
197689_200w.jpg,200,279,portrait,18394,RGB
197691_200w.jpg,200,279,portrait,20542,RGB
197692_200w.jpg,200,279,portrait,20893,RGB
197693_200w.jpg,200,279,portrait,22551,RGB
197694_200w.jpg,200,279,portrait,19283,RGB
197696_200w.jpg,200,279,portrait,20388,RGB
197697_200w.jpg,200,279,portrait,19966,RGB
197699_200w.jpg,200,279,portrait,18925,RGB
197700_200w.jpg,200,279,portrait,19046,RGB
197702_200w.jpg,200,279,portrait,18929,RGB
197704_200w.jpg,200,279,portrait,20985,RGB
197706_200w.jpg,200,279,portrait,21781,RGB
197709_200w.jpg,200,279,portrait,17713,RGB
197711_200w.jpg,200,279,portrait,18597,RGB
197712_200w.jpg,200,279,portrait,17473,RGB
197714_200w.jpg,200,279,portrait,21301,RGB
197716_200w.jpg,200,279,portrait,20570,RGB
197717_200w.jpg,200,279,portrait,22037,RGB
197720_200w.jpg,200,279,portrait,23297,RGB
197724_200w.jpg,200,279,portrait,20196,RGB
197725_200w.jpg,200,279,portrait,20517,RGB
197726_200w.jpg,200,279,portrait,31296,RGB
197728_200w.jpg,200,279,portrait,28450,RGB
197732_200w.jpg,200,279,portrait,25219,RGB
197738_200w.jpg,200,279,portrait,20826,RGB
197739_200w.jpg,200,279,portrait,18641,RGB
197740_200w.jpg,200,279,portrait,22347,RGB
197741_200w.jpg,200,279,portrait,18816,RGB
197743_200w.jpg,200,279,portrait,19400,RGB
197744_200w.jpg,200,279,portrait,19171,RGB
197745_200w.jpg,200,279,portrait,23707,RGB
197762_200w.jpg,200,279,portrait,20017,RGB
197763_200w.jpg,200,279,portrait,18700,RGB
197764_200w.jpg,200,279,portrait,22146,RGB
197765_200w.jpg,200,279,portrait,20436,RGB
197766_200w.jpg,200,279,portrait,22758,RGB
197767_200w.jpg,200,279,portrait,19206,RGB
197768_200w.jpg,200,279,portrait,24600,RGB
197769_200w.jpg,200,279,portrait,19622,RGB
197770_200w.jpg,200,279,portrait,28631,RGB
197771_200w.jpg,200,279,portrait,17078,RGB
197772_200w.jpg,200,279,portrait,17394,RGB
197773_200w.jpg,200,279,portrait,20160,RGB
197774_200w.jpg,200,279,portrait,27751,RGB
197775_200w.jpg,200,279,portrait,19243,RGB
197776_200w.jpg,200,279,portrait,30012,RGB
197777_200w.jpg,200,279,portrait,22972,RGB
197778_200w.jpg,200,279,portrait,19807,RGB
197779_200w.jpg,200,279,portrait,21605,RGB
197780_200w.jpg,200,279,portrait,28451,RGB
197781_200w.jpg,200,279,portrait,20548,RGB
197782_200w.jpg,200,279,portrait,29480,RGB
197783_200w.jpg,200,279,portrait,23064,RGB
197784_200w.jpg,200,279,portrait,19579,RGB
197785_200w.jpg,200,279,portrait,29545,RGB
197786_200w.jpg,200,279,portrait,24962,RGB
197787_200w.jpg,200,279,portrait,30015,RGB
197788_200w.jpg,200,279,portrait,20264,RGB
197789_200w.jpg,200,279,portrait,30104,RGB
197790_200w.jpg,200,279,portrait,23045,RGB
197791_200w.jpg,200,279,portrait,27590,RGB
197792_200w.jpg,200,279,portrait,23208,RGB
197793_200w.jpg,200,279,portrait,18368,RGB
197794_200w.jpg,200,279,portrait,20369,RGB
197795_200w.jpg,200,279,portrait,29267,RGB
197796_200w.jpg,200,279,portrait,23740,RGB
197797_200w.jpg,200,279,portrait,31498,RGB
197798_200w.jpg,200,279,portrait,20667,RGB
197799_200w.jpg,200,279,portrait,18906,RGB
197800_200w.jpg,200,279,portrait,26078,RGB
197801_200w.jpg,200,279,portrait,18392,RGB
197802_200w.jpg,200,279,portrait,20197,RGB
197803_200w.jpg,200,279,portrait,32243,RGB
197804_200w.jpg,200,279,portrait,20121,RGB
197805_200w.jpg,200,279,portrait,19024,RGB
197806_200w.jpg,200,279,portrait,26730,RGB
197807_200w.jpg,200,279,portrait,22293,RGB
197808_200w.jpg,200,279,portrait,26242,RGB
197809_200w.jpg,200,279,portrait,22734,RGB
197810_200w.jpg,200,279,portrait,28311,RGB
197811_200w.jpg,200,279,portrait,20776,RGB
197812_200w.jpg,200,279,portrait,28097,RGB
197813_200w.jpg,200,279,portrait,18788,RGB
197814_200w.jpg,200,279,portrait,30249,RGB
197815_200w.jpg,200,279,portrait,17844,RGB
197816_200w.jpg,200,279,portrait,27619,RGB
197818_200w.jpg,200,279,portrait,31294,RGB
197819_200w.jpg,200,279,portrait,21296,RGB
197820_200w.jpg,200,279,portrait,28662,RGB
197821_200w.jpg,200,279,portrait,28353,RGB
197822_200w.jpg,200,279,portrait,30542,RGB
197823_200w.jpg,200,279,portrait,26690,RGB
197824_200w.jpg,200,279,portrait,30670,RGB
197825_200w.jpg,200,279,portrait,32090,RGB
197826_200w.jpg,200,279,portrait,29532,RGB
197827_200w.jpg,200,279,portrait,27637,RGB
197828_200w.jpg,200,279,portrait,28178,RGB
197829_200w.jpg,200,279,portrait,29459,RGB
197830_200w.jpg,200,279,portrait,28823,RGB
197831_200w.jpg,200,279,portrait,28471,RGB
197832_200w.jpg,200,279,portrait,30100,RGB
197833_200w.jpg,200,279,portrait,30005,RGB
197834_200w.jpg,200,279,portrait,28703,RGB
197835_200w.jpg,200,279,portrait,27275,RGB
197836_200w.jpg,200,279,portrait,23705,RGB
197837_200w.jpg,200,279,portrait,26583,RGB
197838_200w.jpg,200,279,portrait,23362,RGB
197839_200w.jpg,200,279,portrait,24442,RGB
197840_200w.jpg,200,279,portrait,23953,RGB
197841_200w.jpg,200,279,portrait,29507,RGB
197842_200w.jpg,200,279,portrait,27111,RGB
197843_200w.jpg,200,279,portrait,27477,RGB
197844_200w.jpg,200,279,portrait,28533,RGB
197845_200w.jpg,200,279,portrait,27571,RGB
197846_200w.jpg,200,279,portrait,28489,RGB
197847_200w.jpg,200,279,portrait,26438,RGB
197848_200w.jpg,200,279,portrait,25069,RGB
197853_200w.jpg,200,279,portrait,22509,RGB
197854_200w.jpg,200,279,portrait,20878,RGB
197855_200w.jpg,200,279,portrait,22463,RGB
197856_200w.jpg,200,279,portrait,29661,RGB
197872_200w.jpg,200,279,portrait,30641,RGB
197873_200w.jpg,200,279,portrait,30871,RGB
197874_200w.jpg,200,279,portrait,26780,RGB
197875_200w.jpg,200,279,portrait,29175,RGB
197876_200w.jpg,200,279,portrait,26707,RGB
197888_200w.jpg,200,279,portrait,25301,RGB
197889_200w.jpg,200,279,portrait,24575,RGB
198217_200w.jpg,200,279,portrait,21666,RGB
198218_200w.jpg,200,279,portrait,19450,RGB
198219_200w.jpg,200,279,portrait,19684,RGB
198228_200w.jpg,200,284,portrait,20854,RGB
198229_200w.jpg,200,271,portrait,19071,RGB
198230_200w.jpg,200,276,portrait,19603,RGB
198231_200w.jpg,200,282,portrait,20196,RGB
198360_200w.jpg,200,279,portrait,23029,RGB
198529_200w.jpg,200,280,portrait,27138,RGB
198530_200w.jpg,200,280,portrait,28188,RGB
198531_200w.jpg,200,279,portrait,27961,RGB
198532_200w.jpg,200,279,portrait,28359,RGB
198533_200w.jpg,200,280,portrait,30208,RGB
198534_200w.jpg,200,279,portrait,30152,RGB
198771_200w.jpg,200,279,portrait,22558,RGB
198772_200w.jpg,200,279,portrait,25402,RGB
199311_200w.jpg,200,279,portrait,25043,RGB
199330_200w.jpg,200,279,portrait,24310,RGB
199488_200w.jpg,200,279,portrait,25193,RGB
199609_200w.jpg,200,280,portrait,21933,RGB
199611_200w.jpg,200,282,portrait,20166,RGB
199617_200w.jpg,200,280,portrait,24179,RGB
199622_200w.jpg,200,280,portrait,23137,RGB
199679_200w.jpg,200,279,portrait,11514,RGB
199681_200w.jpg,200,282,portrait,22129,RGB
200192_200w.jpg,200,277,portrait,20647,RGB
200193_200w.jpg,200,277,portrait,20745,RGB
200203_200w.jpg,200,280,portrait,20129,RGB
200272_200w.jpg,200,279,portrait,26451,RGB
200273_200w.jpg,200,279,portrait,26409,RGB
200274_200w.jpg,200,279,portrait,28038,RGB
200275_200w.jpg,200,279,portrait,21362,RGB
200276_200w.jpg,200,279,portrait,21120,RGB
200300_200w.jpg,200,278,portrait,19897,RGB
200301_200w.jpg,200,280,portrait,20064,RGB
200302_200w.jpg,200,279,portrait,20471,RGB
200311_200w.jpg,200,278,portrait,21062,RGB
200312_200w.jpg,200,279,portrait,20626,RGB
200313_200w.jpg,200,279,portrait,21319,RGB
200350_200w.jpg,200,279,portrait,30941,RGB
200351_200w.jpg,200,279,portrait,30759,RGB
200352_200w.jpg,200,279,portrait,32314,RGB
200353_200w.jpg,200,279,portrait,27869,RGB
200377_200w.jpg,200,279,portrait,20989,RGB
200378_200w.jpg,200,278,portrait,22814,RGB
200553_200w.jpg,200,279,portrait,24197,RGB
200602_200w.jpg,200,281,portrait,23568,RGB
200960_200w.jpg,200,279,portrait,19157,RGB
200961_200w.jpg,200,279,portrait,19886,RGB
200963_200w.jpg,200,279,portrait,22690,RGB
200964_200w.jpg,200,279,portrait,21149,RGB
200967_200w.jpg,200,279,portrait,21140,RGB
200973_200w.jpg,200,279,portrait,21678,RGB
200977_200w.jpg,200,279,portrait,17217,RGB
201132_200w.jpg,200,279,portrait,21059,RGB
201133_200w.jpg,200,279,portrait,17830,RGB
201134_200w.jpg,200,279,portrait,21133,RGB
201136_200w.jpg,200,279,portrait,20003,RGB
201137_200w.jpg,200,279,portrait,21277,RGB
201139_200w.jpg,200,279,portrait,30456,RGB
201140_200w.jpg,200,279,portrait,19953,RGB
201141_200w.jpg,200,279,portrait,29307,RGB
201142_200w.jpg,200,279,portrait,22932,RGB
201143_200w.jpg,200,279,portrait,19676,RGB
201144_200w.jpg,200,279,portrait,22966,RGB
201145_200w.jpg,200,279,portrait,24269,RGB
201146_200w.jpg,200,279,portrait,19313,RGB
201147_200w.jpg,200,279,portrait,23086,RGB
201148_200w.jpg,200,279,portrait,21990,RGB
201149_200w.jpg,200,279,portrait,25948,RGB
201150_200w.jpg,200,279,portrait,21838,RGB
201151_200w.jpg,200,279,portrait,18945,RGB
201152_200w.jpg,200,279,portrait,22534,RGB
201153_200w.jpg,200,279,portrait,19945,RGB
201154_200w.jpg,200,279,portrait,20249,RGB
201155_200w.jpg,200,279,portrait,23904,RGB
201156_200w.jpg,200,279,portrait,21624,RGB
201157_200w.jpg,200,279,portrait,25999,RGB
201158_200w.jpg,200,279,portrait,21457,RGB
201159_200w.jpg,200,279,portrait,21208,RGB
201160_200w.jpg,200,279,portrait,22716,RGB
201161_200w.jpg,200,279,portrait,22991,RGB
201162_200w.jpg,200,279,portrait,22326,RGB
201163_200w.jpg,200,279,portrait,20075,RGB
201164_200w.jpg,200,279,portrait,25413,RGB
201165_200w.jpg,200,279,portrait,21600,RGB
201166_200w.jpg,200,279,portrait,22637,RGB
201167_200w.jpg,200,279,portrait,20420,RGB
201168_200w.jpg,200,279,portrait,26119,RGB
201169_200w.jpg,200,279,portrait,22032,RGB
201170_200w.jpg,200,279,portrait,27870,RGB
201171_200w.jpg,200,279,portrait,20953,RGB
201172_200w.jpg,200,279,portrait,23611,RGB
201173_200w.jpg,200,279,portrait,19007,RGB
201174_200w.jpg,200,279,portrait,24360,RGB
201175_200w.jpg,200,279,portrait,22561,RGB
201176_200w.jpg,200,279,portrait,23400,RGB
201177_200w.jpg,200,279,portrait,23494,RGB
201178_200w.jpg,200,279,portrait,22877,RGB
201179_200w.jpg,200,279,portrait,23069,RGB
201180_200w.jpg,200,279,portrait,24613,RGB
201182_200w.jpg,200,279,portrait,25766,RGB
201183_200w.jpg,200,279,portrait,24720,RGB
201184_200w.jpg,200,279,portrait,24148,RGB
201185_200w.jpg,200,279,portrait,24747,RGB
201186_200w.jpg,200,279,portrait,23598,RGB
201187_200w.jpg,200,279,portrait,27094,RGB
201188_200w.jpg,200,279,portrait,19942,RGB
201189_200w.jpg,200,279,portrait,21551,RGB
201190_200w.jpg,200,279,portrait,19571,RGB
201191_200w.jpg,200,279,portrait,20466,RGB
201192_200w.jpg,200,279,portrait,23280,RGB
201193_200w.jpg,200,279,portrait,21403,RGB
201194_200w.jpg,200,279,portrait,18343,RGB
201195_200w.jpg,200,279,portrait,23709,RGB
201196_200w.jpg,200,279,portrait,22950,RGB
201197_200w.jpg,200,279,portrait,25348,RGB
201198_200w.jpg,200,279,portrait,20040,RGB
201199_200w.jpg,200,279,portrait,20745,RGB
201200_200w.jpg,200,279,portrait,22545,RGB
201201_200w.jpg,200,279,portrait,22898,RGB
201202_200w.jpg,200,279,portrait,23679,RGB
201203_200w.jpg,200,279,portrait,24603,RGB
201204_200w.jpg,200,279,portrait,29609,RGB
201205_200w.jpg,200,279,portrait,32767,RGB
201206_200w.jpg,200,279,portrait,22489,RGB
201207_200w.jpg,200,279,portrait,23125,RGB
201208_200w.jpg,200,279,portrait,30977,RGB
201209_200w.jpg,200,279,portrait,19203,RGB
201210_200w.jpg,200,279,portrait,21974,RGB
201211_200w.jpg,200,279,portrait,24677,RGB
201212_200w.jpg,200,279,portrait,22178,RGB
201213_200w.jpg,200,279,portrait,19961,RGB
201214_200w.jpg,200,279,portrait,22941,RGB
201215_200w.jpg,200,279,portrait,23440,RGB
201216_200w.jpg,200,279,portrait,20269,RGB
201217_200w.jpg,200,279,portrait,24179,RGB
201218_200w.jpg,200,279,portrait,23333,RGB
201219_200w.jpg,200,279,portrait,22134,RGB
201220_200w.jpg,200,279,portrait,23596,RGB
201221_200w.jpg,200,279,portrait,21632,RGB
201222_200w.jpg,200,279,portrait,21583,RGB
201223_200w.jpg,200,279,portrait,22185,RGB
201225_200w.jpg,200,279,portrait,18702,RGB
201226_200w.jpg,200,279,portrait,21085,RGB
201227_200w.jpg,200,279,portrait,19974,RGB
201228_200w.jpg,200,279,portrait,25483,RGB
201229_200w.jpg,200,279,portrait,23204,RGB
201230_200w.jpg,200,279,portrait,21233,RGB
201231_200w.jpg,200,279,portrait,23461,RGB
201232_200w.jpg,200,279,portrait,24622,RGB
201233_200w.jpg,200,279,portrait,25076,RGB
201235_200w.jpg,200,279,portrait,22565,RGB
201236_200w.jpg,200,279,portrait,23761,RGB
201238_200w.jpg,200,279,portrait,23503,RGB
201239_200w.jpg,200,279,portrait,21595,RGB
201240_200w.jpg,200,279,portrait,25598,RGB
201241_200w.jpg,200,279,portrait,21408,RGB
201242_200w.jpg,200,279,portrait,20348,RGB
201243_200w.jpg,200,279,portrait,24889,RGB
201244_200w.jpg,200,279,portrait,21925,RGB
201245_200w.jpg,200,279,portrait,18571,RGB
201246_200w.jpg,200,279,portrait,21660,RGB
201247_200w.jpg,200,279,portrait,24238,RGB
201248_200w.jpg,200,279,portrait,21108,RGB
201249_200w.jpg,200,279,portrait,30616,RGB
201250_200w.jpg,200,279,portrait,29554,RGB
201251_200w.jpg,200,279,portrait,21688,RGB
201252_200w.jpg,200,279,portrait,20426,RGB
201253_200w.jpg,200,279,portrait,19014,RGB
201254_200w.jpg,200,279,portrait,21772,RGB
201255_200w.jpg,200,279,portrait,16922,RGB
201256_200w.jpg,200,279,portrait,22034,RGB
201257_200w.jpg,200,279,portrait,21889,RGB
201258_200w.jpg,200,279,portrait,21873,RGB
201259_200w.jpg,200,279,portrait,20087,RGB
201260_200w.jpg,200,279,portrait,20829,RGB
201261_200w.jpg,200,279,portrait,22107,RGB
201262_200w.jpg,200,279,portrait,23573,RGB
201263_200w.jpg,200,279,portrait,21295,RGB
201264_200w.jpg,200,279,portrait,22087,RGB
201265_200w.jpg,200,279,portrait,18131,RGB
201266_200w.jpg,200,279,portrait,21419,RGB
201267_200w.jpg,200,279,portrait,18310,RGB
201268_200w.jpg,200,279,portrait,22641,RGB
201269_200w.jpg,200,279,portrait,26767,RGB
201270_200w.jpg,200,279,portrait,24976,RGB
201271_200w.jpg,200,279,portrait,20175,RGB
201272_200w.jpg,200,279,portrait,21623,RGB
201273_200w.jpg,200,279,portrait,21868,RGB
201274_200w.jpg,200,279,portrait,19505,RGB
201275_200w.jpg,200,279,portrait,21334,RGB
201276_200w.jpg,200,279,portrait,19927,RGB
201277_200w.jpg,200,279,portrait,23334,RGB
201278_200w.jpg,200,279,portrait,20006,RGB
201279_200w.jpg,200,279,portrait,23046,RGB
201280_200w.jpg,200,279,portrait,22245,RGB
201281_200w.jpg,200,279,portrait,20590,RGB
201283_200w.jpg,200,279,portrait,23665,RGB
201284_200w.jpg,200,279,portrait,29605,RGB
201285_200w.jpg,200,279,portrait,29882,RGB
201286_200w.jpg,200,279,portrait,31080,RGB
201287_200w.jpg,200,279,portrait,27932,RGB
201288_200w.jpg,200,279,portrait,18620,RGB
201289_200w.jpg,200,279,portrait,20303,RGB
201290_200w.jpg,200,279,portrait,21652,RGB
201291_200w.jpg,200,279,portrait,21384,RGB
201292_200w.jpg,200,279,portrait,23995,RGB
201293_200w.jpg,200,279,portrait,19995,RGB
201294_200w.jpg,200,279,portrait,20257,RGB
201295_200w.jpg,200,279,portrait,21437,RGB
201296_200w.jpg,200,279,portrait,19845,RGB
201297_200w.jpg,200,279,portrait,23919,RGB
201298_200w.jpg,200,279,portrait,24673,RGB
201299_200w.jpg,200,279,portrait,20273,RGB
201300_200w.jpg,200,279,portrait,22118,RGB
201301_200w.jpg,200,279,portrait,20963,RGB
201302_200w.jpg,200,279,portrait,23465,RGB
201303_200w.jpg,200,279,portrait,22845,RGB
201304_200w.jpg,200,279,portrait,22800,RGB
201305_200w.jpg,200,279,portrait,20485,RGB
201306_200w.jpg,200,279,portrait,29458,RGB
201307_200w.jpg,200,279,portrait,29107,RGB
201308_200w.jpg,200,279,portrait,22698,RGB
201309_200w.jpg,200,279,portrait,23419,RGB
201310_200w.jpg,200,279,portrait,17148,RGB
201311_200w.jpg,200,279,portrait,19625,RGB
201312_200w.jpg,200,279,portrait,22576,RGB
201313_200w.jpg,200,279,portrait,19385,RGB
201314_200w.jpg,200,279,portrait,24414,RGB
201315_200w.jpg,200,279,portrait,20183,RGB
201316_200w.jpg,200,279,portrait,19627,RGB
201317_200w.jpg,200,279,portrait,20965,RGB
201318_200w.jpg,200,279,portrait,20503,RGB
201319_200w.jpg,200,279,portrait,23669,RGB
201321_200w.jpg,200,279,portrait,19695,RGB
201322_200w.jpg,200,279,portrait,19381,RGB
201323_200w.jpg,200,279,portrait,25775,RGB
201324_200w.jpg,200,279,portrait,20195,RGB
201325_200w.jpg,200,279,portrait,19619,RGB
201326_200w.jpg,200,279,portrait,18933,RGB
201327_200w.jpg,200,279,portrait,19590,RGB
201328_200w.jpg,200,279,portrait,19720,RGB
201330_200w.jpg,200,279,portrait,30488,RGB
201331_200w.jpg,200,279,portrait,29098,RGB
201332_200w.jpg,200,279,portrait,31916,RGB
201333_200w.jpg,200,279,portrait,29111,RGB
201334_200w.jpg,200,279,portrait,32737,RGB
201335_200w.jpg,200,279,portrait,29308,RGB
201336_200w.jpg,200,279,portrait,27182,RGB
201337_200w.jpg,200,279,portrait,30876,RGB
201338_200w.jpg,200,279,portrait,28643,RGB
201339_200w.jpg,200,279,portrait,33037,RGB
201340_200w.jpg,200,279,portrait,31450,RGB
201341_200w.jpg,200,279,portrait,31171,RGB
201342_200w.jpg,200,279,portrait,29406,RGB
201343_200w.jpg,200,279,portrait,29727,RGB
201344_200w.jpg,200,279,portrait,26166,RGB
201345_200w.jpg,200,279,portrait,29457,RGB
201346_200w.jpg,200,279,portrait,30384,RGB
201347_200w.jpg,200,279,portrait,27960,RGB
201348_200w.jpg,200,279,portrait,25596,RGB
201349_200w.jpg,200,279,portrait,24717,RGB
201350_200w.jpg,200,279,portrait,24454,RGB
201351_200w.jpg,200,279,portrait,25131,RGB
201352_200w.jpg,200,279,portrait,26594,RGB
201353_200w.jpg,200,279,portrait,26958,RGB
201354_200w.jpg,200,279,portrait,29471,RGB
201355_200w.jpg,200,279,portrait,25108,RGB
201356_200w.jpg,200,279,portrait,25893,RGB
201357_200w.jpg,200,279,portrait,24727,RGB
201358_200w.jpg,200,279,portrait,25985,RGB
201359_200w.jpg,200,279,portrait,25543,RGB
201360_200w.jpg,200,279,portrait,28866,RGB
201361_200w.jpg,200,279,portrait,27685,RGB
201609_200w.jpg,200,279,portrait,28779,RGB
201610_200w.jpg,200,279,portrait,26889,RGB
201611_200w.jpg,200,279,portrait,28051,RGB
201612_200w.jpg,200,279,portrait,26343,RGB
201614_200w.jpg,200,279,portrait,27672,RGB
201615_200w.jpg,200,279,portrait,25255,RGB
201617_200w.jpg,200,279,portrait,27539,RGB
201619_200w.jpg,200,279,portrait,26431,RGB
201620_200w.jpg,200,279,portrait,29698,RGB
201622_200w.jpg,200,279,portrait,29465,RGB
201623_200w.jpg,200,279,portrait,27215,RGB
201626_200w.jpg,200,279,portrait,27566,RGB
201627_200w.jpg,200,279,portrait,24761,RGB
201629_200w.jpg,200,279,portrait,25280,RGB
201631_200w.jpg,200,279,portrait,25041,RGB
201632_200w.jpg,200,279,portrait,24400,RGB
201634_200w.jpg,200,279,portrait,24855,RGB
201635_200w.jpg,200,279,portrait,23605,RGB
201636_200w.jpg,200,279,portrait,22524,RGB
201639_200w.jpg,200,279,portrait,29931,RGB
201640_200w.jpg,200,279,portrait,30111,RGB
201641_200w.jpg,200,279,portrait,26785,RGB
201643_200w.jpg,200,279,portrait,26312,RGB
201646_200w.jpg,200,279,portrait,26255,RGB
201647_200w.jpg,200,279,portrait,24767,RGB
201648_200w.jpg,200,279,portrait,24607,RGB
201649_200w.jpg,200,279,portrait,25679,RGB
201650_200w.jpg,200,279,portrait,20047,RGB
201651_200w.jpg,200,279,portrait,27644,RGB
201925_200w.jpg,200,279,portrait,21300,RGB
201926_200w.jpg,200,279,portrait,25236,RGB
201928_200w.jpg,200,279,portrait,22442,RGB
201930_200w.jpg,200,279,portrait,18804,RGB
201938_200w.jpg,200,279,portrait,24931,RGB
201939_200w.jpg,200,281,portrait,22236,RGB
201940_200w.jpg,200,279,portrait,24407,RGB
201941_200w.jpg,200,278,portrait,21184,RGB
201942_200w.jpg,200,278,portrait,21383,RGB
201943_200w.jpg,200,279,portrait,24343,RGB
201944_200w.jpg,200,279,portrait,23499,RGB
201945_200w.jpg,200,279,portrait,21430,RGB
201953_200w.jpg,200,280,portrait,19504,RGB
201965_200w.jpg,200,279,portrait,22702,RGB
201979_200w.jpg,200,279,portrait,24371,RGB
201981_200w.jpg,200,279,portrait,24185,RGB
201983_200w.jpg,200,279,portrait,24207,RGB
202324_200w.jpg,200,280,portrait,21749,RGB
202325_200w.jpg,200,280,portrait,20497,RGB
202331_200w.jpg,200,280,portrait,23129,RGB
202333_200w.jpg,200,280,portrait,23291,RGB
202379_200w.jpg,200,279,portrait,20650,RGB
202636_200w.jpg,200,279,portrait,28932,RGB
202637_200w.jpg,200,279,portrait,28258,RGB
202638_200w.jpg,200,278,portrait,27820,RGB
202639_200w.jpg,200,280,portrait,19708,RGB
203914_200w.jpg,200,282,portrait,26769,RGB
203916_200w.jpg,200,282,portrait,28887,RGB
204224_200w.jpg,200,279,portrait,22200,RGB
204231_200w.jpg,200,279,portrait,21428,RGB
204232_200w.jpg,200,279,portrait,24343,RGB
204242_200w.jpg,200,277,portrait,26237,RGB
204966_200w.jpg,200,279,portrait,25680,RGB
204973_200w.jpg,200,279,portrait,21907,RGB
204984_200w.jpg,200,279,portrait,24117,RGB
204985_200w.jpg,200,279,portrait,19579,RGB
205162_200w.jpg,200,279,portrait,29986,RGB
205163_200w.jpg,200,279,portrait,32893,RGB
205164_200w.jpg,200,279,portrait,32323,RGB
205166_200w.jpg,200,279,portrait,28943,RGB
205167_200w.jpg,200,279,portrait,30623,RGB
205168_200w.jpg,200,279,portrait,28668,RGB
205169_200w.jpg,200,279,portrait,22063,RGB
205170_200w.jpg,200,279,portrait,20676,RGB
205171_200w.jpg,200,279,portrait,23246,RGB
205307_200w.jpg,200,278,portrait,21677,RGB
205308_200w.jpg,200,281,portrait,23134,RGB
205309_200w.jpg,200,280,portrait,25307,RGB
205310_200w.jpg,200,282,portrait,25145,RGB
205311_200w.jpg,200,278,portrait,17513,RGB
205312_200w.jpg,200,278,portrait,17643,RGB
205392_200w.jpg,200,279,portrait,24579,RGB
205393_200w.jpg,200,279,portrait,24589,RGB
205465_200w.jpg,200,280,portrait,24452,RGB
205466_200w.jpg,200,280,portrait,26776,RGB
205467_200w.jpg,200,280,portrait,28620,RGB
206046_200w.jpg,200,279,portrait,28931,RGB
206047_200w.jpg,200,279,portrait,25829,RGB
206048_200w.jpg,200,279,portrait,27348,RGB
206049_200w.jpg,200,279,portrait,28678,RGB
206050_200w.jpg,200,279,portrait,29274,RGB
206051_200w.jpg,200,279,portrait,19961,RGB
206052_200w.jpg,200,279,portrait,24906,RGB
206053_200w.jpg,200,279,portrait,26900,RGB
206054_200w.jpg,200,279,portrait,23835,RGB
206055_200w.jpg,200,279,portrait,28357,RGB
206056_200w.jpg,200,279,portrait,29933,RGB
206057_200w.jpg,200,279,portrait,30099,RGB
206297_200w.jpg,200,280,portrait,22989,RGB
206298_200w.jpg,200,281,portrait,22722,RGB
206418_200w.jpg,200,276,portrait,25763,RGB
206419_200w.jpg,200,279,portrait,25136,RGB
206421_200w.jpg,200,278,portrait,25499,RGB
206425_200w.jpg,200,276,portrait,27756,RGB
206426_200w.jpg,200,279,portrait,28378,RGB
206427_200w.jpg,200,280,portrait,20061,RGB
206428_200w.jpg,200,280,portrait,21275,RGB
206429_200w.jpg,200,280,portrait,18547,RGB
206430_200w.jpg,200,282,portrait,20474,RGB
206432_200w.jpg,200,280,portrait,23627,RGB
206434_200w.jpg,200,280,portrait,24476,RGB
206435_200w.jpg,200,280,portrait,24356,RGB
206823_200w.jpg,200,279,portrait,21848,RGB
206824_200w.jpg,200,279,portrait,20227,RGB
206825_200w.jpg,200,279,portrait,20125,RGB
206826_200w.jpg,200,279,portrait,20934,RGB
207496_200w.jpg,200,279,portrait,29390,RGB
207497_200w.jpg,200,280,portrait,29307,RGB
208032_200w.jpg,200,279,portrait,12612,RGB
208033_200w.jpg,200,279,portrait,13318,RGB
208034_200w.jpg,200,279,portrait,13436,RGB
208035_200w.jpg,200,279,portrait,11765,RGB
208037_200w.jpg,200,279,portrait,12823,RGB
208038_200w.jpg,200,279,portrait,12892,RGB
208260_200w.jpg,200,280,portrait,22298,RGB
208261_200w.jpg,200,280,portrait,22277,RGB
208262_200w.jpg,200,280,portrait,23287,RGB
208263_200w.jpg,200,280,portrait,23287,RGB
208264_200w.jpg,200,280,portrait,24254,RGB
208265_200w.jpg,200,280,portrait,24182,RGB
208266_200w.jpg,200,280,portrait,22686,RGB
208267_200w.jpg,200,280,portrait,22671,RGB
208269_200w.jpg,200,279,portrait,19737,RGB
208271_200w.jpg,200,279,portrait,18766,RGB
208272_200w.jpg,200,279,portrait,21054,RGB
208276_200w.jpg,200,279,portrait,19137,RGB
208281_200w.jpg,200,279,portrait,28218,RGB
208284_200w.jpg,200,279,portrait,20060,RGB
208286_200w.jpg,200,279,portrait,20502,RGB
208291_200w.jpg,200,279,portrait,23062,RGB
208292_200w.jpg,200,279,portrait,23239,RGB
208293_200w.jpg,200,279,portrait,23098,RGB
208294_200w.jpg,200,279,portrait,23737,RGB
208295_200w.jpg,200,279,portrait,20278,RGB
208296_200w.jpg,200,279,portrait,19361,RGB
208297_200w.jpg,200,279,portrait,21053,RGB
208298_200w.jpg,200,279,portrait,23187,RGB
208299_200w.jpg,200,279,portrait,21277,RGB
208300_200w.jpg,200,279,portrait,22228,RGB
208301_200w.jpg,200,279,portrait,19053,RGB
208302_200w.jpg,200,279,portrait,21405,RGB
208303_200w.jpg,200,279,portrait,25711,RGB
208304_200w.jpg,200,279,portrait,22637,RGB
208305_200w.jpg,200,279,portrait,19009,RGB
208306_200w.jpg,200,279,portrait,24025,RGB
208307_200w.jpg,200,279,portrait,22505,RGB
208308_200w.jpg,200,279,portrait,22310,RGB
208309_200w.jpg,200,279,portrait,21314,RGB
208310_200w.jpg,200,279,portrait,22794,RGB
208311_200w.jpg,200,279,portrait,22458,RGB
208312_200w.jpg,200,279,portrait,23947,RGB
208313_200w.jpg,200,279,portrait,23404,RGB
208314_200w.jpg,200,279,portrait,22960,RGB
208315_200w.jpg,200,279,portrait,21642,RGB
208316_200w.jpg,200,279,portrait,21193,RGB
208317_200w.jpg,200,279,portrait,24587,RGB
208339_200w.jpg,200,279,portrait,21263,RGB
208340_200w.jpg,200,279,portrait,25872,RGB
208341_200w.jpg,200,279,portrait,23493,RGB
208342_200w.jpg,200,279,portrait,21138,RGB
208344_200w.jpg,200,279,portrait,20920,RGB
208345_200w.jpg,200,279,portrait,22321,RGB
208346_200w.jpg,200,279,portrait,24300,RGB
208347_200w.jpg,200,279,portrait,20400,RGB
208348_200w.jpg,200,279,portrait,28646,RGB
208349_200w.jpg,200,279,portrait,25341,RGB
208350_200w.jpg,200,279,portrait,22719,RGB
208351_200w.jpg,200,279,portrait,20907,RGB
208352_200w.jpg,200,279,portrait,20839,RGB
208353_200w.jpg,200,279,portrait,25392,RGB
208354_200w.jpg,200,279,portrait,22610,RGB
208355_200w.jpg,200,279,portrait,27112,RGB
208356_200w.jpg,200,279,portrait,25024,RGB
208357_200w.jpg,200,279,portrait,21711,RGB
208358_200w.jpg,200,279,portrait,25642,RGB
208359_200w.jpg,200,279,portrait,22640,RGB
208362_200w.jpg,200,279,portrait,20586,RGB
208363_200w.jpg,200,279,portrait,21395,RGB
208364_200w.jpg,200,279,portrait,26162,RGB
208366_200w.jpg,200,279,portrait,18267,RGB
208367_200w.jpg,200,279,portrait,23536,RGB
208368_200w.jpg,200,279,portrait,21376,RGB
208369_200w.jpg,200,279,portrait,19563,RGB
208370_200w.jpg,200,279,portrait,21914,RGB
208371_200w.jpg,200,279,portrait,21615,RGB
208372_200w.jpg,200,279,portrait,20083,RGB
208373_200w.jpg,200,279,portrait,24620,RGB
208375_200w.jpg,200,279,portrait,22014,RGB
208376_200w.jpg,200,279,portrait,20251,RGB
208377_200w.jpg,200,279,portrait,25467,RGB
208378_200w.jpg,200,279,portrait,27854,RGB
208380_200w.jpg,200,279,portrait,28726,RGB
208385_200w.jpg,200,279,portrait,32663,RGB
208387_200w.jpg,200,279,portrait,22916,RGB
208388_200w.jpg,200,279,portrait,20399,RGB
208390_200w.jpg,200,279,portrait,18684,RGB
208393_200w.jpg,200,279,portrait,21626,RGB
208394_200w.jpg,200,279,portrait,24389,RGB
208395_200w.jpg,200,279,portrait,26837,RGB
208396_200w.jpg,200,279,portrait,17285,RGB
208397_200w.jpg,200,279,portrait,21026,RGB
208399_200w.jpg,200,279,portrait,20578,RGB
208400_200w.jpg,200,279,portrait,25212,RGB
208401_200w.jpg,200,279,portrait,19351,RGB
208402_200w.jpg,200,279,portrait,20185,RGB
208403_200w.jpg,200,279,portrait,23178,RGB
208404_200w.jpg,200,279,portrait,23212,RGB
208405_200w.jpg,200,279,portrait,19646,RGB
208406_200w.jpg,200,279,portrait,19789,RGB
208407_200w.jpg,200,279,portrait,23760,RGB
208408_200w.jpg,200,279,portrait,25827,RGB
208409_200w.jpg,200,279,portrait,22950,RGB
208410_200w.jpg,200,279,portrait,30722,RGB
208411_200w.jpg,200,279,portrait,18956,RGB
208412_200w.jpg,200,279,portrait,18612,RGB
208414_200w.jpg,200,279,portrait,21196,RGB
208415_200w.jpg,200,279,portrait,22577,RGB
208417_200w.jpg,200,279,portrait,19472,RGB
208419_200w.jpg,200,279,portrait,25694,RGB
208420_200w.jpg,200,279,portrait,19960,RGB
208422_200w.jpg,200,279,portrait,24618,RGB
208423_200w.jpg,200,279,portrait,20243,RGB
208424_200w.jpg,200,279,portrait,27431,RGB
208425_200w.jpg,200,279,portrait,28206,RGB
208426_200w.jpg,200,279,portrait,25953,RGB
208427_200w.jpg,200,279,portrait,27437,RGB
208428_200w.jpg,200,279,portrait,25671,RGB
208429_200w.jpg,200,279,portrait,26170,RGB
208430_200w.jpg,200,279,portrait,26486,RGB
208431_200w.jpg,200,279,portrait,28127,RGB
208432_200w.jpg,200,279,portrait,23730,RGB
208434_200w.jpg,200,279,portrait,23074,RGB
208435_200w.jpg,200,279,portrait,26267,RGB
208436_200w.jpg,200,279,portrait,22684,RGB
208438_200w.jpg,200,279,portrait,22446,RGB
208439_200w.jpg,200,279,portrait,24117,RGB
208440_200w.jpg,200,279,portrait,23380,RGB
208441_200w.jpg,200,279,portrait,22853,RGB
208443_200w.jpg,200,279,portrait,23806,RGB
208444_200w.jpg,200,279,portrait,21765,RGB
208445_200w.jpg,200,279,portrait,23692,RGB
208446_200w.jpg,200,279,portrait,22920,RGB
208447_200w.jpg,200,279,portrait,22409,RGB
208448_200w.jpg,200,279,portrait,22926,RGB
208449_200w.jpg,200,279,portrait,31808,RGB
208450_200w.jpg,200,279,portrait,29468,RGB
208451_200w.jpg,200,279,portrait,33428,RGB
208452_200w.jpg,200,279,portrait,29916,RGB
208459_200w.jpg,200,279,portrait,26626,RGB
208461_200w.jpg,200,279,portrait,21674,RGB
208463_200w.jpg,200,279,portrait,23158,RGB
208464_200w.jpg,200,279,portrait,20401,RGB
208466_200w.jpg,200,279,portrait,20558,RGB
208467_200w.jpg,200,279,portrait,21187,RGB
208468_200w.jpg,200,279,portrait,25176,RGB
208469_200w.jpg,200,279,portrait,21340,RGB
208471_200w.jpg,200,279,portrait,19477,RGB
208472_200w.jpg,200,279,portrait,22255,RGB
208473_200w.jpg,200,279,portrait,19248,RGB
208475_200w.jpg,200,279,portrait,20466,RGB
208476_200w.jpg,200,279,portrait,21794,RGB
208477_200w.jpg,200,279,portrait,27151,RGB
208478_200w.jpg,200,279,portrait,29655,RGB
208479_200w.jpg,200,279,portrait,17047,RGB
208480_200w.jpg,200,279,portrait,20579,RGB
208481_200w.jpg,200,279,portrait,17732,RGB
208482_200w.jpg,200,279,portrait,23549,RGB
208483_200w.jpg,200,279,portrait,18753,RGB
208484_200w.jpg,200,279,portrait,19632,RGB
208485_200w.jpg,200,279,portrait,19766,RGB
208486_200w.jpg,200,279,portrait,18427,RGB
208487_200w.jpg,200,279,portrait,17839,RGB
208488_200w.jpg,200,279,portrait,18719,RGB
208489_200w.jpg,200,279,portrait,16638,RGB
208490_200w.jpg,200,279,portrait,18089,RGB
208492_200w.jpg,200,279,portrait,17515,RGB
208493_200w.jpg,200,279,portrait,18386,RGB
208494_200w.jpg,200,279,portrait,18532,RGB
208495_200w.jpg,200,279,portrait,19540,RGB
208497_200w.jpg,200,279,portrait,19874,RGB
208498_200w.jpg,200,279,portrait,17940,RGB
208499_200w.jpg,200,279,portrait,24373,RGB
208500_200w.jpg,200,279,portrait,19518,RGB
208501_200w.jpg,200,279,portrait,23275,RGB
208502_200w.jpg,200,279,portrait,16893,RGB
208503_200w.jpg,200,279,portrait,20113,RGB
208504_200w.jpg,200,279,portrait,18967,RGB
208505_200w.jpg,200,279,portrait,18870,RGB
208506_200w.jpg,200,279,portrait,19657,RGB
208507_200w.jpg,200,279,portrait,15360,RGB
208509_200w.jpg,200,279,portrait,22823,RGB
208510_200w.jpg,200,279,portrait,18486,RGB
208511_200w.jpg,200,279,portrait,17919,RGB
208512_200w.jpg,200,279,portrait,22333,RGB
208513_200w.jpg,200,279,portrait,20221,RGB
208514_200w.jpg,200,279,portrait,19094,RGB
208515_200w.jpg,200,279,portrait,20391,RGB
208516_200w.jpg,200,279,portrait,19069,RGB
208517_200w.jpg,200,279,portrait,20636,RGB
208518_200w.jpg,200,279,portrait,28414,RGB
208519_200w.jpg,200,279,portrait,22413,RGB
208520_200w.jpg,200,279,portrait,20358,RGB
208521_200w.jpg,200,279,portrait,20379,RGB
208684_200w.jpg,200,275,portrait,14243,RGB
208685_200w.jpg,200,280,portrait,12327,RGB
208813_200w.jpg,200,279,portrait,19450,RGB
208844_200w.jpg,200,271,portrait,23518,RGB
209081_200w.jpg,200,279,portrait,23098,RGB
209082_200w.jpg,200,279,portrait,24192,RGB
209333_200w.jpg,200,283,portrait,25843,RGB
209335_200w.jpg,200,282,portrait,26007,RGB
209336_200w.jpg,200,280,portrait,25518,RGB
209438_200w.jpg,200,279,portrait,25202,RGB
209528_200w.jpg,200,279,portrait,35175,RGB
209529_200w.jpg,200,271,portrait,21253,RGB
209530_200w.jpg,200,282,portrait,33550,RGB
209542_200w.jpg,200,278,portrait,24407,RGB
209543_200w.jpg,200,271,portrait,23747,RGB
209551_200w.jpg,200,277,portrait,25756,RGB
209553_200w.jpg,200,280,portrait,25117,RGB
209556_200w.jpg,200,280,portrait,27698,RGB
209560_200w.jpg,200,278,portrait,27171,RGB
209563_200w.jpg,200,277,portrait,25986,RGB
209564_200w.jpg,200,280,portrait,27915,RGB
209565_200w.jpg,200,279,portrait,12839,RGB
209566_200w.jpg,200,270,portrait,20470,RGB
209567_200w.jpg,200,271,portrait,22938,RGB
209568_200w.jpg,200,270,portrait,22821,RGB
209656_200w.jpg,200,279,portrait,31126,RGB
210201_200w.jpg,200,280,portrait,19268,RGB
210202_200w.jpg,200,279,portrait,22556,RGB
210203_200w.jpg,200,279,portrait,21787,RGB
210205_200w.jpg,200,280,portrait,22384,RGB
210574_200w.jpg,200,279,portrait,24429,RGB
210575_200w.jpg,200,279,portrait,26785,RGB
210578_200w.jpg,200,279,portrait,20617,RGB
210579_200w.jpg,200,279,portrait,22820,RGB
210765_200w.jpg,200,279,portrait,31463,RGB
210841_200w.jpg,200,279,portrait,31049,RGB
210842_200w.jpg,200,280,portrait,31346,RGB
210843_200w.jpg,200,279,portrait,32248,RGB
210844_200w.jpg,200,276,portrait,31671,RGB
210845_200w.jpg,200,279,portrait,33640,RGB
210846_200w.jpg,200,280,portrait,31930,RGB
210847_200w.jpg,200,279,portrait,39779,RGB
210848_200w.jpg,200,280,portrait,30262,RGB
210849_200w.jpg,200,279,portrait,27636,RGB
210850_200w.jpg,200,279,portrait,32779,RGB
210851_200w.jpg,200,282,portrait,26674,RGB
210852_200w.jpg,200,279,portrait,26598,RGB
210853_200w.jpg,200,280,portrait,28218,RGB
210854_200w.jpg,200,282,portrait,25227,RGB
210884_200w.jpg,200,281,portrait,24603,RGB
211416_200w.jpg,200,279,portrait,33520,RGB
211417_200w.jpg,200,279,portrait,25831,RGB
211418_200w.jpg,200,282,portrait,22266,RGB
211419_200w.jpg,200,280,portrait,20644,RGB
211420_200w.jpg,200,279,portrait,33041,RGB
211421_200w.jpg,200,280,portrait,33599,RGB
211422_200w.jpg,200,279,portrait,27079,RGB
211423_200w.jpg,200,279,portrait,24752,RGB
211424_200w.jpg,200,279,portrait,26148,RGB
211425_200w.jpg,200,279,portrait,26910,RGB
211427_200w.jpg,200,279,portrait,27037,RGB
211428_200w.jpg,200,279,portrait,29890,RGB
211429_200w.jpg,200,279,portrait,26916,RGB
211430_200w.jpg,200,279,portrait,32220,RGB
211433_200w.jpg,200,279,portrait,28408,RGB
211437_200w.jpg,200,279,portrait,28521,RGB
211439_200w.jpg,200,279,portrait,28183,RGB
211445_200w.jpg,200,280,portrait,25840,RGB
211446_200w.jpg,200,279,portrait,25119,RGB
211448_200w.jpg,200,280,portrait,25452,RGB
211449_200w.jpg,200,279,portrait,27739,RGB
211450_200w.jpg,200,279,portrait,34457,RGB
211451_200w.jpg,200,279,portrait,29239,RGB
211452_200w.jpg,200,279,portrait,28400,RGB
211453_200w.jpg,200,279,portrait,18939,RGB
211454_200w.jpg,200,282,portrait,30332,RGB
211455_200w.jpg,200,279,portrait,29209,RGB
211456_200w.jpg,200,279,portrait,23835,RGB
211457_200w.jpg,200,279,portrait,29126,RGB
211458_200w.jpg,200,279,portrait,30742,RGB
211461_200w.jpg,200,279,portrait,31695,RGB
211463_200w.jpg,200,279,portrait,29598,RGB
211464_200w.jpg,200,279,portrait,33166,RGB
211466_200w.jpg,200,279,portrait,33412,RGB
211470_200w.jpg,200,279,portrait,28532,RGB
211485_200w.jpg,200,279,portrait,29958,RGB
211486_200w.jpg,200,279,portrait,33873,RGB
211487_200w.jpg,200,279,portrait,33382,RGB
211488_200w.jpg,200,279,portrait,26229,RGB
211489_200w.jpg,200,279,portrait,25672,RGB
211490_200w.jpg,200,279,portrait,22642,RGB
211491_200w.jpg,200,279,portrait,28761,RGB
211493_200w.jpg,200,279,portrait,23622,RGB
211494_200w.jpg,200,282,portrait,23629,RGB
211495_200w.jpg,200,279,portrait,31019,RGB
211496_200w.jpg,200,279,portrait,27013,RGB
211498_200w.jpg,200,275,portrait,21963,RGB
211500_200w.jpg,200,275,portrait,25704,RGB
211501_200w.jpg,200,279,portrait,28131,RGB
211502_200w.jpg,200,279,portrait,31492,RGB
211503_200w.jpg,200,279,portrait,30329,RGB
211504_200w.jpg,200,272,portrait,25637,RGB
211505_200w.jpg,200,279,portrait,26728,RGB
211506_200w.jpg,200,279,portrait,25921,RGB
211507_200w.jpg,200,279,portrait,24497,RGB
211508_200w.jpg,200,279,portrait,21643,RGB
211509_200w.jpg,200,279,portrait,36631,RGB
211510_200w.jpg,200,279,portrait,37075,RGB
211511_200w.jpg,200,279,portrait,34279,RGB
211512_200w.jpg,200,279,portrait,33930,RGB
211513_200w.jpg,200,279,portrait,34299,RGB
211517_200w.jpg,200,278,portrait,25767,RGB
211518_200w.jpg,200,276,portrait,25480,RGB
211519_200w.jpg,200,280,portrait,24166,RGB
211520_200w.jpg,200,280,portrait,22805,RGB
211603_200w.jpg,200,281,portrait,20083,RGB
211626_200w.jpg,200,279,portrait,21896,RGB
211627_200w.jpg,200,279,portrait,22006,RGB
211628_200w.jpg,200,279,portrait,25377,RGB
211976_200w.jpg,200,280,portrait,28409,RGB
211977_200w.jpg,200,278,portrait,25250,RGB
211979_200w.jpg,200,280,portrait,18925,RGB
211980_200w.jpg,200,275,portrait,20653,RGB
211981_200w.jpg,200,275,portrait,20210,RGB
211992_200w.jpg,200,279,portrait,14265,RGB
212045_200w.jpg,200,277,portrait,22240,RGB
212046_200w.jpg,200,280,portrait,19752,RGB
212047_200w.jpg,200,281,portrait,19341,RGB
212048_200w.jpg,200,280,portrait,20535,RGB
212823_200w.jpg,200,279,portrait,30437,RGB
212984_200w.jpg,200,279,portrait,23947,RGB
212985_200w.jpg,200,279,portrait,23909,RGB
212986_200w.jpg,200,278,portrait,23825,RGB
212987_200w.jpg,200,278,portrait,23854,RGB
212988_200w.jpg,200,278,portrait,25723,RGB
212989_200w.jpg,200,280,portrait,27042,RGB
212990_200w.jpg,200,279,portrait,25245,RGB
212991_200w.jpg,200,279,portrait,24926,RGB
212992_200w.jpg,200,279,portrait,23332,RGB
212993_200w.jpg,200,280,portrait,22092,RGB
212994_200w.jpg,200,280,portrait,20424,RGB
212995_200w.jpg,200,278,portrait,22384,RGB
212996_200w.jpg,200,276,portrait,21659,RGB
213001_200w.jpg,200,280,portrait,22684,RGB
213002_200w.jpg,200,278,portrait,23621,RGB
213003_200w.jpg,200,282,portrait,20835,RGB
213005_200w.jpg,200,281,portrait,25141,RGB
213006_200w.jpg,200,281,portrait,26439,RGB
213008_200w.jpg,200,278,portrait,22715,RGB
213009_200w.jpg,200,280,portrait,26078,RGB
213010_200w.jpg,200,282,portrait,20101,RGB
213011_200w.jpg,200,276,portrait,22801,RGB
213012_200w.jpg,200,281,portrait,21381,RGB
213013_200w.jpg,200,280,portrait,23698,RGB
213014_200w.jpg,200,280,portrait,22162,RGB
213015_200w.jpg,200,282,portrait,20410,RGB
213016_200w.jpg,200,282,portrait,20415,RGB
213017_200w.jpg,200,274,portrait,27192,RGB
213018_200w.jpg,200,274,portrait,27175,RGB
213019_200w.jpg,200,274,portrait,27212,RGB
213020_200w.jpg,200,274,portrait,27179,RGB
213021_200w.jpg,200,280,portrait,25231,RGB
213022_200w.jpg,200,273,portrait,21570,RGB
213023_200w.jpg,200,281,portrait,24585,RGB
213024_200w.jpg,200,279,portrait,24953,RGB
213025_200w.jpg,200,279,portrait,23234,RGB
213026_200w.jpg,200,278,portrait,22446,RGB
213027_200w.jpg,200,278,portrait,22669,RGB
213060_200w.jpg,200,279,portrait,25126,RGB
213071_200w.jpg,200,279,portrait,20845,RGB
213072_200w.jpg,200,279,portrait,20413,RGB
213073_200w.jpg,200,279,portrait,23681,RGB
213074_200w.jpg,200,279,portrait,23205,RGB
213075_200w.jpg,200,279,portrait,22139,RGB
213076_200w.jpg,200,279,portrait,21398,RGB
213077_200w.jpg,200,279,portrait,18681,RGB
213078_200w.jpg,200,279,portrait,24253,RGB
213079_200w.jpg,200,279,portrait,22865,RGB
213080_200w.jpg,200,279,portrait,19451,RGB
213081_200w.jpg,200,279,portrait,23196,RGB
213082_200w.jpg,200,279,portrait,21145,RGB
213083_200w.jpg,200,279,portrait,20917,RGB
213084_200w.jpg,200,279,portrait,21144,RGB
213085_200w.jpg,200,279,portrait,23674,RGB
213086_200w.jpg,200,279,portrait,21802,RGB
213087_200w.jpg,200,279,portrait,28310,RGB
213088_200w.jpg,200,279,portrait,30324,RGB
213089_200w.jpg,200,279,portrait,29976,RGB
213090_200w.jpg,200,279,portrait,26885,RGB
213091_200w.jpg,200,279,portrait,25081,RGB
213092_200w.jpg,200,279,portrait,23440,RGB
213093_200w.jpg,200,279,portrait,20099,RGB
213094_200w.jpg,200,279,portrait,21534,RGB
213095_200w.jpg,200,279,portrait,24460,RGB
213096_200w.jpg,200,278,portrait,22451,RGB
213097_200w.jpg,200,284,portrait,26063,RGB
213098_200w.jpg,200,278,portrait,23267,RGB
213099_200w.jpg,200,279,portrait,20643,RGB
213100_200w.jpg,200,279,portrait,23458,RGB
213101_200w.jpg,200,279,portrait,27196,RGB
213102_200w.jpg,200,279,portrait,25806,RGB
213103_200w.jpg,200,279,portrait,22484,RGB
213104_200w.jpg,200,279,portrait,24060,RGB
213105_200w.jpg,200,279,portrait,25548,RGB
213106_200w.jpg,200,279,portrait,24202,RGB
213107_200w.jpg,200,279,portrait,20149,RGB
213108_200w.jpg,200,279,portrait,24763,RGB
213109_200w.jpg,200,279,portrait,24963,RGB
213110_200w.jpg,200,279,portrait,23314,RGB
213111_200w.jpg,200,279,portrait,27922,RGB
213112_200w.jpg,200,279,portrait,28144,RGB
213113_200w.jpg,200,279,portrait,31043,RGB
213114_200w.jpg,200,279,portrait,25709,RGB
213115_200w.jpg,200,279,portrait,24217,RGB
213116_200w.jpg,200,279,portrait,25263,RGB
213117_200w.jpg,200,279,portrait,22440,RGB
213118_200w.jpg,200,279,portrait,25048,RGB
213119_200w.jpg,200,279,portrait,24023,RGB
213120_200w.jpg,200,279,portrait,24058,RGB
213121_200w.jpg,200,279,portrait,31581,RGB
213122_200w.jpg,200,279,portrait,28626,RGB
213123_200w.jpg,200,279,portrait,19697,RGB
213124_200w.jpg,200,279,portrait,24922,RGB
213125_200w.jpg,200,279,portrait,25409,RGB
213126_200w.jpg,200,279,portrait,24038,RGB
213127_200w.jpg,200,279,portrait,25660,RGB
213128_200w.jpg,200,279,portrait,29263,RGB
213129_200w.jpg,200,279,portrait,26013,RGB
213130_200w.jpg,200,279,portrait,31068,RGB
213131_200w.jpg,200,279,portrait,26079,RGB
213132_200w.jpg,200,279,portrait,24853,RGB
213133_200w.jpg,200,279,portrait,22477,RGB
213134_200w.jpg,200,279,portrait,24157,RGB
213135_200w.jpg,200,279,portrait,24314,RGB
213136_200w.jpg,200,279,portrait,26638,RGB
213137_200w.jpg,200,279,portrait,21597,RGB
213138_200w.jpg,200,279,portrait,22393,RGB
213139_200w.jpg,200,279,portrait,24621,RGB
213140_200w.jpg,200,279,portrait,26297,RGB
213141_200w.jpg,200,279,portrait,21179,RGB
213142_200w.jpg,200,279,portrait,24159,RGB
213143_200w.jpg,200,279,portrait,23939,RGB
213144_200w.jpg,200,274,portrait,23106,RGB
213145_200w.jpg,200,284,portrait,23620,RGB
213146_200w.jpg,200,279,portrait,21970,RGB
213147_200w.jpg,200,279,portrait,22863,RGB
213148_200w.jpg,200,279,portrait,22572,RGB
213149_200w.jpg,200,279,portrait,25492,RGB
213150_200w.jpg,200,279,portrait,29022,RGB
213151_200w.jpg,200,279,portrait,27169,RGB
213152_200w.jpg,200,279,portrait,21062,RGB
213153_200w.jpg,200,279,portrait,26112,RGB
213154_200w.jpg,200,279,portrait,28113,RGB
213155_200w.jpg,200,279,portrait,29974,RGB
213156_200w.jpg,200,279,portrait,31022,RGB
213157_200w.jpg,200,279,portrait,24100,RGB
213158_200w.jpg,200,279,portrait,27389,RGB
213159_200w.jpg,200,279,portrait,24940,RGB
213160_200w.jpg,200,279,portrait,20344,RGB
213161_200w.jpg,200,279,portrait,21528,RGB
213162_200w.jpg,200,279,portrait,20205,RGB
213163_200w.jpg,200,279,portrait,21476,RGB
213164_200w.jpg,200,279,portrait,19252,RGB
213165_200w.jpg,200,279,portrait,23870,RGB
213166_200w.jpg,200,279,portrait,22231,RGB
213167_200w.jpg,200,279,portrait,18254,RGB
213168_200w.jpg,200,279,portrait,23442,RGB
213169_200w.jpg,200,279,portrait,22344,RGB
213170_200w.jpg,200,279,portrait,21448,RGB
213171_200w.jpg,200,279,portrait,24064,RGB
213172_200w.jpg,200,279,portrait,18977,RGB
213173_200w.jpg,200,279,portrait,20425,RGB
213174_200w.jpg,200,279,portrait,21596,RGB
213175_200w.jpg,200,279,portrait,23006,RGB
213176_200w.jpg,200,279,portrait,20227,RGB
213177_200w.jpg,200,279,portrait,22749,RGB
213178_200w.jpg,200,279,portrait,28450,RGB
213179_200w.jpg,200,279,portrait,30195,RGB
213180_200w.jpg,200,279,portrait,30201,RGB
213181_200w.jpg,200,279,portrait,26011,RGB
213182_200w.jpg,200,279,portrait,24129,RGB
213183_200w.jpg,200,279,portrait,23763,RGB
213184_200w.jpg,200,279,portrait,21469,RGB
213185_200w.jpg,200,279,portrait,23989,RGB
213186_200w.jpg,200,279,portrait,23379,RGB
213187_200w.jpg,200,279,portrait,18863,RGB
213188_200w.jpg,200,279,portrait,24179,RGB
213189_200w.jpg,200,279,portrait,23441,RGB
213190_200w.jpg,200,279,portrait,25659,RGB
213191_200w.jpg,200,279,portrait,22781,RGB
213192_200w.jpg,200,279,portrait,25461,RGB
213193_200w.jpg,200,279,portrait,20287,RGB
213194_200w.jpg,200,279,portrait,21118,RGB
213195_200w.jpg,200,279,portrait,24155,RGB
213196_200w.jpg,200,272,portrait,22835,RGB
213197_200w.jpg,200,283,portrait,24695,RGB
213198_200w.jpg,200,279,portrait,27641,RGB
213199_200w.jpg,200,279,portrait,28125,RGB
213200_200w.jpg,200,279,portrait,25085,RGB
213201_200w.jpg,200,279,portrait,29943,RGB
213202_200w.jpg,200,279,portrait,30149,RGB
213203_200w.jpg,200,279,portrait,22060,RGB
213204_200w.jpg,200,279,portrait,23086,RGB
213205_200w.jpg,200,279,portrait,26081,RGB
213206_200w.jpg,200,279,portrait,25005,RGB
213207_200w.jpg,200,279,portrait,24673,RGB
213208_200w.jpg,200,279,portrait,27830,RGB
213209_200w.jpg,200,279,portrait,23192,RGB
213210_200w.jpg,200,279,portrait,25198,RGB
213211_200w.jpg,200,270,portrait,23076,RGB
213212_200w.jpg,200,284,portrait,25481,RGB
213213_200w.jpg,200,279,portrait,24481,RGB
213214_200w.jpg,200,279,portrait,26158,RGB
213215_200w.jpg,200,279,portrait,26111,RGB
213216_200w.jpg,200,279,portrait,28609,RGB
213217_200w.jpg,200,279,portrait,28205,RGB
213218_200w.jpg,200,279,portrait,25965,RGB
213219_200w.jpg,200,279,portrait,23329,RGB
213220_200w.jpg,200,279,portrait,24623,RGB
213221_200w.jpg,200,279,portrait,27150,RGB
213222_200w.jpg,200,279,portrait,26451,RGB
213223_200w.jpg,200,279,portrait,25373,RGB
213224_200w.jpg,200,279,portrait,25582,RGB
213225_200w.jpg,200,279,portrait,23298,RGB
213226_200w.jpg,200,279,portrait,24439,RGB
213227_200w.jpg,200,279,portrait,24420,RGB
213228_200w.jpg,200,279,portrait,24505,RGB
213229_200w.jpg,200,279,portrait,22603,RGB
213230_200w.jpg,200,279,portrait,23102,RGB
213231_200w.jpg,200,279,portrait,25739,RGB
213232_200w.jpg,200,279,portrait,28033,RGB
213233_200w.jpg,200,279,portrait,27783,RGB
213234_200w.jpg,200,279,portrait,30678,RGB
213235_200w.jpg,200,279,portrait,26671,RGB
213236_200w.jpg,200,279,portrait,23270,RGB
213237_200w.jpg,200,279,portrait,24819,RGB
213238_200w.jpg,200,279,portrait,22575,RGB
213239_200w.jpg,200,279,portrait,22210,RGB
213240_200w.jpg,200,279,portrait,24594,RGB
213242_200w.jpg,200,279,portrait,23322,RGB
213243_200w.jpg,200,279,portrait,21478,RGB
213244_200w.jpg,200,279,portrait,21615,RGB
213245_200w.jpg,200,279,portrait,22357,RGB
213246_200w.jpg,200,279,portrait,19532,RGB
213247_200w.jpg,200,279,portrait,23979,RGB
213248_200w.jpg,200,279,portrait,21528,RGB
213249_200w.jpg,200,279,portrait,20103,RGB
213250_200w.jpg,200,279,portrait,23327,RGB
213251_200w.jpg,200,279,portrait,20707,RGB
213252_200w.jpg,200,279,portrait,23317,RGB
213253_200w.jpg,200,279,portrait,24134,RGB
213254_200w.jpg,200,279,portrait,25731,RGB
213255_200w.jpg,200,279,portrait,20011,RGB
213256_200w.jpg,200,279,portrait,23518,RGB
213257_200w.jpg,200,279,portrait,17372,RGB
213258_200w.jpg,200,279,portrait,21407,RGB
213259_200w.jpg,200,279,portrait,20451,RGB
213260_200w.jpg,200,279,portrait,19518,RGB
213261_200w.jpg,200,279,portrait,18851,RGB
213262_200w.jpg,200,279,portrait,17508,RGB
213263_200w.jpg,200,279,portrait,18482,RGB
213264_200w.jpg,200,279,portrait,20173,RGB
213265_200w.jpg,200,279,portrait,26660,RGB
213266_200w.jpg,200,279,portrait,22036,RGB
213267_200w.jpg,200,279,portrait,16758,RGB
213268_200w.jpg,200,279,portrait,20582,RGB
213269_200w.jpg,200,279,portrait,23375,RGB
213270_200w.jpg,200,279,portrait,20843,RGB
213271_200w.jpg,200,279,portrait,18547,RGB
213272_200w.jpg,200,279,portrait,18214,RGB
213273_200w.jpg,200,279,portrait,20943,RGB
213274_200w.jpg,200,279,portrait,20529,RGB
213275_200w.jpg,200,279,portrait,21401,RGB
213276_200w.jpg,200,279,portrait,25520,RGB
213277_200w.jpg,200,279,portrait,20845,RGB
213278_200w.jpg,200,279,portrait,19627,RGB
213279_200w.jpg,200,279,portrait,21202,RGB
213280_200w.jpg,200,279,portrait,19891,RGB
213281_200w.jpg,200,279,portrait,20981,RGB
213282_200w.jpg,200,279,portrait,21689,RGB
213283_200w.jpg,200,279,portrait,21846,RGB
213284_200w.jpg,200,279,portrait,19482,RGB
213285_200w.jpg,200,279,portrait,21374,RGB
213286_200w.jpg,200,279,portrait,23834,RGB
213287_200w.jpg,200,279,portrait,27010,RGB
213288_200w.jpg,200,279,portrait,29389,RGB
213289_200w.jpg,200,279,portrait,20769,RGB
213291_200w.jpg,200,279,portrait,23272,RGB
213477_200w.jpg,200,279,portrait,23939,RGB
213478_200w.jpg,200,279,portrait,27150,RGB
213516_200w.jpg,200,280,portrait,19524,RGB
214228_200w.jpg,200,279,portrait,26827,RGB
214229_200w.jpg,200,279,portrait,27825,RGB
214233_200w.jpg,200,279,portrait,29816,RGB
214234_200w.jpg,200,279,portrait,30288,RGB
214235_200w.jpg,200,279,portrait,27009,RGB
214236_200w.jpg,200,279,portrait,28014,RGB
214237_200w.jpg,200,279,portrait,24817,RGB
214238_200w.jpg,200,279,portrait,23151,RGB
214239_200w.jpg,200,279,portrait,22926,RGB
214240_200w.jpg,200,279,portrait,22926,RGB
214241_200w.jpg,200,279,portrait,28780,RGB
214272_200w.jpg,200,279,portrait,22492,RGB
214286_200w.jpg,200,278,portrait,19401,RGB
214326_200w.jpg,200,279,portrait,13343,RGB
215153_200w.jpg,200,284,portrait,24034,RGB
215154_200w.jpg,200,284,portrait,24864,RGB
215155_200w.jpg,200,284,portrait,23838,RGB
215156_200w.jpg,200,284,portrait,26149,RGB
215157_200w.jpg,200,284,portrait,25500,RGB
215158_200w.jpg,200,284,portrait,27276,RGB
215159_200w.jpg,200,284,portrait,26177,RGB
215160_200w.jpg,200,284,portrait,27965,RGB
215161_200w.jpg,200,284,portrait,25203,RGB
215163_200w.jpg,200,278,portrait,24491,RGB
215231_200w.jpg,200,276,portrait,19952,RGB
215491_200w.jpg,200,279,portrait,23422,RGB
215606_200w.jpg,200,279,portrait,22665,RGB
215634_200w.jpg,200,273,portrait,22953,RGB
215635_200w.jpg,200,280,portrait,20783,RGB
215767_200w.jpg,200,280,portrait,14787,RGB
216514_200w.jpg,200,266,portrait,21722,RGB
216699_200w.jpg,200,280,portrait,28107,RGB
216702_200w.jpg,200,280,portrait,22540,RGB
216707_200w.jpg,200,280,portrait,20184,RGB
216714_200w.jpg,200,279,portrait,27267,RGB
216746_200w.jpg,200,279,portrait,19609,RGB
216754_200w.jpg,200,280,portrait,22193,RGB
216798_200w.jpg,200,278,portrait,21817,RGB
216812_200w.jpg,200,279,portrait,25451,RGB
216822_200w.jpg,200,281,portrait,23528,RGB
216886_200w.jpg,200,278,portrait,25500,RGB
217632_200w.jpg,200,279,portrait,24279,RGB
218439_200w.jpg,200,282,portrait,23101,RGB
218440_200w.jpg,200,278,portrait,22561,RGB
218574_200w.jpg,200,279,portrait,22079,RGB
218576_200w.jpg,200,279,portrait,22161,RGB
218578_200w.jpg,200,279,portrait,26204,RGB
218579_200w.jpg,200,279,portrait,26148,RGB
218580_200w.jpg,200,279,portrait,25208,RGB
218581_200w.jpg,200,279,portrait,25286,RGB
218582_200w.jpg,200,279,portrait,26527,RGB
218583_200w.jpg,200,279,portrait,26495,RGB
218608_200w.jpg,200,280,portrait,23783,RGB
219028_200w.jpg,200,272,portrait,22732,RGB
219029_200w.jpg,200,279,portrait,22251,RGB
219030_200w.jpg,200,280,portrait,14275,RGB
219031_200w.jpg,200,280,portrait,14163,RGB
219032_200w.jpg,200,280,portrait,13954,RGB
219034_200w.jpg,200,278,portrait,14091,RGB
219035_200w.jpg,200,280,portrait,14244,RGB
219036_200w.jpg,200,279,portrait,14259,RGB
219037_200w.jpg,200,280,portrait,14499,RGB
219038_200w.jpg,200,280,portrait,14268,RGB
219039_200w.jpg,200,280,portrait,14232,RGB
219041_200w.jpg,200,280,portrait,14214,RGB
219042_200w.jpg,200,281,portrait,14423,RGB
219043_200w.jpg,200,281,portrait,14418,RGB
219044_200w.jpg,200,280,portrait,14116,RGB
219045_200w.jpg,200,280,portrait,14271,RGB
219046_200w.jpg,200,280,portrait,14199,RGB
219047_200w.jpg,200,280,portrait,14068,RGB
219048_200w.jpg,200,280,portrait,22106,RGB
219049_200w.jpg,200,279,portrait,21548,RGB
219050_200w.jpg,200,279,portrait,21317,RGB
219051_200w.jpg,200,280,portrait,21683,RGB
219052_200w.jpg,200,281,portrait,21930,RGB
219053_200w.jpg,200,280,portrait,21530,RGB
219054_200w.jpg,200,278,portrait,24692,RGB
219055_200w.jpg,200,278,portrait,26784,RGB
219056_200w.jpg,200,280,portrait,20024,RGB
219057_200w.jpg,200,280,portrait,19731,RGB
219058_200w.jpg,200,280,portrait,23392,RGB
219059_200w.jpg,200,280,portrait,23741,RGB
219060_200w.jpg,200,280,portrait,18294,RGB
219061_200w.jpg,200,278,portrait,16729,RGB
219062_200w.jpg,200,280,portrait,18160,RGB
219063_200w.jpg,200,280,portrait,17970,RGB
219064_200w.jpg,200,280,portrait,19399,RGB
219065_200w.jpg,200,278,portrait,19104,RGB
219066_200w.jpg,200,279,portrait,21591,RGB
219067_200w.jpg,200,280,portrait,21853,RGB
219068_200w.jpg,200,278,portrait,22035,RGB
219069_200w.jpg,200,278,portrait,22116,RGB
219070_200w.jpg,200,278,portrait,18581,RGB
219071_200w.jpg,200,280,portrait,18515,RGB
219072_200w.jpg,200,280,portrait,18423,RGB
219073_200w.jpg,200,280,portrait,18430,RGB
219074_200w.jpg,200,278,portrait,21589,RGB
219075_200w.jpg,200,278,portrait,21326,RGB
219076_200w.jpg,200,280,portrait,17476,RGB
219077_200w.jpg,200,279,portrait,17086,RGB
219078_200w.jpg,200,280,portrait,17140,RGB
219079_200w.jpg,200,280,portrait,16967,RGB
219080_200w.jpg,200,278,portrait,18967,RGB
219081_200w.jpg,200,278,portrait,18484,RGB
219082_200w.jpg,200,280,portrait,20551,RGB
219083_200w.jpg,200,280,portrait,20120,RGB
219084_200w.jpg,200,280,portrait,23624,RGB
219085_200w.jpg,200,279,portrait,18753,RGB
219086_200w.jpg,200,280,portrait,21509,RGB
219087_200w.jpg,200,278,portrait,21102,RGB
219088_200w.jpg,200,280,portrait,17651,RGB
219089_200w.jpg,200,280,portrait,17332,RGB
219090_200w.jpg,200,278,portrait,22915,RGB
219091_200w.jpg,200,280,portrait,20822,RGB
219093_200w.jpg,200,280,portrait,21016,RGB
219094_200w.jpg,200,278,portrait,20772,RGB
219095_200w.jpg,200,283,portrait,20323,RGB
219096_200w.jpg,200,279,portrait,20066,RGB
219097_200w.jpg,200,279,portrait,19134,RGB
219098_200w.jpg,200,280,portrait,17946,RGB
219099_200w.jpg,200,279,portrait,17257,RGB
219100_200w.jpg,200,280,portrait,21058,RGB
219106_200w.jpg,200,278,portrait,21116,RGB
219107_200w.jpg,200,280,portrait,21293,RGB
219108_200w.jpg,200,278,portrait,17714,RGB
219109_200w.jpg,200,280,portrait,17450,RGB
219110_200w.jpg,200,278,portrait,17936,RGB
219111_200w.jpg,200,280,portrait,19320,RGB
219112_200w.jpg,200,280,portrait,19410,RGB
219113_200w.jpg,200,280,portrait,19325,RGB
219114_200w.jpg,200,280,portrait,19368,RGB
219115_200w.jpg,200,280,portrait,20814,RGB
219116_200w.jpg,200,280,portrait,20806,RGB
219121_200w.jpg,200,280,portrait,17889,RGB
219122_200w.jpg,200,281,portrait,18333,RGB
219123_200w.jpg,200,280,portrait,20129,RGB
219125_200w.jpg,200,279,portrait,19879,RGB
219126_200w.jpg,200,280,portrait,19783,RGB
219127_200w.jpg,200,280,portrait,24843,RGB
219128_200w.jpg,200,279,portrait,19660,RGB
219129_200w.jpg,200,280,portrait,18339,RGB
219131_200w.jpg,200,280,portrait,18515,RGB
219132_200w.jpg,200,278,portrait,18622,RGB
219133_200w.jpg,200,282,portrait,19105,RGB
219134_200w.jpg,200,280,portrait,11438,RGB
219135_200w.jpg,200,280,portrait,11601,RGB
219136_200w.jpg,200,279,portrait,11449,RGB
219137_200w.jpg,200,280,portrait,11394,RGB
219138_200w.jpg,200,280,portrait,11394,RGB
219140_200w.jpg,200,279,portrait,11385,RGB
219141_200w.jpg,200,280,portrait,11496,RGB
219142_200w.jpg,200,279,portrait,11465,RGB
219144_200w.jpg,200,280,portrait,11438,RGB
219145_200w.jpg,200,280,portrait,11446,RGB
219146_200w.jpg,200,279,portrait,11512,RGB
219147_200w.jpg,200,280,portrait,11462,RGB
219148_200w.jpg,200,280,portrait,11779,RGB
219149_200w.jpg,200,280,portrait,11398,RGB
219150_200w.jpg,200,280,portrait,11471,RGB
219151_200w.jpg,200,280,portrait,11570,RGB
219152_200w.jpg,200,280,portrait,11647,RGB
219153_200w.jpg,200,281,portrait,11754,RGB
219154_200w.jpg,200,280,portrait,21055,RGB
219155_200w.jpg,200,280,portrait,20761,RGB
219157_200w.jpg,200,280,portrait,21042,RGB
219158_200w.jpg,200,280,portrait,20731,RGB
219159_200w.jpg,200,280,portrait,21136,RGB
219160_200w.jpg,200,280,portrait,17217,RGB
219161_200w.jpg,200,280,portrait,17058,RGB
219163_200w.jpg,200,281,portrait,24728,RGB
219164_200w.jpg,200,280,portrait,17452,RGB
219165_200w.jpg,200,281,portrait,17849,RGB
219166_200w.jpg,200,279,portrait,23345,RGB
219167_200w.jpg,200,280,portrait,23225,RGB
219168_200w.jpg,200,281,portrait,23259,RGB
219170_200w.jpg,200,280,portrait,23325,RGB
219171_200w.jpg,200,281,portrait,22967,RGB
219174_200w.jpg,200,280,portrait,19413,RGB
219175_200w.jpg,200,280,portrait,19505,RGB
219176_200w.jpg,200,280,portrait,21248,RGB
219177_200w.jpg,200,280,portrait,16613,RGB
219179_200w.jpg,200,280,portrait,21344,RGB
219180_200w.jpg,200,282,portrait,20357,RGB
219182_200w.jpg,200,281,portrait,20834,RGB
219183_200w.jpg,200,280,portrait,19298,RGB
219184_200w.jpg,200,280,portrait,17957,RGB
219185_200w.jpg,200,280,portrait,18131,RGB
219186_200w.jpg,200,280,portrait,16789,RGB
219187_200w.jpg,200,279,portrait,18234,RGB
219188_200w.jpg,200,280,portrait,16842,RGB
219189_200w.jpg,200,282,portrait,17902,RGB
219192_200w.jpg,200,280,portrait,13362,RGB
219226_200w.jpg,200,278,portrait,23311,RGB
219228_200w.jpg,200,278,portrait,20279,RGB
219229_200w.jpg,200,278,portrait,23151,RGB
219230_200w.jpg,200,278,portrait,19238,RGB
219231_200w.jpg,200,278,portrait,23869,RGB
219232_200w.jpg,200,278,portrait,27506,RGB
219233_200w.jpg,200,278,portrait,28084,RGB
219234_200w.jpg,200,278,portrait,28783,RGB
219235_200w.jpg,200,278,portrait,19774,RGB
219236_200w.jpg,200,278,portrait,22230,RGB
219237_200w.jpg,200,278,portrait,24083,RGB
219238_200w.jpg,200,278,portrait,23709,RGB
219239_200w.jpg,200,278,portrait,20407,RGB
219240_200w.jpg,200,278,portrait,21969,RGB
219241_200w.jpg,200,278,portrait,25551,RGB
219242_200w.jpg,200,278,portrait,19056,RGB
219244_200w.jpg,200,278,portrait,23710,RGB
219245_200w.jpg,200,278,portrait,19897,RGB
219246_200w.jpg,200,278,portrait,24230,RGB
219249_200w.jpg,200,278,portrait,27173,RGB
219250_200w.jpg,200,278,portrait,31219,RGB
219260_200w.jpg,200,278,portrait,24964,RGB
219265_200w.jpg,200,278,portrait,20361,RGB
219267_200w.jpg,200,278,portrait,26293,RGB
219268_200w.jpg,200,278,portrait,21560,RGB
219269_200w.jpg,200,278,portrait,18973,RGB
219272_200w.jpg,200,278,portrait,19834,RGB
219273_200w.jpg,200,278,portrait,17081,RGB
219276_200w.jpg,200,278,portrait,18346,RGB
219277_200w.jpg,200,278,portrait,19770,RGB
219278_200w.jpg,200,278,portrait,19863,RGB
219280_200w.jpg,200,278,portrait,19843,RGB
219281_200w.jpg,200,278,portrait,24107,RGB
219282_200w.jpg,200,278,portrait,21007,RGB
219284_200w.jpg,200,278,portrait,20262,RGB
219285_200w.jpg,200,278,portrait,18664,RGB
219286_200w.jpg,200,278,portrait,18995,RGB
219287_200w.jpg,200,278,portrait,21482,RGB
219289_200w.jpg,200,278,portrait,18864,RGB
219290_200w.jpg,200,278,portrait,17683,RGB
219291_200w.jpg,200,278,portrait,19687,RGB
219293_200w.jpg,200,278,portrait,19374,RGB
219294_200w.jpg,200,278,portrait,20130,RGB
219297_200w.jpg,200,278,portrait,25399,RGB
219298_200w.jpg,200,278,portrait,26534,RGB
219299_200w.jpg,200,278,portrait,30329,RGB
219301_200w.jpg,200,278,portrait,30229,RGB
219304_200w.jpg,200,278,portrait,27593,RGB
219305_200w.jpg,200,278,portrait,26094,RGB
219306_200w.jpg,200,278,portrait,25899,RGB
219307_200w.jpg,200,278,portrait,26923,RGB
219308_200w.jpg,200,278,portrait,23254,RGB
219309_200w.jpg,200,278,portrait,25282,RGB
219310_200w.jpg,200,278,portrait,21445,RGB
219312_200w.jpg,200,278,portrait,24086,RGB
219313_200w.jpg,200,278,portrait,26023,RGB
219314_200w.jpg,200,278,portrait,25113,RGB
219315_200w.jpg,200,278,portrait,18892,RGB
219316_200w.jpg,200,278,portrait,23168,RGB
219317_200w.jpg,200,278,portrait,22990,RGB
219318_200w.jpg,200,278,portrait,27316,RGB
219319_200w.jpg,200,278,portrait,23233,RGB
219320_200w.jpg,200,278,portrait,23919,RGB
219321_200w.jpg,200,278,portrait,27790,RGB
219322_200w.jpg,200,278,portrait,22857,RGB
219323_200w.jpg,200,278,portrait,31292,RGB
219324_200w.jpg,200,278,portrait,21668,RGB
219325_200w.jpg,200,278,portrait,21718,RGB
219328_200w.jpg,200,278,portrait,22877,RGB
219329_200w.jpg,200,278,portrait,19767,RGB
219331_200w.jpg,200,278,portrait,20631,RGB
219333_200w.jpg,200,278,portrait,20715,RGB
219334_200w.jpg,200,278,portrait,20754,RGB
219336_200w.jpg,200,278,portrait,22026,RGB
219337_200w.jpg,200,278,portrait,20534,RGB
219338_200w.jpg,200,278,portrait,25557,RGB
219339_200w.jpg,200,278,portrait,21551,RGB
219340_200w.jpg,200,278,portrait,22735,RGB
219341_200w.jpg,200,278,portrait,21908,RGB
219342_200w.jpg,200,278,portrait,21596,RGB
219343_200w.jpg,200,278,portrait,25370,RGB
219345_200w.jpg,200,278,portrait,25861,RGB
219347_200w.jpg,200,278,portrait,28412,RGB
219349_200w.jpg,200,278,portrait,22592,RGB
219351_200w.jpg,200,278,portrait,23939,RGB
219352_200w.jpg,200,278,portrait,22158,RGB
219354_200w.jpg,200,278,portrait,21509,RGB
219355_200w.jpg,200,278,portrait,22002,RGB
219357_200w.jpg,200,278,portrait,19341,RGB
219358_200w.jpg,200,278,portrait,20995,RGB
219360_200w.jpg,200,278,portrait,21780,RGB
219361_200w.jpg,200,278,portrait,22616,RGB
219362_200w.jpg,200,278,portrait,24011,RGB
219364_200w.jpg,200,278,portrait,18615,RGB
219365_200w.jpg,200,278,portrait,22242,RGB
219367_200w.jpg,200,278,portrait,21495,RGB
219368_200w.jpg,200,278,portrait,21698,RGB
219370_200w.jpg,200,278,portrait,22429,RGB
219371_200w.jpg,200,278,portrait,23359,RGB
219373_200w.jpg,200,278,portrait,27568,RGB
219374_200w.jpg,200,278,portrait,30489,RGB
219375_200w.jpg,200,278,portrait,20952,RGB
219376_200w.jpg,200,278,portrait,21930,RGB
219377_200w.jpg,200,278,portrait,25190,RGB
219378_200w.jpg,200,278,portrait,20803,RGB
219379_200w.jpg,200,278,portrait,24705,RGB
219380_200w.jpg,200,278,portrait,21149,RGB
219381_200w.jpg,200,278,portrait,24247,RGB
219382_200w.jpg,200,278,portrait,25016,RGB
219383_200w.jpg,200,278,portrait,24591,RGB
219384_200w.jpg,200,278,portrait,23519,RGB
219385_200w.jpg,200,278,portrait,21499,RGB
219387_200w.jpg,200,278,portrait,18536,RGB
219388_200w.jpg,200,278,portrait,25255,RGB
219389_200w.jpg,200,278,portrait,25286,RGB
219391_200w.jpg,200,278,portrait,20726,RGB
219392_200w.jpg,200,278,portrait,23699,RGB
219394_200w.jpg,200,278,portrait,20662,RGB
219395_200w.jpg,200,278,portrait,23406,RGB
219396_200w.jpg,200,278,portrait,24672,RGB
219399_200w.jpg,200,278,portrait,25315,RGB
219401_200w.jpg,200,278,portrait,21972,RGB
219402_200w.jpg,200,278,portrait,24338,RGB
219403_200w.jpg,200,278,portrait,21382,RGB
219404_200w.jpg,200,278,portrait,24138,RGB
219405_200w.jpg,200,278,portrait,25629,RGB
219406_200w.jpg,200,278,portrait,26679,RGB
219407_200w.jpg,200,278,portrait,20266,RGB
219408_200w.jpg,200,278,portrait,24211,RGB
219409_200w.jpg,200,278,portrait,26196,RGB
219411_200w.jpg,200,278,portrait,28533,RGB
219412_200w.jpg,200,278,portrait,23214,RGB
219413_200w.jpg,200,278,portrait,21637,RGB
219414_200w.jpg,200,278,portrait,22836,RGB
219416_200w.jpg,200,278,portrait,21316,RGB
219420_200w.jpg,200,278,portrait,21788,RGB
219421_200w.jpg,200,278,portrait,22420,RGB
219422_200w.jpg,200,278,portrait,23755,RGB
219423_200w.jpg,200,278,portrait,24534,RGB
219424_200w.jpg,200,278,portrait,24304,RGB
219426_200w.jpg,200,278,portrait,24308,RGB
219427_200w.jpg,200,278,portrait,24947,RGB
219428_200w.jpg,200,278,portrait,27375,RGB
219429_200w.jpg,200,278,portrait,29700,RGB
219431_200w.jpg,200,278,portrait,27340,RGB
219432_200w.jpg,200,278,portrait,25015,RGB
219434_200w.jpg,200,278,portrait,23544,RGB
219435_200w.jpg,200,278,portrait,32599,RGB
219441_200w.jpg,200,278,portrait,20240,RGB
219442_200w.jpg,200,278,portrait,21426,RGB
219443_200w.jpg,200,278,portrait,25487,RGB
219445_200w.jpg,200,278,portrait,19184,RGB
219446_200w.jpg,200,278,portrait,20641,RGB
219447_200w.jpg,200,278,portrait,20301,RGB
219449_200w.jpg,200,278,portrait,18709,RGB
219451_200w.jpg,200,278,portrait,21853,RGB
219456_200w.jpg,200,278,portrait,20096,RGB
219459_200w.jpg,200,278,portrait,21702,RGB
219462_200w.jpg,200,278,portrait,23285,RGB
219464_200w.jpg,200,278,portrait,19956,RGB
219465_200w.jpg,200,278,portrait,22358,RGB
219467_200w.jpg,200,278,portrait,20808,RGB
219468_200w.jpg,200,278,portrait,19472,RGB
219470_200w.jpg,200,278,portrait,24089,RGB
219471_200w.jpg,200,278,portrait,17333,RGB
219473_200w.jpg,200,278,portrait,22358,RGB
219474_200w.jpg,200,278,portrait,20274,RGB
219476_200w.jpg,200,278,portrait,22292,RGB
219477_200w.jpg,200,278,portrait,24679,RGB
219479_200w.jpg,200,278,portrait,17172,RGB
219481_200w.jpg,200,278,portrait,23346,RGB
219482_200w.jpg,200,278,portrait,24506,RGB
219484_200w.jpg,200,278,portrait,21108,RGB
219485_200w.jpg,200,278,portrait,21299,RGB
219487_200w.jpg,200,278,portrait,22734,RGB
219488_200w.jpg,200,278,portrait,27360,RGB
219491_200w.jpg,200,278,portrait,21329,RGB
219493_200w.jpg,200,278,portrait,22603,RGB
219495_200w.jpg,200,278,portrait,22946,RGB
220079_200w.jpg,200,280,portrait,17125,RGB
220080_200w.jpg,200,280,portrait,16964,RGB
220081_200w.jpg,200,280,portrait,17048,RGB
220082_200w.jpg,200,280,portrait,16817,RGB
220092_200w.jpg,200,278,portrait,13829,RGB
220093_200w.jpg,200,279,portrait,26533,RGB
220095_200w.jpg,200,279,portrait,23343,RGB
220096_200w.jpg,200,278,portrait,22946,RGB
220097_200w.jpg,200,278,portrait,25861,RGB
220115_200w.jpg,200,280,portrait,23445,RGB
220116_200w.jpg,200,280,portrait,21430,RGB
220117_200w.jpg,200,281,portrait,23177,RGB
220118_200w.jpg,200,282,portrait,23699,RGB
220119_200w.jpg,200,280,portrait,22165,RGB
220120_200w.jpg,200,280,portrait,24591,RGB
220164_200w.jpg,200,280,portrait,23445,RGB
220179_200w.jpg,200,279,portrait,24736,RGB
220180_200w.jpg,200,280,portrait,20256,RGB
220183_200w.jpg,200,280,portrait,25682,RGB
220184_200w.jpg,200,280,portrait,22611,RGB
220258_200w.jpg,200,279,portrait,13007,RGB
220259_200w.jpg,200,271,portrait,13807,RGB
220260_200w.jpg,200,288,portrait,15613,RGB
220268_200w.jpg,200,280,portrait,21411,RGB
220269_200w.jpg,200,281,portrait,19642,RGB
220270_200w.jpg,200,280,portrait,22752,RGB
220271_200w.jpg,200,281,portrait,20479,RGB
220273_200w.jpg,200,279,portrait,28474,RGB
220274_200w.jpg,200,279,portrait,29097,RGB
220279_200w.jpg,200,279,portrait,34605,RGB
220281_200w.jpg,200,279,portrait,32824,RGB
220282_200w.jpg,200,279,portrait,32616,RGB
220313_200w.jpg,200,279,portrait,23862,RGB
220314_200w.jpg,200,279,portrait,24329,RGB
220315_200w.jpg,200,279,portrait,24562,RGB
220316_200w.jpg,200,279,portrait,27602,RGB
220317_200w.jpg,200,279,portrait,26074,RGB
220369_200w.jpg,200,281,portrait,27920,RGB
220665_200w.jpg,200,280,portrait,21849,RGB
220666_200w.jpg,200,280,portrait,22422,RGB
220667_200w.jpg,200,282,portrait,29095,RGB
220668_200w.jpg,200,282,portrait,29219,RGB
220672_200w.jpg,200,279,portrait,22789,RGB
220673_200w.jpg,200,279,portrait,21514,RGB
220743_200w.jpg,200,279,portrait,18974,RGB
220753_200w.jpg,200,279,portrait,28565,RGB
220754_200w.jpg,200,279,portrait,29151,RGB
220755_200w.jpg,200,279,portrait,28026,RGB
220757_200w.jpg,200,281,portrait,24091,RGB
220758_200w.jpg,200,280,portrait,23206,RGB
220759_200w.jpg,200,270,portrait,21763,RGB
221172_200w.jpg,200,277,portrait,19899,RGB
221173_200w.jpg,200,282,portrait,20282,RGB
221174_200w.jpg,200,281,portrait,21030,RGB
221175_200w.jpg,200,277,portrait,20062,RGB
221176_200w.jpg,200,282,portrait,18095,RGB
221177_200w.jpg,200,279,portrait,24977,RGB
221178_200w.jpg,200,274,portrait,20380,RGB
221179_200w.jpg,200,276,portrait,21269,RGB
221297_200w.jpg,200,275,portrait,27900,RGB
221298_200w.jpg,200,280,portrait,24996,RGB
221299_200w.jpg,200,284,portrait,20549,RGB
221300_200w.jpg,200,282,portrait,21946,RGB
221301_200w.jpg,200,278,portrait,22980,RGB
221753_200w.jpg,200,278,portrait,23899,RGB
221754_200w.jpg,200,278,portrait,24260,RGB
221760_200w.jpg,200,280,portrait,15784,RGB
222071_200w.jpg,200,280,portrait,21651,RGB
222072_200w.jpg,200,280,portrait,21956,RGB
222073_200w.jpg,200,281,portrait,22986,RGB
222074_200w.jpg,200,280,portrait,23998,RGB
222223_200w.jpg,200,279,portrait,22926,RGB
222327_200w.jpg,200,279,portrait,28803,RGB
222328_200w.jpg,200,279,portrait,28025,RGB
222329_200w.jpg,200,279,portrait,26998,RGB
222330_200w.jpg,200,279,portrait,29462,RGB
222990_200w.jpg,200,279,portrait,27373,RGB
222995_200w.jpg,200,279,portrait,20496,RGB
222997_200w.jpg,200,279,portrait,19558,RGB
222998_200w.jpg,200,279,portrait,21411,RGB
223001_200w.jpg,200,279,portrait,25722,RGB
223002_200w.jpg,200,279,portrait,22030,RGB
223003_200w.jpg,200,279,portrait,22328,RGB
223004_200w.jpg,200,279,portrait,22402,RGB
223005_200w.jpg,200,279,portrait,24784,RGB
223006_200w.jpg,200,279,portrait,24518,RGB
223007_200w.jpg,200,279,portrait,23888,RGB
223008_200w.jpg,200,279,portrait,26074,RGB
223010_200w.jpg,200,279,portrait,30969,RGB
223011_200w.jpg,200,279,portrait,21468,RGB
223012_200w.jpg,200,279,portrait,21503,RGB
223014_200w.jpg,200,279,portrait,28159,RGB
223015_200w.jpg,200,279,portrait,24015,RGB
223016_200w.jpg,200,279,portrait,32183,RGB
223018_200w.jpg,200,279,portrait,23383,RGB
223019_200w.jpg,200,279,portrait,25287,RGB
223020_200w.jpg,200,279,portrait,22897,RGB
223021_200w.jpg,200,279,portrait,22981,RGB
223022_200w.jpg,200,279,portrait,24120,RGB
223023_200w.jpg,200,279,portrait,20451,RGB
223024_200w.jpg,200,279,portrait,28062,RGB
223025_200w.jpg,200,279,portrait,20821,RGB
223026_200w.jpg,200,279,portrait,24756,RGB
223027_200w.jpg,200,279,portrait,23585,RGB
223036_200w.jpg,200,279,portrait,23805,RGB
223037_200w.jpg,200,279,portrait,27312,RGB
223038_200w.jpg,200,279,portrait,22703,RGB
223039_200w.jpg,200,279,portrait,23956,RGB
223040_200w.jpg,200,279,portrait,23744,RGB
223041_200w.jpg,200,279,portrait,22257,RGB
223042_200w.jpg,200,279,portrait,25876,RGB
223043_200w.jpg,200,279,portrait,23675,RGB
223044_200w.jpg,200,279,portrait,22565,RGB
223045_200w.jpg,200,279,portrait,24473,RGB
223046_200w.jpg,200,279,portrait,23734,RGB
223047_200w.jpg,200,279,portrait,26556,RGB
223048_200w.jpg,200,279,portrait,19391,RGB
223049_200w.jpg,200,279,portrait,21669,RGB
223050_200w.jpg,200,279,portrait,18496,RGB
223051_200w.jpg,200,279,portrait,17511,RGB
223052_200w.jpg,200,279,portrait,18625,RGB
223053_200w.jpg,200,279,portrait,19619,RGB
223054_200w.jpg,200,279,portrait,18114,RGB
223055_200w.jpg,200,279,portrait,20616,RGB
223056_200w.jpg,200,279,portrait,20327,RGB
223057_200w.jpg,200,279,portrait,20168,RGB
223058_200w.jpg,200,279,portrait,20636,RGB
223059_200w.jpg,200,279,portrait,18557,RGB
223060_200w.jpg,200,279,portrait,20309,RGB
223062_200w.jpg,200,279,portrait,21521,RGB
223063_200w.jpg,200,279,portrait,19710,RGB
223064_200w.jpg,200,279,portrait,18521,RGB
223066_200w.jpg,200,279,portrait,17766,RGB
223067_200w.jpg,200,279,portrait,21391,RGB
223068_200w.jpg,200,279,portrait,28201,RGB
223069_200w.jpg,200,279,portrait,25922,RGB
223070_200w.jpg,200,279,portrait,28839,RGB
223071_200w.jpg,200,279,portrait,28369,RGB
223072_200w.jpg,200,279,portrait,24276,RGB
223073_200w.jpg,200,279,portrait,26904,RGB
223074_200w.jpg,200,279,portrait,26698,RGB
223075_200w.jpg,200,279,portrait,22033,RGB
223076_200w.jpg,200,279,portrait,20372,RGB
223077_200w.jpg,200,279,portrait,23214,RGB
223078_200w.jpg,200,279,portrait,25575,RGB
223079_200w.jpg,200,279,portrait,22751,RGB
223749_200w.jpg,200,279,portrait,25369,RGB
223750_200w.jpg,200,279,portrait,25703,RGB
223752_200w.jpg,200,279,portrait,24875,RGB
223753_200w.jpg,200,279,portrait,26383,RGB
223754_200w.jpg,200,279,portrait,25186,RGB
223755_200w.jpg,200,279,portrait,24441,RGB
223756_200w.jpg,200,279,portrait,25336,RGB
223757_200w.jpg,200,279,portrait,25982,RGB
223758_200w.jpg,200,279,portrait,27947,RGB
223760_200w.jpg,200,280,portrait,23630,RGB
223761_200w.jpg,200,279,portrait,23134,RGB
223939_200w.jpg,200,279,portrait,20987,RGB
224354_200w.jpg,200,279,portrait,28202,RGB
224355_200w.jpg,200,284,portrait,22402,RGB
224361_200w.jpg,200,278,portrait,23501,RGB
224362_200w.jpg,200,278,portrait,23706,RGB
224363_200w.jpg,200,278,portrait,21867,RGB
224364_200w.jpg,200,278,portrait,21768,RGB
224365_200w.jpg,200,278,portrait,25093,RGB
224366_200w.jpg,200,278,portrait,24529,RGB
224367_200w.jpg,200,278,portrait,24005,RGB
224368_200w.jpg,200,278,portrait,23967,RGB
224673_200w.jpg,200,280,portrait,18669,RGB
224679_200w.jpg,200,279,portrait,20233,RGB
224857_200w.jpg,200,280,portrait,24366,RGB
224858_200w.jpg,200,278,portrait,24640,RGB
226129_200w.jpg,200,279,portrait,32125,RGB
226132_200w.jpg,200,279,portrait,25818,RGB
226264_200w.jpg,200,279,portrait,25460,RGB
226360_200w.jpg,200,278,portrait,20525,RGB
226361_200w.jpg,200,278,portrait,22133,RGB
226362_200w.jpg,200,278,portrait,23263,RGB
226364_200w.jpg,200,278,portrait,18282,RGB
226365_200w.jpg,200,278,portrait,22783,RGB
226366_200w.jpg,200,278,portrait,21700,RGB
226368_200w.jpg,200,278,portrait,22023,RGB
226370_200w.jpg,200,278,portrait,22980,RGB
226371_200w.jpg,200,278,portrait,26279,RGB
226372_200w.jpg,200,278,portrait,19306,RGB
226373_200w.jpg,200,278,portrait,22475,RGB
226374_200w.jpg,200,278,portrait,25586,RGB
226376_200w.jpg,200,278,portrait,18560,RGB
226378_200w.jpg,200,278,portrait,25661,RGB
226379_200w.jpg,200,278,portrait,22844,RGB
226380_200w.jpg,200,278,portrait,22178,RGB
226381_200w.jpg,200,278,portrait,21304,RGB
226382_200w.jpg,200,278,portrait,21060,RGB
226383_200w.jpg,200,278,portrait,22779,RGB
226384_200w.jpg,200,278,portrait,27884,RGB
226385_200w.jpg,200,278,portrait,28060,RGB
226386_200w.jpg,200,278,portrait,30956,RGB
226387_200w.jpg,200,278,portrait,27772,RGB
226388_200w.jpg,200,278,portrait,28226,RGB
226389_200w.jpg,200,278,portrait,31172,RGB
226392_200w.jpg,200,278,portrait,21389,RGB
226394_200w.jpg,200,278,portrait,22395,RGB
226395_200w.jpg,200,278,portrait,25338,RGB
226396_200w.jpg,200,278,portrait,23038,RGB
226398_200w.jpg,200,278,portrait,21314,RGB
226399_200w.jpg,200,278,portrait,22724,RGB
226401_200w.jpg,200,278,portrait,28543,RGB
226403_200w.jpg,200,278,portrait,31725,RGB
226405_200w.jpg,200,278,portrait,25528,RGB
226409_200w.jpg,200,278,portrait,24361,RGB
226411_200w.jpg,200,278,portrait,24181,RGB
226412_200w.jpg,200,278,portrait,24289,RGB
226413_200w.jpg,200,278,portrait,24062,RGB
226415_200w.jpg,200,278,portrait,25498,RGB
226416_200w.jpg,200,278,portrait,25492,RGB
226418_200w.jpg,200,278,portrait,23451,RGB
226419_200w.jpg,200,278,portrait,25900,RGB
226420_200w.jpg,200,278,portrait,23415,RGB
226423_200w.jpg,200,278,portrait,23947,RGB
226424_200w.jpg,200,278,portrait,23718,RGB
226425_200w.jpg,200,278,portrait,24454,RGB
226426_200w.jpg,200,278,portrait,21257,RGB
226427_200w.jpg,200,278,portrait,25882,RGB
226430_200w.jpg,200,278,portrait,26929,RGB
226431_200w.jpg,200,278,portrait,25195,RGB
226432_200w.jpg,200,278,portrait,26048,RGB
226434_200w.jpg,200,278,portrait,22801,RGB
226435_200w.jpg,200,278,portrait,17881,RGB
226437_200w.jpg,200,278,portrait,23600,RGB
226438_200w.jpg,200,278,portrait,24654,RGB
226439_200w.jpg,200,278,portrait,25391,RGB
226441_200w.jpg,200,278,portrait,28031,RGB
226443_200w.jpg,200,278,portrait,27655,RGB
226445_200w.jpg,200,278,portrait,22967,RGB
226447_200w.jpg,200,278,portrait,20436,RGB
226448_200w.jpg,200,278,portrait,23549,RGB
226449_200w.jpg,200,278,portrait,19153,RGB
226451_200w.jpg,200,278,portrait,22074,RGB
226452_200w.jpg,200,278,portrait,18492,RGB
226453_200w.jpg,200,278,portrait,28199,RGB
226455_200w.jpg,200,278,portrait,21505,RGB
226456_200w.jpg,200,278,portrait,23057,RGB
226457_200w.jpg,200,278,portrait,28389,RGB
226458_200w.jpg,200,278,portrait,23842,RGB
226459_200w.jpg,200,278,portrait,23021,RGB
226460_200w.jpg,200,278,portrait,21929,RGB
226468_200w.jpg,200,278,portrait,21706,RGB
226469_200w.jpg,200,278,portrait,22509,RGB
226470_200w.jpg,200,278,portrait,24386,RGB
226471_200w.jpg,200,278,portrait,18711,RGB
226472_200w.jpg,200,278,portrait,22307,RGB
226473_200w.jpg,200,278,portrait,21205,RGB
226476_200w.jpg,200,278,portrait,20312,RGB
226478_200w.jpg,200,278,portrait,23354,RGB
226480_200w.jpg,200,278,portrait,20268,RGB
226481_200w.jpg,200,278,portrait,21138,RGB
226482_200w.jpg,200,278,portrait,21815,RGB
226483_200w.jpg,200,278,portrait,20828,RGB
226484_200w.jpg,200,278,portrait,22575,RGB
226485_200w.jpg,200,278,portrait,18711,RGB
226486_200w.jpg,200,278,portrait,22496,RGB
226487_200w.jpg,200,278,portrait,23115,RGB
226488_200w.jpg,200,278,portrait,19860,RGB
226489_200w.jpg,200,278,portrait,22480,RGB
226490_200w.jpg,200,278,portrait,24879,RGB
226491_200w.jpg,200,278,portrait,21533,RGB
226492_200w.jpg,200,278,portrait,22229,RGB
226493_200w.jpg,200,278,portrait,19724,RGB
226494_200w.jpg,200,278,portrait,23455,RGB
226495_200w.jpg,200,278,portrait,20336,RGB
226496_200w.jpg,200,278,portrait,19705,RGB
226497_200w.jpg,200,278,portrait,23929,RGB
226498_200w.jpg,200,278,portrait,21091,RGB
226499_200w.jpg,200,278,portrait,19078,RGB
226500_200w.jpg,200,278,portrait,21901,RGB
226501_200w.jpg,200,278,portrait,17643,RGB
226502_200w.jpg,200,278,portrait,19157,RGB
226503_200w.jpg,200,278,portrait,19665,RGB
226504_200w.jpg,200,278,portrait,18696,RGB
226505_200w.jpg,200,278,portrait,22646,RGB
226506_200w.jpg,200,278,portrait,26784,RGB
226507_200w.jpg,200,278,portrait,21373,RGB
226508_200w.jpg,200,278,portrait,21882,RGB
226509_200w.jpg,200,278,portrait,23905,RGB
226510_200w.jpg,200,278,portrait,19715,RGB
226513_200w.jpg,200,278,portrait,23911,RGB
226514_200w.jpg,200,278,portrait,19659,RGB
226515_200w.jpg,200,278,portrait,18424,RGB
226516_200w.jpg,200,278,portrait,23327,RGB
226517_200w.jpg,200,278,portrait,21107,RGB
226518_200w.jpg,200,278,portrait,20845,RGB
226519_200w.jpg,200,278,portrait,23815,RGB
226521_200w.jpg,200,278,portrait,24611,RGB
226522_200w.jpg,200,278,portrait,24747,RGB
226524_200w.jpg,200,278,portrait,25629,RGB
226525_200w.jpg,200,278,portrait,21323,RGB
226526_200w.jpg,200,278,portrait,22901,RGB
226527_200w.jpg,200,278,portrait,22057,RGB
226528_200w.jpg,200,278,portrait,20009,RGB
226529_200w.jpg,200,278,portrait,22794,RGB
226530_200w.jpg,200,278,portrait,20621,RGB
226531_200w.jpg,200,278,portrait,24208,RGB
226532_200w.jpg,200,278,portrait,22931,RGB
226533_200w.jpg,200,278,portrait,22479,RGB
226534_200w.jpg,200,278,portrait,20430,RGB
226535_200w.jpg,200,278,portrait,21086,RGB
226536_200w.jpg,200,278,portrait,25084,RGB
226537_200w.jpg,200,278,portrait,23447,RGB
226538_200w.jpg,200,278,portrait,21373,RGB
226539_200w.jpg,200,278,portrait,21571,RGB
226540_200w.jpg,200,278,portrait,23622,RGB
226541_200w.jpg,200,278,portrait,21726,RGB
226542_200w.jpg,200,278,portrait,19682,RGB
226543_200w.jpg,200,278,portrait,21646,RGB
226544_200w.jpg,200,278,portrait,21460,RGB
226545_200w.jpg,200,278,portrait,24608,RGB
226546_200w.jpg,200,278,portrait,23839,RGB
226548_200w.jpg,200,278,portrait,27859,RGB
226549_200w.jpg,200,278,portrait,30595,RGB
226550_200w.jpg,200,278,portrait,28375,RGB
226551_200w.jpg,200,278,portrait,30175,RGB
226552_200w.jpg,200,278,portrait,22465,RGB
226553_200w.jpg,200,278,portrait,24302,RGB
226554_200w.jpg,200,278,portrait,28048,RGB
226555_200w.jpg,200,278,portrait,23142,RGB
226556_200w.jpg,200,278,portrait,24006,RGB
226557_200w.jpg,200,278,portrait,24669,RGB
226558_200w.jpg,200,278,portrait,26571,RGB
226559_200w.jpg,200,278,portrait,28516,RGB
226560_200w.jpg,200,278,portrait,22456,RGB
226561_200w.jpg,200,278,portrait,24094,RGB
226562_200w.jpg,200,278,portrait,25733,RGB
226563_200w.jpg,200,278,portrait,24853,RGB
226564_200w.jpg,200,278,portrait,25564,RGB
226565_200w.jpg,200,278,portrait,23200,RGB
226566_200w.jpg,200,278,portrait,24922,RGB
226567_200w.jpg,200,278,portrait,22635,RGB
226568_200w.jpg,200,278,portrait,27154,RGB
226569_200w.jpg,200,278,portrait,29047,RGB
226570_200w.jpg,200,278,portrait,22672,RGB
226571_200w.jpg,200,278,portrait,22405,RGB
226572_200w.jpg,200,278,portrait,24720,RGB
226573_200w.jpg,200,278,portrait,28496,RGB
226574_200w.jpg,200,278,portrait,25107,RGB
226575_200w.jpg,200,278,portrait,25880,RGB
226576_200w.jpg,200,278,portrait,24383,RGB
226577_200w.jpg,200,278,portrait,21313,RGB
226578_200w.jpg,200,278,portrait,23136,RGB
226579_200w.jpg,200,278,portrait,26037,RGB
226580_200w.jpg,200,278,portrait,25849,RGB
226581_200w.jpg,200,278,portrait,26507,RGB
226583_200w.jpg,200,278,portrait,24972,RGB
226584_200w.jpg,200,278,portrait,25367,RGB
226585_200w.jpg,200,278,portrait,23574,RGB
226586_200w.jpg,200,278,portrait,20024,RGB
226587_200w.jpg,200,278,portrait,21627,RGB
226588_200w.jpg,200,278,portrait,22901,RGB
226589_200w.jpg,200,278,portrait,19873,RGB
226590_200w.jpg,200,278,portrait,22176,RGB
226591_200w.jpg,200,278,portrait,21225,RGB
226592_200w.jpg,200,278,portrait,21808,RGB
226593_200w.jpg,200,278,portrait,23782,RGB
226594_200w.jpg,200,278,portrait,27560,RGB
226595_200w.jpg,200,278,portrait,23421,RGB
226596_200w.jpg,200,278,portrait,22548,RGB
226597_200w.jpg,200,278,portrait,20661,RGB
226598_200w.jpg,200,278,portrait,25107,RGB
226599_200w.jpg,200,278,portrait,20696,RGB
226600_200w.jpg,200,278,portrait,23507,RGB
226601_200w.jpg,200,278,portrait,21403,RGB
226602_200w.jpg,200,278,portrait,25541,RGB
226603_200w.jpg,200,278,portrait,23004,RGB
226604_200w.jpg,200,278,portrait,30012,RGB
226605_200w.jpg,200,278,portrait,28480,RGB
226606_200w.jpg,200,278,portrait,27109,RGB
226607_200w.jpg,200,278,portrait,28429,RGB
226672_200w.jpg,200,280,portrait,23904,RGB
226911_200w.jpg,200,279,portrait,26211,RGB
226912_200w.jpg,200,282,portrait,26466,RGB
227025_200w.jpg,200,278,portrait,27709,RGB
227026_200w.jpg,200,279,portrait,28020,RGB
227027_200w.jpg,200,278,portrait,24254,RGB
227028_200w.jpg,200,278,portrait,23126,RGB
227029_200w.jpg,200,278,portrait,20964,RGB
227030_200w.jpg,200,278,portrait,26360,RGB
227031_200w.jpg,200,278,portrait,22674,RGB
227085_200w.jpg,200,280,portrait,21171,RGB
227086_200w.jpg,200,280,portrait,22904,RGB
227087_200w.jpg,200,279,portrait,21135,RGB
227088_200w.jpg,200,279,portrait,22967,RGB
227089_200w.jpg,200,280,portrait,24575,RGB
227090_200w.jpg,200,281,portrait,22900,RGB
227091_200w.jpg,200,279,portrait,23580,RGB
227092_200w.jpg,200,279,portrait,23666,RGB
227093_200w.jpg,200,284,portrait,23672,RGB
227094_200w.jpg,200,272,portrait,26823,RGB
227404_200w.jpg,200,280,portrait,25174,RGB
227405_200w.jpg,200,280,portrait,24096,RGB
227413_200w.jpg,200,280,portrait,22694,RGB
227474_200w.jpg,200,279,portrait,22581,RGB
227477_200w.jpg,200,279,portrait,24169,RGB
227480_200w.jpg,200,278,portrait,21600,RGB
227624_200w.jpg,200,279,portrait,27881,RGB
227646_200w.jpg,200,278,portrait,23747,RGB
227648_200w.jpg,200,278,portrait,25338,RGB
227649_200w.jpg,200,278,portrait,21882,RGB
227650_200w.jpg,200,278,portrait,23718,RGB
227707_200w.jpg,200,280,portrait,26465,RGB
227709_200w.jpg,200,282,portrait,26226,RGB
227710_200w.jpg,200,280,portrait,24047,RGB
227712_200w.jpg,200,278,portrait,25857,RGB
228152_200w.jpg,200,280,portrait,24986,RGB
228153_200w.jpg,200,269,portrait,20111,RGB
228156_200w.jpg,200,279,portrait,25581,RGB
228157_200w.jpg,200,285,portrait,19419,RGB
228158_200w.jpg,200,280,portrait,24375,RGB
228258_200w.jpg,200,279,portrait,25176,RGB
228259_200w.jpg,200,279,portrait,24117,RGB
228310_200w.jpg,200,278,portrait,24855,RGB
228481_200w.jpg,200,278,portrait,22468,RGB
228483_200w.jpg,200,279,portrait,24358,RGB
228485_200w.jpg,200,279,portrait,24402,RGB
228494_200w.jpg,200,280,portrait,25291,RGB
228499_200w.jpg,200,280,portrait,21119,RGB
228500_200w.jpg,200,280,portrait,21205,RGB
228595_200w.jpg,200,279,portrait,34533,RGB
228596_200w.jpg,200,279,portrait,35895,RGB
228597_200w.jpg,200,278,portrait,21956,RGB
228624_200w.jpg,200,279,portrait,23886,RGB
228812_200w.jpg,200,279,portrait,23417,RGB
228815_200w.jpg,200,277,portrait,21968,RGB
228853_200w.jpg,200,278,portrait,22518,RGB
228980_200w.jpg,200,278,portrait,25818,RGB
228981_200w.jpg,200,279,portrait,26449,RGB
229419_200w.jpg,200,280,portrait,22166,RGB
229420_200w.jpg,200,282,portrait,28726,RGB
229421_200w.jpg,200,282,portrait,25616,RGB
229422_200w.jpg,200,280,portrait,26165,RGB
229436_200w.jpg,200,280,portrait,28147,RGB
229577_200w.jpg,200,280,portrait,20736,RGB
229578_200w.jpg,200,280,portrait,23900,RGB
229611_200w.jpg,200,280,portrait,22057,RGB
230421_200w.jpg,200,281,portrait,20011,RGB
230422_200w.jpg,200,278,portrait,21162,RGB
230926_200w.jpg,200,280,portrait,27134,RGB
230927_200w.jpg,200,283,portrait,24189,RGB
230928_200w.jpg,200,282,portrait,27368,RGB
230930_200w.jpg,200,280,portrait,25252,RGB
230941_200w.jpg,200,280,portrait,21174,RGB
230942_200w.jpg,200,279,portrait,21718,RGB
231307_200w.jpg,200,280,portrait,25128,RGB
231414_200w.jpg,200,272,portrait,18835,RGB
231415_200w.jpg,200,272,portrait,18921,RGB
231416_200w.jpg,200,282,portrait,23531,RGB
231417_200w.jpg,200,282,portrait,23593,RGB
231418_200w.jpg,200,278,portrait,23505,RGB
231419_200w.jpg,200,278,portrait,23654,RGB
231449_200w.jpg,200,276,portrait,19668,RGB
231450_200w.jpg,200,277,portrait,18552,RGB
231451_200w.jpg,200,280,portrait,24214,RGB
231452_200w.jpg,200,280,portrait,22972,RGB
231453_200w.jpg,200,280,portrait,24049,RGB
231454_200w.jpg,200,280,portrait,23134,RGB
231455_200w.jpg,200,280,portrait,25381,RGB
231456_200w.jpg,200,280,portrait,23194,RGB
231457_200w.jpg,200,280,portrait,25581,RGB
231458_200w.jpg,200,280,portrait,23034,RGB
231459_200w.jpg,200,280,portrait,23585,RGB
231460_200w.jpg,200,280,portrait,25994,RGB
231461_200w.jpg,200,280,portrait,24940,RGB
231463_200w.jpg,200,280,portrait,24314,RGB
231464_200w.jpg,200,280,portrait,23485,RGB
231465_200w.jpg,200,280,portrait,23206,RGB
231466_200w.jpg,200,280,portrait,23685,RGB
231467_200w.jpg,200,280,portrait,22447,RGB
231468_200w.jpg,200,280,portrait,24545,RGB
231469_200w.jpg,200,280,portrait,25930,RGB
231470_200w.jpg,200,280,portrait,24094,RGB
231471_200w.jpg,200,280,portrait,22395,RGB
231472_200w.jpg,200,280,portrait,26849,RGB
231473_200w.jpg,200,280,portrait,21845,RGB
231474_200w.jpg,200,280,portrait,22060,RGB
232309_200w.jpg,200,278,portrait,22349,RGB
232316_200w.jpg,200,276,portrait,20821,RGB
232317_200w.jpg,200,276,portrait,22286,RGB
232318_200w.jpg,200,276,portrait,20267,RGB
232319_200w.jpg,200,276,portrait,22618,RGB
232320_200w.jpg,200,276,portrait,21365,RGB
232321_200w.jpg,200,276,portrait,20642,RGB
232322_200w.jpg,200,276,portrait,22384,RGB
232323_200w.jpg,200,276,portrait,22096,RGB
232324_200w.jpg,200,276,portrait,24246,RGB
232325_200w.jpg,200,276,portrait,22221,RGB
232326_200w.jpg,200,276,portrait,21544,RGB
232327_200w.jpg,200,275,portrait,20559,RGB
232328_200w.jpg,200,283,portrait,21403,RGB
232329_200w.jpg,200,282,portrait,21015,RGB
232330_200w.jpg,200,281,portrait,20306,RGB
232331_200w.jpg,200,276,portrait,22539,RGB
232332_200w.jpg,200,279,portrait,20215,RGB
232333_200w.jpg,200,277,portrait,19464,RGB
232334_200w.jpg,200,276,portrait,19755,RGB
232335_200w.jpg,200,283,portrait,19888,RGB
232336_200w.jpg,200,278,portrait,21369,RGB
232337_200w.jpg,200,277,portrait,21078,RGB
232338_200w.jpg,200,278,portrait,21505,RGB
232339_200w.jpg,200,280,portrait,19192,RGB
232341_200w.jpg,200,282,portrait,21468,RGB
232343_200w.jpg,200,279,portrait,23918,RGB
232344_200w.jpg,200,279,portrait,20520,RGB
232345_200w.jpg,200,279,portrait,24654,RGB
232346_200w.jpg,200,279,portrait,20323,RGB
232347_200w.jpg,200,279,portrait,21666,RGB
232348_200w.jpg,200,279,portrait,20127,RGB
232349_200w.jpg,200,279,portrait,21671,RGB
232350_200w.jpg,200,279,portrait,24475,RGB
232351_200w.jpg,200,279,portrait,18282,RGB
232352_200w.jpg,200,279,portrait,24725,RGB
232353_200w.jpg,200,279,portrait,21534,RGB
232354_200w.jpg,200,279,portrait,23209,RGB
232355_200w.jpg,200,279,portrait,17983,RGB
232356_200w.jpg,200,279,portrait,20668,RGB
232357_200w.jpg,200,279,portrait,21294,RGB
232358_200w.jpg,200,279,portrait,21834,RGB
232359_200w.jpg,200,279,portrait,19463,RGB
232360_200w.jpg,200,279,portrait,24017,RGB
232361_200w.jpg,200,279,portrait,22213,RGB
232362_200w.jpg,200,279,portrait,16012,RGB
232363_200w.jpg,200,279,portrait,22678,RGB
232364_200w.jpg,200,279,portrait,23485,RGB
232365_200w.jpg,200,279,portrait,24251,RGB
232366_200w.jpg,200,279,portrait,21346,RGB
232367_200w.jpg,200,279,portrait,20321,RGB
232368_200w.jpg,200,279,portrait,25879,RGB
232369_200w.jpg,200,279,portrait,23589,RGB
232370_200w.jpg,200,279,portrait,26210,RGB
232371_200w.jpg,200,279,portrait,24138,RGB
232373_200w.jpg,200,279,portrait,21740,RGB
232374_200w.jpg,200,279,portrait,25966,RGB
232375_200w.jpg,200,279,portrait,21319,RGB
232376_200w.jpg,200,279,portrait,28625,RGB
232377_200w.jpg,200,279,portrait,25307,RGB
232378_200w.jpg,200,279,portrait,26387,RGB
232379_200w.jpg,200,279,portrait,21659,RGB
232380_200w.jpg,200,279,portrait,32927,RGB
232381_200w.jpg,200,279,portrait,20610,RGB
232382_200w.jpg,200,279,portrait,25675,RGB
232383_200w.jpg,200,279,portrait,25108,RGB
232384_200w.jpg,200,279,portrait,21560,RGB
232385_200w.jpg,200,279,portrait,24153,RGB
232386_200w.jpg,200,279,portrait,21998,RGB
232387_200w.jpg,200,279,portrait,21257,RGB
232388_200w.jpg,200,279,portrait,24058,RGB
232389_200w.jpg,200,279,portrait,23576,RGB
232390_200w.jpg,200,279,portrait,23716,RGB
232391_200w.jpg,200,279,portrait,24437,RGB
232392_200w.jpg,200,279,portrait,20960,RGB
232393_200w.jpg,200,279,portrait,24509,RGB
232394_200w.jpg,200,279,portrait,21899,RGB
232395_200w.jpg,200,279,portrait,21120,RGB
232397_200w.jpg,200,279,portrait,23956,RGB
232398_200w.jpg,200,279,portrait,22669,RGB
232399_200w.jpg,200,279,portrait,19793,RGB
232400_200w.jpg,200,279,portrait,24557,RGB
232401_200w.jpg,200,279,portrait,21227,RGB
232402_200w.jpg,200,279,portrait,21636,RGB
232403_200w.jpg,200,279,portrait,23975,RGB
232404_200w.jpg,200,279,portrait,23977,RGB
232405_200w.jpg,200,279,portrait,22764,RGB
232406_200w.jpg,200,279,portrait,27725,RGB
232407_200w.jpg,200,279,portrait,30973,RGB
232408_200w.jpg,200,279,portrait,19879,RGB
232409_200w.jpg,200,279,portrait,21490,RGB
232410_200w.jpg,200,279,portrait,22813,RGB
232411_200w.jpg,200,279,portrait,19288,RGB
232412_200w.jpg,200,279,portrait,22918,RGB
232413_200w.jpg,200,279,portrait,20086,RGB
232414_200w.jpg,200,279,portrait,26768,RGB
232415_200w.jpg,200,279,portrait,19815,RGB
232416_200w.jpg,200,279,portrait,22911,RGB
232417_200w.jpg,200,279,portrait,19924,RGB
232418_200w.jpg,200,279,portrait,21224,RGB
232419_200w.jpg,200,279,portrait,22447,RGB
232420_200w.jpg,200,279,portrait,20912,RGB
232421_200w.jpg,200,279,portrait,22771,RGB
232422_200w.jpg,200,279,portrait,18197,RGB
232423_200w.jpg,200,279,portrait,20154,RGB
232424_200w.jpg,200,279,portrait,23798,RGB
232425_200w.jpg,200,279,portrait,20813,RGB
232426_200w.jpg,200,279,portrait,20385,RGB
232427_200w.jpg,200,279,portrait,15553,RGB
232428_200w.jpg,200,279,portrait,20772,RGB
232429_200w.jpg,200,279,portrait,22672,RGB
232430_200w.jpg,200,279,portrait,22591,RGB
232431_200w.jpg,200,279,portrait,22795,RGB
232432_200w.jpg,200,279,portrait,23439,RGB
232433_200w.jpg,200,279,portrait,26583,RGB
232434_200w.jpg,200,278,portrait,26058,RGB
232435_200w.jpg,200,279,portrait,21347,RGB
232436_200w.jpg,200,279,portrait,25934,RGB
232437_200w.jpg,200,279,portrait,20366,RGB
232438_200w.jpg,200,279,portrait,21086,RGB
232439_200w.jpg,200,279,portrait,21889,RGB
232440_200w.jpg,200,279,portrait,24021,RGB
232441_200w.jpg,200,279,portrait,21626,RGB
232442_200w.jpg,200,279,portrait,23336,RGB
232443_200w.jpg,200,279,portrait,28495,RGB
232444_200w.jpg,200,279,portrait,20979,RGB
232445_200w.jpg,200,279,portrait,25549,RGB
232446_200w.jpg,200,279,portrait,21840,RGB
232447_200w.jpg,200,279,portrait,24049,RGB
232448_200w.jpg,200,279,portrait,24274,RGB
232449_200w.jpg,200,279,portrait,23690,RGB
232450_200w.jpg,200,278,portrait,26811,RGB
232451_200w.jpg,200,279,portrait,23054,RGB
232452_200w.jpg,200,279,portrait,25822,RGB
232453_200w.jpg,200,278,portrait,23274,RGB
232454_200w.jpg,200,279,portrait,26841,RGB
232455_200w.jpg,200,279,portrait,20805,RGB
232456_200w.jpg,200,279,portrait,25204,RGB
232457_200w.jpg,200,279,portrait,27681,RGB
232458_200w.jpg,200,278,portrait,23483,RGB
232459_200w.jpg,200,279,portrait,24802,RGB
232460_200w.jpg,200,279,portrait,23098,RGB
232461_200w.jpg,200,278,portrait,22024,RGB
232462_200w.jpg,200,279,portrait,24944,RGB
232463_200w.jpg,200,279,portrait,23598,RGB
232464_200w.jpg,200,279,portrait,23888,RGB
232465_200w.jpg,200,279,portrait,24772,RGB
232466_200w.jpg,200,279,portrait,26947,RGB
232467_200w.jpg,200,279,portrait,25053,RGB
232468_200w.jpg,200,279,portrait,23240,RGB
232469_200w.jpg,200,279,portrait,25414,RGB
232470_200w.jpg,200,279,portrait,22551,RGB
232471_200w.jpg,200,279,portrait,24978,RGB
232472_200w.jpg,200,279,portrait,24333,RGB
232473_200w.jpg,200,279,portrait,24267,RGB
232474_200w.jpg,200,279,portrait,21834,RGB
232475_200w.jpg,200,279,portrait,25751,RGB
232476_200w.jpg,200,279,portrait,25301,RGB
232477_200w.jpg,200,279,portrait,23257,RGB
232478_200w.jpg,200,279,portrait,28292,RGB
232479_200w.jpg,200,279,portrait,21004,RGB
232482_200w.jpg,200,279,portrait,18410,RGB
232483_200w.jpg,200,279,portrait,23458,RGB
232484_200w.jpg,200,279,portrait,26355,RGB
232485_200w.jpg,200,279,portrait,20402,RGB
232486_200w.jpg,200,279,portrait,22895,RGB
232487_200w.jpg,200,279,portrait,19696,RGB
232488_200w.jpg,200,279,portrait,22511,RGB
232489_200w.jpg,200,279,portrait,20972,RGB
232490_200w.jpg,200,279,portrait,20567,RGB
232491_200w.jpg,200,279,portrait,21890,RGB
232492_200w.jpg,200,279,portrait,20266,RGB
232494_200w.jpg,200,279,portrait,28066,RGB
232495_200w.jpg,200,279,portrait,29458,RGB
232496_200w.jpg,200,279,portrait,27972,RGB
232497_200w.jpg,200,279,portrait,23260,RGB
232498_200w.jpg,200,279,portrait,28586,RGB
232499_200w.jpg,200,278,portrait,23212,RGB
232500_200w.jpg,200,279,portrait,31164,RGB
232501_200w.jpg,200,279,portrait,24214,RGB
232502_200w.jpg,200,279,portrait,27079,RGB
232503_200w.jpg,200,278,portrait,25538,RGB
232504_200w.jpg,200,279,portrait,26286,RGB
232505_200w.jpg,200,279,portrait,25614,RGB
232506_200w.jpg,200,279,portrait,26380,RGB
232507_200w.jpg,200,279,portrait,24613,RGB
232508_200w.jpg,200,279,portrait,16011,RGB
232509_200w.jpg,200,279,portrait,22654,RGB
232510_200w.jpg,200,279,portrait,24315,RGB
232511_200w.jpg,200,279,portrait,27047,RGB
232512_200w.jpg,200,279,portrait,26822,RGB
232513_200w.jpg,200,279,portrait,23435,RGB
232514_200w.jpg,200,279,portrait,20780,RGB
232515_200w.jpg,200,279,portrait,27273,RGB
232516_200w.jpg,200,279,portrait,25997,RGB
232517_200w.jpg,200,279,portrait,37392,RGB
232518_200w.jpg,200,279,portrait,35325,RGB
232519_200w.jpg,200,279,portrait,26926,RGB
232520_200w.jpg,200,279,portrait,22842,RGB
232521_200w.jpg,200,279,portrait,24303,RGB
232522_200w.jpg,200,279,portrait,24896,RGB
232523_200w.jpg,200,279,portrait,22361,RGB
232524_200w.jpg,200,279,portrait,22577,RGB
232525_200w.jpg,200,279,portrait,23966,RGB
232526_200w.jpg,200,279,portrait,22735,RGB
232527_200w.jpg,200,279,portrait,26546,RGB
232528_200w.jpg,200,279,portrait,21221,RGB
232529_200w.jpg,200,279,portrait,23261,RGB
232530_200w.jpg,200,279,portrait,24269,RGB
232531_200w.jpg,200,279,portrait,23886,RGB
232533_200w.jpg,200,279,portrait,24189,RGB
232534_200w.jpg,200,279,portrait,27540,RGB
232535_200w.jpg,200,279,portrait,24999,RGB
232537_200w.jpg,200,279,portrait,24664,RGB
232538_200w.jpg,200,279,portrait,24335,RGB
232539_200w.jpg,200,279,portrait,26939,RGB
232541_200w.jpg,200,279,portrait,23917,RGB
232542_200w.jpg,200,279,portrait,18044,RGB
232544_200w.jpg,200,279,portrait,20221,RGB
232545_200w.jpg,200,279,portrait,19697,RGB
232546_200w.jpg,200,279,portrait,18935,RGB
232547_200w.jpg,200,279,portrait,24328,RGB
232608_200w.jpg,200,278,portrait,29699,RGB
232609_200w.jpg,200,279,portrait,29516,RGB
232610_200w.jpg,200,278,portrait,27433,RGB
232611_200w.jpg,200,278,portrait,25180,RGB
232612_200w.jpg,200,278,portrait,24837,RGB
232613_200w.jpg,200,278,portrait,24738,RGB
232614_200w.jpg,200,279,portrait,26240,RGB
232723_200w.jpg,200,279,portrait,25433,RGB
232724_200w.jpg,200,279,portrait,26968,RGB
232764_200w.jpg,200,280,portrait,24315,RGB
232765_200w.jpg,200,282,portrait,22223,RGB
232766_200w.jpg,200,280,portrait,24693,RGB
232767_200w.jpg,200,282,portrait,23316,RGB
232768_200w.jpg,200,283,portrait,21209,RGB
232769_200w.jpg,200,280,portrait,21680,RGB
232871_200w.jpg,200,279,portrait,22002,RGB
232873_200w.jpg,200,279,portrait,23875,RGB
232883_200w.jpg,200,279,portrait,21827,RGB
232887_200w.jpg,200,276,portrait,22654,RGB
233375_200w.jpg,200,279,portrait,23386,RGB
233835_200w.jpg,200,279,portrait,23432,RGB
234034_200w.jpg,200,278,portrait,31662,RGB
234035_200w.jpg,200,278,portrait,20582,RGB
234036_200w.jpg,200,278,portrait,28076,RGB
234037_200w.jpg,200,278,portrait,24040,RGB
234038_200w.jpg,200,278,portrait,23697,RGB
234039_200w.jpg,200,278,portrait,28417,RGB
234040_200w.jpg,200,278,portrait,18817,RGB
234041_200w.jpg,200,278,portrait,22876,RGB
234042_200w.jpg,200,278,portrait,30753,RGB
234043_200w.jpg,200,278,portrait,28594,RGB
234044_200w.jpg,200,278,portrait,30660,RGB
234045_200w.jpg,200,278,portrait,28317,RGB
234047_200w.jpg,200,278,portrait,28226,RGB
234048_200w.jpg,200,278,portrait,31976,RGB
234050_200w.jpg,200,278,portrait,20601,RGB
234051_200w.jpg,200,278,portrait,30198,RGB
234052_200w.jpg,200,278,portrait,28211,RGB
234054_200w.jpg,200,278,portrait,23448,RGB
234055_200w.jpg,200,278,portrait,29870,RGB
234056_200w.jpg,200,278,portrait,27853,RGB
234058_200w.jpg,200,278,portrait,23914,RGB
234059_200w.jpg,200,278,portrait,28081,RGB
234060_200w.jpg,200,278,portrait,26784,RGB
234061_200w.jpg,200,278,portrait,20583,RGB
234062_200w.jpg,200,278,portrait,28298,RGB
234064_200w.jpg,200,278,portrait,19694,RGB
234065_200w.jpg,200,278,portrait,27459,RGB
234067_200w.jpg,200,278,portrait,26244,RGB
234068_200w.jpg,200,278,portrait,21034,RGB
234069_200w.jpg,200,278,portrait,24203,RGB
234071_200w.jpg,200,278,portrait,25914,RGB
234072_200w.jpg,200,278,portrait,21097,RGB
234073_200w.jpg,200,278,portrait,27416,RGB
234074_200w.jpg,200,278,portrait,28719,RGB
234075_200w.jpg,200,278,portrait,22600,RGB
234076_200w.jpg,200,278,portrait,29634,RGB
234078_200w.jpg,200,278,portrait,22980,RGB
234079_200w.jpg,200,278,portrait,22860,RGB
234080_200w.jpg,200,278,portrait,23412,RGB
234082_200w.jpg,200,278,portrait,24092,RGB
234083_200w.jpg,200,278,portrait,25291,RGB
234087_200w.jpg,200,278,portrait,27937,RGB
234088_200w.jpg,200,278,portrait,30961,RGB
234090_200w.jpg,200,278,portrait,29523,RGB
234091_200w.jpg,200,278,portrait,28802,RGB
234093_200w.jpg,200,278,portrait,35741,RGB
234094_200w.jpg,200,278,portrait,26901,RGB
234095_200w.jpg,200,278,portrait,21974,RGB
234096_200w.jpg,200,278,portrait,19561,RGB
234097_200w.jpg,200,278,portrait,19238,RGB
234098_200w.jpg,200,278,portrait,23497,RGB
234099_200w.jpg,200,278,portrait,22264,RGB
234100_200w.jpg,200,278,portrait,23340,RGB
234101_200w.jpg,200,278,portrait,21269,RGB
234102_200w.jpg,200,278,portrait,29285,RGB
234103_200w.jpg,200,278,portrait,25527,RGB
234104_200w.jpg,200,278,portrait,28647,RGB
234105_200w.jpg,200,278,portrait,25259,RGB
234106_200w.jpg,200,278,portrait,21589,RGB
234107_200w.jpg,200,278,portrait,25118,RGB
234109_200w.jpg,200,278,portrait,24658,RGB
234110_200w.jpg,200,278,portrait,28998,RGB
234112_200w.jpg,200,278,portrait,19767,RGB
234114_200w.jpg,200,278,portrait,18810,RGB
234115_200w.jpg,200,278,portrait,18813,RGB
234116_200w.jpg,200,278,portrait,18849,RGB
234117_200w.jpg,200,278,portrait,21412,RGB
234121_200w.jpg,200,278,portrait,21764,RGB
234123_200w.jpg,200,278,portrait,16719,RGB
234124_200w.jpg,200,278,portrait,22929,RGB
234126_200w.jpg,200,278,portrait,23331,RGB
234128_200w.jpg,200,278,portrait,25575,RGB
234129_200w.jpg,200,278,portrait,21401,RGB
234130_200w.jpg,200,278,portrait,21932,RGB
234131_200w.jpg,200,278,portrait,19560,RGB
234133_200w.jpg,200,278,portrait,24452,RGB
234134_200w.jpg,200,278,portrait,27607,RGB
234135_200w.jpg,200,278,portrait,22036,RGB
234137_200w.jpg,200,278,portrait,21640,RGB
234138_200w.jpg,200,278,portrait,25256,RGB
234139_200w.jpg,200,278,portrait,21539,RGB
234140_200w.jpg,200,278,portrait,26839,RGB
234142_200w.jpg,200,278,portrait,20805,RGB
234143_200w.jpg,200,278,portrait,23367,RGB
234144_200w.jpg,200,278,portrait,20584,RGB
234145_200w.jpg,200,278,portrait,20140,RGB
234146_200w.jpg,200,278,portrait,19220,RGB
234147_200w.jpg,200,278,portrait,24401,RGB
234149_200w.jpg,200,278,portrait,23754,RGB
234150_200w.jpg,200,278,portrait,20188,RGB
234151_200w.jpg,200,278,portrait,20681,RGB
234153_200w.jpg,200,278,portrait,20137,RGB
234154_200w.jpg,200,278,portrait,22934,RGB
234155_200w.jpg,200,278,portrait,22055,RGB
234156_200w.jpg,200,278,portrait,23311,RGB
234157_200w.jpg,200,278,portrait,22910,RGB
234158_200w.jpg,200,278,portrait,22754,RGB
234160_200w.jpg,200,278,portrait,25228,RGB
234161_200w.jpg,200,278,portrait,26260,RGB
234163_200w.jpg,200,278,portrait,23356,RGB
234164_200w.jpg,200,278,portrait,22146,RGB
234165_200w.jpg,200,278,portrait,23798,RGB
234166_200w.jpg,200,278,portrait,25547,RGB
234167_200w.jpg,200,278,portrait,24035,RGB
234168_200w.jpg,200,278,portrait,20217,RGB
234169_200w.jpg,200,278,portrait,25046,RGB
234172_200w.jpg,200,278,portrait,26892,RGB
234174_200w.jpg,200,278,portrait,22051,RGB
234177_200w.jpg,200,278,portrait,27857,RGB
234179_200w.jpg,200,278,portrait,30675,RGB
234181_200w.jpg,200,278,portrait,25226,RGB
234182_200w.jpg,200,278,portrait,29908,RGB
234183_200w.jpg,200,278,portrait,22174,RGB
234184_200w.jpg,200,278,portrait,24432,RGB
234185_200w.jpg,200,278,portrait,23432,RGB
234186_200w.jpg,200,278,portrait,25119,RGB
234188_200w.jpg,200,278,portrait,22776,RGB
234189_200w.jpg,200,278,portrait,23936,RGB
234190_200w.jpg,200,278,portrait,23411,RGB
234192_200w.jpg,200,278,portrait,23066,RGB
234193_200w.jpg,200,278,portrait,22465,RGB
234194_200w.jpg,200,278,portrait,22750,RGB
234195_200w.jpg,200,278,portrait,25795,RGB
234196_200w.jpg,200,278,portrait,22924,RGB
234197_200w.jpg,200,278,portrait,20587,RGB
234198_200w.jpg,200,278,portrait,25076,RGB
234199_200w.jpg,200,278,portrait,21133,RGB
234200_200w.jpg,200,278,portrait,25560,RGB
234201_200w.jpg,200,278,portrait,24009,RGB
234202_200w.jpg,200,278,portrait,23094,RGB
234203_200w.jpg,200,278,portrait,21858,RGB
234204_200w.jpg,200,278,portrait,23247,RGB
234207_200w.jpg,200,278,portrait,29874,RGB
234209_200w.jpg,200,278,portrait,23364,RGB
234211_200w.jpg,200,278,portrait,22661,RGB
234212_200w.jpg,200,278,portrait,20376,RGB
234221_200w.jpg,200,278,portrait,20947,RGB
234222_200w.jpg,200,278,portrait,23943,RGB
234223_200w.jpg,200,278,portrait,20277,RGB
234224_200w.jpg,200,278,portrait,23097,RGB
234225_200w.jpg,200,278,portrait,25365,RGB
234226_200w.jpg,200,278,portrait,22594,RGB
234227_200w.jpg,200,278,portrait,27909,RGB
234228_200w.jpg,200,278,portrait,26216,RGB
234229_200w.jpg,200,278,portrait,24165,RGB
234231_200w.jpg,200,278,portrait,23322,RGB
234232_200w.jpg,200,278,portrait,20299,RGB
234233_200w.jpg,200,278,portrait,24014,RGB
234234_200w.jpg,200,278,portrait,28111,RGB
234237_200w.jpg,200,278,portrait,28862,RGB
234238_200w.jpg,200,278,portrait,21642,RGB
234241_200w.jpg,200,278,portrait,21549,RGB
234242_200w.jpg,200,278,portrait,22508,RGB
234243_200w.jpg,200,278,portrait,24492,RGB
234244_200w.jpg,200,278,portrait,21970,RGB
234245_200w.jpg,200,278,portrait,20225,RGB
234246_200w.jpg,200,278,portrait,23829,RGB
234247_200w.jpg,200,278,portrait,19972,RGB
234248_200w.jpg,200,278,portrait,22180,RGB
234249_200w.jpg,200,278,portrait,19169,RGB
234250_200w.jpg,200,278,portrait,21298,RGB
234251_200w.jpg,200,278,portrait,22516,RGB
234252_200w.jpg,200,278,portrait,22667,RGB
234253_200w.jpg,200,278,portrait,24167,RGB
234254_200w.jpg,200,278,portrait,19399,RGB
234255_200w.jpg,200,278,portrait,21655,RGB
234256_200w.jpg,200,278,portrait,23684,RGB
234257_200w.jpg,200,278,portrait,19216,RGB
234259_200w.jpg,200,278,portrait,23130,RGB
234261_200w.jpg,200,278,portrait,23878,RGB
234263_200w.jpg,200,278,portrait,32003,RGB
234267_200w.jpg,200,278,portrait,29475,RGB
234268_200w.jpg,200,278,portrait,32917,RGB
234276_200w.jpg,200,278,portrait,23852,RGB
234277_200w.jpg,200,278,portrait,27595,RGB
234279_200w.jpg,200,278,portrait,23832,RGB
234282_200w.jpg,200,278,portrait,20670,RGB
234283_200w.jpg,200,278,portrait,24323,RGB
234284_200w.jpg,200,278,portrait,26022,RGB
234287_200w.jpg,200,278,portrait,21094,RGB
234296_200w.jpg,200,278,portrait,27401,RGB
234297_200w.jpg,200,278,portrait,29793,RGB
234298_200w.jpg,200,278,portrait,27693,RGB
234299_200w.jpg,200,278,portrait,31556,RGB
234309_200w.jpg,200,279,portrait,26419,RGB
234310_200w.jpg,200,280,portrait,24372,RGB
234366_200w.jpg,200,280,portrait,22867,RGB
234375_200w.jpg,200,279,portrait,28633,RGB
234376_200w.jpg,200,279,portrait,31534,RGB
234377_200w.jpg,200,279,portrait,28041,RGB
234378_200w.jpg,200,279,portrait,30227,RGB
234447_200w.jpg,200,280,portrait,18682,RGB
234558_200w.jpg,200,278,portrait,23448,RGB
234559_200w.jpg,200,278,portrait,23094,RGB
234560_200w.jpg,200,278,portrait,27909,RGB
234561_200w.jpg,200,278,portrait,26892,RGB
234562_200w.jpg,200,278,portrait,24092,RGB
234578_200w.jpg,200,279,portrait,26721,RGB
234699_200w.jpg,200,280,portrait,22061,RGB
234727_200w.jpg,200,280,portrait,19978,RGB
234728_200w.jpg,200,280,portrait,22287,RGB
234975_200w.jpg,200,279,portrait,21516,RGB
235080_200w.jpg,200,282,portrait,19321,RGB
235686_200w.jpg,200,279,portrait,24798,RGB
235896_200w.jpg,200,280,portrait,23051,RGB
236054_200w.jpg,200,280,portrait,25130,RGB
236055_200w.jpg,200,280,portrait,26286,RGB
236076_200w.jpg,200,279,portrait,21167,RGB
236461_200w.jpg,200,273,portrait,22518,RGB
236462_200w.jpg,200,281,portrait,18431,RGB
236464_200w.jpg,200,278,portrait,27165,RGB
238545_200w.jpg,200,278,portrait,25574,RGB
238546_200w.jpg,200,278,portrait,28474,RGB
238553_200w.jpg,200,278,portrait,26158,RGB
238555_200w.jpg,200,278,portrait,30293,RGB
238635_200w.jpg,200,271,portrait,23094,RGB
238865_200w.jpg,200,276,portrait,22531,RGB
239090_200w.jpg,200,280,portrait,27410,RGB
239211_200w.jpg,200,279,portrait,23947,RGB
239323_200w.jpg,200,279,portrait,23947,RGB
239439_200w.jpg,200,279,portrait,22304,RGB
239498_200w.jpg,200,278,portrait,23666,RGB
239504_200w.jpg,200,278,portrait,23729,RGB
239642_200w.jpg,200,278,portrait,20064,RGB
240133_200w.jpg,200,280,portrait,24150,RGB
240892_200w.jpg,200,278,portrait,26943,RGB
240893_200w.jpg,200,278,portrait,23323,RGB
240894_200w.jpg,200,278,portrait,26044,RGB
241648_200w.jpg,200,278,portrait,20289,RGB
241649_200w.jpg,200,278,portrait,23651,RGB
241650_200w.jpg,200,278,portrait,24230,RGB
241651_200w.jpg,200,278,portrait,21059,RGB
241652_200w.jpg,200,278,portrait,22714,RGB
241653_200w.jpg,200,278,portrait,23100,RGB
241654_200w.jpg,200,278,portrait,27198,RGB
241655_200w.jpg,200,278,portrait,25258,RGB
241656_200w.jpg,200,278,portrait,30985,RGB
241657_200w.jpg,200,278,portrait,24985,RGB
241658_200w.jpg,200,278,portrait,21822,RGB
241659_200w.jpg,200,278,portrait,24775,RGB
241660_200w.jpg,200,278,portrait,21365,RGB
241661_200w.jpg,200,278,portrait,21504,RGB
241662_200w.jpg,200,278,portrait,18932,RGB
241663_200w.jpg,200,278,portrait,22086,RGB
241664_200w.jpg,200,278,portrait,24113,RGB
241665_200w.jpg,200,278,portrait,20781,RGB
241666_200w.jpg,200,278,portrait,21348,RGB
241667_200w.jpg,200,278,portrait,25931,RGB
241668_200w.jpg,200,278,portrait,24314,RGB
241669_200w.jpg,200,278,portrait,28482,RGB
241670_200w.jpg,200,278,portrait,29745,RGB
241671_200w.jpg,200,278,portrait,30434,RGB
241673_200w.jpg,200,278,portrait,35244,RGB
241674_200w.jpg,200,278,portrait,21868,RGB
241675_200w.jpg,200,278,portrait,22295,RGB
241676_200w.jpg,200,278,portrait,25389,RGB
241677_200w.jpg,200,278,portrait,29164,RGB
241678_200w.jpg,200,278,portrait,31201,RGB
241679_200w.jpg,200,278,portrait,20955,RGB
241680_200w.jpg,200,278,portrait,21939,RGB
241681_200w.jpg,200,278,portrait,25571,RGB
241682_200w.jpg,200,278,portrait,22693,RGB
241683_200w.jpg,200,278,portrait,24931,RGB
241684_200w.jpg,200,278,portrait,25560,RGB
241685_200w.jpg,200,278,portrait,23868,RGB
241686_200w.jpg,200,278,portrait,25622,RGB
241687_200w.jpg,200,278,portrait,22191,RGB
241688_200w.jpg,200,278,portrait,22449,RGB
241689_200w.jpg,200,278,portrait,26256,RGB
241690_200w.jpg,200,278,portrait,21608,RGB
241691_200w.jpg,200,278,portrait,22217,RGB
241692_200w.jpg,200,278,portrait,24713,RGB
241693_200w.jpg,200,278,portrait,25119,RGB
241694_200w.jpg,200,278,portrait,25292,RGB
241695_200w.jpg,200,278,portrait,22513,RGB
241696_200w.jpg,200,278,portrait,26381,RGB
241697_200w.jpg,200,278,portrait,25613,RGB
241698_200w.jpg,200,278,portrait,27614,RGB
241699_200w.jpg,200,278,portrait,28226,RGB
241700_200w.jpg,200,278,portrait,25389,RGB
241701_200w.jpg,200,278,portrait,30530,RGB
241702_200w.jpg,200,278,portrait,26223,RGB
241703_200w.jpg,200,278,portrait,28675,RGB
241704_200w.jpg,200,278,portrait,21465,RGB
241705_200w.jpg,200,278,portrait,20221,RGB
241706_200w.jpg,200,278,portrait,24082,RGB
241707_200w.jpg,200,278,portrait,20238,RGB
241708_200w.jpg,200,278,portrait,26307,RGB
241709_200w.jpg,200,278,portrait,24746,RGB
241710_200w.jpg,200,278,portrait,29313,RGB
241711_200w.jpg,200,278,portrait,30321,RGB
241712_200w.jpg,200,278,portrait,28048,RGB
241713_200w.jpg,200,278,portrait,20495,RGB
241714_200w.jpg,200,278,portrait,20140,RGB
241715_200w.jpg,200,278,portrait,19809,RGB
241716_200w.jpg,200,278,portrait,22728,RGB
241717_200w.jpg,200,278,portrait,26641,RGB
241718_200w.jpg,200,278,portrait,26440,RGB
241719_200w.jpg,200,278,portrait,25452,RGB
241720_200w.jpg,200,278,portrait,20454,RGB
241721_200w.jpg,200,278,portrait,20827,RGB
241722_200w.jpg,200,278,portrait,23389,RGB
241723_200w.jpg,200,278,portrait,19102,RGB
241724_200w.jpg,200,278,portrait,22439,RGB
241725_200w.jpg,200,278,portrait,23875,RGB
241726_200w.jpg,200,278,portrait,20433,RGB
241727_200w.jpg,200,278,portrait,22208,RGB
241728_200w.jpg,200,278,portrait,20325,RGB
241729_200w.jpg,200,278,portrait,22950,RGB
241730_200w.jpg,200,278,portrait,21108,RGB
241731_200w.jpg,200,278,portrait,23604,RGB
241732_200w.jpg,200,278,portrait,19695,RGB
241733_200w.jpg,200,278,portrait,20347,RGB
241734_200w.jpg,200,278,portrait,23393,RGB
241735_200w.jpg,200,278,portrait,26640,RGB
241736_200w.jpg,200,278,portrait,30788,RGB
241737_200w.jpg,200,278,portrait,26056,RGB
241738_200w.jpg,200,278,portrait,30132,RGB
241739_200w.jpg,200,278,portrait,25982,RGB
241740_200w.jpg,200,278,portrait,28983,RGB
241741_200w.jpg,200,278,portrait,22170,RGB
241742_200w.jpg,200,278,portrait,24367,RGB
241743_200w.jpg,200,278,portrait,21178,RGB
241744_200w.jpg,200,278,portrait,23547,RGB
241745_200w.jpg,200,278,portrait,28442,RGB
241746_200w.jpg,200,278,portrait,29627,RGB
241747_200w.jpg,200,278,portrait,28979,RGB
241748_200w.jpg,200,278,portrait,22842,RGB
241749_200w.jpg,200,278,portrait,20418,RGB
241750_200w.jpg,200,278,portrait,25611,RGB
241751_200w.jpg,200,278,portrait,22714,RGB
241752_200w.jpg,200,278,portrait,25557,RGB
241753_200w.jpg,200,278,portrait,22336,RGB
241754_200w.jpg,200,278,portrait,22640,RGB
241755_200w.jpg,200,278,portrait,25064,RGB
241756_200w.jpg,200,278,portrait,28172,RGB
241757_200w.jpg,200,278,portrait,27044,RGB
241758_200w.jpg,200,278,portrait,31512,RGB
241759_200w.jpg,200,278,portrait,27060,RGB
241760_200w.jpg,200,278,portrait,19471,RGB
241761_200w.jpg,200,278,portrait,26145,RGB
241762_200w.jpg,200,278,portrait,22124,RGB
241763_200w.jpg,200,278,portrait,23081,RGB
241764_200w.jpg,200,278,portrait,25241,RGB
241765_200w.jpg,200,278,portrait,25738,RGB
241766_200w.jpg,200,278,portrait,27431,RGB
241767_200w.jpg,200,278,portrait,29556,RGB
241768_200w.jpg,200,278,portrait,32306,RGB
241769_200w.jpg,200,278,portrait,25654,RGB
241770_200w.jpg,200,278,portrait,26754,RGB
241771_200w.jpg,200,278,portrait,26890,RGB
241772_200w.jpg,200,278,portrait,30696,RGB
241773_200w.jpg,200,278,portrait,27114,RGB
241774_200w.jpg,200,278,portrait,24575,RGB
241775_200w.jpg,200,278,portrait,25556,RGB
241776_200w.jpg,200,278,portrait,24844,RGB
241777_200w.jpg,200,278,portrait,26657,RGB
241778_200w.jpg,200,278,portrait,28464,RGB
241779_200w.jpg,200,278,portrait,29075,RGB
241780_200w.jpg,200,278,portrait,22131,RGB
241781_200w.jpg,200,278,portrait,24719,RGB
241782_200w.jpg,200,278,portrait,23660,RGB
241783_200w.jpg,200,278,portrait,26182,RGB
241784_200w.jpg,200,278,portrait,22634,RGB
241785_200w.jpg,200,278,portrait,21793,RGB
241786_200w.jpg,200,278,portrait,24413,RGB
241787_200w.jpg,200,278,portrait,28247,RGB
241788_200w.jpg,200,278,portrait,31611,RGB
241789_200w.jpg,200,278,portrait,30025,RGB
241790_200w.jpg,200,278,portrait,25657,RGB
241791_200w.jpg,200,278,portrait,20303,RGB
241792_200w.jpg,200,278,portrait,23860,RGB
241793_200w.jpg,200,278,portrait,18777,RGB
241794_200w.jpg,200,278,portrait,21505,RGB
241795_200w.jpg,200,278,portrait,27424,RGB
241796_200w.jpg,200,278,portrait,27522,RGB
241797_200w.jpg,200,278,portrait,25364,RGB
241798_200w.jpg,200,278,portrait,25178,RGB
241799_200w.jpg,200,278,portrait,24783,RGB
241800_200w.jpg,200,278,portrait,20299,RGB
241801_200w.jpg,200,278,portrait,26067,RGB
241802_200w.jpg,200,278,portrait,22343,RGB
241803_200w.jpg,200,278,portrait,25309,RGB
241804_200w.jpg,200,278,portrait,26980,RGB
241805_200w.jpg,200,278,portrait,31028,RGB
241806_200w.jpg,200,278,portrait,29932,RGB
241807_200w.jpg,200,278,portrait,27192,RGB
241808_200w.jpg,200,278,portrait,23079,RGB
241809_200w.jpg,200,278,portrait,20385,RGB
241810_200w.jpg,200,278,portrait,22423,RGB
241811_200w.jpg,200,278,portrait,19508,RGB
241812_200w.jpg,200,278,portrait,22854,RGB
241813_200w.jpg,200,278,portrait,18333,RGB
241814_200w.jpg,200,278,portrait,21070,RGB
241815_200w.jpg,200,278,portrait,27122,RGB
241816_200w.jpg,200,278,portrait,22066,RGB
241818_200w.jpg,200,278,portrait,27196,RGB
241819_200w.jpg,200,278,portrait,23198,RGB
241820_200w.jpg,200,278,portrait,19982,RGB
241821_200w.jpg,200,278,portrait,22580,RGB
241822_200w.jpg,200,278,portrait,21102,RGB
241823_200w.jpg,200,278,portrait,21405,RGB
241824_200w.jpg,200,278,portrait,18739,RGB
241825_200w.jpg,200,278,portrait,21640,RGB
241826_200w.jpg,200,278,portrait,18321,RGB
241827_200w.jpg,200,278,portrait,19049,RGB
241828_200w.jpg,200,278,portrait,20218,RGB
241829_200w.jpg,200,278,portrait,22518,RGB
241830_200w.jpg,200,278,portrait,19587,RGB
241831_200w.jpg,200,278,portrait,21368,RGB
241832_200w.jpg,200,278,portrait,19888,RGB
241833_200w.jpg,200,278,portrait,27529,RGB
241834_200w.jpg,200,278,portrait,19751,RGB
241835_200w.jpg,200,278,portrait,17660,RGB
241836_200w.jpg,200,278,portrait,22294,RGB
241837_200w.jpg,200,278,portrait,21867,RGB
241838_200w.jpg,200,278,portrait,19455,RGB
241839_200w.jpg,200,278,portrait,24341,RGB
241840_200w.jpg,200,278,portrait,20539,RGB
241841_200w.jpg,200,278,portrait,20974,RGB
241842_200w.jpg,200,278,portrait,26795,RGB
241843_200w.jpg,200,278,portrait,22146,RGB
241844_200w.jpg,200,278,portrait,21371,RGB
241845_200w.jpg,200,278,portrait,24364,RGB
241846_200w.jpg,200,278,portrait,20752,RGB
241847_200w.jpg,200,278,portrait,18888,RGB
241848_200w.jpg,200,278,portrait,23503,RGB
241849_200w.jpg,200,278,portrait,20731,RGB
241850_200w.jpg,200,278,portrait,20323,RGB
241851_200w.jpg,200,278,portrait,20025,RGB
241852_200w.jpg,200,278,portrait,19177,RGB
241853_200w.jpg,200,278,portrait,24877,RGB
241854_200w.jpg,200,278,portrait,19692,RGB
241855_200w.jpg,200,278,portrait,21997,RGB
241856_200w.jpg,200,278,portrait,23708,RGB
241857_200w.jpg,200,278,portrait,20520,RGB
241858_200w.jpg,200,278,portrait,24511,RGB
241859_200w.jpg,200,278,portrait,22225,RGB
241860_200w.jpg,200,278,portrait,24811,RGB
241861_200w.jpg,200,278,portrait,19555,RGB
241862_200w.jpg,200,278,portrait,26560,RGB
241863_200w.jpg,200,278,portrait,20518,RGB
241864_200w.jpg,200,278,portrait,25359,RGB
241865_200w.jpg,200,278,portrait,21103,RGB
241866_200w.jpg,200,278,portrait,19332,RGB
241867_200w.jpg,200,278,portrait,24389,RGB
241868_200w.jpg,200,278,portrait,23696,RGB
241869_200w.jpg,200,278,portrait,23493,RGB
241870_200w.jpg,200,278,portrait,22116,RGB
241871_200w.jpg,200,278,portrait,28466,RGB
241872_200w.jpg,200,278,portrait,28305,RGB
241873_200w.jpg,200,278,portrait,25187,RGB
241874_200w.jpg,200,278,portrait,26470,RGB
241875_200w.jpg,200,278,portrait,25014,RGB
241876_200w.jpg,200,278,portrait,24131,RGB
241877_200w.jpg,200,278,portrait,24993,RGB
241878_200w.jpg,200,278,portrait,18255,RGB
241879_200w.jpg,200,278,portrait,17632,RGB
241880_200w.jpg,200,278,portrait,17138,RGB
241881_200w.jpg,200,278,portrait,22641,RGB
241882_200w.jpg,200,278,portrait,21184,RGB
241883_200w.jpg,200,278,portrait,23608,RGB
241884_200w.jpg,200,278,portrait,22916,RGB
242032_200w.jpg,200,279,portrait,27925,RGB
242553_200w.jpg,200,277,portrait,21586,RGB
242767_200w.jpg,200,282,portrait,23676,RGB
242773_200w.jpg,200,279,portrait,25530,RGB
242774_200w.jpg,200,279,portrait,23116,RGB
242775_200w.jpg,200,279,portrait,26334,RGB
242915_200w.jpg,200,279,portrait,19675,RGB
243195_200w.jpg,200,280,portrait,27013,RGB
243196_200w.jpg,200,280,portrait,27088,RGB
243659_200w.jpg,200,279,portrait,24319,RGB
244307_200w.jpg,200,278,portrait,21892,RGB
244308_200w.jpg,200,281,portrait,20759,RGB
244309_200w.jpg,200,280,portrait,22408,RGB
244347_200w.jpg,200,278,portrait,22944,RGB
244348_200w.jpg,200,281,portrait,22032,RGB
244725_200w.jpg,200,280,portrait,23487,RGB
245145_200w.jpg,200,280,portrait,21034,RGB
245146_200w.jpg,200,280,portrait,19767,RGB
245729_200w.jpg,200,279,portrait,22655,RGB
245734_200w.jpg,200,279,portrait,24782,RGB
245867_200w.jpg,200,278,portrait,25245,RGB
245868_200w.jpg,200,278,portrait,28058,RGB
245869_200w.jpg,200,279,portrait,25804,RGB
245870_200w.jpg,200,279,portrait,28785,RGB
245871_200w.jpg,200,280,portrait,22408,RGB
245872_200w.jpg,200,282,portrait,26299,RGB
245873_200w.jpg,200,279,portrait,25068,RGB
245874_200w.jpg,200,279,portrait,21803,RGB
245875_200w.jpg,200,278,portrait,27085,RGB
245913_200w.jpg,200,277,portrait,24278,RGB
245918_200w.jpg,200,279,portrait,23717,RGB
245967_200w.jpg,200,279,portrait,13973,RGB
246275_200w.jpg,200,279,portrait,22705,RGB
246417_200w.jpg,200,280,portrait,24823,RGB
246484_200w.jpg,200,278,portrait,22786,RGB
246684_200w.jpg,200,278,portrait,25647,RGB
246685_200w.jpg,200,278,portrait,29351,RGB
246686_200w.jpg,200,278,portrait,28283,RGB
246687_200w.jpg,200,278,portrait,26625,RGB
246688_200w.jpg,200,278,portrait,28342,RGB
246689_200w.jpg,200,278,portrait,29757,RGB
246690_200w.jpg,200,278,portrait,30242,RGB
246691_200w.jpg,200,278,portrait,29659,RGB
246693_200w.jpg,200,278,portrait,25445,RGB
246694_200w.jpg,200,278,portrait,31304,RGB
246695_200w.jpg,200,278,portrait,28950,RGB
246696_200w.jpg,200,278,portrait,26062,RGB
246697_200w.jpg,200,278,portrait,27602,RGB
246698_200w.jpg,200,278,portrait,26373,RGB
246699_200w.jpg,200,278,portrait,26840,RGB
246700_200w.jpg,200,278,portrait,29477,RGB
246701_200w.jpg,200,278,portrait,30084,RGB
246702_200w.jpg,200,278,portrait,29038,RGB
246703_200w.jpg,200,278,portrait,30263,RGB
246704_200w.jpg,200,278,portrait,30322,RGB
246705_200w.jpg,200,278,portrait,27519,RGB
246706_200w.jpg,200,278,portrait,30211,RGB
246707_200w.jpg,200,278,portrait,30080,RGB
246708_200w.jpg,200,278,portrait,29343,RGB
246709_200w.jpg,200,278,portrait,25700,RGB
246710_200w.jpg,200,278,portrait,28209,RGB
246711_200w.jpg,200,278,portrait,27666,RGB
246712_200w.jpg,200,278,portrait,28961,RGB
246713_200w.jpg,200,278,portrait,30682,RGB
246714_200w.jpg,200,278,portrait,24838,RGB
246715_200w.jpg,200,278,portrait,28466,RGB
246716_200w.jpg,200,278,portrait,27416,RGB
246717_200w.jpg,200,278,portrait,28535,RGB
246718_200w.jpg,200,278,portrait,27829,RGB
246719_200w.jpg,200,278,portrait,25059,RGB
246720_200w.jpg,200,278,portrait,32062,RGB
246721_200w.jpg,200,278,portrait,28597,RGB
246722_200w.jpg,200,278,portrait,25200,RGB
246723_200w.jpg,200,278,portrait,29323,RGB
246724_200w.jpg,200,278,portrait,30255,RGB
246725_200w.jpg,200,278,portrait,28833,RGB
246726_200w.jpg,200,278,portrait,25321,RGB
246727_200w.jpg,200,278,portrait,31510,RGB
246728_200w.jpg,200,278,portrait,28953,RGB
246729_200w.jpg,200,278,portrait,29252,RGB
246730_200w.jpg,200,278,portrait,31637,RGB
246731_200w.jpg,200,278,portrait,28342,RGB
246732_200w.jpg,200,278,portrait,30691,RGB
246733_200w.jpg,200,278,portrait,30788,RGB
246734_200w.jpg,200,278,portrait,26526,RGB
246735_200w.jpg,200,278,portrait,25277,RGB
246736_200w.jpg,200,278,portrait,30922,RGB
246737_200w.jpg,200,278,portrait,28104,RGB
246738_200w.jpg,200,278,portrait,29036,RGB
246740_200w.jpg,200,278,portrait,27476,RGB
246741_200w.jpg,200,278,portrait,30737,RGB
246742_200w.jpg,200,278,portrait,28179,RGB
246743_200w.jpg,200,278,portrait,30093,RGB
246744_200w.jpg,200,278,portrait,28669,RGB
246745_200w.jpg,200,278,portrait,23120,RGB
246746_200w.jpg,200,278,portrait,29443,RGB
246747_200w.jpg,200,278,portrait,28643,RGB
246748_200w.jpg,200,278,portrait,28716,RGB
246749_200w.jpg,200,278,portrait,25646,RGB
246750_200w.jpg,200,278,portrait,29242,RGB
246751_200w.jpg,200,278,portrait,30365,RGB
246752_200w.jpg,200,278,portrait,26686,RGB
246753_200w.jpg,200,278,portrait,30839,RGB
246754_200w.jpg,200,278,portrait,29386,RGB
246755_200w.jpg,200,278,portrait,26634,RGB
246756_200w.jpg,200,278,portrait,30094,RGB
246757_200w.jpg,200,278,portrait,26572,RGB
246758_200w.jpg,200,278,portrait,24495,RGB
246759_200w.jpg,200,278,portrait,26639,RGB
246760_200w.jpg,200,278,portrait,31018,RGB
246761_200w.jpg,200,278,portrait,26724,RGB
246762_200w.jpg,200,278,portrait,29686,RGB
246763_200w.jpg,200,278,portrait,28203,RGB
246764_200w.jpg,200,278,portrait,29439,RGB
246765_200w.jpg,200,278,portrait,30226,RGB
246766_200w.jpg,200,278,portrait,20399,RGB
246767_200w.jpg,200,278,portrait,21607,RGB
246768_200w.jpg,200,278,portrait,21104,RGB
246769_200w.jpg,200,278,portrait,20727,RGB
246770_200w.jpg,200,278,portrait,21543,RGB
246771_200w.jpg,200,278,portrait,17650,RGB
246772_200w.jpg,200,278,portrait,19858,RGB
246773_200w.jpg,200,278,portrait,21784,RGB
246774_200w.jpg,200,278,portrait,20602,RGB
246775_200w.jpg,200,278,portrait,19110,RGB
246776_200w.jpg,200,278,portrait,21829,RGB
246777_200w.jpg,200,278,portrait,22489,RGB
246778_200w.jpg,200,278,portrait,25512,RGB
246780_200w.jpg,200,278,portrait,17596,RGB
246781_200w.jpg,200,278,portrait,19959,RGB
246782_200w.jpg,200,278,portrait,20961,RGB
246783_200w.jpg,200,278,portrait,20227,RGB
246784_200w.jpg,200,278,portrait,21118,RGB
246785_200w.jpg,200,278,portrait,20523,RGB
246786_200w.jpg,200,278,portrait,20518,RGB
246787_200w.jpg,200,278,portrait,18550,RGB
246788_200w.jpg,200,278,portrait,18935,RGB
246789_200w.jpg,200,278,portrait,21231,RGB
246790_200w.jpg,200,278,portrait,19243,RGB
246791_200w.jpg,200,278,portrait,24369,RGB
246792_200w.jpg,200,278,portrait,19780,RGB
246793_200w.jpg,200,278,portrait,27033,RGB
246794_200w.jpg,200,278,portrait,23109,RGB
246795_200w.jpg,200,278,portrait,25870,RGB
246796_200w.jpg,200,278,portrait,21698,RGB
246797_200w.jpg,200,278,portrait,26479,RGB
246798_200w.jpg,200,278,portrait,22765,RGB
246799_200w.jpg,200,278,portrait,25851,RGB
246800_200w.jpg,200,278,portrait,21755,RGB
246801_200w.jpg,200,278,portrait,25843,RGB
246802_200w.jpg,200,278,portrait,27538,RGB
246803_200w.jpg,200,278,portrait,25479,RGB
246804_200w.jpg,200,278,portrait,24726,RGB
246805_200w.jpg,200,278,portrait,26937,RGB
246806_200w.jpg,200,278,portrait,24509,RGB
246807_200w.jpg,200,278,portrait,24861,RGB
246808_200w.jpg,200,278,portrait,21930,RGB
246809_200w.jpg,200,278,portrait,26211,RGB
246810_200w.jpg,200,278,portrait,14875,RGB
246811_200w.jpg,200,278,portrait,17620,RGB
246812_200w.jpg,200,278,portrait,16007,RGB
246813_200w.jpg,200,278,portrait,22845,RGB
246814_200w.jpg,200,278,portrait,21306,RGB
246815_200w.jpg,200,278,portrait,25315,RGB
246816_200w.jpg,200,278,portrait,20472,RGB
246817_200w.jpg,200,278,portrait,23409,RGB
246818_200w.jpg,200,278,portrait,23889,RGB
246819_200w.jpg,200,278,portrait,21421,RGB
246820_200w.jpg,200,278,portrait,21783,RGB
246821_200w.jpg,200,278,portrait,21572,RGB
246822_200w.jpg,200,278,portrait,24823,RGB
246823_200w.jpg,200,278,portrait,21718,RGB
246824_200w.jpg,200,278,portrait,22028,RGB
246825_200w.jpg,200,278,portrait,22483,RGB
246826_200w.jpg,200,278,portrait,21147,RGB
246827_200w.jpg,200,278,portrait,22069,RGB
246828_200w.jpg,200,278,portrait,19924,RGB
246829_200w.jpg,200,278,portrait,23618,RGB
246830_200w.jpg,200,278,portrait,20047,RGB
246831_200w.jpg,200,278,portrait,23481,RGB
246832_200w.jpg,200,278,portrait,18522,RGB
246833_200w.jpg,200,278,portrait,21989,RGB
246834_200w.jpg,200,278,portrait,26839,RGB
246835_200w.jpg,200,278,portrait,25121,RGB
246836_200w.jpg,200,278,portrait,22226,RGB
246837_200w.jpg,200,278,portrait,22983,RGB
246838_200w.jpg,200,278,portrait,20453,RGB
246839_200w.jpg,200,278,portrait,23316,RGB
246840_200w.jpg,200,278,portrait,23229,RGB
246841_200w.jpg,200,278,portrait,22860,RGB
246842_200w.jpg,200,278,portrait,21368,RGB
246843_200w.jpg,200,278,portrait,18298,RGB
246844_200w.jpg,200,278,portrait,22025,RGB
246845_200w.jpg,200,278,portrait,22642,RGB
246846_200w.jpg,200,278,portrait,22899,RGB
246847_200w.jpg,200,278,portrait,20642,RGB
246848_200w.jpg,200,278,portrait,22037,RGB
246849_200w.jpg,200,278,portrait,20636,RGB
246850_200w.jpg,200,278,portrait,19504,RGB
246851_200w.jpg,200,278,portrait,25063,RGB
246852_200w.jpg,200,278,portrait,22397,RGB
246854_200w.jpg,200,278,portrait,23189,RGB
246855_200w.jpg,200,278,portrait,24959,RGB
246856_200w.jpg,200,278,portrait,20167,RGB
246857_200w.jpg,200,278,portrait,19958,RGB
246858_200w.jpg,200,278,portrait,20642,RGB
246859_200w.jpg,200,278,portrait,23239,RGB
246860_200w.jpg,200,278,portrait,22216,RGB
246861_200w.jpg,200,278,portrait,23373,RGB
246862_200w.jpg,200,278,portrait,21255,RGB
246863_200w.jpg,200,278,portrait,20575,RGB
246864_200w.jpg,200,278,portrait,21528,RGB
246865_200w.jpg,200,278,portrait,24296,RGB
246866_200w.jpg,200,278,portrait,23424,RGB
246867_200w.jpg,200,278,portrait,20821,RGB
246868_200w.jpg,200,278,portrait,23064,RGB
246869_200w.jpg,200,278,portrait,21425,RGB
246870_200w.jpg,200,278,portrait,24270,RGB
246871_200w.jpg,200,278,portrait,23762,RGB
246872_200w.jpg,200,278,portrait,25191,RGB
246873_200w.jpg,200,278,portrait,25060,RGB
246874_200w.jpg,200,278,portrait,21460,RGB
246875_200w.jpg,200,278,portrait,23615,RGB
246876_200w.jpg,200,278,portrait,23388,RGB
246877_200w.jpg,200,278,portrait,22641,RGB
246879_200w.jpg,200,278,portrait,20974,RGB
246880_200w.jpg,200,278,portrait,22020,RGB
246881_200w.jpg,200,278,portrait,21683,RGB
246882_200w.jpg,200,278,portrait,21355,RGB
246883_200w.jpg,200,278,portrait,22745,RGB
246884_200w.jpg,200,278,portrait,23803,RGB
246885_200w.jpg,200,278,portrait,23866,RGB
246886_200w.jpg,200,278,portrait,22870,RGB
246887_200w.jpg,200,278,portrait,24490,RGB
246888_200w.jpg,200,278,portrait,19116,RGB
246889_200w.jpg,200,278,portrait,25009,RGB
246890_200w.jpg,200,278,portrait,22143,RGB
246891_200w.jpg,200,278,portrait,21819,RGB
246892_200w.jpg,200,278,portrait,22915,RGB
246893_200w.jpg,200,278,portrait,24081,RGB
246894_200w.jpg,200,278,portrait,25708,RGB
246896_200w.jpg,200,278,portrait,21593,RGB
246897_200w.jpg,200,278,portrait,24097,RGB
246898_200w.jpg,200,278,portrait,24236,RGB
246899_200w.jpg,200,278,portrait,22034,RGB
246900_200w.jpg,200,278,portrait,22678,RGB
246901_200w.jpg,200,278,portrait,26871,RGB
246902_200w.jpg,200,278,portrait,24097,RGB
246903_200w.jpg,200,278,portrait,23379,RGB
246904_200w.jpg,200,278,portrait,26063,RGB
246905_200w.jpg,200,278,portrait,24531,RGB
246906_200w.jpg,200,278,portrait,20912,RGB
246907_200w.jpg,200,278,portrait,20470,RGB
246908_200w.jpg,200,278,portrait,23026,RGB
246909_200w.jpg,200,278,portrait,24929,RGB
246910_200w.jpg,200,278,portrait,24875,RGB
246911_200w.jpg,200,278,portrait,21675,RGB
246912_200w.jpg,200,278,portrait,23316,RGB
246913_200w.jpg,200,278,portrait,24700,RGB
246914_200w.jpg,200,278,portrait,23820,RGB
246915_200w.jpg,200,278,portrait,23972,RGB
246917_200w.jpg,200,278,portrait,25992,RGB
246918_200w.jpg,200,278,portrait,23901,RGB
246923_200w.jpg,200,278,portrait,22395,RGB
246927_200w.jpg,200,278,portrait,24697,RGB
246931_200w.jpg,200,278,portrait,23268,RGB
246933_200w.jpg,200,278,portrait,25118,RGB
247287_200w.jpg,200,280,portrait,22846,RGB
247288_200w.jpg,200,280,portrait,25674,RGB
247290_200w.jpg,200,278,portrait,21302,RGB
247291_200w.jpg,200,279,portrait,20654,RGB
247292_200w.jpg,200,278,portrait,23716,RGB
247294_200w.jpg,200,278,portrait,24714,RGB
247295_200w.jpg,200,278,portrait,27581,RGB
247296_200w.jpg,200,278,portrait,28664,RGB
247297_200w.jpg,200,278,portrait,30216,RGB
247298_200w.jpg,200,278,portrait,26226,RGB
247299_200w.jpg,200,278,portrait,20195,RGB
247301_200w.jpg,200,279,portrait,22045,RGB
247302_200w.jpg,200,280,portrait,21242,RGB
247303_200w.jpg,200,279,portrait,22119,RGB
247365_200w.jpg,200,278,portrait,24356,RGB
247366_200w.jpg,200,278,portrait,28016,RGB
247367_200w.jpg,200,278,portrait,27638,RGB
247376_200w.jpg,200,276,portrait,30656,RGB
247386_200w.jpg,200,280,portrait,24050,RGB
247390_200w.jpg,200,280,portrait,18881,RGB
247410_200w.jpg,200,277,portrait,16601,RGB
247411_200w.jpg,200,279,portrait,22358,RGB
247414_200w.jpg,200,279,portrait,16632,RGB
247421_200w.jpg,200,278,portrait,26871,RGB
247422_200w.jpg,200,278,portrait,23481,RGB
247423_200w.jpg,200,278,portrait,24097,RGB
247469_200w.jpg,200,279,portrait,21212,RGB
248015_200w.jpg,200,280,portrait,26249,RGB
248016_200w.jpg,200,278,portrait,25717,RGB
248026_200w.jpg,200,142,landscape,7979,RGB
248027_200w.jpg,200,142,landscape,8169,RGB
248029_200w.jpg,200,142,landscape,8922,RGB
248030_200w.jpg,200,142,landscape,8429,RGB
248031_200w.jpg,200,142,landscape,8719,RGB
248032_200w.jpg,200,142,landscape,8333,RGB
248033_200w.jpg,200,142,landscape,8318,RGB
248034_200w.jpg,200,142,landscape,9864,RGB
248035_200w.jpg,200,142,landscape,9725,RGB
248036_200w.jpg,200,142,landscape,8540,RGB
248043_200w.jpg,200,142,landscape,8052,RGB
248044_200w.jpg,200,142,landscape,8108,RGB
248045_200w.jpg,200,142,landscape,8122,RGB
248647_200w.jpg,200,279,portrait,23684,RGB
248731_200w.jpg,200,281,portrait,24350,RGB
248804_200w.jpg,200,279,portrait,27744,RGB
248887_200w.jpg,200,279,portrait,26230,RGB
248888_200w.jpg,200,279,portrait,28770,RGB
248889_200w.jpg,200,277,portrait,27612,RGB
248890_200w.jpg,200,277,portrait,28304,RGB
248891_200w.jpg,200,278,portrait,27304,RGB
248892_200w.jpg,200,278,portrait,28340,RGB
248893_200w.jpg,200,280,portrait,29052,RGB
248894_200w.jpg,200,280,portrait,28521,RGB
248895_200w.jpg,200,276,portrait,31948,RGB
248896_200w.jpg,200,276,portrait,31648,RGB
249635_200w.jpg,200,281,portrait,24045,RGB
249767_200w.jpg,200,275,portrait,19862,RGB
249812_200w.jpg,200,281,portrait,16462,RGB
250034_200w.jpg,200,142,landscape,8808,RGB
250251_200w.jpg,200,278,portrait,30196,RGB
250253_200w.jpg,200,282,portrait,21539,RGB
250254_200w.jpg,200,279,portrait,24173,RGB
250289_200w.jpg,200,280,portrait,22618,RGB
250290_200w.jpg,200,277,portrait,24598,RGB
250291_200w.jpg,200,278,portrait,23469,RGB
250293_200w.jpg,200,278,portrait,24684,RGB
250294_200w.jpg,200,278,portrait,28328,RGB
250295_200w.jpg,200,278,portrait,25644,RGB
250296_200w.jpg,200,278,portrait,24069,RGB
250297_200w.jpg,200,278,portrait,21430,RGB
250298_200w.jpg,200,278,portrait,28106,RGB
250299_200w.jpg,200,278,portrait,28941,RGB
250300_200w.jpg,200,278,portrait,26034,RGB
250301_200w.jpg,200,278,portrait,26155,RGB
250302_200w.jpg,200,278,portrait,24457,RGB
250303_200w.jpg,200,278,portrait,24735,RGB
250304_200w.jpg,200,278,portrait,27559,RGB
250305_200w.jpg,200,278,portrait,26714,RGB
250306_200w.jpg,200,278,portrait,22672,RGB
250307_200w.jpg,200,278,portrait,24716,RGB
250308_200w.jpg,200,278,portrait,24653,RGB
250309_200w.jpg,200,278,portrait,22943,RGB
250310_200w.jpg,200,278,portrait,23037,RGB
250311_200w.jpg,200,278,portrait,22203,RGB
250312_200w.jpg,200,278,portrait,22408,RGB
250313_200w.jpg,200,278,portrait,28541,RGB
250314_200w.jpg,200,278,portrait,26010,RGB
250315_200w.jpg,200,278,portrait,27516,RGB
250316_200w.jpg,200,278,portrait,26227,RGB
250317_200w.jpg,200,278,portrait,24670,RGB
250318_200w.jpg,200,278,portrait,22007,RGB
250319_200w.jpg,200,280,portrait,28373,RGB
250320_200w.jpg,200,278,portrait,26846,RGB
250321_200w.jpg,200,280,portrait,24397,RGB
250323_200w.jpg,200,280,portrait,22194,RGB
250324_200w.jpg,200,280,portrait,24849,RGB
250325_200w.jpg,200,280,portrait,22992,RGB
250326_200w.jpg,200,280,portrait,24497,RGB
250327_200w.jpg,200,280,portrait,27098,RGB
250328_200w.jpg,200,278,portrait,24119,RGB
250329_200w.jpg,200,278,portrait,22588,RGB
250330_200w.jpg,200,282,portrait,27468,RGB
250331_200w.jpg,200,278,portrait,24648,RGB
250332_200w.jpg,200,280,portrait,24456,RGB
250333_200w.jpg,200,278,portrait,24149,RGB
250334_200w.jpg,200,280,portrait,28837,RGB
250335_200w.jpg,200,278,portrait,25954,RGB
250336_200w.jpg,200,278,portrait,22966,RGB
250337_200w.jpg,200,278,portrait,22184,RGB
250338_200w.jpg,200,278,portrait,26743,RGB
250339_200w.jpg,200,278,portrait,26807,RGB
250340_200w.jpg,200,278,portrait,27623,RGB
250341_200w.jpg,200,278,portrait,31921,RGB
250342_200w.jpg,200,278,portrait,30565,RGB
250510_200w.jpg,200,280,portrait,18582,RGB
250572_200w.jpg,200,280,portrait,21542,RGB
250573_200w.jpg,200,279,portrait,24735,RGB
250577_200w.jpg,200,278,portrait,29508,RGB
250578_200w.jpg,200,278,portrait,28539,RGB
251048_200w.jpg,200,143,landscape,8467,RGB
251049_200w.jpg,200,143,landscape,7855,RGB
251050_200w.jpg,200,143,landscape,8459,RGB
251051_200w.jpg,200,143,landscape,8594,RGB
251052_200w.jpg,200,142,landscape,8505,RGB
251054_200w.jpg,200,143,landscape,8979,RGB
251055_200w.jpg,200,143,landscape,7920,RGB
251056_200w.jpg,200,143,landscape,8322,RGB
251057_200w.jpg,200,143,landscape,8599,RGB
251086_200w.jpg,200,278,portrait,25412,RGB
251088_200w.jpg,200,278,portrait,22770,RGB
251089_200w.jpg,200,278,portrait,26021,RGB
251090_200w.jpg,200,278,portrait,27008,RGB
251091_200w.jpg,200,278,portrait,25291,RGB
251092_200w.jpg,200,278,portrait,25260,RGB
251093_200w.jpg,200,278,portrait,25877,RGB
251094_200w.jpg,200,278,portrait,24847,RGB
251095_200w.jpg,200,278,portrait,29150,RGB
251096_200w.jpg,200,278,portrait,27952,RGB
251097_200w.jpg,200,278,portrait,29555,RGB
251098_200w.jpg,200,278,portrait,27834,RGB
251099_200w.jpg,200,276,portrait,30998,RGB
251100_200w.jpg,200,279,portrait,32929,RGB
251101_200w.jpg,200,278,portrait,24486,RGB
251102_200w.jpg,200,278,portrait,13196,RGB
251103_200w.jpg,200,278,portrait,11664,RGB
251104_200w.jpg,200,279,portrait,26467,RGB
251105_200w.jpg,200,279,portrait,27725,RGB
251183_200w.jpg,200,280,portrait,24904,RGB
251200_200w.jpg,200,280,portrait,23134,RGB
251202_200w.jpg,200,279,portrait,28027,RGB
251218_200w.jpg,200,143,landscape,7924,RGB
251240_200w.jpg,200,284,portrait,25056,RGB
251241_200w.jpg,200,280,portrait,23688,RGB
251242_200w.jpg,200,278,portrait,16195,RGB
251243_200w.jpg,200,282,portrait,23588,RGB
251427_200w.jpg,200,142,landscape,8578,RGB
251428_200w.jpg,200,142,landscape,8199,RGB
251429_200w.jpg,200,142,landscape,8209,RGB
251430_200w.jpg,200,143,landscape,8326,RGB
251431_200w.jpg,200,142,landscape,8470,RGB
251432_200w.jpg,200,142,landscape,8087,RGB
251433_200w.jpg,200,142,landscape,8383,RGB
251434_200w.jpg,200,142,landscape,8561,RGB
251435_200w.jpg,200,142,landscape,8440,RGB
251436_200w.jpg,200,142,landscape,8121,RGB
251437_200w.jpg,200,142,landscape,8495,RGB
251438_200w.jpg,200,142,landscape,8399,RGB
251439_200w.jpg,200,142,landscape,8392,RGB
251440_200w.jpg,200,142,landscape,8494,RGB
251441_200w.jpg,200,142,landscape,8592,RGB
251442_200w.jpg,200,142,landscape,8173,RGB
251443_200w.jpg,200,142,landscape,8609,RGB
251444_200w.jpg,200,142,landscape,8383,RGB
251445_200w.jpg,200,142,landscape,8322,RGB
251446_200w.jpg,200,142,landscape,8484,RGB
251447_200w.jpg,200,142,landscape,8497,RGB
251448_200w.jpg,200,142,landscape,8536,RGB
251449_200w.jpg,200,142,landscape,8373,RGB
251450_200w.jpg,200,142,landscape,8758,RGB
251451_200w.jpg,200,142,landscape,8494,RGB
251452_200w.jpg,200,142,landscape,8891,RGB
251454_200w.jpg,200,142,landscape,8371,RGB
251455_200w.jpg,200,142,landscape,9127,RGB
251456_200w.jpg,200,142,landscape,8296,RGB
251457_200w.jpg,200,142,landscape,8670,RGB
251458_200w.jpg,200,142,landscape,8360,RGB
251459_200w.jpg,200,142,landscape,8701,RGB
251460_200w.jpg,200,142,landscape,8748,RGB
251461_200w.jpg,200,142,landscape,8846,RGB
251462_200w.jpg,200,142,landscape,8902,RGB
251465_200w.jpg,200,142,landscape,8292,RGB
251466_200w.jpg,200,142,landscape,8284,RGB
251467_200w.jpg,200,142,landscape,8311,RGB
251468_200w.jpg,200,142,landscape,8475,RGB
251469_200w.jpg,200,142,landscape,8286,RGB
251470_200w.jpg,200,142,landscape,8455,RGB
251471_200w.jpg,200,142,landscape,7958,RGB
251472_200w.jpg,200,142,landscape,7987,RGB
251473_200w.jpg,200,142,landscape,7875,RGB
251474_200w.jpg,200,142,landscape,8342,RGB
251475_200w.jpg,200,142,landscape,7831,RGB
251476_200w.jpg,200,142,landscape,7803,RGB
251477_200w.jpg,200,142,landscape,8181,RGB
251478_200w.jpg,200,142,landscape,8430,RGB
251479_200w.jpg,200,142,landscape,8299,RGB
251480_200w.jpg,200,142,landscape,8154,RGB
251481_200w.jpg,200,142,landscape,8440,RGB
251483_200w.jpg,200,142,landscape,8010,RGB
251484_200w.jpg,200,142,landscape,7978,RGB
251485_200w.jpg,200,142,landscape,8840,RGB
251486_200w.jpg,200,142,landscape,8838,RGB
251487_200w.jpg,200,142,landscape,8301,RGB
251488_200w.jpg,200,142,landscape,8310,RGB
251489_200w.jpg,200,142,landscape,8479,RGB
251490_200w.jpg,200,142,landscape,7822,RGB
251491_200w.jpg,200,142,landscape,8528,RGB
251492_200w.jpg,200,142,landscape,8319,RGB
251493_200w.jpg,200,142,landscape,8168,RGB
251494_200w.jpg,200,142,landscape,8436,RGB
251495_200w.jpg,200,142,landscape,8170,RGB
251496_200w.jpg,200,142,landscape,8432,RGB
251497_200w.jpg,200,142,landscape,8263,RGB
251498_200w.jpg,200,142,landscape,8436,RGB
251499_200w.jpg,200,142,landscape,8405,RGB
251500_200w.jpg,200,142,landscape,7839,RGB
251501_200w.jpg,200,142,landscape,8481,RGB
251502_200w.jpg,200,142,landscape,8495,RGB
251503_200w.jpg,200,142,landscape,8579,RGB
251504_200w.jpg,200,142,landscape,8049,RGB
251505_200w.jpg,200,142,landscape,8287,RGB
251506_200w.jpg,200,142,landscape,8275,RGB
251507_200w.jpg,200,142,landscape,8368,RGB
251508_200w.jpg,200,142,landscape,8223,RGB
251509_200w.jpg,200,142,landscape,7921,RGB
251510_200w.jpg,200,142,landscape,8348,RGB
251511_200w.jpg,200,142,landscape,7884,RGB
251512_200w.jpg,200,142,landscape,8360,RGB
251513_200w.jpg,200,143,landscape,7933,RGB
251514_200w.jpg,200,142,landscape,8156,RGB
251515_200w.jpg,200,143,landscape,8050,RGB
251516_200w.jpg,200,142,landscape,8112,RGB
251517_200w.jpg,200,142,landscape,8318,RGB
251518_200w.jpg,200,142,landscape,8786,RGB
251519_200w.jpg,200,142,landscape,7908,RGB
251520_200w.jpg,200,142,landscape,8786,RGB
251521_200w.jpg,200,142,landscape,8516,RGB
251522_200w.jpg,200,142,landscape,7882,RGB
251523_200w.jpg,200,143,landscape,8482,RGB
251524_200w.jpg,200,143,landscape,8769,RGB
251525_200w.jpg,200,142,landscape,7913,RGB
251526_200w.jpg,200,142,landscape,7855,RGB
251527_200w.jpg,200,142,landscape,8666,RGB
251528_200w.jpg,200,142,landscape,7947,RGB
251529_200w.jpg,200,142,landscape,8122,RGB
251530_200w.jpg,200,142,landscape,8164,RGB
251531_200w.jpg,200,142,landscape,8183,RGB
251532_200w.jpg,200,142,landscape,8483,RGB
251533_200w.jpg,200,142,landscape,8642,RGB
251534_200w.jpg,200,142,landscape,8655,RGB
251535_200w.jpg,200,142,landscape,8577,RGB
251536_200w.jpg,200,142,landscape,8637,RGB
251537_200w.jpg,200,142,landscape,8574,RGB
251538_200w.jpg,200,142,landscape,8565,RGB
251539_200w.jpg,200,142,landscape,8008,RGB
251540_200w.jpg,200,142,landscape,8738,RGB
251541_200w.jpg,200,142,landscape,8303,RGB
251542_200w.jpg,200,142,landscape,8044,RGB
251543_200w.jpg,200,142,landscape,8164,RGB
251544_200w.jpg,200,142,landscape,8332,RGB
251545_200w.jpg,200,142,landscape,8516,RGB
251546_200w.jpg,200,142,landscape,8059,RGB
251547_200w.jpg,200,142,landscape,8521,RGB
251548_200w.jpg,200,142,landscape,7989,RGB
251549_200w.jpg,200,142,landscape,8233,RGB
251550_200w.jpg,200,142,landscape,8530,RGB
251551_200w.jpg,200,142,landscape,8660,RGB
251552_200w.jpg,200,142,landscape,8372,RGB
251553_200w.jpg,200,142,landscape,8504,RGB
251554_200w.jpg,200,142,landscape,7840,RGB
251555_200w.jpg,200,142,landscape,8553,RGB
251556_200w.jpg,200,142,landscape,7892,RGB
251557_200w.jpg,200,142,landscape,8619,RGB
251558_200w.jpg,200,142,landscape,8524,RGB
251559_200w.jpg,200,142,landscape,8499,RGB
251560_200w.jpg,200,142,landscape,7579,RGB
251562_200w.jpg,200,142,landscape,8359,RGB
251563_200w.jpg,200,142,landscape,8823,RGB
251565_200w.jpg,200,142,landscape,8275,RGB
251566_200w.jpg,200,142,landscape,8339,RGB
251567_200w.jpg,200,142,landscape,7693,RGB
251568_200w.jpg,200,142,landscape,8331,RGB
251569_200w.jpg,200,142,landscape,8341,RGB
251570_200w.jpg,200,142,landscape,8328,RGB
251571_200w.jpg,200,142,landscape,8366,RGB
251572_200w.jpg,200,142,landscape,9065,RGB
251573_200w.jpg,200,142,landscape,8410,RGB
251574_200w.jpg,200,142,landscape,8168,RGB
251575_200w.jpg,200,142,landscape,8344,RGB
251576_200w.jpg,200,142,landscape,8377,RGB
251577_200w.jpg,200,142,landscape,8645,RGB
251578_200w.jpg,200,142,landscape,8631,RGB
251580_200w.jpg,200,142,landscape,8657,RGB
251581_200w.jpg,200,142,landscape,8458,RGB
251622_200w.jpg,200,279,portrait,27339,RGB
251623_200w.jpg,200,279,portrait,24607,RGB
251982_200w.jpg,200,279,portrait,24765,RGB
252418_200w.jpg,200,142,landscape,8314,RGB
252419_200w.jpg,200,142,landscape,8326,RGB
252420_200w.jpg,200,142,landscape,8320,RGB
252421_200w.jpg,200,142,landscape,8310,RGB
252423_200w.jpg,200,142,landscape,8317,RGB
252424_200w.jpg,200,142,landscape,8811,RGB
252431_200w.jpg,200,142,landscape,8394,RGB
252432_200w.jpg,200,142,landscape,8337,RGB
252433_200w.jpg,200,142,landscape,8400,RGB
252434_200w.jpg,200,142,landscape,8422,RGB
252435_200w.jpg,200,142,landscape,8362,RGB
252436_200w.jpg,200,142,landscape,8397,RGB
252437_200w.jpg,200,142,landscape,8417,RGB
252440_200w.jpg,200,142,landscape,8410,RGB
252441_200w.jpg,200,142,landscape,8327,RGB
252442_200w.jpg,200,142,landscape,8413,RGB
252443_200w.jpg,200,142,landscape,8337,RGB
252462_200w.jpg,200,142,landscape,8526,RGB
252516_200w.jpg,200,279,portrait,24266,RGB
252517_200w.jpg,200,270,portrait,27077,RGB
252532_200w.jpg,200,142,landscape,8329,RGB
252737_200w.jpg,200,279,portrait,16011,RGB
252738_200w.jpg,200,279,portrait,29745,RGB
252817_200w.jpg,200,278,portrait,23221,RGB
253069_200w.jpg,200,278,portrait,21634,RGB
253072_200w.jpg,200,278,portrait,20802,RGB
253073_200w.jpg,200,278,portrait,23684,RGB
253074_200w.jpg,200,278,portrait,20476,RGB
253076_200w.jpg,200,278,portrait,25625,RGB
253077_200w.jpg,200,278,portrait,21908,RGB
253078_200w.jpg,200,278,portrait,22500,RGB
253079_200w.jpg,200,278,portrait,21803,RGB
253080_200w.jpg,200,278,portrait,21436,RGB
253081_200w.jpg,200,278,portrait,22337,RGB
253086_200w.jpg,200,278,portrait,23075,RGB
253087_200w.jpg,200,278,portrait,21698,RGB
253089_200w.jpg,200,278,portrait,20633,RGB
253090_200w.jpg,200,278,portrait,23885,RGB
253091_200w.jpg,200,278,portrait,18836,RGB
253092_200w.jpg,200,278,portrait,20025,RGB
253093_200w.jpg,200,278,portrait,19743,RGB
253094_200w.jpg,200,278,portrait,19492,RGB
253096_200w.jpg,200,278,portrait,21758,RGB
253097_200w.jpg,200,278,portrait,21982,RGB
253098_200w.jpg,200,278,portrait,18764,RGB
253099_200w.jpg,200,278,portrait,18981,RGB
253100_200w.jpg,200,278,portrait,19707,RGB
253101_200w.jpg,200,278,portrait,23230,RGB
253102_200w.jpg,200,278,portrait,19719,RGB
253103_200w.jpg,200,278,portrait,20913,RGB
253104_200w.jpg,200,278,portrait,20428,RGB
253105_200w.jpg,200,278,portrait,23981,RGB
253106_200w.jpg,200,278,portrait,22419,RGB
253108_200w.jpg,200,278,portrait,29855,RGB
253109_200w.jpg,200,278,portrait,27313,RGB
253110_200w.jpg,200,278,portrait,19475,RGB
253111_200w.jpg,200,278,portrait,20405,RGB
253112_200w.jpg,200,278,portrait,18605,RGB
253113_200w.jpg,200,278,portrait,26461,RGB
253114_200w.jpg,200,278,portrait,20173,RGB
253115_200w.jpg,200,278,portrait,19782,RGB
253116_200w.jpg,200,278,portrait,20702,RGB
253117_200w.jpg,200,278,portrait,21143,RGB
253118_200w.jpg,200,278,portrait,21277,RGB
253119_200w.jpg,200,278,portrait,19681,RGB
253120_200w.jpg,200,278,portrait,24969,RGB
253121_200w.jpg,200,278,portrait,19918,RGB
253122_200w.jpg,200,278,portrait,22963,RGB
253123_200w.jpg,200,278,portrait,21513,RGB
253124_200w.jpg,200,278,portrait,19467,RGB
253125_200w.jpg,200,278,portrait,20034,RGB
253126_200w.jpg,200,278,portrait,20914,RGB
253127_200w.jpg,200,278,portrait,22950,RGB
253128_200w.jpg,200,278,portrait,24312,RGB
253129_200w.jpg,200,278,portrait,22040,RGB
253130_200w.jpg,200,278,portrait,24024,RGB
253131_200w.jpg,200,278,portrait,20580,RGB
253132_200w.jpg,200,278,portrait,22823,RGB
253136_200w.jpg,200,278,portrait,19212,RGB
253137_200w.jpg,200,278,portrait,21637,RGB
253138_200w.jpg,200,278,portrait,27989,RGB
253139_200w.jpg,200,278,portrait,27770,RGB
253140_200w.jpg,200,279,portrait,25274,RGB
253141_200w.jpg,200,278,portrait,29045,RGB
253142_200w.jpg,200,278,portrait,27993,RGB
253143_200w.jpg,200,278,portrait,29102,RGB
253144_200w.jpg,200,278,portrait,30281,RGB
253145_200w.jpg,200,278,portrait,32628,RGB
253146_200w.jpg,200,278,portrait,25413,RGB
253147_200w.jpg,200,278,portrait,29537,RGB
253149_200w.jpg,200,278,portrait,25182,RGB
253150_200w.jpg,200,278,portrait,24259,RGB
253152_200w.jpg,200,278,portrait,33095,RGB
253154_200w.jpg,200,278,portrait,30905,RGB
253155_200w.jpg,200,278,portrait,30862,RGB
253156_200w.jpg,200,278,portrait,28206,RGB
253157_200w.jpg,200,278,portrait,26724,RGB
253158_200w.jpg,200,278,portrait,24139,RGB
253159_200w.jpg,200,278,portrait,28692,RGB
253160_200w.jpg,200,278,portrait,26829,RGB
253161_200w.jpg,200,278,portrait,29485,RGB
253162_200w.jpg,200,278,portrait,23085,RGB
253163_200w.jpg,200,278,portrait,23601,RGB
253164_200w.jpg,200,278,portrait,27664,RGB
253165_200w.jpg,200,278,portrait,24777,RGB
253166_200w.jpg,200,278,portrait,22762,RGB
253167_200w.jpg,200,278,portrait,28551,RGB
253168_200w.jpg,200,278,portrait,29178,RGB
253170_200w.jpg,200,278,portrait,28680,RGB
253171_200w.jpg,200,278,portrait,29524,RGB
253172_200w.jpg,200,278,portrait,21130,RGB
253174_200w.jpg,200,278,portrait,24858,RGB
253175_200w.jpg,200,278,portrait,21814,RGB
253176_200w.jpg,200,278,portrait,23481,RGB
253177_200w.jpg,200,278,portrait,32038,RGB
253179_200w.jpg,200,278,portrait,25588,RGB
253180_200w.jpg,200,278,portrait,23063,RGB
253181_200w.jpg,200,278,portrait,22982,RGB
253182_200w.jpg,200,278,portrait,27260,RGB
253183_200w.jpg,200,278,portrait,23892,RGB
253184_200w.jpg,200,278,portrait,25819,RGB
253185_200w.jpg,200,278,portrait,26342,RGB
253186_200w.jpg,200,278,portrait,21792,RGB
253187_200w.jpg,200,278,portrait,25443,RGB
253188_200w.jpg,200,278,portrait,27892,RGB
253189_200w.jpg,200,278,portrait,24873,RGB
253190_200w.jpg,200,278,portrait,24830,RGB
253192_200w.jpg,200,278,portrait,20908,RGB
253195_200w.jpg,200,278,portrait,23399,RGB
253199_200w.jpg,200,278,portrait,23845,RGB
253201_200w.jpg,200,278,portrait,24652,RGB
253205_200w.jpg,200,278,portrait,25418,RGB
253208_200w.jpg,200,278,portrait,24833,RGB
253209_200w.jpg,200,278,portrait,25668,RGB
253210_200w.jpg,200,278,portrait,25748,RGB
253211_200w.jpg,200,278,portrait,22040,RGB
253212_200w.jpg,200,278,portrait,24804,RGB
253215_200w.jpg,200,278,portrait,24230,RGB
253218_200w.jpg,200,278,portrait,21514,RGB
253222_200w.jpg,200,278,portrait,24518,RGB
253223_200w.jpg,200,278,portrait,28695,RGB
253224_200w.jpg,200,278,portrait,22684,RGB
253225_200w.jpg,200,278,portrait,25051,RGB
253226_200w.jpg,200,278,portrait,28792,RGB
253229_200w.jpg,200,278,portrait,26271,RGB
253232_200w.jpg,200,278,portrait,29122,RGB
253233_200w.jpg,200,278,portrait,32096,RGB
253234_200w.jpg,200,278,portrait,21727,RGB
253235_200w.jpg,200,278,portrait,23979,RGB
253236_200w.jpg,200,278,portrait,20519,RGB
253237_200w.jpg,200,278,portrait,23619,RGB
253238_200w.jpg,200,278,portrait,20582,RGB
253240_200w.jpg,200,278,portrait,23773,RGB
253241_200w.jpg,200,278,portrait,26528,RGB
253244_200w.jpg,200,278,portrait,22614,RGB
253245_200w.jpg,200,278,portrait,21874,RGB
253246_200w.jpg,200,278,portrait,21089,RGB
253247_200w.jpg,200,278,portrait,19508,RGB
253248_200w.jpg,200,278,portrait,21632,RGB
253249_200w.jpg,200,278,portrait,20837,RGB
253250_200w.jpg,200,278,portrait,21327,RGB
253251_200w.jpg,200,278,portrait,19775,RGB
253252_200w.jpg,200,278,portrait,23776,RGB
253253_200w.jpg,200,278,portrait,24800,RGB
253254_200w.jpg,200,278,portrait,23455,RGB
253255_200w.jpg,200,278,portrait,23450,RGB
253256_200w.jpg,200,278,portrait,20700,RGB
253257_200w.jpg,200,278,portrait,24075,RGB
253258_200w.jpg,200,278,portrait,21888,RGB
253259_200w.jpg,200,278,portrait,30033,RGB
253260_200w.jpg,200,278,portrait,29734,RGB
253261_200w.jpg,200,278,portrait,22385,RGB
253262_200w.jpg,200,278,portrait,22789,RGB
253263_200w.jpg,200,278,portrait,23071,RGB
253264_200w.jpg,200,278,portrait,25049,RGB
253265_200w.jpg,200,278,portrait,28340,RGB
253266_200w.jpg,200,278,portrait,29584,RGB
253267_200w.jpg,200,278,portrait,22437,RGB
253268_200w.jpg,200,278,portrait,21026,RGB
253269_200w.jpg,200,278,portrait,19400,RGB
253270_200w.jpg,200,278,portrait,23949,RGB
253271_200w.jpg,200,278,portrait,25634,RGB
253272_200w.jpg,200,278,portrait,19265,RGB
253273_200w.jpg,200,278,portrait,22850,RGB
253274_200w.jpg,200,278,portrait,26865,RGB
253275_200w.jpg,200,278,portrait,30172,RGB
253276_200w.jpg,200,278,portrait,20864,RGB
253277_200w.jpg,200,278,portrait,17978,RGB
253278_200w.jpg,200,278,portrait,20107,RGB
253279_200w.jpg,200,278,portrait,18784,RGB
253280_200w.jpg,200,278,portrait,18987,RGB
253281_200w.jpg,200,278,portrait,19441,RGB
253282_200w.jpg,200,278,portrait,21377,RGB
253283_200w.jpg,200,278,portrait,19741,RGB
253284_200w.jpg,200,278,portrait,23717,RGB
253285_200w.jpg,200,278,portrait,23468,RGB
253286_200w.jpg,200,278,portrait,26283,RGB
253287_200w.jpg,200,278,portrait,18507,RGB
253288_200w.jpg,200,278,portrait,21055,RGB
253289_200w.jpg,200,278,portrait,18229,RGB
253290_200w.jpg,200,278,portrait,20594,RGB
253291_200w.jpg,200,278,portrait,19305,RGB
253292_200w.jpg,200,278,portrait,20020,RGB
253293_200w.jpg,200,278,portrait,22683,RGB
253294_200w.jpg,200,278,portrait,17313,RGB
253295_200w.jpg,200,278,portrait,27402,RGB
253296_200w.jpg,200,278,portrait,19182,RGB
253297_200w.jpg,200,278,portrait,23701,RGB
253298_200w.jpg,200,278,portrait,22958,RGB
253299_200w.jpg,200,278,portrait,23636,RGB
253300_200w.jpg,200,278,portrait,21216,RGB
253301_200w.jpg,200,278,portrait,18835,RGB
253302_200w.jpg,200,278,portrait,20659,RGB
253303_200w.jpg,200,278,portrait,22992,RGB
253304_200w.jpg,200,278,portrait,21764,RGB
253305_200w.jpg,200,278,portrait,22027,RGB
253306_200w.jpg,200,278,portrait,20572,RGB
253307_200w.jpg,200,278,portrait,24394,RGB
253308_200w.jpg,200,278,portrait,22364,RGB
253309_200w.jpg,200,278,portrait,21686,RGB
253310_200w.jpg,200,278,portrait,21134,RGB
253311_200w.jpg,200,278,portrait,22553,RGB
253312_200w.jpg,200,278,portrait,20456,RGB
253313_200w.jpg,200,278,portrait,22755,RGB
253314_200w.jpg,200,278,portrait,21252,RGB
253315_200w.jpg,200,278,portrait,21188,RGB
253316_200w.jpg,200,278,portrait,25937,RGB
253318_200w.jpg,200,278,portrait,21856,RGB
253319_200w.jpg,200,278,portrait,20247,RGB
253320_200w.jpg,200,278,portrait,20969,RGB
253321_200w.jpg,200,278,portrait,20632,RGB
253322_200w.jpg,200,278,portrait,21250,RGB
253323_200w.jpg,200,278,portrait,19737,RGB
253324_200w.jpg,200,278,portrait,21444,RGB
253325_200w.jpg,200,278,portrait,21989,RGB
253326_200w.jpg,200,278,portrait,23453,RGB
253327_200w.jpg,200,278,portrait,24579,RGB
253328_200w.jpg,200,278,portrait,25683,RGB
253329_200w.jpg,200,278,portrait,23654,RGB
253330_200w.jpg,200,278,portrait,25853,RGB
253331_200w.jpg,200,278,portrait,23257,RGB
253332_200w.jpg,200,278,portrait,21916,RGB
253333_200w.jpg,200,278,portrait,28548,RGB
253334_200w.jpg,200,278,portrait,21384,RGB
253335_200w.jpg,200,278,portrait,22993,RGB
253336_200w.jpg,200,278,portrait,22503,RGB
253337_200w.jpg,200,278,portrait,22215,RGB
253338_200w.jpg,200,278,portrait,23141,RGB
253339_200w.jpg,200,278,portrait,19858,RGB
253340_200w.jpg,200,278,portrait,26038,RGB
253341_200w.jpg,200,278,portrait,22369,RGB
253342_200w.jpg,200,278,portrait,24554,RGB
253343_200w.jpg,200,278,portrait,23593,RGB
253344_200w.jpg,200,278,portrait,24409,RGB
253345_200w.jpg,200,278,portrait,22931,RGB
253346_200w.jpg,200,278,portrait,24817,RGB
253347_200w.jpg,200,278,portrait,25886,RGB
253348_200w.jpg,200,278,portrait,22890,RGB
253349_200w.jpg,200,278,portrait,25793,RGB
253350_200w.jpg,200,278,portrait,22603,RGB
253351_200w.jpg,200,278,portrait,24310,RGB
253352_200w.jpg,200,278,portrait,22072,RGB
253353_200w.jpg,200,278,portrait,20635,RGB
253354_200w.jpg,200,278,portrait,22418,RGB
253355_200w.jpg,200,278,portrait,25192,RGB
253356_200w.jpg,200,278,portrait,20301,RGB
253357_200w.jpg,200,278,portrait,25157,RGB
253359_200w.jpg,200,278,portrait,24671,RGB
253360_200w.jpg,200,278,portrait,25751,RGB
253361_200w.jpg,200,278,portrait,19669,RGB
253362_200w.jpg,200,278,portrait,23109,RGB
253363_200w.jpg,200,278,portrait,25230,RGB
253364_200w.jpg,200,278,portrait,21146,RGB
253365_200w.jpg,200,278,portrait,24512,RGB
253366_200w.jpg,200,278,portrait,20941,RGB
253367_200w.jpg,200,278,portrait,22776,RGB
253368_200w.jpg,200,278,portrait,23649,RGB
253369_200w.jpg,200,278,portrait,22261,RGB
253370_200w.jpg,200,278,portrait,24890,RGB
253371_200w.jpg,200,278,portrait,29499,RGB
253372_200w.jpg,200,278,portrait,26121,RGB
253373_200w.jpg,200,278,portrait,23765,RGB
253374_200w.jpg,200,278,portrait,22834,RGB
253375_200w.jpg,200,278,portrait,25702,RGB
253376_200w.jpg,200,278,portrait,23117,RGB
253377_200w.jpg,200,278,portrait,24650,RGB
253378_200w.jpg,200,278,portrait,23581,RGB
253379_200w.jpg,200,278,portrait,24489,RGB
253380_200w.jpg,200,278,portrait,25693,RGB
253381_200w.jpg,200,278,portrait,22995,RGB
253382_200w.jpg,200,278,portrait,26964,RGB
253383_200w.jpg,200,278,portrait,24014,RGB
253384_200w.jpg,200,278,portrait,24812,RGB
253385_200w.jpg,200,278,portrait,24692,RGB
253386_200w.jpg,200,278,portrait,24868,RGB
253387_200w.jpg,200,278,portrait,24869,RGB
253388_200w.jpg,200,278,portrait,23638,RGB
253389_200w.jpg,200,278,portrait,24260,RGB
253390_200w.jpg,200,278,portrait,23819,RGB
253391_200w.jpg,200,278,portrait,25112,RGB
253392_200w.jpg,200,278,portrait,25878,RGB
253393_200w.jpg,200,278,portrait,23449,RGB
253394_200w.jpg,200,278,portrait,31106,RGB
253395_200w.jpg,200,279,portrait,31812,RGB
253397_200w.jpg,200,278,portrait,31116,RGB
253398_200w.jpg,200,279,portrait,31175,RGB
253399_200w.jpg,200,279,portrait,31125,RGB
253400_200w.jpg,200,276,portrait,19810,RGB
253401_200w.jpg,200,278,portrait,23150,RGB
253402_200w.jpg,200,278,portrait,23431,RGB
253403_200w.jpg,200,277,portrait,21945,RGB
253404_200w.jpg,200,278,portrait,26879,RGB
253405_200w.jpg,200,278,portrait,24694,RGB
253406_200w.jpg,200,278,portrait,24915,RGB
253407_200w.jpg,200,278,portrait,25754,RGB
253408_200w.jpg,200,278,portrait,20820,RGB
253409_200w.jpg,200,278,portrait,20909,RGB
253410_200w.jpg,200,280,portrait,23274,RGB
253412_200w.jpg,200,278,portrait,27811,RGB
253413_200w.jpg,200,279,portrait,20537,RGB
253414_200w.jpg,200,278,portrait,29618,RGB
253415_200w.jpg,200,278,portrait,27912,RGB
253416_200w.jpg,200,278,portrait,28667,RGB
253417_200w.jpg,200,278,portrait,30642,RGB
253418_200w.jpg,200,278,portrait,30661,RGB
253419_200w.jpg,200,278,portrait,31127,RGB
253420_200w.jpg,200,279,portrait,28264,RGB
253421_200w.jpg,200,279,portrait,27494,RGB
253449_200w.jpg,200,278,portrait,21816,RGB
253456_200w.jpg,200,142,landscape,8638,RGB
253457_200w.jpg,200,142,landscape,8633,RGB
253840_200w.jpg,200,276,portrait,19691,RGB
253841_200w.jpg,200,280,portrait,22727,RGB
253842_200w.jpg,200,288,portrait,20553,RGB
253843_200w.jpg,200,279,portrait,14613,RGB
253847_200w.jpg,200,280,portrait,25631,RGB
254761_200w.jpg,200,277,portrait,13828,RGB
256123_200w.jpg,200,142,landscape,8630,RGB
256131_200w.jpg,200,142,landscape,8196,RGB
256322_200w.jpg,200,278,portrait,24579,RGB
256467_200w.jpg,200,143,landscape,8585,RGB
256468_200w.jpg,200,143,landscape,7578,RGB
256469_200w.jpg,200,143,landscape,7680,RGB
256470_200w.jpg,200,143,landscape,7931,RGB
256471_200w.jpg,200,143,landscape,7931,RGB
256776_200w.jpg,200,142,landscape,8217,RGB
256777_200w.jpg,200,142,landscape,8209,RGB
256834_200w.jpg,200,279,portrait,27378,RGB
257102_200w.jpg,200,284,portrait,23865,RGB
257103_200w.jpg,200,283,portrait,22626,RGB
257241_200w.jpg,200,279,portrait,31934,RGB
257242_200w.jpg,200,279,portrait,32504,RGB
257275_200w.jpg,200,280,portrait,25488,RGB
257279_200w.jpg,200,278,portrait,27635,RGB
257293_200w.jpg,200,279,portrait,28172,RGB
257299_200w.jpg,200,278,portrait,27789,RGB
257306_200w.jpg,200,280,portrait,20570,RGB
257307_200w.jpg,200,278,portrait,19318,RGB
257310_200w.jpg,200,280,portrait,20637,RGB
257422_200w.jpg,200,142,landscape,8640,RGB
257423_200w.jpg,200,142,landscape,8650,RGB
257484_200w.jpg,200,279,portrait,23517,RGB
257485_200w.jpg,200,279,portrait,22608,RGB
257496_200w.jpg,200,277,portrait,27211,RGB
257516_200w.jpg,200,142,landscape,8376,RGB
257517_200w.jpg,200,142,landscape,8191,RGB
257518_200w.jpg,200,142,landscape,8368,RGB
257519_200w.jpg,200,142,landscape,8209,RGB
257520_200w.jpg,200,142,landscape,8342,RGB
257521_200w.jpg,200,142,landscape,8573,RGB
257522_200w.jpg,200,142,landscape,8548,RGB
257523_200w.jpg,200,142,landscape,8485,RGB
257524_200w.jpg,200,142,landscape,8457,RGB
257525_200w.jpg,200,142,landscape,8655,RGB
257526_200w.jpg,200,142,landscape,8366,RGB
257527_200w.jpg,200,142,landscape,8352,RGB
257528_200w.jpg,200,142,landscape,8260,RGB
257529_200w.jpg,200,142,landscape,8375,RGB
257530_200w.jpg,200,142,landscape,8495,RGB
257531_200w.jpg,200,142,landscape,8764,RGB
257532_200w.jpg,200,142,landscape,8507,RGB
257533_200w.jpg,200,142,landscape,8736,RGB
257534_200w.jpg,200,142,landscape,8569,RGB
257535_200w.jpg,200,142,landscape,8654,RGB
257536_200w.jpg,200,142,landscape,8169,RGB
257537_200w.jpg,200,142,landscape,8207,RGB
257538_200w.jpg,200,142,landscape,8360,RGB
257539_200w.jpg,200,142,landscape,8373,RGB
257540_200w.jpg,200,142,landscape,8536,RGB
257541_200w.jpg,200,142,landscape,8496,RGB
257542_200w.jpg,200,142,landscape,8127,RGB
257543_200w.jpg,200,142,landscape,8045,RGB
257544_200w.jpg,200,142,landscape,8241,RGB
257545_200w.jpg,200,142,landscape,8258,RGB
257546_200w.jpg,200,142,landscape,8644,RGB
257547_200w.jpg,200,142,landscape,8388,RGB
257548_200w.jpg,200,142,landscape,7889,RGB
257549_200w.jpg,200,142,landscape,9241,RGB
257550_200w.jpg,200,142,landscape,8364,RGB
257708_200w.jpg,200,279,portrait,31047,RGB
257709_200w.jpg,200,279,portrait,28713,RGB
257710_200w.jpg,200,279,portrait,30945,RGB
257770_200w.jpg,200,278,portrait,21478,RGB
260711_200w.jpg,200,278,portrait,26437,RGB
260712_200w.jpg,200,279,portrait,28427,RGB
260877_200w.jpg,200,279,portrait,26759,RGB
260878_200w.jpg,200,279,portrait,26807,RGB
260879_200w.jpg,200,279,portrait,25884,RGB
260886_200w.jpg,200,278,portrait,25874,RGB
261732_200w.jpg,200,280,portrait,24449,RGB
262156_200w.jpg,200,280,portrait,25571,RGB
262158_200w.jpg,200,280,portrait,25683,RGB
262212_200w.jpg,200,142,landscape,8184,RGB
262213_200w.jpg,200,142,landscape,8349,RGB
262214_200w.jpg,200,142,landscape,8470,RGB
262563_200w.jpg,200,278,portrait,27275,RGB
262566_200w.jpg,200,278,portrait,28113,RGB
262569_200w.jpg,200,278,portrait,27329,RGB
262571_200w.jpg,200,278,portrait,26771,RGB
263260_200w.jpg,200,279,portrait,29687,RGB
263261_200w.jpg,200,279,portrait,28604,RGB
263578_200w.jpg,200,278,portrait,20388,RGB
263579_200w.jpg,200,278,portrait,21248,RGB
263580_200w.jpg,200,278,portrait,21392,RGB
263583_200w.jpg,200,278,portrait,22146,RGB
263585_200w.jpg,200,278,portrait,21743,RGB
263589_200w.jpg,200,278,portrait,20762,RGB
263592_200w.jpg,200,278,portrait,23922,RGB
263597_200w.jpg,200,278,portrait,22228,RGB
263598_200w.jpg,200,278,portrait,22607,RGB
263605_200w.jpg,200,278,portrait,22058,RGB
263606_200w.jpg,200,278,portrait,20777,RGB
263608_200w.jpg,200,278,portrait,25994,RGB
263703_200w.jpg,200,278,portrait,19451,RGB
263704_200w.jpg,200,278,portrait,27690,RGB
263705_200w.jpg,200,278,portrait,26147,RGB
263708_200w.jpg,200,278,portrait,24348,RGB
263711_200w.jpg,200,278,portrait,23649,RGB
263715_200w.jpg,200,278,portrait,28222,RGB
263716_200w.jpg,200,278,portrait,22274,RGB
263723_200w.jpg,200,278,portrait,21279,RGB
263724_200w.jpg,200,278,portrait,23309,RGB
263725_200w.jpg,200,278,portrait,26705,RGB
263726_200w.jpg,200,278,portrait,30258,RGB
263727_200w.jpg,200,278,portrait,27487,RGB
263728_200w.jpg,200,278,portrait,31583,RGB
263729_200w.jpg,200,278,portrait,23265,RGB
263730_200w.jpg,200,278,portrait,23368,RGB
263732_200w.jpg,200,278,portrait,25197,RGB
263733_200w.jpg,200,278,portrait,20828,RGB
263734_200w.jpg,200,278,portrait,21086,RGB
263735_200w.jpg,200,278,portrait,22407,RGB
263736_200w.jpg,200,278,portrait,26234,RGB
263737_200w.jpg,200,278,portrait,23507,RGB
263738_200w.jpg,200,278,portrait,23837,RGB
263740_200w.jpg,200,278,portrait,27698,RGB
263741_200w.jpg,200,278,portrait,21911,RGB
263742_200w.jpg,200,278,portrait,20390,RGB
263743_200w.jpg,200,278,portrait,23343,RGB
263745_200w.jpg,200,278,portrait,26635,RGB
263747_200w.jpg,200,278,portrait,29293,RGB
263750_200w.jpg,200,278,portrait,22159,RGB
263751_200w.jpg,200,278,portrait,26613,RGB
263754_200w.jpg,200,278,portrait,29482,RGB
263755_200w.jpg,200,278,portrait,19311,RGB
263756_200w.jpg,200,278,portrait,23594,RGB
263757_200w.jpg,200,278,portrait,24209,RGB
263758_200w.jpg,200,278,portrait,20169,RGB
263769_200w.jpg,200,278,portrait,20794,RGB
263770_200w.jpg,200,278,portrait,21040,RGB
263771_200w.jpg,200,278,portrait,21903,RGB
263772_200w.jpg,200,278,portrait,23114,RGB
263773_200w.jpg,200,278,portrait,25813,RGB
263774_200w.jpg,200,278,portrait,19328,RGB
263775_200w.jpg,200,278,portrait,20086,RGB
263776_200w.jpg,200,278,portrait,18582,RGB
263777_200w.jpg,200,278,portrait,18722,RGB
263778_200w.jpg,200,278,portrait,23402,RGB
263779_200w.jpg,200,278,portrait,20598,RGB
263780_200w.jpg,200,278,portrait,25179,RGB
263781_200w.jpg,200,278,portrait,26586,RGB
263782_200w.jpg,200,278,portrait,22339,RGB
263783_200w.jpg,200,278,portrait,22446,RGB
263784_200w.jpg,200,278,portrait,27388,RGB
263785_200w.jpg,200,278,portrait,29250,RGB
263786_200w.jpg,200,278,portrait,20996,RGB
263787_200w.jpg,200,278,portrait,23644,RGB
263788_200w.jpg,200,278,portrait,21572,RGB
263789_200w.jpg,200,278,portrait,18494,RGB
263790_200w.jpg,200,278,portrait,19469,RGB
263791_200w.jpg,200,278,portrait,23174,RGB
263792_200w.jpg,200,278,portrait,23247,RGB
263793_200w.jpg,200,278,portrait,24402,RGB
263794_200w.jpg,200,278,portrait,21785,RGB
263795_200w.jpg,200,278,portrait,26854,RGB
263796_200w.jpg,200,278,portrait,22038,RGB
263797_200w.jpg,200,278,portrait,24611,RGB
263798_200w.jpg,200,278,portrait,22181,RGB
263799_200w.jpg,200,278,portrait,22104,RGB
263800_200w.jpg,200,278,portrait,23480,RGB
263801_200w.jpg,200,278,portrait,24339,RGB
263803_200w.jpg,200,278,portrait,26639,RGB
263804_200w.jpg,200,278,portrait,24738,RGB
263806_200w.jpg,200,278,portrait,23640,RGB
263807_200w.jpg,200,278,portrait,23173,RGB
263809_200w.jpg,200,278,portrait,25142,RGB
263810_200w.jpg,200,278,portrait,23768,RGB
263811_200w.jpg,200,278,portrait,23415,RGB
263812_200w.jpg,200,278,portrait,26663,RGB
263813_200w.jpg,200,278,portrait,27354,RGB
263814_200w.jpg,200,278,portrait,27506,RGB
263815_200w.jpg,200,278,portrait,29896,RGB
263818_200w.jpg,200,278,portrait,23246,RGB
263819_200w.jpg,200,278,portrait,24319,RGB
263820_200w.jpg,200,278,portrait,25876,RGB
263822_200w.jpg,200,278,portrait,20226,RGB
263823_200w.jpg,200,278,portrait,23500,RGB
263824_200w.jpg,200,278,portrait,24570,RGB
263825_200w.jpg,200,278,portrait,28531,RGB
263826_200w.jpg,200,278,portrait,26566,RGB
263827_200w.jpg,200,278,portrait,21093,RGB
263828_200w.jpg,200,278,portrait,21431,RGB
263829_200w.jpg,200,278,portrait,25472,RGB
263830_200w.jpg,200,278,portrait,21957,RGB
263832_200w.jpg,200,278,portrait,22916,RGB
263833_200w.jpg,200,278,portrait,22464,RGB
263834_200w.jpg,200,278,portrait,21826,RGB
263836_200w.jpg,200,278,portrait,25874,RGB
263838_200w.jpg,200,278,portrait,23268,RGB
263839_200w.jpg,200,278,portrait,20203,RGB
263842_200w.jpg,200,278,portrait,19344,RGB
263843_200w.jpg,200,278,portrait,19589,RGB
263844_200w.jpg,200,278,portrait,22587,RGB
263845_200w.jpg,200,278,portrait,19794,RGB
263846_200w.jpg,200,278,portrait,23323,RGB
263847_200w.jpg,200,278,portrait,22834,RGB
263848_200w.jpg,200,278,portrait,20723,RGB
263849_200w.jpg,200,278,portrait,25753,RGB
263850_200w.jpg,200,278,portrait,22347,RGB
263851_200w.jpg,200,278,portrait,24696,RGB
263852_200w.jpg,200,278,portrait,20048,RGB
263853_200w.jpg,200,278,portrait,18967,RGB
263854_200w.jpg,200,278,portrait,22101,RGB
263855_200w.jpg,200,278,portrait,19685,RGB
263856_200w.jpg,200,278,portrait,20858,RGB
263857_200w.jpg,200,278,portrait,20890,RGB
263858_200w.jpg,200,278,portrait,20869,RGB
263859_200w.jpg,200,278,portrait,23597,RGB
263860_200w.jpg,200,278,portrait,19439,RGB
263861_200w.jpg,200,278,portrait,17848,RGB
263862_200w.jpg,200,278,portrait,21561,RGB
263863_200w.jpg,200,278,portrait,21135,RGB
263864_200w.jpg,200,278,portrait,21383,RGB
263865_200w.jpg,200,278,portrait,19074,RGB
263866_200w.jpg,200,278,portrait,20782,RGB
263867_200w.jpg,200,278,portrait,18818,RGB
263868_200w.jpg,200,278,portrait,23914,RGB
263869_200w.jpg,200,278,portrait,23017,RGB
263870_200w.jpg,200,278,portrait,19171,RGB
263871_200w.jpg,200,278,portrait,25866,RGB
263872_200w.jpg,200,278,portrait,27813,RGB
263873_200w.jpg,200,278,portrait,24779,RGB
263874_200w.jpg,200,278,portrait,27634,RGB
263875_200w.jpg,200,278,portrait,29872,RGB
263876_200w.jpg,200,278,portrait,24316,RGB
263877_200w.jpg,200,278,portrait,26994,RGB
263878_200w.jpg,200,278,portrait,24853,RGB
263879_200w.jpg,200,278,portrait,24044,RGB
263880_200w.jpg,200,278,portrait,28609,RGB
263881_200w.jpg,200,278,portrait,28072,RGB
263882_200w.jpg,200,278,portrait,32892,RGB
263883_200w.jpg,200,278,portrait,27892,RGB
263884_200w.jpg,200,278,portrait,24136,RGB
263885_200w.jpg,200,278,portrait,27492,RGB
263886_200w.jpg,200,278,portrait,24909,RGB
263887_200w.jpg,200,278,portrait,25450,RGB
263888_200w.jpg,200,278,portrait,22772,RGB
263889_200w.jpg,200,278,portrait,25118,RGB
263890_200w.jpg,200,278,portrait,28417,RGB
263891_200w.jpg,200,278,portrait,24692,RGB
263892_200w.jpg,200,278,portrait,24330,RGB
263893_200w.jpg,200,278,portrait,25849,RGB
263895_200w.jpg,200,278,portrait,24538,RGB
263896_200w.jpg,200,278,portrait,27184,RGB
263897_200w.jpg,200,278,portrait,19293,RGB
263898_200w.jpg,200,278,portrait,20916,RGB
263899_200w.jpg,200,278,portrait,19906,RGB
263900_200w.jpg,200,278,portrait,21856,RGB
263901_200w.jpg,200,278,portrait,26071,RGB
263902_200w.jpg,200,278,portrait,28595,RGB
263903_200w.jpg,200,278,portrait,29590,RGB
263904_200w.jpg,200,278,portrait,28882,RGB
263906_200w.jpg,200,278,portrait,25935,RGB
263907_200w.jpg,200,278,portrait,21751,RGB
264202_200w.jpg,200,278,portrait,27970,RGB
264203_200w.jpg,200,278,portrait,26744,RGB
264204_200w.jpg,200,278,portrait,27092,RGB
264205_200w.jpg,200,279,portrait,24379,RGB
264206_200w.jpg,200,278,portrait,30362,RGB
264207_200w.jpg,200,278,portrait,29140,RGB
264208_200w.jpg,200,278,portrait,28774,RGB
264209_200w.jpg,200,278,portrait,29908,RGB
264210_200w.jpg,200,278,portrait,25978,RGB
264211_200w.jpg,200,278,portrait,28343,RGB
264212_200w.jpg,200,278,portrait,29783,RGB
264213_200w.jpg,200,278,portrait,29298,RGB
264214_200w.jpg,200,278,portrait,26943,RGB
264215_200w.jpg,200,278,portrait,30123,RGB
264216_200w.jpg,200,278,portrait,24614,RGB
264217_200w.jpg,200,278,portrait,29913,RGB
264218_200w.jpg,200,278,portrait,28710,RGB
264219_200w.jpg,200,278,portrait,33622,RGB
264221_200w.jpg,200,278,portrait,26998,RGB
264222_200w.jpg,200,278,portrait,29024,RGB
264224_200w.jpg,200,278,portrait,31536,RGB
264225_200w.jpg,200,278,portrait,31149,RGB
264226_200w.jpg,200,278,portrait,30076,RGB
264227_200w.jpg,200,278,portrait,32907,RGB
264228_200w.jpg,200,278,portrait,23926,RGB
264229_200w.jpg,200,278,portrait,25107,RGB
264230_200w.jpg,200,278,portrait,28709,RGB
264231_200w.jpg,200,278,portrait,29768,RGB
264232_200w.jpg,200,278,portrait,17049,RGB
264234_200w.jpg,200,278,portrait,37292,RGB
264247_200w.jpg,200,278,portrait,18273,RGB
264248_200w.jpg,200,278,portrait,17315,RGB
264249_200w.jpg,200,278,portrait,17236,RGB
264250_200w.jpg,200,278,portrait,14082,RGB
264251_200w.jpg,200,278,portrait,17366,RGB
264252_200w.jpg,200,278,portrait,16639,RGB
264253_200w.jpg,200,278,portrait,17753,RGB
264254_200w.jpg,200,278,portrait,15164,RGB
264260_200w.jpg,200,142,landscape,8531,RGB
264261_200w.jpg,200,142,landscape,8546,RGB
264277_200w.jpg,200,278,portrait,25847,RGB
264278_200w.jpg,200,278,portrait,26026,RGB
264279_200w.jpg,200,278,portrait,24760,RGB
264280_200w.jpg,200,278,portrait,24013,RGB
264281_200w.jpg,200,278,portrait,24841,RGB
264282_200w.jpg,200,280,portrait,24095,RGB
264283_200w.jpg,200,280,portrait,20310,RGB
264284_200w.jpg,200,279,portrait,23924,RGB
264285_200w.jpg,200,282,portrait,23654,RGB
264312_200w.jpg,200,279,portrait,27204,RGB
264434_200w.jpg,200,279,portrait,23036,RGB
264551_200w.jpg,200,142,landscape,8228,RGB
264552_200w.jpg,200,142,landscape,8541,RGB
264553_200w.jpg,200,142,landscape,8511,RGB
264749_200w.jpg,200,142,landscape,8359,RGB
264750_200w.jpg,200,142,landscape,8504,RGB
264821_200w.jpg,200,278,portrait,23649,RGB
264822_200w.jpg,200,278,portrait,22228,RGB
264823_200w.jpg,200,278,portrait,26705,RGB
264824_200w.jpg,200,278,portrait,26854,RGB
264825_200w.jpg,200,278,portrait,23323,RGB
264837_200w.jpg,200,278,portrait,24977,RGB
264925_200w.jpg,200,280,portrait,10966,RGB
265234_200w.jpg,200,142,landscape,8736,RGB
265325_200w.jpg,200,280,portrait,25485,RGB
265707_200w.jpg,200,142,landscape,7710,RGB
265708_200w.jpg,200,142,landscape,8037,RGB
266406_200w.jpg,200,142,landscape,8334,RGB
266407_200w.jpg,200,142,landscape,8243,RGB
266408_200w.jpg,200,142,landscape,8691,RGB
266411_200w.jpg,200,142,landscape,8747,RGB
266412_200w.jpg,200,142,landscape,8661,RGB
266413_200w.jpg,200,142,landscape,9170,RGB
266414_200w.jpg,200,142,landscape,8927,RGB
266415_200w.jpg,200,142,landscape,8244,RGB
266416_200w.jpg,200,142,landscape,7872,RGB
266417_200w.jpg,200,142,landscape,8282,RGB
266418_200w.jpg,200,142,landscape,8336,RGB
266419_200w.jpg,200,142,landscape,8417,RGB
266420_200w.jpg,200,142,landscape,8377,RGB
266421_200w.jpg,200,142,landscape,8157,RGB
266422_200w.jpg,200,142,landscape,8189,RGB
266423_200w.jpg,200,142,landscape,7847,RGB
266424_200w.jpg,200,142,landscape,8176,RGB
266425_200w.jpg,200,142,landscape,8425,RGB
266426_200w.jpg,200,142,landscape,8522,RGB
266427_200w.jpg,200,142,landscape,7835,RGB
266428_200w.jpg,200,142,landscape,8243,RGB
266429_200w.jpg,200,142,landscape,8653,RGB
266430_200w.jpg,200,142,landscape,8603,RGB
266431_200w.jpg,200,142,landscape,8249,RGB
266432_200w.jpg,200,142,landscape,8370,RGB
266433_200w.jpg,200,142,landscape,8771,RGB
266434_200w.jpg,200,142,landscape,8760,RGB
266435_200w.jpg,200,142,landscape,8916,RGB
266436_200w.jpg,200,142,landscape,8899,RGB
266437_200w.jpg,200,142,landscape,8238,RGB
266438_200w.jpg,200,142,landscape,8316,RGB
266439_200w.jpg,200,142,landscape,8350,RGB
266440_200w.jpg,200,142,landscape,8346,RGB
266441_200w.jpg,200,142,landscape,8251,RGB
266442_200w.jpg,200,142,landscape,8413,RGB
266443_200w.jpg,200,142,landscape,8707,RGB
266445_200w.jpg,200,142,landscape,8654,RGB
266446_200w.jpg,200,142,landscape,8543,RGB
266455_200w.jpg,200,142,landscape,8586,RGB
266457_200w.jpg,200,142,landscape,8668,RGB
266459_200w.jpg,200,142,landscape,8739,RGB
266460_200w.jpg,200,142,landscape,9002,RGB
266461_200w.jpg,200,142,landscape,9014,RGB
266462_200w.jpg,200,142,landscape,8148,RGB
266463_200w.jpg,200,142,landscape,8449,RGB
266464_200w.jpg,200,142,landscape,8317,RGB
266465_200w.jpg,200,142,landscape,8167,RGB
266466_200w.jpg,200,142,landscape,8505,RGB
266467_200w.jpg,200,142,landscape,8235,RGB
266468_200w.jpg,200,142,landscape,8489,RGB
266470_200w.jpg,200,142,landscape,8498,RGB
266471_200w.jpg,200,142,landscape,8497,RGB
266472_200w.jpg,200,142,landscape,8203,RGB
266473_200w.jpg,200,142,landscape,8070,RGB
266474_200w.jpg,200,142,landscape,8426,RGB
266475_200w.jpg,200,142,landscape,8446,RGB
266476_200w.jpg,200,142,landscape,8618,RGB
266477_200w.jpg,200,142,landscape,8539,RGB
266478_200w.jpg,200,142,landscape,8765,RGB
266479_200w.jpg,200,142,landscape,9158,RGB
266480_200w.jpg,200,142,landscape,8375,RGB
266481_200w.jpg,200,142,landscape,8589,RGB
266482_200w.jpg,200,142,landscape,8591,RGB
266483_200w.jpg,200,142,landscape,8301,RGB
266484_200w.jpg,200,142,landscape,8824,RGB
266485_200w.jpg,200,142,landscape,8655,RGB
266486_200w.jpg,200,142,landscape,8658,RGB
266487_200w.jpg,200,142,landscape,8652,RGB
266488_200w.jpg,200,142,landscape,7882,RGB
266489_200w.jpg,200,142,landscape,8191,RGB
266490_200w.jpg,200,142,landscape,8507,RGB
266491_200w.jpg,200,142,landscape,8567,RGB
266492_200w.jpg,200,142,landscape,8421,RGB
266493_200w.jpg,200,142,landscape,8406,RGB
266494_200w.jpg,200,142,landscape,8068,RGB
266495_200w.jpg,200,142,landscape,8035,RGB
266496_200w.jpg,200,142,landscape,8374,RGB
266497_200w.jpg,200,142,landscape,8606,RGB
266499_200w.jpg,200,142,landscape,8441,RGB
266500_200w.jpg,200,142,landscape,8294,RGB
266501_200w.jpg,200,142,landscape,8576,RGB
266502_200w.jpg,200,142,landscape,8581,RGB
266503_200w.jpg,200,142,landscape,8742,RGB
266504_200w.jpg,200,142,landscape,8717,RGB
266505_200w.jpg,200,142,landscape,7837,RGB
266506_200w.jpg,200,142,landscape,7694,RGB
266507_200w.jpg,200,142,landscape,8187,RGB
266512_200w.jpg,200,142,landscape,8089,RGB
266513_200w.jpg,200,142,landscape,8159,RGB
266515_200w.jpg,200,142,landscape,8394,RGB
266516_200w.jpg,200,142,landscape,7865,RGB
266517_200w.jpg,200,142,landscape,8307,RGB
266518_200w.jpg,200,142,landscape,8649,RGB
266519_200w.jpg,200,142,landscape,8639,RGB
266520_200w.jpg,200,142,landscape,7878,RGB
266521_200w.jpg,200,142,landscape,8610,RGB
266522_200w.jpg,200,142,landscape,8230,RGB
266523_200w.jpg,200,142,landscape,7886,RGB
266524_200w.jpg,200,142,landscape,8600,RGB
266525_200w.jpg,200,142,landscape,8574,RGB
266526_200w.jpg,200,142,landscape,8498,RGB
266530_200w.jpg,200,142,landscape,8232,RGB
266531_200w.jpg,200,142,landscape,8600,RGB
266532_200w.jpg,200,142,landscape,8061,RGB
266533_200w.jpg,200,142,landscape,8228,RGB
266534_200w.jpg,200,142,landscape,8180,RGB
266535_200w.jpg,200,142,landscape,7894,RGB
266536_200w.jpg,200,142,landscape,8165,RGB
266537_200w.jpg,200,142,landscape,8241,RGB
266538_200w.jpg,200,142,landscape,8503,RGB
266539_200w.jpg,200,142,landscape,8444,RGB
266540_200w.jpg,200,142,landscape,8535,RGB
266541_200w.jpg,200,142,landscape,8322,RGB
266542_200w.jpg,200,142,landscape,8263,RGB
266543_200w.jpg,200,142,landscape,8431,RGB
266544_200w.jpg,200,142,landscape,8032,RGB
266545_200w.jpg,200,142,landscape,8186,RGB
266546_200w.jpg,200,142,landscape,8524,RGB
266547_200w.jpg,200,142,landscape,8520,RGB
266548_200w.jpg,200,142,landscape,8676,RGB
266549_200w.jpg,200,142,landscape,8672,RGB
266550_200w.jpg,200,142,landscape,8188,RGB
266551_200w.jpg,200,142,landscape,8196,RGB
266552_200w.jpg,200,142,landscape,8200,RGB
266553_200w.jpg,200,142,landscape,8170,RGB
266559_200w.jpg,200,142,landscape,9169,RGB
266560_200w.jpg,200,142,landscape,8516,RGB
266564_200w.jpg,200,142,landscape,8514,RGB
266565_200w.jpg,200,142,landscape,8875,RGB
266566_200w.jpg,200,142,landscape,8798,RGB
266567_200w.jpg,200,142,landscape,8637,RGB
266568_200w.jpg,200,142,landscape,8371,RGB
266569_200w.jpg,200,142,landscape,8880,RGB
266570_200w.jpg,200,142,landscape,8753,RGB
266571_200w.jpg,200,142,landscape,8239,RGB
266572_200w.jpg,200,142,landscape,8580,RGB
266573_200w.jpg,200,142,landscape,8637,RGB
266574_200w.jpg,200,142,landscape,8678,RGB
266575_200w.jpg,200,142,landscape,8317,RGB
266576_200w.jpg,200,142,landscape,8823,RGB
266577_200w.jpg,200,142,landscape,8600,RGB
266578_200w.jpg,200,142,landscape,8613,RGB
266580_200w.jpg,200,142,landscape,8614,RGB
266581_200w.jpg,200,142,landscape,8598,RGB
266582_200w.jpg,200,142,landscape,8510,RGB
266583_200w.jpg,200,142,landscape,8316,RGB
266584_200w.jpg,200,142,landscape,8569,RGB
266585_200w.jpg,200,142,landscape,8640,RGB
266586_200w.jpg,200,142,landscape,8583,RGB
266587_200w.jpg,200,142,landscape,8666,RGB
266588_200w.jpg,200,142,landscape,8841,RGB
266589_200w.jpg,200,142,landscape,8901,RGB
266590_200w.jpg,200,142,landscape,8265,RGB
266616_200w.jpg,200,280,portrait,24593,RGB
266627_200w.jpg,200,280,portrait,24853,RGB
266913_200w.jpg,200,279,portrait,24535,RGB
266914_200w.jpg,200,279,portrait,23125,RGB
266915_200w.jpg,200,279,portrait,23036,RGB
267016_200w.jpg,200,279,portrait,22445,RGB
267727_200w.jpg,200,143,landscape,8253,RGB
267728_200w.jpg,200,143,landscape,8021,RGB
267732_200w.jpg,200,143,landscape,8703,RGB
267733_200w.jpg,200,143,landscape,8150,RGB
267734_200w.jpg,200,143,landscape,8498,RGB
267735_200w.jpg,200,143,landscape,8515,RGB
267742_200w.jpg,200,143,landscape,7925,RGB
267744_200w.jpg,200,143,landscape,8732,RGB
267745_200w.jpg,200,143,landscape,8896,RGB
267746_200w.jpg,200,143,landscape,8772,RGB
267747_200w.jpg,200,143,landscape,8073,RGB
267748_200w.jpg,200,143,landscape,8064,RGB
267749_200w.jpg,200,143,landscape,8120,RGB
267750_200w.jpg,200,143,landscape,8326,RGB
267752_200w.jpg,200,143,landscape,8437,RGB
267753_200w.jpg,200,143,landscape,8071,RGB
267754_200w.jpg,200,143,landscape,7925,RGB
267755_200w.jpg,200,143,landscape,8008,RGB
267756_200w.jpg,200,143,landscape,7978,RGB
267757_200w.jpg,200,143,landscape,7930,RGB
267758_200w.jpg,200,143,landscape,7888,RGB
267759_200w.jpg,200,143,landscape,7656,RGB
267760_200w.jpg,200,142,landscape,9024,RGB
267761_200w.jpg,200,143,landscape,8006,RGB
267762_200w.jpg,200,143,landscape,7987,RGB
267763_200w.jpg,200,143,landscape,8066,RGB
267764_200w.jpg,200,142,landscape,8750,RGB
267992_200w.jpg,200,280,portrait,24907,RGB
268071_200w.jpg,200,142,landscape,8040,RGB
268077_200w.jpg,200,280,portrait,22699,RGB
268078_200w.jpg,200,278,portrait,23063,RGB
268079_200w.jpg,200,280,portrait,22944,RGB
268080_200w.jpg,200,278,portrait,22017,RGB
268081_200w.jpg,200,278,portrait,20499,RGB
268082_200w.jpg,200,278,portrait,20421,RGB
268083_200w.jpg,200,282,portrait,25276,RGB
268084_200w.jpg,200,279,portrait,24472,RGB
268085_200w.jpg,200,278,portrait,24778,RGB
268092_200w.jpg,200,278,portrait,19669,RGB
268094_200w.jpg,200,278,portrait,15430,RGB
268095_200w.jpg,200,279,portrait,15203,RGB
268096_200w.jpg,200,278,portrait,15171,RGB
268097_200w.jpg,200,278,portrait,15248,RGB
268099_200w.jpg,200,277,portrait,15053,RGB
268100_200w.jpg,200,278,portrait,15339,RGB
268101_200w.jpg,200,278,portrait,15491,RGB
268102_200w.jpg,200,278,portrait,15529,RGB
268103_200w.jpg,200,278,portrait,15611,RGB
268104_200w.jpg,200,278,portrait,15719,RGB
268105_200w.jpg,200,278,portrait,15473,RGB
268106_200w.jpg,200,278,portrait,15602,RGB
268107_200w.jpg,200,278,portrait,15324,RGB
268108_200w.jpg,200,278,portrait,15371,RGB
268109_200w.jpg,200,278,portrait,16145,RGB
268110_200w.jpg,200,278,portrait,15810,RGB
268111_200w.jpg,200,279,portrait,19880,RGB
268112_200w.jpg,200,278,portrait,19788,RGB
268113_200w.jpg,200,278,portrait,19720,RGB
268114_200w.jpg,200,278,portrait,19932,RGB
268115_200w.jpg,200,278,portrait,18757,RGB
268116_200w.jpg,200,278,portrait,18939,RGB
268117_200w.jpg,200,279,portrait,19029,RGB
268118_200w.jpg,200,279,portrait,17275,RGB
268123_200w.jpg,200,280,portrait,27784,RGB
268124_200w.jpg,200,279,portrait,31493,RGB
268126_200w.jpg,200,280,portrait,28765,RGB
268127_200w.jpg,200,279,portrait,28691,RGB
268131_200w.jpg,200,280,portrait,23972,RGB
268147_200w.jpg,200,280,portrait,24492,RGB
268148_200w.jpg,200,278,portrait,24576,RGB
268149_200w.jpg,200,277,portrait,24685,RGB
268150_200w.jpg,200,282,portrait,22499,RGB
268151_200w.jpg,200,278,portrait,22567,RGB
268152_200w.jpg,200,278,portrait,20589,RGB
268153_200w.jpg,200,278,portrait,20807,RGB
268154_200w.jpg,200,278,portrait,16234,RGB
268155_200w.jpg,200,278,portrait,22095,RGB
268156_200w.jpg,200,277,portrait,21923,RGB
268158_200w.jpg,200,278,portrait,22211,RGB
268159_200w.jpg,200,278,portrait,20408,RGB
268160_200w.jpg,200,279,portrait,19379,RGB
268161_200w.jpg,200,279,portrait,24700,RGB
268162_200w.jpg,200,278,portrait,23470,RGB
268163_200w.jpg,200,279,portrait,23893,RGB
268164_200w.jpg,200,278,portrait,27171,RGB
268166_200w.jpg,200,277,portrait,21653,RGB
268167_200w.jpg,200,282,portrait,22081,RGB
268168_200w.jpg,200,278,portrait,21575,RGB
268169_200w.jpg,200,277,portrait,20224,RGB
268170_200w.jpg,200,280,portrait,19855,RGB
268171_200w.jpg,200,279,portrait,20166,RGB
268172_200w.jpg,200,280,portrait,20276,RGB
268173_200w.jpg,200,280,portrait,21956,RGB
268174_200w.jpg,200,278,portrait,21677,RGB
268175_200w.jpg,200,279,portrait,20909,RGB
268176_200w.jpg,200,278,portrait,20508,RGB
268177_200w.jpg,200,280,portrait,20770,RGB
268178_200w.jpg,200,278,portrait,19980,RGB
268179_200w.jpg,200,280,portrait,19955,RGB
268180_200w.jpg,200,279,portrait,19836,RGB
268181_200w.jpg,200,279,portrait,18780,RGB
268182_200w.jpg,200,278,portrait,19157,RGB
268183_200w.jpg,200,280,portrait,19874,RGB
268184_200w.jpg,200,278,portrait,19719,RGB
268186_200w.jpg,200,278,portrait,19946,RGB
268188_200w.jpg,200,278,portrait,12382,RGB
268189_200w.jpg,200,278,portrait,12513,RGB
268190_200w.jpg,200,279,portrait,12820,RGB
268191_200w.jpg,200,278,portrait,12715,RGB
268192_200w.jpg,200,278,portrait,12744,RGB
268193_200w.jpg,200,280,portrait,12857,RGB
268194_200w.jpg,200,280,portrait,12869,RGB
268195_200w.jpg,200,278,portrait,12470,RGB
268196_200w.jpg,200,279,portrait,12876,RGB
268197_200w.jpg,200,278,portrait,12781,RGB
268199_200w.jpg,200,278,portrait,12868,RGB
268200_200w.jpg,200,279,portrait,12786,RGB
268201_200w.jpg,200,278,portrait,12281,RGB
268202_200w.jpg,200,280,portrait,12850,RGB
268203_200w.jpg,200,280,portrait,12519,RGB
268205_200w.jpg,200,279,portrait,13031,RGB
268207_200w.jpg,200,278,portrait,22972,RGB
268208_200w.jpg,200,279,portrait,23299,RGB
268209_200w.jpg,200,280,portrait,23095,RGB
268210_200w.jpg,200,280,portrait,22060,RGB
268211_200w.jpg,200,278,portrait,21783,RGB
268212_200w.jpg,200,278,portrait,23740,RGB
268213_200w.jpg,200,279,portrait,26488,RGB
268217_200w.jpg,200,279,portrait,16745,RGB
268218_200w.jpg,200,278,portrait,16621,RGB
268220_200w.jpg,200,278,portrait,22609,RGB
268221_200w.jpg,200,280,portrait,23266,RGB
268222_200w.jpg,200,267,portrait,21820,RGB
268225_200w.jpg,200,279,portrait,20608,RGB
268226_200w.jpg,200,278,portrait,20585,RGB
268227_200w.jpg,200,278,portrait,20391,RGB
268228_200w.jpg,200,278,portrait,20505,RGB
268229_200w.jpg,200,278,portrait,22749,RGB
268230_200w.jpg,200,279,portrait,20712,RGB
268231_200w.jpg,200,278,portrait,21094,RGB
268232_200w.jpg,200,278,portrait,21093,RGB
268233_200w.jpg,200,278,portrait,21369,RGB
268234_200w.jpg,200,279,portrait,23024,RGB
268235_200w.jpg,200,279,portrait,22886,RGB
268236_200w.jpg,200,280,portrait,22041,RGB
268237_200w.jpg,200,280,portrait,23734,RGB
268238_200w.jpg,200,279,portrait,26259,RGB
268239_200w.jpg,200,279,portrait,23853,RGB
268240_200w.jpg,200,278,portrait,23911,RGB
268241_200w.jpg,200,278,portrait,25250,RGB
268242_200w.jpg,200,278,portrait,25650,RGB
268243_200w.jpg,200,278,portrait,25413,RGB
268244_200w.jpg,200,278,portrait,23665,RGB
268245_200w.jpg,200,277,portrait,23834,RGB
268246_200w.jpg,200,278,portrait,21107,RGB
268247_200w.jpg,200,278,portrait,20195,RGB
268248_200w.jpg,200,278,portrait,19500,RGB
268250_200w.jpg,200,278,portrait,20255,RGB
268252_200w.jpg,200,278,portrait,22349,RGB
268253_200w.jpg,200,277,portrait,21565,RGB
268255_200w.jpg,200,278,portrait,19978,RGB
268256_200w.jpg,200,278,portrait,14267,RGB
268258_200w.jpg,200,279,portrait,27995,RGB
268260_200w.jpg,200,279,portrait,29152,RGB
268261_200w.jpg,200,280,portrait,25095,RGB
268262_200w.jpg,200,280,portrait,26169,RGB
268303_200w.jpg,200,279,portrait,25681,RGB
268304_200w.jpg,200,278,portrait,28054,RGB
268305_200w.jpg,200,279,portrait,28604,RGB
268306_200w.jpg,200,278,portrait,27926,RGB
268444_200w.jpg,200,278,portrait,26125,RGB
268445_200w.jpg,200,278,portrait,23220,RGB
268446_200w.jpg,200,278,portrait,28957,RGB
268447_200w.jpg,200,278,portrait,23902,RGB
268449_200w.jpg,200,279,portrait,30487,RGB
268450_200w.jpg,200,278,portrait,29905,RGB
268705_200w.jpg,200,278,portrait,19418,RGB
268706_200w.jpg,200,278,portrait,22300,RGB
268707_200w.jpg,200,278,portrait,24100,RGB
268708_200w.jpg,200,278,portrait,24700,RGB
268709_200w.jpg,200,278,portrait,24064,RGB
268710_200w.jpg,200,278,portrait,25639,RGB
268711_200w.jpg,200,278,portrait,29123,RGB
268712_200w.jpg,200,278,portrait,27188,RGB
268754_200w.jpg,200,142,landscape,9014,RGB
268992_200w.jpg,200,142,landscape,8261,RGB
270096_200w.jpg,200,279,portrait,23236,RGB
270098_200w.jpg,200,279,portrait,24703,RGB
270101_200w.jpg,200,279,portrait,25350,RGB
270105_200w.jpg,200,279,portrait,20161,RGB
270463_200w.jpg,200,279,portrait,20903,RGB
270468_200w.jpg,200,278,portrait,26839,RGB
270473_200w.jpg,200,143,landscape,7574,RGB
270475_200w.jpg,200,279,portrait,23827,RGB
270479_200w.jpg,200,286,portrait,24279,RGB
270666_200w.jpg,200,142,landscape,8175,RGB
270667_200w.jpg,200,142,landscape,8188,RGB
270668_200w.jpg,200,142,landscape,8188,RGB
270672_200w.jpg,200,142,landscape,8310,RGB
270718_200w.jpg,200,279,portrait,26393,RGB
270719_200w.jpg,200,280,portrait,26390,RGB
270720_200w.jpg,200,280,portrait,24346,RGB
270721_200w.jpg,200,280,portrait,24025,RGB
270722_200w.jpg,200,280,portrait,23612,RGB
270723_200w.jpg,200,279,portrait,27264,RGB
270724_200w.jpg,200,278,portrait,25777,RGB
270852_200w.jpg,200,143,landscape,8018,RGB
270853_200w.jpg,200,143,landscape,8028,RGB
270854_200w.jpg,200,143,landscape,8077,RGB
270856_200w.jpg,200,143,landscape,8157,RGB
270857_200w.jpg,200,143,landscape,8183,RGB
270859_200w.jpg,200,143,landscape,8141,RGB
270861_200w.jpg,200,143,landscape,8196,RGB
270863_200w.jpg,200,143,landscape,7948,RGB
270864_200w.jpg,200,143,landscape,8110,RGB
270865_200w.jpg,200,143,landscape,7967,RGB
270866_200w.jpg,200,143,landscape,8253,RGB
270867_200w.jpg,200,142,landscape,8557,RGB
270868_200w.jpg,200,143,landscape,8370,RGB
270870_200w.jpg,200,142,landscape,8466,RGB
270871_200w.jpg,200,143,landscape,7938,RGB
270872_200w.jpg,200,143,landscape,8108,RGB
270873_200w.jpg,200,143,landscape,8367,RGB
270874_200w.jpg,200,143,landscape,8124,RGB
270875_200w.jpg,200,142,landscape,8632,RGB
271514_200w.jpg,200,143,landscape,8715,RGB
271515_200w.jpg,200,143,landscape,7930,RGB
271517_200w.jpg,200,143,landscape,8711,RGB
271518_200w.jpg,200,143,landscape,8548,RGB
271519_200w.jpg,200,143,landscape,8533,RGB
271520_200w.jpg,200,143,landscape,8450,RGB
271521_200w.jpg,200,143,landscape,7895,RGB
271523_200w.jpg,200,143,landscape,7906,RGB
271847_200w.jpg,200,143,landscape,7663,RGB
272094_200w.jpg,200,143,landscape,8010,RGB
272201_200w.jpg,200,278,portrait,26782,RGB
272202_200w.jpg,200,278,portrait,24090,RGB
272203_200w.jpg,200,278,portrait,23056,RGB
272204_200w.jpg,200,278,portrait,21288,RGB
272205_200w.jpg,200,278,portrait,20283,RGB
272206_200w.jpg,200,278,portrait,18796,RGB
272207_200w.jpg,200,278,portrait,21627,RGB
272208_200w.jpg,200,278,portrait,22674,RGB
272209_200w.jpg,200,278,portrait,20186,RGB
272210_200w.jpg,200,278,portrait,23414,RGB
272211_200w.jpg,200,278,portrait,20367,RGB
272212_200w.jpg,200,278,portrait,23713,RGB
272213_200w.jpg,200,278,portrait,22353,RGB
272214_200w.jpg,200,278,portrait,22483,RGB
272215_200w.jpg,200,278,portrait,22348,RGB
272216_200w.jpg,200,278,portrait,23299,RGB
272217_200w.jpg,200,278,portrait,26242,RGB
272218_200w.jpg,200,278,portrait,28540,RGB
272219_200w.jpg,200,278,portrait,21038,RGB
272220_200w.jpg,200,278,portrait,21293,RGB
272221_200w.jpg,200,278,portrait,21309,RGB
272222_200w.jpg,200,278,portrait,23366,RGB
272223_200w.jpg,200,278,portrait,21002,RGB
272224_200w.jpg,200,278,portrait,21210,RGB
272226_200w.jpg,200,278,portrait,30275,RGB
272227_200w.jpg,200,278,portrait,24966,RGB
272228_200w.jpg,200,278,portrait,23476,RGB
272229_200w.jpg,200,278,portrait,24788,RGB
272230_200w.jpg,200,278,portrait,25746,RGB
272231_200w.jpg,200,278,portrait,21021,RGB
272232_200w.jpg,200,278,portrait,22981,RGB
272233_200w.jpg,200,278,portrait,24712,RGB
272234_200w.jpg,200,278,portrait,22371,RGB
272235_200w.jpg,200,278,portrait,21788,RGB
272236_200w.jpg,200,278,portrait,27460,RGB
272237_200w.jpg,200,278,portrait,24402,RGB
272238_200w.jpg,200,278,portrait,24122,RGB
272239_200w.jpg,200,278,portrait,27056,RGB
272240_200w.jpg,200,278,portrait,27911,RGB
272241_200w.jpg,200,278,portrait,22499,RGB
272242_200w.jpg,200,278,portrait,24288,RGB
272243_200w.jpg,200,278,portrait,23421,RGB
272244_200w.jpg,200,278,portrait,26264,RGB
272245_200w.jpg,200,278,portrait,22092,RGB
272246_200w.jpg,200,278,portrait,25549,RGB
272247_200w.jpg,200,278,portrait,21122,RGB
272248_200w.jpg,200,278,portrait,24281,RGB
272249_200w.jpg,200,278,portrait,29409,RGB
272250_200w.jpg,200,278,portrait,31262,RGB
272252_200w.jpg,200,278,portrait,25121,RGB
272253_200w.jpg,200,278,portrait,23322,RGB
272255_200w.jpg,200,278,portrait,27155,RGB
272256_200w.jpg,200,278,portrait,20958,RGB
272257_200w.jpg,200,278,portrait,21838,RGB
272258_200w.jpg,200,278,portrait,20318,RGB
272259_200w.jpg,200,278,portrait,20964,RGB
272260_200w.jpg,200,278,portrait,22247,RGB
272261_200w.jpg,200,278,portrait,20783,RGB
272262_200w.jpg,200,278,portrait,21372,RGB
272263_200w.jpg,200,278,portrait,21606,RGB
272264_200w.jpg,200,278,portrait,20949,RGB
272265_200w.jpg,200,278,portrait,19536,RGB
272266_200w.jpg,200,278,portrait,19455,RGB
272267_200w.jpg,200,278,portrait,19590,RGB
272268_200w.jpg,200,278,portrait,19511,RGB
272269_200w.jpg,200,278,portrait,24289,RGB
272270_200w.jpg,200,278,portrait,22532,RGB
272271_200w.jpg,200,278,portrait,23684,RGB
272272_200w.jpg,200,278,portrait,23504,RGB
272273_200w.jpg,200,278,portrait,27723,RGB
272274_200w.jpg,200,278,portrait,30559,RGB
272275_200w.jpg,200,278,portrait,21915,RGB
272276_200w.jpg,200,278,portrait,24033,RGB
272277_200w.jpg,200,278,portrait,22522,RGB
272278_200w.jpg,200,278,portrait,23578,RGB
272279_200w.jpg,200,278,portrait,27584,RGB
272280_200w.jpg,200,278,portrait,21822,RGB
272281_200w.jpg,200,278,portrait,22494,RGB
272282_200w.jpg,200,278,portrait,24392,RGB
272283_200w.jpg,200,278,portrait,25779,RGB
272284_200w.jpg,200,278,portrait,29407,RGB
272285_200w.jpg,200,278,portrait,27725,RGB
272286_200w.jpg,200,278,portrait,23767,RGB
272287_200w.jpg,200,278,portrait,25034,RGB
272288_200w.jpg,200,278,portrait,27257,RGB
272289_200w.jpg,200,278,portrait,23218,RGB
272290_200w.jpg,200,278,portrait,22128,RGB
272291_200w.jpg,200,278,portrait,26558,RGB
272292_200w.jpg,200,278,portrait,25740,RGB
272293_200w.jpg,200,278,portrait,23376,RGB
272294_200w.jpg,200,278,portrait,24346,RGB
272295_200w.jpg,200,278,portrait,26925,RGB
272296_200w.jpg,200,278,portrait,26347,RGB
272297_200w.jpg,200,278,portrait,24576,RGB
272299_200w.jpg,200,278,portrait,25657,RGB
272300_200w.jpg,200,278,portrait,26336,RGB
272301_200w.jpg,200,278,portrait,27018,RGB
272302_200w.jpg,200,278,portrait,28541,RGB
272303_200w.jpg,200,278,portrait,28568,RGB
272304_200w.jpg,200,278,portrait,21349,RGB
272305_200w.jpg,200,278,portrait,26246,RGB
272306_200w.jpg,200,278,portrait,22337,RGB
272307_200w.jpg,200,278,portrait,22825,RGB
272310_200w.jpg,200,278,portrait,26642,RGB
272324_200w.jpg,200,278,portrait,23163,RGB
272325_200w.jpg,200,278,portrait,24433,RGB
272332_200w.jpg,200,278,portrait,20940,RGB
272337_200w.jpg,200,278,portrait,27432,RGB
272338_200w.jpg,200,278,portrait,26273,RGB
272339_200w.jpg,200,278,portrait,27823,RGB
272343_200w.jpg,200,278,portrait,24571,RGB
272345_200w.jpg,200,278,portrait,24389,RGB
272346_200w.jpg,200,278,portrait,26302,RGB
272349_200w.jpg,200,278,portrait,24156,RGB
272353_200w.jpg,200,278,portrait,23256,RGB
272355_200w.jpg,200,278,portrait,22539,RGB
272356_200w.jpg,200,278,portrait,22382,RGB
272359_200w.jpg,200,278,portrait,21777,RGB
272360_200w.jpg,200,278,portrait,22056,RGB
272361_200w.jpg,200,278,portrait,22070,RGB
272362_200w.jpg,200,278,portrait,21870,RGB
272363_200w.jpg,200,278,portrait,22360,RGB
272364_200w.jpg,200,278,portrait,19594,RGB
272367_200w.jpg,200,278,portrait,23004,RGB
272370_200w.jpg,200,278,portrait,21260,RGB
272371_200w.jpg,200,278,portrait,25549,RGB
272372_200w.jpg,200,278,portrait,18921,RGB
272373_200w.jpg,200,278,portrait,23437,RGB
272375_200w.jpg,200,278,portrait,26425,RGB
272377_200w.jpg,200,278,portrait,25445,RGB
272387_200w.jpg,200,278,portrait,20985,RGB
272388_200w.jpg,200,278,portrait,17857,RGB
272389_200w.jpg,200,278,portrait,20004,RGB
272390_200w.jpg,200,278,portrait,19423,RGB
272391_200w.jpg,200,278,portrait,17573,RGB
272392_200w.jpg,200,278,portrait,20277,RGB
272393_200w.jpg,200,278,portrait,18140,RGB
272396_200w.jpg,200,278,portrait,22378,RGB
272397_200w.jpg,200,278,portrait,21318,RGB
272398_200w.jpg,200,278,portrait,21681,RGB
272399_200w.jpg,200,278,portrait,20679,RGB
272400_200w.jpg,200,278,portrait,19710,RGB
272401_200w.jpg,200,278,portrait,18482,RGB
272402_200w.jpg,200,278,portrait,20040,RGB
272403_200w.jpg,200,278,portrait,20314,RGB
272404_200w.jpg,200,278,portrait,21035,RGB
272405_200w.jpg,200,278,portrait,18585,RGB
272406_200w.jpg,200,278,portrait,19572,RGB
272407_200w.jpg,200,278,portrait,19947,RGB
272408_200w.jpg,200,278,portrait,20057,RGB
272409_200w.jpg,200,278,portrait,20077,RGB
272410_200w.jpg,200,278,portrait,20211,RGB
272411_200w.jpg,200,278,portrait,19470,RGB
272412_200w.jpg,200,278,portrait,27355,RGB
272413_200w.jpg,200,278,portrait,29504,RGB
272414_200w.jpg,200,278,portrait,27936,RGB
272415_200w.jpg,200,278,portrait,26195,RGB
272416_200w.jpg,200,278,portrait,26394,RGB
272417_200w.jpg,200,278,portrait,28377,RGB
272418_200w.jpg,200,278,portrait,27995,RGB
272419_200w.jpg,200,278,portrait,29813,RGB
272420_200w.jpg,200,278,portrait,27552,RGB
272421_200w.jpg,200,278,portrait,26866,RGB
272422_200w.jpg,200,278,portrait,32277,RGB
272423_200w.jpg,200,278,portrait,29954,RGB
272424_200w.jpg,200,278,portrait,27164,RGB
272425_200w.jpg,200,278,portrait,25388,RGB
272426_200w.jpg,200,278,portrait,32046,RGB
272427_200w.jpg,200,278,portrait,23751,RGB
272428_200w.jpg,200,278,portrait,28955,RGB
272429_200w.jpg,200,278,portrait,28403,RGB
272430_200w.jpg,200,278,portrait,29034,RGB
272431_200w.jpg,200,278,portrait,25333,RGB
272432_200w.jpg,200,278,portrait,22899,RGB
272434_200w.jpg,200,278,portrait,25972,RGB
272435_200w.jpg,200,278,portrait,24950,RGB
272436_200w.jpg,200,278,portrait,27248,RGB
272437_200w.jpg,200,278,portrait,21614,RGB
272438_200w.jpg,200,278,portrait,25008,RGB
272439_200w.jpg,200,278,portrait,24401,RGB
272444_200w.jpg,200,278,portrait,26609,RGB
272445_200w.jpg,200,278,portrait,25360,RGB
272446_200w.jpg,200,278,portrait,27559,RGB
272447_200w.jpg,200,278,portrait,25287,RGB
272448_200w.jpg,200,278,portrait,26492,RGB
272450_200w.jpg,200,278,portrait,26362,RGB
272451_200w.jpg,200,278,portrait,26986,RGB
272452_200w.jpg,200,278,portrait,26928,RGB
272453_200w.jpg,200,278,portrait,20249,RGB
272454_200w.jpg,200,278,portrait,16961,RGB
272455_200w.jpg,200,278,portrait,17515,RGB
272457_200w.jpg,200,278,portrait,20581,RGB
272458_200w.jpg,200,278,portrait,20612,RGB
272459_200w.jpg,200,278,portrait,19771,RGB
272460_200w.jpg,200,278,portrait,18360,RGB
272462_200w.jpg,200,278,portrait,18519,RGB
272463_200w.jpg,200,278,portrait,29125,RGB
272464_200w.jpg,200,278,portrait,30780,RGB
272465_200w.jpg,200,278,portrait,31582,RGB
272466_200w.jpg,200,278,portrait,23444,RGB
272468_200w.jpg,200,278,portrait,26732,RGB
272469_200w.jpg,200,278,portrait,24955,RGB
272470_200w.jpg,200,278,portrait,24283,RGB
272471_200w.jpg,200,278,portrait,21052,RGB
272473_200w.jpg,200,278,portrait,26029,RGB
272474_200w.jpg,200,278,portrait,29278,RGB
272475_200w.jpg,200,278,portrait,23995,RGB
272476_200w.jpg,200,278,portrait,26785,RGB
272477_200w.jpg,200,278,portrait,28972,RGB
272478_200w.jpg,200,278,portrait,30383,RGB
272479_200w.jpg,200,278,portrait,28224,RGB
272480_200w.jpg,200,278,portrait,27934,RGB
272481_200w.jpg,200,278,portrait,30041,RGB
272482_200w.jpg,200,278,portrait,28279,RGB
272483_200w.jpg,200,278,portrait,21199,RGB
272484_200w.jpg,200,278,portrait,34578,RGB
272485_200w.jpg,200,278,portrait,22799,RGB
272487_200w.jpg,200,278,portrait,25642,RGB
272489_200w.jpg,200,278,portrait,30019,RGB
272491_200w.jpg,200,278,portrait,30875,RGB
272492_200w.jpg,200,278,portrait,28516,RGB
272493_200w.jpg,200,278,portrait,27769,RGB
272494_200w.jpg,200,278,portrait,31541,RGB
272495_200w.jpg,200,278,portrait,27041,RGB
272496_200w.jpg,200,278,portrait,25613,RGB
272497_200w.jpg,200,278,portrait,28112,RGB
272498_200w.jpg,200,278,portrait,25887,RGB
272499_200w.jpg,200,278,portrait,26000,RGB
272500_200w.jpg,200,278,portrait,28719,RGB
272501_200w.jpg,200,278,portrait,32189,RGB
272502_200w.jpg,200,278,portrait,32461,RGB
272510_200w.jpg,200,275,portrait,21514,RGB
272511_200w.jpg,200,278,portrait,23054,RGB
272708_200w.jpg,200,278,portrait,23087,RGB
272709_200w.jpg,200,278,portrait,25473,RGB
272710_200w.jpg,200,278,portrait,29190,RGB
273154_200w.jpg,200,278,portrait,26103,RGB
273155_200w.jpg,200,278,portrait,22645,RGB
273156_200w.jpg,200,278,portrait,26805,RGB
273158_200w.jpg,200,278,portrait,23963,RGB
273445_200w.jpg,200,143,landscape,7926,RGB
273446_200w.jpg,200,143,landscape,8016,RGB
273447_200w.jpg,200,143,landscape,8522,RGB
273448_200w.jpg,200,143,landscape,8361,RGB
273449_200w.jpg,200,143,landscape,8325,RGB
273450_200w.jpg,200,143,landscape,8695,RGB
273451_200w.jpg,200,143,landscape,8676,RGB
273452_200w.jpg,200,143,landscape,8700,RGB
273583_200w.jpg,200,278,portrait,24364,RGB
273585_200w.jpg,200,278,portrait,22653,RGB
273588_200w.jpg,200,278,portrait,21576,RGB
273590_200w.jpg,200,278,portrait,19536,RGB
273901_200w.jpg,200,281,portrait,22847,RGB
273938_200w.jpg,200,278,portrait,28731,RGB
273939_200w.jpg,200,278,portrait,29496,RGB
274093_200w.jpg,200,280,portrait,22771,RGB
274095_200w.jpg,200,278,portrait,25018,RGB
274096_200w.jpg,200,280,portrait,26439,RGB
274097_200w.jpg,200,280,portrait,25428,RGB
274098_200w.jpg,200,279,portrait,28277,RGB
274102_200w.jpg,200,279,portrait,24941,RGB
274358_200w.jpg,200,279,portrait,22395,RGB
274359_200w.jpg,200,279,portrait,25186,RGB
274360_200w.jpg,200,279,portrait,26759,RGB
274361_200w.jpg,200,279,portrait,21948,RGB
274362_200w.jpg,200,279,portrait,26748,RGB
274412_200w.jpg,200,274,portrait,25248,RGB
274414_200w.jpg,200,278,portrait,28820,RGB
274433_200w.jpg,200,279,portrait,20802,RGB
274434_200w.jpg,200,279,portrait,21754,RGB
274435_200w.jpg,200,279,portrait,23976,RGB
274436_200w.jpg,200,279,portrait,21879,RGB
274438_200w.jpg,200,279,portrait,22905,RGB
274439_200w.jpg,200,279,portrait,24911,RGB
274445_200w.jpg,200,279,portrait,21703,RGB
274451_200w.jpg,200,279,portrait,25311,RGB
274453_200w.jpg,200,279,portrait,26240,RGB
274457_200w.jpg,200,279,portrait,21721,RGB
274459_200w.jpg,200,279,portrait,25104,RGB
274461_200w.jpg,200,279,portrait,19383,RGB
274465_200w.jpg,200,279,portrait,26068,RGB
274467_200w.jpg,200,279,portrait,25335,RGB
274468_200w.jpg,200,279,portrait,26391,RGB
274470_200w.jpg,200,279,portrait,25887,RGB
275057_200w.jpg,200,279,portrait,22887,RGB
275058_200w.jpg,200,279,portrait,21758,RGB
275059_200w.jpg,200,279,portrait,22422,RGB
275060_200w.jpg,200,279,portrait,24093,RGB
275061_200w.jpg,200,279,portrait,23815,RGB
275062_200w.jpg,200,279,portrait,24140,RGB
275063_200w.jpg,200,279,portrait,22016,RGB
275064_200w.jpg,200,279,portrait,23734,RGB
275065_200w.jpg,200,279,portrait,22601,RGB
275066_200w.jpg,200,279,portrait,23447,RGB
275067_200w.jpg,200,279,portrait,23147,RGB
275069_200w.jpg,200,279,portrait,21367,RGB
275118_200w.jpg,200,143,landscape,8506,RGB
275165_200w.jpg,200,276,portrait,29464,RGB
275166_200w.jpg,200,278,portrait,28843,RGB
275167_200w.jpg,200,278,portrait,25041,RGB
275828_200w.jpg,200,279,portrait,21105,RGB
275829_200w.jpg,200,279,portrait,21617,RGB
275830_200w.jpg,200,279,portrait,23694,RGB
275831_200w.jpg,200,143,landscape,8463,RGB
275832_200w.jpg,200,143,landscape,8481,RGB
275833_200w.jpg,200,143,landscape,8344,RGB
275843_200w.jpg,200,279,portrait,27402,RGB
275844_200w.jpg,200,279,portrait,26320,RGB
276050_200w.jpg,200,278,portrait,30511,RGB
276051_200w.jpg,200,278,portrait,28496,RGB
276363_200w.jpg,200,280,portrait,25327,RGB
276377_200w.jpg,200,277,portrait,20910,RGB
276387_200w.jpg,200,279,portrait,23197,RGB
276393_200w.jpg,200,278,portrait,22630,RGB
276701_200w.jpg,200,143,landscape,8793,RGB
276703_200w.jpg,200,285,portrait,16989,RGB
276931_200w.jpg,200,278,portrait,20938,RGB
276933_200w.jpg,200,278,portrait,20635,RGB
276943_200w.jpg,200,278,portrait,27652,RGB
276944_200w.jpg,200,278,portrait,23604,RGB
276945_200w.jpg,200,278,portrait,24027,RGB
276946_200w.jpg,200,278,portrait,19782,RGB
276947_200w.jpg,200,278,portrait,21091,RGB
276948_200w.jpg,200,278,portrait,23187,RGB
276949_200w.jpg,200,278,portrait,23209,RGB
276950_200w.jpg,200,278,portrait,25639,RGB
276951_200w.jpg,200,278,portrait,25489,RGB
276953_200w.jpg,200,278,portrait,23207,RGB
276954_200w.jpg,200,278,portrait,25280,RGB
276955_200w.jpg,200,278,portrait,25130,RGB
276959_200w.jpg,200,278,portrait,25676,RGB
276960_200w.jpg,200,278,portrait,27965,RGB
276962_200w.jpg,200,278,portrait,25926,RGB
276963_200w.jpg,200,278,portrait,25939,RGB
276964_200w.jpg,200,278,portrait,26003,RGB
276965_200w.jpg,200,278,portrait,20946,RGB
276966_200w.jpg,200,278,portrait,19614,RGB
276967_200w.jpg,200,278,portrait,22647,RGB
276969_200w.jpg,200,278,portrait,21884,RGB
276971_200w.jpg,200,278,portrait,21028,RGB
276972_200w.jpg,200,278,portrait,20174,RGB
276974_200w.jpg,200,278,portrait,21826,RGB
276975_200w.jpg,200,278,portrait,22265,RGB
276976_200w.jpg,200,278,portrait,22553,RGB
276978_200w.jpg,200,278,portrait,25375,RGB
276980_200w.jpg,200,278,portrait,26602,RGB
276982_200w.jpg,200,278,portrait,22039,RGB
276983_200w.jpg,200,278,portrait,24796,RGB
276984_200w.jpg,200,278,portrait,20313,RGB
276985_200w.jpg,200,278,portrait,21553,RGB
276988_200w.jpg,200,278,portrait,22882,RGB
276989_200w.jpg,200,278,portrait,21817,RGB
276990_200w.jpg,200,278,portrait,23790,RGB
276991_200w.jpg,200,278,portrait,20834,RGB
276992_200w.jpg,200,278,portrait,19509,RGB
276993_200w.jpg,200,278,portrait,21771,RGB
276994_200w.jpg,200,278,portrait,19007,RGB
276995_200w.jpg,200,278,portrait,20051,RGB
276996_200w.jpg,200,278,portrait,21389,RGB
276997_200w.jpg,200,278,portrait,22011,RGB
276998_200w.jpg,200,278,portrait,20830,RGB
276999_200w.jpg,200,278,portrait,27660,RGB
277000_200w.jpg,200,278,portrait,28230,RGB
277001_200w.jpg,200,278,portrait,28859,RGB
277002_200w.jpg,200,278,portrait,24697,RGB
277003_200w.jpg,200,278,portrait,24796,RGB
277004_200w.jpg,200,278,portrait,24163,RGB
277005_200w.jpg,200,278,portrait,26490,RGB
277006_200w.jpg,200,278,portrait,26785,RGB
277007_200w.jpg,200,278,portrait,28373,RGB
277008_200w.jpg,200,278,portrait,24434,RGB
277009_200w.jpg,200,278,portrait,25908,RGB
277011_200w.jpg,200,278,portrait,25738,RGB
277012_200w.jpg,200,278,portrait,24961,RGB
277013_200w.jpg,200,278,portrait,25548,RGB
277014_200w.jpg,200,278,portrait,24754,RGB
277015_200w.jpg,200,278,portrait,19022,RGB
277016_200w.jpg,200,278,portrait,25753,RGB
277017_200w.jpg,200,278,portrait,19469,RGB
277018_200w.jpg,200,278,portrait,21786,RGB
277019_200w.jpg,200,278,portrait,27396,RGB
277020_200w.jpg,200,278,portrait,20480,RGB
277023_200w.jpg,200,278,portrait,31293,RGB
277024_200w.jpg,200,278,portrait,27361,RGB
277025_200w.jpg,200,278,portrait,23328,RGB
277026_200w.jpg,200,278,portrait,23710,RGB
277027_200w.jpg,200,278,portrait,22832,RGB
277039_200w.jpg,200,278,portrait,8575,RGB
277040_200w.jpg,200,278,portrait,26954,RGB
277668_200w.jpg,200,143,landscape,8546,RGB
277669_200w.jpg,200,143,landscape,8558,RGB
277670_200w.jpg,200,143,landscape,7682,RGB
277671_200w.jpg,200,143,landscape,7956,RGB
277672_200w.jpg,200,143,landscape,9048,RGB
277673_200w.jpg,200,143,landscape,7950,RGB
277674_200w.jpg,200,143,landscape,7860,RGB
277675_200w.jpg,200,276,portrait,24502,RGB
277676_200w.jpg,200,274,portrait,27459,RGB
277678_200w.jpg,200,278,portrait,18810,RGB
277679_200w.jpg,200,279,portrait,26044,RGB
277680_200w.jpg,200,278,portrait,21398,RGB
277788_200w.jpg,200,279,portrait,27900,RGB
277791_200w.jpg,200,278,portrait,22448,RGB
277884_200w.jpg,200,143,landscape,7913,RGB
278667_200w.jpg,200,142,landscape,8552,RGB
278668_200w.jpg,200,143,landscape,8017,RGB
278670_200w.jpg,200,143,landscape,8124,RGB
278671_200w.jpg,200,143,landscape,7856,RGB
278672_200w.jpg,200,143,landscape,7850,RGB
278673_200w.jpg,200,143,landscape,7773,RGB
278675_200w.jpg,200,143,landscape,8020,RGB
278676_200w.jpg,200,143,landscape,8210,RGB
278678_200w.jpg,200,142,landscape,7925,RGB
278680_200w.jpg,200,143,landscape,8319,RGB
278684_200w.jpg,200,282,portrait,22628,RGB
278685_200w.jpg,200,276,portrait,14128,RGB
278686_200w.jpg,200,277,portrait,16430,RGB
278687_200w.jpg,200,280,portrait,22393,RGB
278705_200w.jpg,200,274,portrait,21171,RGB
278807_200w.jpg,200,143,landscape,8380,RGB
278808_200w.jpg,200,143,landscape,8228,RGB
278810_200w.jpg,200,143,landscape,8491,RGB
278811_200w.jpg,200,143,landscape,8504,RGB
278813_200w.jpg,200,143,landscape,8723,RGB
278814_200w.jpg,200,143,landscape,8696,RGB
279028_200w.jpg,200,279,portrait,28578,RGB
279155_200w.jpg,200,279,portrait,19659,RGB
279260_200w.jpg,200,143,landscape,8975,RGB
279261_200w.jpg,200,143,landscape,8912,RGB
279328_200w.jpg,200,280,portrait,21104,RGB
279329_200w.jpg,200,280,portrait,21410,RGB
279926_200w.jpg,200,142,landscape,8411,RGB
279929_200w.jpg,200,279,portrait,15911,RGB
