name,width,height,orientation,rotation_advice,bytes,mode,sha1
100503_200w.jpg,200,280,portrait,none,25626,RGB,bf05d831a343f8c5c09d89c42cc5110fdec5114c
100504_200w.jpg,200,276,portrait,none,25604,RGB,7f3dea527e5a5358f7d6803c8c1834662b342ac3
100505_200w.jpg,200,279,portrait,none,24178,RGB,a5639262c6ad087fb4b0605f84a4416fef56d573
100506_200w.jpg,200,279,portrait,none,23524,RGB,f4fe4c59794daee0e6fb99eaf294e978e3aaa4e3
100507_200w.jpg,200,279,portrait,none,22318,RGB,ca714d99554ffea27662d0a06f99009599b807d1
100508_200w.jpg,200,279,portrait,none,23737,RGB,d23fca56a8d9ce5e3119508ee88377d9d78ad01e
100509_200w.jpg,200,279,portrait,none,27160,RGB,acd2c30c2f8bcf0c41b16476a01675434590e3f0
100510_200w.jpg,200,279,portrait,none,27222,RGB,f1e7b9c4a444d5836a431fa007b5e000b2b8e260
100511_200w.jpg,200,279,portrait,none,29840,RGB,c2cd7fc22a7ce8f240e5af64bd7a8f8236788357
100512_200w.jpg,200,279,portrait,none,27354,RGB,097001b9a0a0104103daee317e955e3298ee1e6d
100513_200w.jpg,200,279,portrait,none,32551,RGB,32fefc08d9944814f04076dc226c65fc56f73868
100514_200w.jpg,200,279,portrait,none,21861,RGB,697fe6f2a7d7752da585fef139255a66a0b5a3b5
100515_200w.jpg,200,279,portrait,none,32153,RGB,8f60b7842760c550d1f37ce286ca7ebaf47374d5
100613_200w.jpg,200,279,portrait,none,19266,RGB,cb97cca084186cc7b030d9f9b391d6e329531f9d
100614_200w.jpg,200,279,portrait,none,19516,RGB,93b47a656bc6ec5675c63deecd678b37e60466fc
100615_200w.jpg,200,279,portrait,none,21993,RGB,324b69bf5de829ab06e1f2d8443543f3a42e7f54
100616_200w.jpg,200,279,portrait,none,23846,RGB,02fad4c1a1e46823c322916b95a0dc7b5834c3ad
100617_200w.jpg,200,279,portrait,none,27384,RGB,0ba99d87180cc23e813b07680b91c41ab1bb2f77
100618_200w.jpg,200,279,portrait,none,32885,RGB,52c79eb328053e44f37009f4fc6dec00dc397713
100619_200w.jpg,200,279,portrait,none,22442,RGB,89859716c763630dc4d93750ac18d5ff1b03d3df
100620_200w.jpg,200,279,portrait,none,24273,RGB,515de75572a97d195941981695891df8c6989b88
100621_200w.jpg,200,279,portrait,none,24175,RGB,bd63b06478a7fd34cf8695a66e8d95fe9e0676dd
100622_200w.jpg,200,279,portrait,none,25055,RGB,85a9498fafc81a06eeed2580508c783a75e5ddd8
100623_200w.jpg,200,279,portrait,none,30619,RGB,67bc9f30a696610fcdd04f70743040bf4bee968a
100624_200w.jpg,200,279,portrait,none,24927,RGB,ecff6b69b72dd2589baa9e40d1668f2031da2841
100625_200w.jpg,200,279,portrait,none,33214,RGB,7d1fa93c1dda4ca039be3bbf2d7d9c30510aeeb0
101434_200w.jpg,200,279,portrait,none,19063,RGB,bb1edcea1c7ef90eeb9b99996fab2378a1b5d821
101435_200w.jpg,200,279,portrait,none,23337,RGB,060cbc1c634b128956e7534ddf3a0c4c54256891
101436_200w.jpg,200,279,portrait,none,27946,RGB,c66abb4d5a38f0a0cf2ea4cda6910b5d2cbb272a
101437_200w.jpg,200,279,portrait,none,22252,RGB,fcab8aa5564d9af903c46eefa4a7da798eb43c82
101438_200w.jpg,200,279,portrait,none,19916,RGB,e4be5c9ea25fc9f128fb19496f05ba7479955bae
101439_200w.jpg,200,279,portrait,none,26064,RGB,976a6a484480121b94f93bcead5af5a2f96ed6fe
101440_200w.jpg,200,279,portrait,none,24260,RGB,c61a86370046a8a12f1dc0c77fbe08edc2adbefc
101441_200w.jpg,200,279,portrait,none,27596,RGB,3a8f3a5e7525f489b173fcbbc38895b16d8468a0
101442_200w.jpg,200,279,portrait,none,28802,RGB,ab0d6ed5d4ac1b19ca646d93d9627aebe14c078c
101443_200w.jpg,200,279,portrait,none,22178,RGB,ce7bf4e42d6815aa0ca1401b59e724fe4c6300b7
101444_200w.jpg,200,279,portrait,none,24729,RGB,b0c8f8ac7c8fc67ee7d12ab2d23056967e4cfda0
101445_200w.jpg,200,279,portrait,none,24250,RGB,0c3e05a9385dd3bf39c2c3f3d71d6d0fa2c07abf
101446_200w.jpg,200,279,portrait,none,30098,RGB,117526c58c239b95953d9dd7c1f5649a5d8c1edb
101447_200w.jpg,200,279,portrait,none,25900,RGB,e834deefb2b8ad7d0bf94c5914b3dff2ff0598e9
101448_200w.jpg,200,279,portrait,none,26829,RGB,1469c03fa1e065078fdd1cf469c4da598026114e
101449_200w.jpg,200,279,portrait,none,33189,RGB,2e33a273b5498f66d38bd8db5b0378c92cbd542b
101450_200w.jpg,200,279,portrait,none,24224,RGB,553171789b969383a3e57cb166150e443ad87a6f
101451_200w.jpg,200,279,portrait,none,22962,RGB,f3032476d1953705c6d418b67c0ffe4c06216ac8
101452_200w.jpg,200,279,portrait,none,18069,RGB,aec45512fe42a3cd118b245628ef2e91d56f67e3
101453_200w.jpg,200,279,portrait,none,23095,RGB,405b5beb3f89150ed2ef9a784185438200d74643
101454_200w.jpg,200,279,portrait,none,21180,RGB,010d62ff3e7de7371841b841237ddfdf1024d5f5
101455_200w.jpg,200,279,portrait,none,23650,RGB,bcb6d538f021ecb2a26ee4174cf09a30306e1b3f
101456_200w.jpg,200,279,portrait,none,22332,RGB,96f7fcb256567fc6d4f0071d97840ebb2d81579d
101457_200w.jpg,200,279,portrait,none,21706,RGB,dae0f37fabe69dce85bf36a5e37c7dbd85daed57
101458_200w.jpg,200,279,portrait,none,26920,RGB,c93aeafce33d9df4d82802fec8f0b4a163f4405f
101459_200w.jpg,200,279,portrait,none,28118,RGB,864e481abc4379e8b7e877fc8ce1a85b9b567466
101460_200w.jpg,200,279,portrait,none,19481,RGB,b6dd3f836beb34201bb7c9c00995df112ecff341
101461_200w.jpg,200,279,portrait,none,21399,RGB,fa509bdc490a4cd47ddcf61d81dac429a52c6e0d
101462_200w.jpg,200,279,portrait,none,22455,RGB,7bfbf156e624f81f30b6021765486476a495071f
101463_200w.jpg,200,279,portrait,none,23520,RGB,01ca4a5b01b2723c1c7d7702f1ec66061d3251d2
101464_200w.jpg,200,279,portrait,none,22843,RGB,85a295433be1b53bc4d4c939bde5dbec58dd955d
101465_200w.jpg,200,279,portrait,none,24035,RGB,6d2ae2af98f57ea781fb87588de45f1d5f9ee3ba
101466_200w.jpg,200,279,portrait,none,24170,RGB,3353d4dd1887f8759b39deed2d929d169b9ef197
101467_200w.jpg,200,279,portrait,none,22094,RGB,bc3b5ed86d7decfc12b6ecf7f8f6e0278ed0474d
101470_200w.jpg,200,279,portrait,none,25478,RGB,c4ed9397d0ca7b122fd472a6a0a8e284adc6bd0f
101471_200w.jpg,200,279,portrait,none,25213,RGB,4fb2c920840aec60640818d570c7fac75bac3fcc
101472_200w.jpg,200,279,portrait,none,26559,RGB,898025687928b27132d65c34ff1b2f8ffb98e6bc
101473_200w.jpg,200,279,portrait,none,24543,RGB,1e73aa89f0e5bad5583631fcf4377bb1b60ce67d
101474_200w.jpg,200,279,portrait,none,16651,RGB,949a49505ade31fe3893ac19d0742c3b960cd98c
101475_200w.jpg,200,279,portrait,none,21561,RGB,843875ceeb19ebc72da524b86da62a2752e36929
101476_200w.jpg,200,279,portrait,none,23385,RGB,b767585ddb77e4ff8ed992930effbc9b89707ffb
101477_200w.jpg,200,279,portrait,none,23385,RGB,274e1a8cd4f854e454e2794c26064e902ee10746
101478_200w.jpg,200,279,portrait,none,20833,RGB,d200d94157c63e4d34e25c19bacf754f3c248bf6
101479_200w.jpg,200,279,portrait,none,29494,RGB,7976856b656ec90162c915a1d3eff7693d7d17e0
101480_200w.jpg,200,279,portrait,none,20322,RGB,6598fff3b2d322c1efbdc107d56fccbc872bc4e2
101481_200w.jpg,200,279,portrait,none,22250,RGB,96bd0573a3e9a0809c8c5bb3c23c9e4d0aa51038
101482_200w.jpg,200,279,portrait,none,23733,RGB,72e2afec7c514c98046123d384b55966d6639c99
101483_200w.jpg,200,279,portrait,none,22636,RGB,3409da0078a6d171a9fc7f4b0d50386e6b3457e5
101484_200w.jpg,200,279,portrait,none,20876,RGB,1d1b478dd1c3e22bdbdb523d709e53c78af00b99
101485_200w.jpg,200,279,portrait,none,20676,RGB,79fe1c37e9aae7bc5288058e0aec70fb4d036740
101486_200w.jpg,200,279,portrait,none,23440,RGB,9fe3a66f23b008e68cfe0b26c64f3e3468162b13
101487_200w.jpg,200,279,portrait,none,20872,RGB,62500a32eead4532a9caaba78625fa39fc03c67e
101488_200w.jpg,200,279,portrait,none,23986,RGB,337bba6f6f1f4ff02d78e6189d1a735ca316d4ae
101489_200w.jpg,200,279,portrait,none,25116,RGB,5208d3504e173014143cc030db434b1c3a8ddf30
101490_200w.jpg,200,279,portrait,none,27178,RGB,8db0de0271254d1df39875e82be5176677896bf8
101491_200w.jpg,200,279,portrait,none,23211,RGB,90ba7ab54504728e08d25f8602d0d0a72ce35168
101492_200w.jpg,200,279,portrait,none,20398,RGB,aa2ac0f1d7c0ef0dca0b8d86ac7ea89dbd5aeb10
101493_200w.jpg,200,279,portrait,none,23459,RGB,951491cbf7669341c6d0c43c6c3f0fa7e35addf8
101494_200w.jpg,200,279,portrait,none,20289,RGB,3f389e194729adc79abf04e9b417ea27eabd79ae
101495_200w.jpg,200,279,portrait,none,18520,RGB,628ded6085d1f733a88ef80557e792e915e174b4
101496_200w.jpg,200,279,portrait,none,20940,RGB,f84feae731f7723b619fe648a69a9fb4268057ce
101497_200w.jpg,200,279,portrait,none,21406,RGB,d88bfe06a22dbeea141cc994c8ecb3992af51794
101498_200w.jpg,200,279,portrait,none,20641,RGB,48c70218ddaebdc7e00946c756ccedc0729bf09c
101499_200w.jpg,200,279,portrait,none,22953,RGB,aed58db7ce316b08d181665ce88e84f1dc51d7ec
101500_200w.jpg,200,279,portrait,none,18573,RGB,2b92fd7f2d45f9917a07eec5b487344b1a130f1f
101501_200w.jpg,200,279,portrait,none,19061,RGB,777dd9ae70f9d7fa83813d670a2d462a1ed00b64
101502_200w.jpg,200,279,portrait,none,23533,RGB,d2378e1ff13aafd6aeb6207efb6c68ce8cb55429
101503_200w.jpg,200,279,portrait,none,22861,RGB,35ff331d1f27646dc0db1854cbfb46221d219bfc
101504_200w.jpg,200,279,portrait,none,21406,RGB,dbdd5dbb1e686c2deb325fc6181f27ca93f34bd1
101505_200w.jpg,200,279,portrait,none,21354,RGB,487a406b793d142c50d618cbef8fc9f8c66c2d68
101506_200w.jpg,200,279,portrait,none,35205,RGB,7284857f9464e3e2f3bdc5d9663819e825e64e47
101507_200w.jpg,200,279,portrait,none,26919,RGB,c83fe9936a43933b4512b9084c2ad1cfaba06d1d
101508_200w.jpg,200,279,portrait,none,25710,RGB,149b20382f768be5bb37121bd9bdcea41c476910
101509_200w.jpg,200,279,portrait,none,24918,RGB,759ec4ffdb346d0f48847cc0ff4b1b0757e87a40
101510_200w.jpg,200,279,portrait,none,33180,RGB,84de5d622910e08849063fa299e385d34e4d0cd0
101511_200w.jpg,200,279,portrait,none,32295,RGB,5da3da3f8a9255c20651bb6c22e1b6ad543d514a
101512_200w.jpg,200,279,portrait,none,26071,RGB,0b2b6de01ab62e46b9c33144aa837f0d4925bd96
101513_200w.jpg,200,279,portrait,none,25086,RGB,bda39f4d46bd92e21c8eb3a90fa659486db9c0f2
101514_200w.jpg,200,279,portrait,none,35494,RGB,ab2e43d15910df86c1e09cc35544d3616bc31247
101515_200w.jpg,200,279,portrait,none,27438,RGB,26878b7d429c5733ca7566e97396532b2384586c
101516_200w.jpg,200,279,portrait,none,26922,RGB,b73e1f99890875f47ce93bf84889dc458e597840
101517_200w.jpg,200,279,portrait,none,23432,RGB,d397155397d436801c5bbfabc69108b5e744e31d
101518_200w.jpg,200,279,portrait,none,34456,RGB,9e650ba3fc75ddfd7b9873e6a853bfc9e457ff63
101519_200w.jpg,200,279,portrait,none,37612,RGB,4ac219e3dbf212b58c1f407a6296814747a75871
101520_200w.jpg,200,279,portrait,none,37249,RGB,721ff3d21cce0f7eced152435f8be15503bb0767
101521_200w.jpg,200,279,portrait,none,23072,RGB,cae9a0038c1ba9a5af3e4ab20a08ec9e5d266d99
101522_200w.jpg,200,279,portrait,none,22247,RGB,7764827e653f4a0fd9910c7328a8b2dc7d7a9bb7
102802_200w.jpg,200,279,portrait,none,28024,RGB,d70179ef8b0de930cd98b21db8c310231dd21520
102803_200w.jpg,200,278,portrait,none,28597,RGB,c90903e5395c4d52ee3b5e2fe8be7ab63b599dba
102804_200w.jpg,200,279,portrait,none,22866,RGB,81e0c369ecae1295d59db9ba1a5d8edf4780fa80
104053_200w.jpg,200,279,portrait,none,24818,RGB,86d417280f9ccb777afd3c199d9eeb59726990e8
106207_200w.jpg,200,284,portrait,none,33433,RGB,1bda1da6031dfdedabfdc3a3596b5e5177fcd06b
106357_200w.jpg,200,275,portrait,none,25554,RGB,89fcf46912d9435df4aec4d58078278081cf62a9
106358_200w.jpg,200,275,portrait,none,21160,RGB,3cb168de4a46628f829bd91e6874b13736a859b6
106359_200w.jpg,200,275,portrait,none,21085,RGB,2fd4de2cd4d763f1b0bf719e7d29aec308c1ee7f
106360_200w.jpg,200,275,portrait,none,19752,RGB,f58ff7bdbf25bf21dec13909390eb99107626781
106361_200w.jpg,200,275,portrait,none,19809,RGB,767e2adb47d6876e8a49d40a9cbf8a4509a579ed
106518_200w.jpg,200,274,portrait,none,25433,RGB,c4a7de889f88e3c0aaa576e7c78cea3290f223d1
106519_200w.jpg,200,274,portrait,none,20850,RGB,6dacefe61d39bda1ddd0b40f33a1c763100eedba
106520_200w.jpg,200,274,portrait,none,23349,RGB,0471bd50ac3981b10d473d79fc34e8dbeb0ab010
106521_200w.jpg,200,274,portrait,none,23157,RGB,c40e54a1156cdca92a52c24978c65c21717dea55
106522_200w.jpg,200,274,portrait,none,21085,RGB,b9d3893761742d6a5dde902fef8caa3b9b8913e6
106523_200w.jpg,200,274,portrait,none,22061,RGB,2e655fc567f35af0ee1577d2964338bd25dd1053
106524_200w.jpg,200,274,portrait,none,23821,RGB,ed84ade9b93c7f7e2a5f7381e61eecbb197a8ba0
106525_200w.jpg,200,274,portrait,none,23681,RGB,91b239f2adac7d9a205606ebf07a57d96ab3b993
106526_200w.jpg,200,274,portrait,none,24082,RGB,e385da047e464d54d4dcf05097d9ed81b3e1ddd3
106527_200w.jpg,200,274,portrait,none,22442,RGB,811124bd0de1e8a0210c9e4a64ede67262cd5167
106528_200w.jpg,200,274,portrait,none,28169,RGB,682f822259ffea59d0e57c7431c69389d8aa559a
106529_200w.jpg,200,274,portrait,none,23044,RGB,e0e9684bdcad96b356e520d9ae5ff032dbc75396
106530_200w.jpg,200,274,portrait,none,22362,RGB,e4495fd592ba880db4bfa8aa8de25ed0b26d8c17
106531_200w.jpg,200,274,portrait,none,23935,RGB,1eb466f0fd9c3b64508fb81b9350bbae2dd4c731
106532_200w.jpg,200,274,portrait,none,24285,RGB,0cf3023b8f454b7f55e426125163b6acaf5a99f1
106979_200w.jpg,200,274,portrait,none,22795,RGB,f533e3e45fa1ea0ef9acca67dd5f2ed0de68166e
106980_200w.jpg,200,274,portrait,none,21321,RGB,c9f2374a6acc7f181ae685371c8f6561f6208829
106981_200w.jpg,200,274,portrait,none,23384,RGB,64126e4a6a632f9cbdefb5d447195851f4d7b674
106982_200w.jpg,200,274,portrait,none,24928,RGB,63f6946c53bc3b83a8d5923f8052e9c70cfcfdf5
106983_200w.jpg,200,274,portrait,none,20456,RGB,038e4e2704a30f97685a4e7c1bfddb553b90808f
106984_200w.jpg,200,274,portrait,none,23666,RGB,80b9d793f3e8130ac35ef24bf378efca84664de4
106985_200w.jpg,200,274,portrait,none,23705,RGB,f6385639bc9fe06b2b4c8de488de518fbaa2e11b
106986_200w.jpg,200,274,portrait,none,23645,RGB,c5c70e5418fd96815ce844f715fb7354ccb9f92f
106987_200w.jpg,200,274,portrait,none,21620,RGB,2808cdf9825bd03a9e2efa3f646c2f860c45afee
106988_200w.jpg,200,274,portrait,none,22025,RGB,a787754973db16f25ea48836f72bee168d22928e
106989_200w.jpg,200,274,portrait,none,22005,RGB,6a84f9a9c106d6023593767a871640a235297036
106990_200w.jpg,200,274,portrait,none,25216,RGB,9e00a1d55890abbf3fa00cfdccda059b665c2a01
106991_200w.jpg,200,274,portrait,none,23799,RGB,61371bf2fc060cda59b5f8e83abd34ac9307ee32
106992_200w.jpg,200,274,portrait,none,24268,RGB,2db585c3704eb509d3619c6295d9b07e60a499a8
106993_200w.jpg,200,274,portrait,none,21112,RGB,b76ed039c95aae7635693b472f3dbd2414410777
106994_200w.jpg,200,274,portrait,none,20461,RGB,bf4a7e833c900f61bd0db4ce81ec798baf63fe5c
106996_200w.jpg,200,274,portrait,none,23946,RGB,a17c22749d07526a529766aa59f13fcec9ad8434
106997_200w.jpg,200,274,portrait,none,27065,RGB,9380a98a03385b96f33c4e0d738580da3fa94a3b
106998_200w.jpg,200,274,portrait,none,23250,RGB,dd1d4b77e9c258333f83d25ea63edbf5f5e62372
106999_200w.jpg,200,274,portrait,none,24506,RGB,b3f5d181d05b986863575850ce512ae5769feb73
107000_200w.jpg,200,274,portrait,none,25436,RGB,ec23b4d6c53aab5e61bdc884fe64af870edac221
107001_200w.jpg,200,274,portrait,none,23061,RGB,ff8594f8db7aac7907e6f7ec7faf2f5faf0d4dcf
107002_200w.jpg,200,274,portrait,none,21160,RGB,afacc5d293f3b10294c872d7981cfe8f186b2b9a
107003_200w.jpg,200,274,portrait,none,23805,RGB,2b06f91c83ff4faf1e8d8d13035b14f68921ff3b
107004_200w.jpg,200,279,portrait,none,16522,RGB,8a72954105943eceb07284e16ebe579bda052617
107005_200w.jpg,200,274,portrait,none,22749,RGB,a45b451f7e1b37d43e345c2487c1c4bd37e4858d
107006_200w.jpg,200,274,portrait,none,25512,RGB,bdd87125728f895befb2c16129a50a622f4a85df
107007_200w.jpg,200,274,portrait,none,25536,RGB,571716df17a04fe9dea16704c30dbc346b7df330
107008_200w.jpg,200,274,portrait,none,24489,RGB,081c4f5f77f643c54abcc2a50259518fc81fb1f1
107009_200w.jpg,200,274,portrait,none,25567,RGB,b4c7587bf6480df09938b5077fded40e481ccbef
107010_200w.jpg,200,274,portrait,none,23426,RGB,85fae943a46e11ff3b846918ee59ba6d05eeebb2
107011_200w.jpg,200,274,portrait,none,23616,RGB,4ea0f7bc35929016fe555e4f7385a808c69526d2
107012_200w.jpg,200,274,portrait,none,26484,RGB,b2274df8a76c48121e00df925991900fae7f93a6
107013_200w.jpg,200,274,portrait,none,23496,RGB,1befb808be24f027c498ca0959881153fa800139
107014_200w.jpg,200,274,portrait,none,21109,RGB,1ac94e7911987af988e056096415d4d53339fb96
107015_200w.jpg,200,274,portrait,none,24545,RGB,1cb403ab30c781bde456fe282a744ebc8733356a
107016_200w.jpg,200,274,portrait,none,23413,RGB,b3a1c031226ba9438f753e7dcc6a574010b4b813
107017_200w.jpg,200,274,portrait,none,22555,RGB,64339ae55b690fe457621b280b48057eef07ca00
107018_200w.jpg,200,274,portrait,none,24893,RGB,997a521e227ca9de8690bbd43104e1cd13a3d726
107021_200w.jpg,200,274,portrait,none,22774,RGB,bc2f93e83ed9a00cf8231ceaa3ddb28eaba9ae72
107022_200w.jpg,200,274,portrait,none,24007,RGB,5cc383082db2d76f9060b7a48aed810c77801277
107023_200w.jpg,200,274,portrait,none,18685,RGB,d6abda276203cd226ac011458968002f5080c2a8
107024_200w.jpg,200,274,portrait,none,21686,RGB,b4bb58d2035c737eb2a04dde0e7343c81d2f9532
107025_200w.jpg,200,274,portrait,none,20961,RGB,a52ebe4d3841be28085159d481ac32938a7a736c
107026_200w.jpg,200,274,portrait,none,20494,RGB,338cc4f18c6bb4f8c9f3245dfe0f9aa1625d5727
107027_200w.jpg,200,274,portrait,none,23379,RGB,405efb1926c3c177e4ef10b8ca768fd9b260e22d
107028_200w.jpg,200,274,portrait,none,23745,RGB,f27f81c9e53d7b44aa437f82d05947dc9bc07af7
107029_200w.jpg,200,274,portrait,none,23798,RGB,76979ec658e884061edbc7d5cdb17e95cd1a0863
107030_200w.jpg,200,274,portrait,none,23452,RGB,25f3d039f81235c9f38353ad94cbc3a231ab6bfb
107031_200w.jpg,200,274,portrait,none,25091,RGB,069f790133c933509460e28ff8e3f9d078938071
107032_200w.jpg,200,274,portrait,none,24364,RGB,96bdc01a89e95f2828a93ff174972d9c6239514a
107033_200w.jpg,200,274,portrait,none,23446,RGB,cd1c8221a2e6df613ec1e46aac64f686b95e86c5
107034_200w.jpg,200,274,portrait,none,23433,RGB,940e430785842b1c82ba409fe41f87a2db7f0759
107035_200w.jpg,200,274,portrait,none,25534,RGB,2cb8c9a24a759b2a2e140bf7380c4bee9fbcbe1e
107036_200w.jpg,200,274,portrait,none,20920,RGB,9e1d8911f204653b5007bbf79ecbf7e1bb248e52
107037_200w.jpg,200,274,portrait,none,23749,RGB,0692818779cf7e11d7e4283ad7e7cf9dfe52488a
107038_200w.jpg,200,274,portrait,none,20996,RGB,8a25b0a5cdcad7a57ae98a57f0654999d949286a
107039_200w.jpg,200,274,portrait,none,24322,RGB,6a65653197789a821bffab83996abde0d7655e1e
107040_200w.jpg,200,274,portrait,none,21260,RGB,83382a130b7d0d537f1fe62f75206f620e86b3e2
107041_200w.jpg,200,274,portrait,none,22706,RGB,448d4c6527a080331b633f7396e4b72bc6afb7a0
107042_200w.jpg,200,274,portrait,none,21528,RGB,d941b723506e456f3b08038c6e05b9b0ccd0c71d
107043_200w.jpg,200,274,portrait,none,22040,RGB,ff4436cc2bb2cec77a859f98e46bc5f4e385b5ed
107044_200w.jpg,200,274,portrait,none,19717,RGB,6feaae6a14c481881ca4c5e7739226d8bde65cb2
107045_200w.jpg,200,274,portrait,none,20022,RGB,121b5508b7f5746af6b1c3210bd12439f4cb30bc
107046_200w.jpg,200,274,portrait,none,22321,RGB,0446307a14d9ab344be69f7e04bf9c24e50bce4e
107047_200w.jpg,200,274,portrait,none,20054,RGB,790515fe643e9df6936a462902199ed1533708cd
107048_200w.jpg,200,274,portrait,none,21116,RGB,4f0325cec4d51ee115b47acaaf2eaa8965ae4cee
107049_200w.jpg,200,274,portrait,none,18955,RGB,b407aaa31729f7195823e436a43ae56a96faefc9
107050_200w.jpg,200,274,portrait,none,21351,RGB,73b909e85b41ca0f0fb419d5e22e944702b27ab1
107051_200w.jpg,200,274,portrait,none,24108,RGB,8f769fa695b5d8b55263b2854966b6bcf963278a
107052_200w.jpg,200,274,portrait,none,20515,RGB,d880f2d453eedaf74b65984693c8ac311f888eb1
107053_200w.jpg,200,274,portrait,none,23805,RGB,4b8944d659a2f525742c28b26730415bd47cbe46
107054_200w.jpg,200,274,portrait,none,21617,RGB,c6da4ed24774eb855e4a0cf8646d7b20637ccc6e
107055_200w.jpg,200,274,portrait,none,21691,RGB,b0105f7da7a39c8aca2276b83be1609f5821b5d4
107056_200w.jpg,200,274,portrait,none,22764,RGB,44642981db42559a9b80cf02154abfa1a8e7be75
107057_200w.jpg,200,274,portrait,none,20792,RGB,7e0ef0791c4496c7f59de75f16b1a91f97a59194
107058_200w.jpg,200,274,portrait,none,19495,RGB,7ad82a7226764718513459b80843f2bcd732e78c
107059_200w.jpg,200,274,portrait,none,21975,RGB,e38dfcdad3e8fdef97a45bae4653975d25fe4cb1
107060_200w.jpg,200,274,portrait,none,23629,RGB,ece2dd3bbc4561ace482d2b797e9eb1a1c2a782d
107061_200w.jpg,200,274,portrait,none,22884,RGB,f7c0d62e0ee831b403cb3c1c897c6f0ce096b991
107062_200w.jpg,200,274,portrait,none,18961,RGB,f12712679210eb45ea8529c4527708550e16d37d
107063_200w.jpg,200,274,portrait,none,24905,RGB,b91480718a233b3d26cac32b4bac5b0613ce6827
107064_200w.jpg,200,274,portrait,none,19279,RGB,50e35e98286f2111ac538777aa33009f475a759b
107065_200w.jpg,200,274,portrait,none,21526,RGB,294151898cfd353e5d785fbd61d2ca2ce5f40039
107066_200w.jpg,200,274,portrait,none,23125,RGB,caab95bf20eff38a85edbe12f5a004bece93161f
107067_200w.jpg,200,274,portrait,none,21986,RGB,fbd8319943f65e3d190d9d5a8c48250a1205ff3f
107068_200w.jpg,200,274,portrait,none,20655,RGB,a0c8c718b4efde90b554210177a479ce80ac0740
107069_200w.jpg,200,274,portrait,none,19856,RGB,cb516de4dcb917f747f17be73c7c25a661870d17
107070_200w.jpg,200,274,portrait,none,19364,RGB,a6b21fe700e551306a8ed36cebbd04bcbda5f82e
107071_200w.jpg,200,274,portrait,none,18968,RGB,a7a510152427022dda1c171ad20f0fccce2c0e20
107072_200w.jpg,200,274,portrait,none,18187,RGB,18eb12a19a5315c624583f68f316af8de43a1730
107073_200w.jpg,200,274,portrait,none,21626,RGB,0c8473c5b35be7eef128985ee43f21e647bd75f0
107074_200w.jpg,200,274,portrait,none,20497,RGB,927fcbe6cd109cdacd8b61985b4514b137ee5e71
107075_200w.jpg,200,274,portrait,none,18859,RGB,73da44c4db978f997985f0bb2c6b74b0faa32f4f
107076_200w.jpg,200,274,portrait,none,21714,RGB,5b54d526c73b80bc5374b48e8c7423c1b64f87ea
107077_200w.jpg,200,274,portrait,none,20596,RGB,70befb15c86d58a5bf34b93fd48f4f4c88f8bca0
107078_200w.jpg,200,274,portrait,none,17636,RGB,9a120f7721afbf6eb092c21c2876278413812c47
107079_200w.jpg,200,274,portrait,none,16575,RGB,acd74595926657ac2cf6e3c76e0f8807117f8d21
107080_200w.jpg,200,274,portrait,none,17317,RGB,50d79506fa3cefe559d607412a6b7aa0cb715396
107081_200w.jpg,200,274,portrait,none,19494,RGB,16f03d652aa018dc677f3b4fcbdeaa29e1a9b94b
107082_200w.jpg,200,274,portrait,none,21651,RGB,1c0ef310ad72e4a56ee9c86d2f7ecc2cc95955e2
107083_200w.jpg,200,274,portrait,none,19385,RGB,21337d3d4e4099cc10dbcebff815d6992b4f8273
107084_200w.jpg,200,274,portrait,none,18907,RGB,6af4dc3a207a41073ad721b5f8f827328ad4eefb
107085_200w.jpg,200,274,portrait,none,18045,RGB,552a3b4bdf98bec243880f2a880244d5b598e2f0
107086_200w.jpg,200,274,portrait,none,20437,RGB,7fcd3a2275e2b989f9ac28e4e50efc667454ac98
107087_200w.jpg,200,274,portrait,none,18901,RGB,ef8f35a71563f878ad4103ce765c7a52160d74e9
107088_200w.jpg,200,274,portrait,none,18527,RGB,52a5e1bf4b3819efc0a73d865872018ddf3b51d8
107089_200w.jpg,200,274,portrait,none,17137,RGB,e958c395edbb83c386e5d5b2403aa6025e29d04c
107090_200w.jpg,200,274,portrait,none,18775,RGB,a0a7489034354816ef48a0d40289052381387912
107091_200w.jpg,200,274,portrait,none,15930,RGB,7440d74862b480ec6bf09ac58f5f02baf3a1eb07
107092_200w.jpg,200,274,portrait,none,17611,RGB,41ed4c61a3b5ac908175205fe7f4756b6afc5fc5
107093_200w.jpg,200,274,portrait,none,15826,RGB,3e26b53ecbaa57123791df053891d7e8f3ab2b9b
107094_200w.jpg,200,274,portrait,none,15697,RGB,2af86f9d1f8f79bc786b6c4e07e53dde4fec55bc
107095_200w.jpg,200,274,portrait,none,15098,RGB,f4dfe8e8e85f02f16f4970db36ebd9c30e4cfb19
107096_200w.jpg,200,274,portrait,none,15463,RGB,034e1578a4a4c86b0fa9e32a17a242504ffb7279
107097_200w.jpg,200,274,portrait,none,12942,RGB,92f021c4ccd31e1a9714530079ae970cf460e6f7
107098_200w.jpg,200,274,portrait,none,14755,RGB,775d5e5c94c56790b81a59f3f8fb51031ba651b2
107099_200w.jpg,200,274,portrait,none,16533,RGB,232ca9d35429ebb400e7031a4c4404836d5bd073
107120_200w.jpg,200,277,portrait,none,20491,RGB,55c4d4202a1263d38cf53bf97b961ae7805d50c4
107121_200w.jpg,200,277,portrait,none,21862,RGB,bce9097d8df715e0c8dadd42f782d34e5ab828dc
107122_200w.jpg,200,279,portrait,none,22538,RGB,efe918f7fe525bff3b2ec06ee1df62536e49a352
107123_200w.jpg,200,275,portrait,none,20190,RGB,9c280fb4da6d13b96187caecd3297b3788f0f287
107124_200w.jpg,200,276,portrait,none,20189,RGB,3ad88444668364abf603846ad7f7f08445100c23
107125_200w.jpg,200,278,portrait,none,21783,RGB,f30a5f65b3a4eaf9f8b5840590fb21e3bbc3675f
107126_200w.jpg,220,307,portrait,none,24781,RGB,1ec732ad09d294c3b23cd406f62e2addfabb3e1f
107127_200w.jpg,200,278,portrait,none,22465,RGB,f5399bfdda77b2dcfba216cfd54baba7ae20aa82
107128_200w.jpg,200,278,portrait,none,21640,RGB,38f237f62a64f9b3661303d2ef3e9c9abbc1cd2c
107129_200w.jpg,200,278,portrait,none,20349,RGB,210f280cb14f85c578a4deaa8b6f19e53aae133a
107130_200w.jpg,200,278,portrait,none,23479,RGB,c99bd07223bf3b044c0c73bb6e121c0f801e7c79
107131_200w.jpg,200,144,landscape,rotate_90_or_270,16096,RGB,b26093539a86675d4f386b2f147ad36e44d656a3
107132_200w.jpg,200,279,portrait,none,21273,RGB,f82a70973d38c4d490387c64018d873b9ab2e26e
107133_200w.jpg,200,277,portrait,none,21964,RGB,9cd4ccbd9c9e6e5a8d9752ab464ed3f646cf78e1
107134_200w.jpg,200,279,portrait,none,24691,RGB,8ff0ddebb2f3073347f6573fbb6ee4aca989efb4
107135_200w.jpg,200,278,portrait,none,22420,RGB,f992626941728a7a5f260f86d258654de9d3905d
107136_200w.jpg,200,277,portrait,none,22442,RGB,9401fe307461d8cb906f935beffb134301e973d4
107137_200w.jpg,200,276,portrait,none,21907,RGB,746ffde4f76d69e2aca292859810d4fd95c18b92
107138_200w.jpg,200,278,portrait,none,21971,RGB,0d83c863439cee80a524e769903c951971fd1f44
107139_200w.jpg,200,277,portrait,none,23775,RGB,5f248163647581164b266ff182d55840f74d2a6d
107140_200w.jpg,200,278,portrait,none,24682,RGB,5fc2538e09839719042a47526aaa60c0de16ab9d
107141_200w.jpg,200,278,portrait,none,30199,RGB,41203c620a5c35e9ad44f3707e5c48d4c57c7f50
107142_200w.jpg,200,278,portrait,none,19521,RGB,9fbb38a32ef2f4c64bda3d16c8b5c45d7da8da51
107143_200w.jpg,200,278,portrait,none,23619,RGB,441489d861586250eabeafabaf4cc28105788d78
107144_200w.jpg,200,277,portrait,none,21844,RGB,f24660aa43de0434a231e346f780dc21e8d24088
107145_200w.jpg,200,277,portrait,none,20556,RGB,a7346aeb82efa585392c52fc84d2e60548f68760
107146_200w.jpg,200,278,portrait,none,21756,RGB,b93bb21ad931df018c83e0004dc9e67243b6f65e
107147_200w.jpg,200,277,portrait,none,24147,RGB,c3ab5806ead9befbe1db6485057c363827aeb773
107148_200w.jpg,200,278,portrait,none,23377,RGB,6614ef14f009767ac9aab21a1f5725790c78b2a1
107149_200w.jpg,200,277,portrait,none,22063,RGB,ff9b5d9ba385d8a7d078697a7259c58b581eb024
107150_200w.jpg,200,276,portrait,none,19761,RGB,3f2e9bb112292192805f5192bb550029560023a3
107151_200w.jpg,200,277,portrait,none,19027,RGB,7693fd22997c7bf3b48ec7195162c085196a4ea6
107152_200w.jpg,220,307,portrait,none,26845,RGB,b129d97a1fcea2d2ef7d6ab14a3d573eb23ad752
107153_200w.jpg,200,278,portrait,none,25004,RGB,a8a9c23fbc6b8e93ea8d0c61f32e52939b1d4db4
107154_200w.jpg,200,278,portrait,none,31546,RGB,17f8666b815ee35090fdb60c9270cab5af724b59
107155_200w.jpg,200,278,portrait,none,21799,RGB,492dc8fec3f6e923c4584a92ebc0b303ac146075
107156_200w.jpg,200,280,portrait,none,22359,RGB,3fa6250d64d84feca466587156482cd029ab3131
107157_200w.jpg,200,277,portrait,none,23314,RGB,c36d1ea377331ea27b29418d799ef72c4a839590
107158_200w.jpg,200,279,portrait,none,26324,RGB,fde211378eab29217a0b57eadc628754d5532176
107159_200w.jpg,200,278,portrait,none,22501,RGB,d1bd87f9f8f63824bd265a10fd6b40d1cde33974
107160_200w.jpg,200,278,portrait,none,23043,RGB,4552a0a6ea581b75d0bd1ae9a649e5ab47712fdf
107161_200w.jpg,200,279,portrait,none,23962,RGB,b4c079a58efe41ec5dc3b43596b6f8de1c080023
107162_200w.jpg,200,278,portrait,none,20448,RGB,c14af3b60a273fdf1ca75c4731adcc5a9c05c44a
107163_200w.jpg,200,278,portrait,none,24421,RGB,67ae736e9efc802134da16d9655111db72e607ed
107164_200w.jpg,200,279,portrait,none,23756,RGB,d74400cba383610c63b8653b64d1b9d367cc946b
107165_200w.jpg,200,277,portrait,none,22309,RGB,3925355b936e945e68c213f616e7138c2109a79f
107166_200w.jpg,200,278,portrait,none,22984,RGB,3209f0396da6accab737843a5a4fee3bca3b7507
107167_200w.jpg,200,279,portrait,none,21832,RGB,e1cc8ea50ef1104f9335ad63d8b5dab748ce3bb9
107168_200w.jpg,200,277,portrait,none,24446,RGB,b81292ea8a066fc04214d65e38bcc80f376c4af5
107169_200w.jpg,200,144,landscape,rotate_90_or_270,15531,RGB,202a2d265f84900baf19ca8f1eec18d931142fd5
107170_200w.jpg,200,278,portrait,none,23163,RGB,b7f53a41bf5ef6202ee468f189da7f6e41914550
107171_200w.jpg,200,278,portrait,none,23591,RGB,1c6ab1748df95f1713806fb1575cde874a24e07f
107172_200w.jpg,200,279,portrait,none,25293,RGB,d0522b517d289f0e89a8e5c223e5dc8c58e93e92
107173_200w.jpg,200,278,portrait,none,25244,RGB,a4eb31c8f9394afff1767a28ae2b90f122d7e92d
107174_200w.jpg,200,279,portrait,none,25139,RGB,8ced9eee7ca4d1f4fa61577c13d463736e73be84
107175_200w.jpg,200,278,portrait,none,24078,RGB,1a83dc01c11b69702e163d37cc994ef2b1129453
107176_200w.jpg,200,279,portrait,none,22562,RGB,c26a94e8f40d7e8adab4fff8905a91f3f9512dbc
107177_200w.jpg,200,277,portrait,none,21210,RGB,abc1313853e0bcaa5d1b8809be84d58af4f90426
107178_200w.jpg,200,279,portrait,none,22752,RGB,aae17d93cf31aeccd428fceede7584699d496d87
107179_200w.jpg,200,278,portrait,none,23382,RGB,8c0cedf1c1b094ffb1a98e893fad8abe2e9dc4f5
107180_200w.jpg,200,279,portrait,none,26635,RGB,1608481e278be22f6e4236e09dcbf678eb329ccb
107181_200w.jpg,200,280,portrait,none,30455,RGB,7b53bc963964a6254ad4638999f59f8185716174
107182_200w.jpg,200,279,portrait,none,30666,RGB,a5cfbc2d6417c91e32d8bb7bc4ec062d1b10feaf
107183_200w.jpg,200,281,portrait,none,31522,RGB,4c3d4630481be91674cf40c0e3b5cce2bf7ef665
107184_200w.jpg,200,279,portrait,none,18987,RGB,8d5497040a761ea9cad8ba97a9ebc916067175d0
107185_200w.jpg,200,277,portrait,none,22388,RGB,886ddf16742231a669d7277b7ea33f72ee938280
107186_200w.jpg,200,277,portrait,none,21228,RGB,3ba8518a8ed6247025dae0251a990e31a4c9b16d
107187_200w.jpg,200,278,portrait,none,20061,RGB,f2f2b3c4f6440f9120713273ae4fb674000fa117
107188_200w.jpg,200,278,portrait,none,23363,RGB,f2589a0063821428902f362bc5cccceac391a86e
107189_200w.jpg,200,279,portrait,none,21356,RGB,9b721731639a2fa13856921b463ad29641b49270
107190_200w.jpg,200,277,portrait,none,18965,RGB,4df7f210c2893891e5024738923f1541e78c9a8f
107191_200w.jpg,200,278,portrait,none,22195,RGB,81d800dba0e1e9e957284c773c0a11447590017e
107192_200w.jpg,200,278,portrait,none,19258,RGB,d76e9e5cf32c6870f116854774d94802a8429b81
107193_200w.jpg,200,279,portrait,none,23023,RGB,ec343dc78249c704de7bb112bb4267913fc46fef
107194_200w.jpg,200,277,portrait,none,25141,RGB,dc8235013d3ef923c30793b98729a00af2414f76
107195_200w.jpg,200,277,portrait,none,22832,RGB,4936559537bb3b36b856dd8bb79682a7b0d69a29
107196_200w.jpg,200,278,portrait,none,21436,RGB,1dac9076aeb20de001ceb75158113c27b58d5f3b
107197_200w.jpg,200,277,portrait,none,22472,RGB,31d520aa0c1a287f875a86832386f3bccc83f2bc
107198_200w.jpg,200,144,landscape,rotate_90_or_270,15120,RGB,2775500b12f69e293e125ab75cfdf807819735e7
107199_200w.jpg,200,278,portrait,none,17976,RGB,e09261218b677d463836a0ccc85e1ac95a8df45c
107200_200w.jpg,200,277,portrait,none,22625,RGB,e984efbb4d1823febba3c7e1c1c055048d53e226
107201_200w.jpg,200,278,portrait,none,25080,RGB,fedf57d2cd89b9a0b5212452cee9fbd2db380e39
107202_200w.jpg,200,278,portrait,none,21198,RGB,e7cfdd70eb389279cd0cd3dc2cae787b15a6689e
107203_200w.jpg,200,278,portrait,none,23751,RGB,32ce1d75fd42d67c4a768e16f5211a85e38497ec
107204_200w.jpg,200,280,portrait,none,23467,RGB,e1df2ce548b81e49a41433a73c75c86b1865e0fa
107205_200w.jpg,200,279,portrait,none,22652,RGB,8e86d88f2c1bf1dd4af2cd6272f6302192aedb63
107206_200w.jpg,200,277,portrait,none,20764,RGB,c75f50f9593bd493f14ed063e7decc9093e16274
107207_200w.jpg,200,279,portrait,none,20428,RGB,8d5c0a09063ba4735c826dc0d2d8da16085d373a
107208_200w.jpg,200,278,portrait,none,21201,RGB,37a367382e63f2287839a42083f740fea203109b
107209_200w.jpg,200,277,portrait,none,23622,RGB,67f0f43a9b06f1e9f7c938a79198b7f3dada4a8e
107210_200w.jpg,200,277,portrait,none,23328,RGB,94438d55a4d15cd45a3a09245690b391ef7eb5f9
107211_200w.jpg,200,144,landscape,rotate_90_or_270,17179,RGB,eda5efcabebd2f2a3459af3f46058e9a4eb8215f
107212_200w.jpg,200,277,portrait,none,20793,RGB,b83a52f75b2b09ec61722a857b623f393a5db320
107213_200w.jpg,200,278,portrait,none,25200,RGB,bcec28077054338010c442991ff9aef95209880d
107214_200w.jpg,200,278,portrait,none,25116,RGB,c7e4228a2b883ccc4dcda3ae17ead81578fb614e
107215_200w.jpg,200,280,portrait,none,25817,RGB,0fd4b5467bbf90b0d76a3dd6ea4f5e5b1161ab58
107216_200w.jpg,200,279,portrait,none,21384,RGB,e8c4ba969b4c2a99d80987ae07d12f12ae8b3ba5
107217_200w.jpg,200,278,portrait,none,19210,RGB,4f34b168ac0f5df54e193f21c6dc23fa8591af05
107218_200w.jpg,200,279,portrait,none,23179,RGB,1ddcb1d44b52e0f2bc393937568aff1314b694ed
107219_200w.jpg,200,277,portrait,none,16380,RGB,a9fe59387c6586e57b979b44aa39f423c44cee95
107220_200w.jpg,200,278,portrait,none,20651,RGB,4062dbcce74303691bed98785db1eb01000b305f
107221_200w.jpg,200,279,portrait,none,25291,RGB,a623b3ebddbcd37ebf96c6e92a959c4f5dad10b5
107222_200w.jpg,200,278,portrait,none,21707,RGB,7f91fe24b7027f7168f01a781f4dc40941d2601d
107223_200w.jpg,200,144,landscape,rotate_90_or_270,17893,RGB,f1b701b80f60237d565c80001888e8c29ccb8bee
107224_200w.jpg,200,279,portrait,none,20721,RGB,576b4ca85ee868e3a0b76957ee3063cf476a621d
107225_200w.jpg,200,278,portrait,none,22897,RGB,5cf62d6f06a9667512976c0c59ce1a8eccffdcc5
107226_200w.jpg,200,278,portrait,none,21189,RGB,8bd9ae07b447dc3249ed82204bf9131395c9424e
107227_200w.jpg,200,278,portrait,none,21233,RGB,c9a9f064147ea7f608ac212fc672a39d026abaa0
107228_200w.jpg,200,277,portrait,none,21379,RGB,50cd9ca132847016dab9948bfc40d0d4f015eb43
107229_200w.jpg,200,278,portrait,none,22174,RGB,d24d314bcef1c722b16f07093489d7544ac451eb
107230_200w.jpg,200,278,portrait,none,23218,RGB,16521c6308da395b79ef500bb54448612646f0ab
107231_200w.jpg,200,279,portrait,none,22144,RGB,fc3ea2c9e51c64cf1996b059eb6c9469c5ee97cf
107232_200w.jpg,200,144,landscape,rotate_90_or_270,16252,RGB,db309c675d0ca0a71309b413197f01ca391429d8
107233_200w.jpg,200,278,portrait,none,20914,RGB,f44f30f7e7d0375c5e9c98363ab7109cc6263a18
107234_200w.jpg,200,278,portrait,none,22346,RGB,1124f2c4ee0ae013acf33e22c91d1dce61eedfad
107235_200w.jpg,200,279,portrait,none,23053,RGB,a1b3779457224629c7c08a74d4b594baf9bb4cd8
107236_200w.jpg,200,279,portrait,none,22874,RGB,0812922c4e38d9a8fc219601d8341c58470563c8
107237_200w.jpg,200,277,portrait,none,24325,RGB,50e8dd7c13a0512988719dddec63df535c09faa9
107238_200w.jpg,200,276,portrait,none,20686,RGB,95260dc434d5d09d3c749ce3156f3572016ce6e2
107239_200w.jpg,200,279,portrait,none,21926,RGB,4d1fa4bc0f7e6c02627a6667d7c74acb0d267650
107240_200w.jpg,200,278,portrait,none,18882,RGB,53ab55029b7e544637e9ddff4ec3d09a2c42da7f
107241_200w.jpg,200,278,portrait,none,24167,RGB,63b40654f136dd37f029a991f1246f91910e24c5
107242_200w.jpg,200,277,portrait,none,24686,RGB,787fd54ebc78416064732af973d8ca7726461260
107243_200w.jpg,200,278,portrait,none,19518,RGB,0addb497e9f450af4954f3bee81a954cfa0fac8c
107244_200w.jpg,200,279,portrait,none,21501,RGB,659f8699907528d635ad3249d75c19002070d49b
107245_200w.jpg,200,279,portrait,none,21347,RGB,f2ffc170b4a5e426bcbf2f1d209f3d18ee9752f3
107246_200w.jpg,200,278,portrait,none,22595,RGB,956f7ce51b26b71ad0f81021281ca61b0eaa2093
107247_200w.jpg,200,277,portrait,none,22797,RGB,1d724c72a88dc27a2012236cf364f9364ecc53e7
107248_200w.jpg,200,278,portrait,none,21805,RGB,4feb669b10a6712c746246ba4ef3b2ee23ff0414
107249_200w.jpg,200,279,portrait,none,22306,RGB,89ea567187bf774b3c58ec365fac46cd94f8f57f
107250_200w.jpg,200,277,portrait,none,19016,RGB,d46ac9a69402267321ef4894559bb737f2da0d81
107251_200w.jpg,200,278,portrait,none,21489,RGB,cbec5d62579ca62b605f46932deb9045bb91f140
107252_200w.jpg,200,280,portrait,none,23136,RGB,0a05629cb38d4ca214afa258d15e8a2ed53544c2
107253_200w.jpg,200,279,portrait,none,21798,RGB,3944813a947e4e1c241f3ad759f0f6238572926f
107254_200w.jpg,200,278,portrait,none,22370,RGB,e43678c940652116348004a9b0bb298e51d50716
107255_200w.jpg,200,277,portrait,none,21816,RGB,ed385fdfed824a8561110ea1917657e1fabe78b1
107256_200w.jpg,200,277,portrait,none,20376,RGB,87a29ac05609614052cae7dfaf69bc60a1ef0abf
107257_200w.jpg,200,278,portrait,none,21910,RGB,38a60c33d9e1086c3bd0cfa9e0ffcc30bafd1930
107258_200w.jpg,200,277,portrait,none,23527,RGB,268fac7b820183602d03450a9b3ffd3361500481
107259_200w.jpg,200,279,portrait,none,20377,RGB,009c8c41a7f9d62b566fcdb24a2ac68d3dd73c49
107260_200w.jpg,200,279,portrait,none,21756,RGB,c0830cec6744e9e4a8e67d14b0a100efa3b9fd47
107261_200w.jpg,200,279,portrait,none,24349,RGB,9c571694f5cf835655a5dc2a9a87658867bd6dee
107262_200w.jpg,200,278,portrait,none,23248,RGB,b42d8dd7f64238c58e7c97a4c5ad7978b41be78f
107263_200w.jpg,200,277,portrait,none,21675,RGB,73b4999f5e84a0df8b7e4324b4254173cddefc3c
107264_200w.jpg,200,279,portrait,none,25158,RGB,e3c8a210ef87846741a063f352dcbae102c97ebc
107265_200w.jpg,200,278,portrait,none,19302,RGB,3ea65074504bbcdaaffea77f44206da9ac0dede0
107266_200w.jpg,200,279,portrait,none,21249,RGB,64e0217bc4ac8348ae2045399b5d77638911b2e6
107267_200w.jpg,200,279,portrait,none,21434,RGB,d0af6fbd4847132c0855495073e5852509a5c084
107268_200w.jpg,200,277,portrait,none,20328,RGB,c87296b36639f9fae898bb9bba728140ead52bbd
107269_200w.jpg,200,278,portrait,none,21403,RGB,a379e489158afb15024c9147c5e4c25cd3139ce2
107270_200w.jpg,200,277,portrait,none,24029,RGB,68700c32b621da3ed30cf674e10c711a440db6a9
107271_200w.jpg,200,279,portrait,none,14397,RGB,f5bb9c01e794355c7dc30af2e510fe3ac5425fbb
107272_200w.jpg,200,278,portrait,none,25223,RGB,63f52e15bf1430e74807a21d029a163d21f0754f
107273_200w.jpg,200,278,portrait,none,31177,RGB,6918536ff1972c52ac0697ed4e14f9dd0d5e52b3
107274_200w.jpg,200,278,portrait,none,27264,RGB,8e02601307f4a0c63dcd520afdf6a22cfbf82470
107275_200w.jpg,200,277,portrait,none,31066,RGB,ce68b9aa779d4201f8ab5e5d761aff01f37ca34f
107276_200w.jpg,200,278,portrait,none,30813,RGB,42a56cfda10d3f321bf02ef83125c1a5638723a1
107277_200w.jpg,200,280,portrait,none,28323,RGB,95f61ef78e5590d21aed076475ee653b94c0d5a4
107278_200w.jpg,200,279,portrait,none,27629,RGB,1373b6b9aa07d5a5dc42affa02d5b6bfa6387762
107279_200w.jpg,200,280,portrait,none,34508,RGB,1754a207e4a5874c62e04a4f7dae19c303d1982c
107280_200w.jpg,200,277,portrait,none,24220,RGB,21dfe1f9ff817f05ad841f199e890a5d0d5ba88d
107281_200w.jpg,200,279,portrait,none,23459,RGB,e14265306ee0535dfb0f75ec4720aae61b511692
107282_200w.jpg,200,280,portrait,none,31545,RGB,b442fc1facc686851a1942832eb8356c0eedce99
107283_200w.jpg,200,279,portrait,none,30764,RGB,23730326beb90f3b90cc288a7bcfafa4a43c4287
107876_200w.jpg,200,282,portrait,none,24255,RGB,fdad3a643d88baf48e495f1f70d9867b3d140493
107877_200w.jpg,200,284,portrait,none,23213,RGB,b2f5d68795fe9e8013ff6b59418879bb7870d661
108421_200w.jpg,200,276,portrait,none,24028,RGB,9b28ba641394cbc191bb037b2f959d38b8643522
108589_200w.jpg,200,282,portrait,none,31862,RGB,d9d0ad6f1e347636ee8e5b71f37727c60a439c27
108591_200w.jpg,200,279,portrait,none,28055,RGB,d8157ee165a0c139a058e5313908df6f611a080f
108592_200w.jpg,200,279,portrait,none,28804,RGB,9e6a0e25b90ef0e1d695483b6145eac59dc3ab62
108593_200w.jpg,200,279,portrait,none,23050,RGB,97a8cae61f20aa7ff17bb0ba91b9184276a245e3
108594_200w.jpg,200,279,portrait,none,23716,RGB,defada986faddb1d61cfd76540fd50b9250623ba
108595_200w.jpg,200,279,portrait,none,27282,RGB,c237b56de0bca961f2742dcaf6e1704b9588b892
108596_200w.jpg,200,279,portrait,none,24832,RGB,35467fa2a04bfb74bd1e29ded653acf2a504bcc9
108597_200w.jpg,200,279,portrait,none,24719,RGB,4c3634d7c30cada1f770ffa9c35c3e03c309b1da
108598_200w.jpg,200,281,portrait,none,23368,RGB,893dabacde0f2e90840032311b91fa49f6676b91
108599_200w.jpg,200,279,portrait,none,32992,RGB,2b98210f3b25a0062e7a5b56245cd55d3724c503
108600_200w.jpg,200,279,portrait,none,26497,RGB,3d0bf85ff35f473751edbba52a503a244d7080cf
108601_200w.jpg,200,279,portrait,none,29068,RGB,799855c89b27a63a8982ca2c89816a9fafec153a
108602_200w.jpg,200,279,portrait,none,26868,RGB,eb1e6a428f3a43d03a65272eaad821d03a4fbd60
108603_200w.jpg,200,279,portrait,none,29213,RGB,4ef897f411cb762a8c7edd9146901c086469fe23
108604_200w.jpg,200,279,portrait,none,23172,RGB,e1dcbdab6b89c9898bffcf29c23b2b84d13d46b8
108605_200w.jpg,200,279,portrait,none,28954,RGB,75d86604b181fa06d27274092c33e557f390529e
108606_200w.jpg,200,279,portrait,none,27875,RGB,076d6b8ab3e9cee54c4987629ff4618da4d155de
108607_200w.jpg,200,279,portrait,none,27262,RGB,82aeaca04dd7b06175d9897cc6fa355777b1f012
108608_200w.jpg,200,279,portrait,none,28265,RGB,49a1c955b5f9813c9d64bb2b69cb6a90897e542c
108609_200w.jpg,200,279,portrait,none,26358,RGB,1ed3799be39e02e0feaaf7a1fccf18e6ace4e7f8
108610_200w.jpg,200,279,portrait,none,26229,RGB,d6d3104fea01d01c775807c6e954e98ceb030e4b
108611_200w.jpg,200,279,portrait,none,25490,RGB,f79baca617809ece3840605e0391b8de655fbd8c
108612_200w.jpg,200,279,portrait,none,27807,RGB,c21f7e535b4dfef45ff46d2747e26c6c8a539344
108613_200w.jpg,200,279,portrait,none,24043,RGB,e7de6889be19ba7cb61ce57b5b55e4e67bbd2b51
108614_200w.jpg,200,279,portrait,none,28869,RGB,41ea5f8719219550c24942318a3b618f8042c50a
108615_200w.jpg,200,279,portrait,none,29398,RGB,2412985f43536ecd2b47f96f15419f930d29b4dd
108616_200w.jpg,200,279,portrait,none,33746,RGB,6ff542d07f05a09214aaf07288fcc5e82243c8d9
108617_200w.jpg,200,279,portrait,none,33466,RGB,f65142a1091b9320d48e211d379ce3c745511f96
108618_200w.jpg,200,279,portrait,none,18963,RGB,10fce2f67c93a90585213e2075c60ea5d65b24fd
108619_200w.jpg,200,279,portrait,none,24266,RGB,3807a31731af7d162382b30323c0327aa8f4bcef
108620_200w.jpg,200,279,portrait,none,23894,RGB,65b52ef0bafe5f2ec7ef791ff6765b96c0bd66c8
108621_200w.jpg,200,279,portrait,none,23106,RGB,82312b5a9c2547374f6421afe9f8b247619250b4
108622_200w.jpg,200,279,portrait,none,25964,RGB,f3fde5e28b33f7c3bbe4f65b737145b567d73bdf
108623_200w.jpg,200,279,portrait,none,22096,RGB,bf649f9aa67d853aa497311326222234473348ed
108624_200w.jpg,200,279,portrait,none,22285,RGB,1d7442bf3fc9872a7801bdb07b60cd80fd6195f1
108625_200w.jpg,220,307,portrait,none,16559,RGB,0a803447448c6f79c3d4691e9d59ae6de0530fbd
108626_200w.jpg,220,305,portrait,none,17809,RGB,7d6b536e9a626f8129dbcf9da330288611abb7c0
108627_200w.jpg,220,304,portrait,none,16175,RGB,d78046b247e0c0adc42d8bac611dfdd7b777fbcf
108628_200w.jpg,220,307,portrait,none,18256,RGB,b47eadca9e6419965edb59b5d3c0bfab4a02531e
108629_200w.jpg,200,286,portrait,none,15876,RGB,04845449b9448389ed9c83b6dd8115ca6c8256f1
108645_200w.jpg,200,280,portrait,none,18531,RGB,3f67a5c3ce9302de3f68893c29c2aced2e596053
108646_200w.jpg,200,279,portrait,none,20618,RGB,47ccdcf87135bc16ed26b9e01019928c806db7c7
108647_200w.jpg,200,280,portrait,none,18564,RGB,36bfe895e5e285555c1a1f1394aa99f073bc8414
108648_200w.jpg,200,279,portrait,none,18923,RGB,13157785529b72e070d3dd36cbede9463f57de89
110406_200w.jpg,200,286,portrait,none,22168,RGB,28255f65af8a9b6faf3b804916246ab616c99b68
110407_200w.jpg,200,274,portrait,none,22142,RGB,e439b221a5689a3d537864d6db586343e0bc1b1e
110408_200w.jpg,200,284,portrait,none,24058,RGB,381b3491dd83f3cbede3808cdec5d0f116f3c6f2
110409_200w.jpg,200,282,portrait,none,26459,RGB,30b58687a559c7c21c5b1e94bcd2b6ccbd2b2140
110410_200w.jpg,200,279,portrait,none,22366,RGB,8ba77a763747ce384afce535cdd514804d055080
110411_200w.jpg,200,281,portrait,none,24181,RGB,47864924d1be73cef9dc599f81e2f5fb54744329
110412_200w.jpg,200,280,portrait,none,27527,RGB,9047c6911c86d01cf8747579c785325e38c1eec7
110413_200w.jpg,200,276,portrait,none,26596,RGB,9b25e3b461683eeffe19f27305a37ff582810aa7
110414_200w.jpg,200,278,portrait,none,23140,RGB,22e4cbd7f0f2fca7a924a354430183e281531954
110415_200w.jpg,200,280,portrait,none,19351,RGB,88bd028ae428fe6a5e7159bb94906085256f85d9
110416_200w.jpg,200,283,portrait,none,24945,RGB,2780aa0943307b841aa733186260a785b6c6776a
110417_200w.jpg,200,275,portrait,none,22440,RGB,4f788c0672c80a498f3736f28aad451ffce0fd3b
110422_200w.jpg,200,280,portrait,none,22746,RGB,f2537edbf64d3e5505e6d9eafe92b8b52458edea
110423_200w.jpg,200,278,portrait,none,23056,RGB,19089f1dc8a948445e37122d7ee8b5bc9b742d23
110424_200w.jpg,200,278,portrait,none,25634,RGB,f120ce8e518d892167ae34b56239e18643ea4b94
110425_200w.jpg,200,280,portrait,none,19937,RGB,58d5381526b2192d3a5cf47bef52ae554a1f93b4
110426_200w.jpg,200,277,portrait,none,22353,RGB,b6f911bf520c3d971045af81a3e0ad767eb85931
110427_200w.jpg,200,281,portrait,none,21588,RGB,1c5029364ca7b9b95b20131d2270419d4c4eeaec
110428_200w.jpg,200,279,portrait,none,23434,RGB,e347cba7f35334285e92bdfacc461edfb534ec88
110429_200w.jpg,200,276,portrait,none,21784,RGB,c0c6a49c66aebac81665c6191424b06c84f7559a
110430_200w.jpg,200,278,portrait,none,25020,RGB,978e5dc7587e71b545e7f91a8c535e63e4900396
110431_200w.jpg,200,278,portrait,none,25777,RGB,7736a234e636bc7a651d0fb8118586b06b615c83
110432_200w.jpg,200,279,portrait,none,25818,RGB,c1bb8b11923d257cd17b87e92c4ee68c49197746
110433_200w.jpg,200,278,portrait,none,23412,RGB,021ece9ff586e04117eed92ece64838cd5a43188
111504_200w.jpg,200,279,portrait,none,20653,RGB,413d0b26380623a2328a94b2406c72b520f136a2
111505_200w.jpg,200,279,portrait,none,21710,RGB,a164be1aabe72c078351e107010d6d78a1fe7680
111506_200w.jpg,200,279,portrait,none,23151,RGB,0fe007afca82cbc156f270254165a1b30510d4b6
111507_200w.jpg,200,279,portrait,none,20268,RGB,166ccf072cf8924b159a29acdfe9b754e1757b91
111508_200w.jpg,200,279,portrait,none,19008,RGB,5ed365f5380465462bca99ce0c2b29ef6bad849b
111509_200w.jpg,200,279,portrait,none,20267,RGB,ef21125152d59295f156f3b7de9308a56a327645
111510_200w.jpg,200,279,portrait,none,21320,RGB,e50ede56463bed96912a4dffe4a925007146bc5f
111511_200w.jpg,200,279,portrait,none,23117,RGB,4b953446cc6b55db13c561179d4ecd8fa627c84c
111512_200w.jpg,200,279,portrait,none,21037,RGB,e97c06741f67317306bbb02eaf2fa95656bad807
111513_200w.jpg,200,279,portrait,none,19298,RGB,6c224dcc9d90706de3f2a05b84f040eaa18bcb24
111514_200w.jpg,200,279,portrait,none,21071,RGB,a8d2b14dfa3a81333d592a8f27b9bd43486d3eed
111515_200w.jpg,200,279,portrait,none,19080,RGB,60b3b1bd16ceba032e64aa9d1ecfe7cfa42006b0
111516_200w.jpg,200,279,portrait,none,24806,RGB,db310fb948a29161a7dd1278a9ecda3fc3776991
111517_200w.jpg,200,279,portrait,none,27638,RGB,78a22ccf0b75bb533e657b6fb01dab4e5f2714ea
111518_200w.jpg,200,279,portrait,none,21916,RGB,59ae45bb03da708ed590331eb5e79a376c58458f
111519_200w.jpg,200,279,portrait,none,21808,RGB,267351ae693c759882d2c7fa6c97af6a5e89295d
111520_200w.jpg,200,279,portrait,none,23260,RGB,bfb554c07dbdcaac046523e46e1296a65fac591e
111521_200w.jpg,200,144,landscape,rotate_90_or_270,15969,RGB,1585412644abe0e57136479864704df2c28f66eb
111522_200w.jpg,200,279,portrait,none,23522,RGB,4e9885b813e1234a04455c85d788025e6be36464
111523_200w.jpg,200,279,portrait,none,23252,RGB,bd699b1a4d5da2947f157c4c5b9f7f84e62970bd
111524_200w.jpg,200,279,portrait,none,25077,RGB,3f40ff79fd06dc4e50e615d9a4100256f205bed1
111525_200w.jpg,200,279,portrait,none,21334,RGB,65809f672659204a64776ae61f89cfc125eea7a4
111526_200w.jpg,200,279,portrait,none,21497,RGB,f083780e7e406d61efa9efad7849bad3524d0562
111527_200w.jpg,200,279,portrait,none,25123,RGB,3e1c0b562e1b0c0968c0129c5076206c9b96602f
111528_200w.jpg,200,279,portrait,none,19697,RGB,e89f7cdba351d0d93009e9617767af27bc8006d2
111529_200w.jpg,200,279,portrait,none,30084,RGB,aa6decb153e59ee2fc58fc076a3585502ac02625
111530_200w.jpg,200,279,portrait,none,27993,RGB,b559e4b6143395f6df7a797cfb10fd0d16f1f53c
111531_200w.jpg,200,279,portrait,none,27807,RGB,895b736b06105c96330bb4f1b0acd22806d6e0f1
111532_200w.jpg,200,279,portrait,none,34740,RGB,6b4ba629d532aa86777dc0a73cf1a362630108eb
111533_200w.jpg,200,279,portrait,none,35140,RGB,d9b937dc60d151d64b9aebbd053ad9a989340b46
111534_200w.jpg,200,279,portrait,none,22994,RGB,65216f472e48bb8c1d15eac889cefaa4a989c6d0
111535_200w.jpg,200,279,portrait,none,22386,RGB,bebc2fa2368374816dc0a3131c93cf08590e469e
111536_200w.jpg,200,279,portrait,none,21950,RGB,a63e40eb32f3b2ba57de08e189d696ce2068468a
111537_200w.jpg,200,279,portrait,none,30329,RGB,3ef1f707f2b9c22b271972b685d6c36dc0d6e196
111538_200w.jpg,200,279,portrait,none,26608,RGB,a576855491b6a8a9e9539936d30c1417cac7a9c5
111539_200w.jpg,200,279,portrait,none,23815,RGB,9a5dc514bf7c973e530d4649de6586436ada0720
111540_200w.jpg,200,279,portrait,none,23673,RGB,5db61a93a429a64fcf8b4257eec8ab06becc6c75
111541_200w.jpg,200,279,portrait,none,23024,RGB,0910d5aaee38387352dfda467c2dcac3fa46508d
111542_200w.jpg,200,279,portrait,none,25257,RGB,df3575abe1bcc51a7320c636de7b2c5d5c03f5e2
111543_200w.jpg,200,279,portrait,none,21875,RGB,0ea65d444047dce180eae7fd990f2831f57fb23e
111544_200w.jpg,200,279,portrait,none,20720,RGB,6d080832a5497287f5aa8b17dad4a96d2cf1955a
111545_200w.jpg,200,279,portrait,none,23276,RGB,802344e859a3cf257517d8fbcf248a108b091dce
111546_200w.jpg,200,279,portrait,none,22906,RGB,cee59adb272b966fd13fc1de9a4d2bc6e71fc483
111547_200w.jpg,200,279,portrait,none,27329,RGB,849aa979ea40610ed611a6f7164a01304850f84f
111548_200w.jpg,200,144,landscape,rotate_90_or_270,17096,RGB,eb27211fa454f9634b2d8b660b72535aa2c2eca0
111549_200w.jpg,200,279,portrait,none,22821,RGB,8f31a8691fe3260843b879f69bc10b172b1adc39
111550_200w.jpg,200,279,portrait,none,23257,RGB,14bf00e61c719d274f0885afdfd0955530ade97f
111551_200w.jpg,200,279,portrait,none,24000,RGB,612ff4bfc3a8a3467788dd075db8626d0b531a6a
111552_200w.jpg,200,279,portrait,none,23450,RGB,f4059ed11061ca9e8d626805c3e5a2acee78a731
111553_200w.jpg,200,279,portrait,none,23466,RGB,5f137838da8a79e2809083297e4be4c2cfea3318
111554_200w.jpg,200,144,landscape,rotate_90_or_270,16636,RGB,7314abe198dd909e43e1fea9e2ba7750d143a805
111555_200w.jpg,200,279,portrait,none,20555,RGB,61ea45995761bdc53379a440228453d3bcfde0c9
111556_200w.jpg,200,279,portrait,none,25086,RGB,af4a3bc3f08d195c275764ae623270c7579f7b46
111557_200w.jpg,200,279,portrait,none,25186,RGB,0815034fa5e28275881b1ba3180e5e18005dda33
111558_200w.jpg,200,279,portrait,none,24573,RGB,a9a68225054a7c44dd989d5d6cc9a15bd3ea2510
111559_200w.jpg,200,279,portrait,none,23533,RGB,569763e24e70d084b0ade7155f529c5e8075cc37
111560_200w.jpg,200,144,landscape,rotate_90_or_270,17583,RGB,4530cf324c8d4003d252a77cbfd0125b2a7d3ad0
111561_200w.jpg,200,279,portrait,none,24917,RGB,9838fa3d9ff5cc1338b20d7c0f44d88198e34377
111562_200w.jpg,200,279,portrait,none,26378,RGB,827ad5b2c0c9a9789df3315ac251db7720a97c57
111563_200w.jpg,200,279,portrait,none,29329,RGB,e0ce3150e54948529e4ce9060f1c23dda125c6fa
111564_200w.jpg,200,279,portrait,none,28177,RGB,828e8946ec6546f802e18ae092b3bb202426737b
111565_200w.jpg,200,279,portrait,none,34518,RGB,3a7ee2424270c9b5a39d179ffe123c501c95d174
111566_200w.jpg,200,279,portrait,none,23162,RGB,77b516382e94cf1de645aef4df67d0b70ddd9cfc
111567_200w.jpg,200,144,landscape,rotate_90_or_270,15581,RGB,f2e4632578c63e7b0895f75da9ee8d50c92ec1a2
111568_200w.jpg,200,279,portrait,none,29394,RGB,a4a3718ab60154c56389df0a0d8b7be523d31543
111569_200w.jpg,200,279,portrait,none,23638,RGB,a9f9196aad86da96b966374110902850efd947e1
111570_200w.jpg,200,279,portrait,none,22540,RGB,134dec87da8838d43fbf4a13a14efe9a8ea780f8
111571_200w.jpg,200,279,portrait,none,21269,RGB,0e8a776775ad6bee215a6424f6a0b30ae2335603
111572_200w.jpg,200,279,portrait,none,22303,RGB,1abbc83407b23aeea524db49eaca6cd1521819c8
111573_200w.jpg,200,279,portrait,none,25903,RGB,54041c8773685a0002eb8c16b8da505b6d7a47ad
111574_200w.jpg,200,279,portrait,none,23344,RGB,08797f4f943d505a50205e7878f97a405097854f
111592_200w.jpg,200,279,portrait,none,21872,RGB,a830cbb472f066d7674ffe469f01387e5754d6db
111593_200w.jpg,200,279,portrait,none,23133,RGB,166bf989217c6c1dca4f48464c620b0e3dd5e1f3
111594_200w.jpg,200,279,portrait,none,21245,RGB,2fc7e84dfb8f6396fba4073b474d15d3b1f28b6a
111595_200w.jpg,200,279,portrait,none,20817,RGB,cc111e78d4a59f7d778b0d1d979e395da62956e5
111596_200w.jpg,200,279,portrait,none,23246,RGB,bbe5225d0ea662ae8dc93a148d4382f186d91960
111597_200w.jpg,200,279,portrait,none,21926,RGB,9296b246b60a934efc7d99c839603faa15776588
111598_200w.jpg,200,279,portrait,none,23046,RGB,220297c50f7db75e6e7f29b7a62a5595dfc98abd
111599_200w.jpg,200,279,portrait,none,18800,RGB,a3ba55d0afbebd28f9c888c5d5a68ffd2f7305eb
111600_200w.jpg,200,279,portrait,none,21026,RGB,4bef1ec2d7470762c58931df3f44f002cd7300f0
111601_200w.jpg,200,279,portrait,none,21051,RGB,eef4c82e1c0fec63d981ff2d20680c4a426b6011
111602_200w.jpg,200,279,portrait,none,20836,RGB,95ea4256c105216337e62b2bb01d46b0123cb0c2
111603_200w.jpg,200,279,portrait,none,24260,RGB,0c8a04c48b36a9e780c1ce95a5101139c640e240
111604_200w.jpg,200,279,portrait,none,22331,RGB,78eeaadaab8bc5d4c3f6a8b0857077543504c78c
111605_200w.jpg,200,279,portrait,none,19409,RGB,8b7c076b0e4aba97e295bbfdc3fef6424346caaa
111606_200w.jpg,200,279,portrait,none,22399,RGB,97d02d621e9ccbff7a62673c61fb28c3606a94d5
111607_200w.jpg,200,279,portrait,none,19624,RGB,b80bc0c0eb99d5642b1f8f0b8b8e226e0bb49e46
111608_200w.jpg,200,279,portrait,none,23610,RGB,647b132b4f0347b0eb959e477874906e06b7d4a2
111609_200w.jpg,200,279,portrait,none,20403,RGB,f48c886661cf3cd1aa17f9257b10e2fe0abfc381
111610_200w.jpg,200,279,portrait,none,21288,RGB,211b1a02d6e558a8a127ecc466f3b8a3d18a3294
111611_200w.jpg,200,279,portrait,none,25013,RGB,5b759a3263c63cf3eea409afbce9dece5a30ba00
111612_200w.jpg,200,279,portrait,none,24336,RGB,ba7e7ba112957a2387ee94a33b00fcfe90f4aa03
111613_200w.jpg,200,279,portrait,none,24023,RGB,8ba0eaff3cf22d046d4e08d1d4efdadefb71843b
111614_200w.jpg,200,279,portrait,none,26697,RGB,708d3b64f0e27a4ef3a6548771ff15ad2e3a3958
111615_200w.jpg,200,279,portrait,none,23625,RGB,63c4b54b257bf7ddb1e34ada89be571232501960
111616_200w.jpg,200,279,portrait,none,24672,RGB,0eef9aec094aaffd224424161fef3ac514f36cd8
111617_200w.jpg,200,279,portrait,none,22676,RGB,a06a7a105c7384713255cf6ed2e2d223ef7dca27
111618_200w.jpg,200,279,portrait,none,23472,RGB,de8acddc7b8e7e0a1424413614ddb6cc44fe4943
111619_200w.jpg,200,279,portrait,none,19885,RGB,056439d78efb79d9c5a0150c968e9154b610132a
111620_200w.jpg,200,279,portrait,none,21394,RGB,7d075db3b21ccc3b0089a377777f64b88eb65c2c
111621_200w.jpg,200,279,portrait,none,22995,RGB,bf41e1eae1a5d2547d0dc6880b1a8c663e0a2276
111622_200w.jpg,200,279,portrait,none,20903,RGB,25d4e519378539c24b93c5de6f5e106ccbc1df87
111623_200w.jpg,200,279,portrait,none,23909,RGB,aedf18276edc60c94e8498ee14f784baf18aa5ec
111624_200w.jpg,200,279,portrait,none,21815,RGB,ea431fc906459ae4004c2968ca7d980040b55ea4
111625_200w.jpg,200,279,portrait,none,20870,RGB,4b363fbdff20d5d6f868a22f87b7445b2d6095a4
111626_200w.jpg,200,279,portrait,none,22140,RGB,094b0a014c6b2cf14090cdad3a8c05207b5256d6
111627_200w.jpg,200,279,portrait,none,21984,RGB,6d8bc4420030e133b01b0da48479d20f2e9a3cef
111628_200w.jpg,200,279,portrait,none,20847,RGB,589ddb54639cd6b497e5f486e6d410b34e52d76a
111629_200w.jpg,200,279,portrait,none,23521,RGB,199a08dac8ef013018b8ecd5b96757cc68d4b027
111630_200w.jpg,200,279,portrait,none,20223,RGB,5b329eaa8619485c173128fbaff641da48ca2d91
111631_200w.jpg,200,279,portrait,none,19776,RGB,d090076057cea7cdce91878570f7a9b5795fc1d1
111632_200w.jpg,200,279,portrait,none,23223,RGB,174d5f4941ed4a98e722335a54af341e773ae3cc
111633_200w.jpg,200,279,portrait,none,20789,RGB,299a73832af3cd7faf1c5a92eed888475a22770d
111634_200w.jpg,200,279,portrait,none,19806,RGB,3c885337d24a4118dd1cbaf6cf378ebca88cb3d2
111635_200w.jpg,200,279,portrait,none,21455,RGB,8ba83045e6412df2a8b6044ba0354851cec06d66
111636_200w.jpg,200,279,portrait,none,18177,RGB,0b8f32415ec6c39de0747623679103a83f01bd90
111637_200w.jpg,200,279,portrait,none,20888,RGB,779f2c2fc86bfc19f2ee3d5d41ca9118498ed227
111638_200w.jpg,200,279,portrait,none,21716,RGB,67ab31f561df4e0c6494017ce78845fccffb10f2
111639_200w.jpg,200,279,portrait,none,23642,RGB,a34882baa56ec583fa79a34657b79b14efbbc0be
111640_200w.jpg,200,279,portrait,none,19926,RGB,02d3811ddfde4401e2b415df38b00a66e1f7d88b
111641_200w.jpg,200,279,portrait,none,22461,RGB,21e7808fcb32e3d62c3b580cd9036c266f6d10bc
111642_200w.jpg,200,279,portrait,none,33649,RGB,287e651bb4d8f8d0172aeae69c7a7917e644cd4f
111643_200w.jpg,200,279,portrait,none,28423,RGB,855b8c479e4f4963f3078474425896db73846d2a
113659_200w.jpg,200,279,portrait,none,27783,RGB,8785d6b5f568c55f8c87a7bfe6e8de36560622e1
113660_200w.jpg,200,279,portrait,none,33133,RGB,1c3bcfff67d5fbb9f7baee0de5694aea238bc238
113661_200w.jpg,200,279,portrait,none,19778,RGB,a481bab7e3643b29159137b491697581362f7c4a
113662_200w.jpg,200,279,portrait,none,23514,RGB,ff0873247df992ded87ffec3ee8f81316cbcfc46
113663_200w.jpg,200,279,portrait,none,22069,RGB,0f08fb5e2254dd0ee2d14b316dd09dea49b36267
113664_200w.jpg,200,279,portrait,none,19098,RGB,92007167bdb01920a07ed9be0dc26cb326411d9f
113665_200w.jpg,200,279,portrait,none,22638,RGB,df30b120c058c59ec62eb4b64f29aad59e8205af
113666_200w.jpg,200,279,portrait,none,20154,RGB,89dabadb6dee4b655cf365261ae1c60e03bb2d00
113667_200w.jpg,200,279,portrait,none,22485,RGB,cd4bdd2b976b7de56af184b387ff6c7fb589f5a7
113668_200w.jpg,200,279,portrait,none,30489,RGB,276547c0944adf3fed181ebc2dadcf88966be425
113669_200w.jpg,200,279,portrait,none,28459,RGB,c45a18ec1ce2e083910a5add45c96a9d239f1aa0
113670_200w.jpg,200,279,portrait,none,34106,RGB,1b64bc6e2adc184c80d1907d39f0d38489a431a7
113671_200w.jpg,200,279,portrait,none,27134,RGB,ec9394a18623cfc084b7f4a24dead25fb82baf4c
113672_200w.jpg,200,279,portrait,none,21726,RGB,e67663e004fd8d80de1d0e1e38d283fb6e55b1cd
113673_200w.jpg,200,279,portrait,none,23828,RGB,cf19efd6c6cb69b5ca86ecb08fa9024db0c4e841
113674_200w.jpg,200,279,portrait,none,21963,RGB,765e527c77769e0f3dedf72d4eaa02aeacd0bb6f
113675_200w.jpg,200,279,portrait,none,30370,RGB,1040846f758a89ff108aba593da5e894613b887e
113676_200w.jpg,200,279,portrait,none,34248,RGB,c7a00d1fa9b3b5dda8ed9d50585791af2e5f2f13
113677_200w.jpg,200,279,portrait,none,18435,RGB,03c9882aae0170401b5610d41955f2868ca5d63e
113678_200w.jpg,200,279,portrait,none,24010,RGB,4c32cfcd6e9a8d48b39c5aa539344e526fe61c92
113679_200w.jpg,200,279,portrait,none,21179,RGB,3bb70852abd6709a449c678ddaf67b5e5682c8e1
113680_200w.jpg,200,279,portrait,none,21688,RGB,d17c17477bf393fc690ab453accb7dd40c6fde94
113681_200w.jpg,200,279,portrait,none,27090,RGB,db3432c788fb1655ad6cbe5e456fe10015949884
113682_200w.jpg,200,279,portrait,none,29454,RGB,b69cea7c2261c5ed8783d163dd181104f70f6ef7
113683_200w.jpg,200,279,portrait,none,26637,RGB,6097241b0302103c2202b715916ace2d3b9d26d7
113684_200w.jpg,200,279,portrait,none,20831,RGB,4ec2fe5cbc8336fbdd56bda631668d38566dd58b
113685_200w.jpg,200,279,portrait,none,23023,RGB,245010dbeba94a84f1078263cf2d909c7a163f39
113686_200w.jpg,200,279,portrait,none,31530,RGB,57ff975fadb4ab26bb3985a3946bec877a810aa1
113687_200w.jpg,200,279,portrait,none,26654,RGB,d91804880bc907a3e514b09367d3bd8431f4018b
113688_200w.jpg,200,279,portrait,none,19785,RGB,ddffaef15f32810be5c76cbeaa719769de7b90a8
113689_200w.jpg,200,279,portrait,none,23347,RGB,e38b722ed17071b671db834b492982256aad100a
113690_200w.jpg,200,279,portrait,none,16870,RGB,2105cb5d5beaf00f0c4fdc7a9e48e79371ced8a6
113691_200w.jpg,200,279,portrait,none,19667,RGB,fccc16134bad4149e5758a14a54e2995f275d0b3
113692_200w.jpg,200,279,portrait,none,22545,RGB,fb0d166d97b96d1e56c7d7be3f3be245538c5e5c
113693_200w.jpg,200,279,portrait,none,23350,RGB,db791e76cc6ce7ad326a15126dc5727d8bafabb6
113694_200w.jpg,200,279,portrait,none,23488,RGB,046d2acb589f55d060fa351974ff8566707ce931
113695_200w.jpg,200,279,portrait,none,25336,RGB,0efe5a88ecc29f4eccd12af54d9c397adb6b1ca8
113696_200w.jpg,200,279,portrait,none,23445,RGB,0d18787595777ba2468f55925dc4e82c3f1dbb77
113697_200w.jpg,200,279,portrait,none,21145,RGB,dddf51095127e2a22976cdf2ff990366fa0d2e25
113698_200w.jpg,200,279,portrait,none,20990,RGB,bfeadb146f4a293f7c7f4665beba15ff7368fd00
113699_200w.jpg,200,279,portrait,none,22532,RGB,a6f775aed60bdc4e16d7785d2b225e093de0ac05
113700_200w.jpg,200,279,portrait,none,24974,RGB,a5be25bf909f51444ece59aed5e12808cb052807
113701_200w.jpg,200,279,portrait,none,20600,RGB,7663c253d8f63ffcbf6a8c87505eaec30abe458d
113702_200w.jpg,200,279,portrait,none,20985,RGB,c72b0c3012621fa6479be5aa213e6d4f42335046
113703_200w.jpg,200,279,portrait,none,23622,RGB,843716afdcb320e647dd00d7b6e6cfc02e3455a3
113704_200w.jpg,200,279,portrait,none,25147,RGB,ffb70f2ad98ca34c8e568c5863cf849e27deb470
113705_200w.jpg,200,279,portrait,none,24977,RGB,c315f6ffc5870b790dada19aab269857cf65faf1
113706_200w.jpg,200,279,portrait,none,21244,RGB,906cb718c139da7dd1b9d373cde2a53d63d6309b
113707_200w.jpg,200,279,portrait,none,21759,RGB,9fcdc9568418a1ff00459318124daeac63c66ddb
113708_200w.jpg,200,279,portrait,none,21624,RGB,dd74419837bea09416c98639cebd83011bbedd23
113709_200w.jpg,200,279,portrait,none,22631,RGB,a79df609cda89e0664c8bc43db194db8802e0995
113710_200w.jpg,200,279,portrait,none,22188,RGB,101e472f73f59d4bbc165e58eb94e92c2ca25a68
113711_200w.jpg,200,279,portrait,none,20817,RGB,f892c0f84fa0956c6274b040c03fcdcea4a108fe
113712_200w.jpg,200,279,portrait,none,20641,RGB,7f382cf5134d7d57f446eebed141ab8c1d5e9df1
113713_200w.jpg,200,279,portrait,none,21530,RGB,41f085310a7db88cbba57f6932b87b5736b37b8f
113714_200w.jpg,200,279,portrait,none,24698,RGB,563c837425fb9203a2bb90fa459c67b3d6616b23
113715_200w.jpg,200,279,portrait,none,22464,RGB,498e2e73a33401195ab1f1632ac90acf11845f40
113716_200w.jpg,200,279,portrait,none,21249,RGB,8fb14e630bfe88a455e1b81710cac0835e71e5aa
113717_200w.jpg,200,279,portrait,none,22128,RGB,777c39889a97e39e4458b3ad3a42620527d63348
113718_200w.jpg,200,279,portrait,none,20316,RGB,394f6693b8b1f9c25b631cfced76669f81044f6d
113719_200w.jpg,200,279,portrait,none,20137,RGB,f861214928a88f2326246b5a8f4cfbdb395733a1
113720_200w.jpg,200,279,portrait,none,21932,RGB,2fbf2730db500d8a30d9e14f97f49e1d1c77ee57
113721_200w.jpg,200,279,portrait,none,20852,RGB,da0aa6d1fedce53a6ebcba50b1f205d174b21843
113722_200w.jpg,200,279,portrait,none,21723,RGB,99bf176051f8cd4d6beb1d235493a8d8a3e759c6
113723_200w.jpg,200,279,portrait,none,19208,RGB,caf21490b44ad5f0c0cce7d6ebc96d5627b41511
113724_200w.jpg,200,279,portrait,none,20158,RGB,da44ed1069933b891ad19410cf5b618ba8d06bf6
113725_200w.jpg,200,279,portrait,none,20165,RGB,c9a36d3cc5b62a7f18d544873da6c6a3def4b55b
113726_200w.jpg,200,279,portrait,none,22906,RGB,44f637d91c918ed37c7e390dec40dfc1773b9349
113727_200w.jpg,200,279,portrait,none,16010,RGB,a220d6f4e6219749a917c99acb431a447d3ede05
113728_200w.jpg,200,279,portrait,none,19783,RGB,a350358c6b5a3921ee420fa9ff30b0e48003b398
113729_200w.jpg,200,279,portrait,none,18364,RGB,37f99fd20b536288d4cac69f7c680010356bad3e
113730_200w.jpg,200,279,portrait,none,18790,RGB,47441a4eb4dfdf22f7b327238d4a2e74bc6db309
113731_200w.jpg,200,279,portrait,none,20231,RGB,f23405b53f5907c7a9e920a604de90728214c597
113732_200w.jpg,200,279,portrait,none,17715,RGB,12c16ab5fdb396e9aaf9179492a359b5341f1db2
113733_200w.jpg,200,279,portrait,none,15230,RGB,fb225becd9affffa9adbdeee5d5efc8d8b90ec7e
113734_200w.jpg,200,279,portrait,none,15488,RGB,f4bf5ba04605ae457671ede4d7fa7de7fbf5263f
113735_200w.jpg,200,279,portrait,none,15161,RGB,33bbb9ee4ff24bc507e6c34c8f4355f6ec7adfb3
113736_200w.jpg,200,279,portrait,none,13316,RGB,2dfb71f9ba342fffba0824b202ffe5a155f2cf8d
113737_200w.jpg,200,279,portrait,none,14587,RGB,bc17cf34465ce8ad3a2637c64092cb4d2e5959f4
113738_200w.jpg,200,279,portrait,none,14383,RGB,28b2f9b238572d6d817aa6085236c37b13afa2b0
113739_200w.jpg,200,279,portrait,none,14048,RGB,54fcf5c5e9c3b4677bb06b1225f0c7c3186be4f2
113740_200w.jpg,200,279,portrait,none,19750,RGB,0f97f3d2181baa31eab13942351380168eacaa0c
113741_200w.jpg,200,279,portrait,none,14704,RGB,fef0947a4cd5e3fa3111d6fa27977e357e8ad5db
113742_200w.jpg,200,279,portrait,none,21718,RGB,65ced208a0789ed35bb7a40d12c2105e9133e60c
113743_200w.jpg,200,279,portrait,none,20586,RGB,5659d7213e12ea406d2f752046e88a2d46cca5c4
113744_200w.jpg,200,279,portrait,none,22514,RGB,da2699a1f2c4b5aeae415cd53799c7aef88dfd3d
113745_200w.jpg,200,279,portrait,none,23115,RGB,65d0ef546cc66e7f4f38752995549b85fadd0098
113746_200w.jpg,200,279,portrait,none,24872,RGB,57278d389c4a7d9d43d2680397663233e31615cd
113747_200w.jpg,200,279,portrait,none,25683,RGB,bbd3a3c5392611b0ee1fcf32c49c4feb80a1a5e3
113748_200w.jpg,200,279,portrait,none,27829,RGB,cb82925911ef0622982edbbb390082af6f955cfb
113749_200w.jpg,200,279,portrait,none,20859,RGB,06249fd2c3ea99342e0b457fd63dd326f663a876
113750_200w.jpg,200,279,portrait,none,26655,RGB,bb0bd03d0abaaf0869ec2797166f8801c8a205e6
113751_200w.jpg,200,279,portrait,none,24657,RGB,97a353a2ee134e121bea9fbc291eaeda0fc67584
113752_200w.jpg,200,279,portrait,none,21181,RGB,0607b1e199301ee4babe852965d74845a856552c
113753_200w.jpg,200,279,portrait,none,24511,RGB,3a243cbae1ff8a57494f8f237e34f95ee27ad8a4
113754_200w.jpg,200,279,portrait,none,20775,RGB,70e61274461e5b6ecffafd63ba217f10c39c9000
113755_200w.jpg,200,279,portrait,none,20730,RGB,8e52e2d9356194303b8d5fd24d567a12e126caa8
113756_200w.jpg,200,279,portrait,none,21709,RGB,650e5a5f2f422f25281c37e69c297036d9d2e0cf
113757_200w.jpg,200,279,portrait,none,22207,RGB,4594f16a2132e5559b0842707fdc11738f6e58d7
113758_200w.jpg,200,279,portrait,none,26035,RGB,c564daf8c8a7557168ad3608646f5d53685b0b84
113759_200w.jpg,200,279,portrait,none,20789,RGB,008bc0812bf67d439d206c69ce55d55569894f2f
113760_200w.jpg,200,279,portrait,none,24300,RGB,c1a22a2dc7a3dc0b0082ab79e3293cfbd11ccd5d
113761_200w.jpg,200,279,portrait,none,19783,RGB,792ef9697ec3938e2b0dd030b78a17e4f446ac3d
113762_200w.jpg,200,279,portrait,none,22357,RGB,138ac23f707b36cd4bd9db4f086c8907f8d70b59
113763_200w.jpg,200,279,portrait,none,27045,RGB,2f09278a74a9eba3004f468137e8bbc7a42e7d07
113764_200w.jpg,200,279,portrait,none,30521,RGB,5002735a9f5117940b2be1c1842f95f2f699695e
113765_200w.jpg,200,279,portrait,none,23182,RGB,9dbe6cafda2ab78f5cf80ade187fa8f062c476d1
113766_200w.jpg,200,279,portrait,none,19168,RGB,fb2bed000ce567636fede7a10e1ced94b5816df8
113767_200w.jpg,200,279,portrait,none,21290,RGB,41f063e7b2a226f159b34f0bf990d9525cb0b91c
113768_200w.jpg,200,279,portrait,none,21219,RGB,9a3f9c096b217bc8052f59d5760205694e49d5c7
113769_200w.jpg,200,279,portrait,none,20278,RGB,ccbbc0be11f6cf7f0b9e81d5ea8d684612e14895
113770_200w.jpg,200,279,portrait,none,23744,RGB,4fd9da2cc13fca0b2f359624d6fb65061df6d70d
113771_200w.jpg,200,279,portrait,none,26890,RGB,9016199ed812cf00ed30ac526e27db4595ea4677
113772_200w.jpg,200,279,portrait,none,24953,RGB,6ed1a93eef0716dd0da5152b894a23f2925bb9a0
113773_200w.jpg,200,279,portrait,none,30248,RGB,128fb5c8359e8e93048551c9d197b2514adca956
114004_200w.jpg,200,279,portrait,none,27071,RGB,bf0c1ec949f9f4a2dfefec0a9ee676512a986946
114005_200w.jpg,200,279,portrait,none,24210,RGB,6ea46e519543a319971db72d6113afc230447d08
114006_200w.jpg,200,279,portrait,none,21506,RGB,b2770fdabef028b625e1bcdcf2afc86419601771
114007_200w.jpg,200,279,portrait,none,27130,RGB,cf4a60aceee187ec5d2bcd7b893fc91522125882
114008_200w.jpg,200,279,portrait,none,31984,RGB,e890b3b6445ab777c67bbf84173d72589292a802
114011_200w.jpg,200,144,landscape,rotate_90_or_270,16048,RGB,05de4d1fc7a32f9a786068e54dc936e63fc88b08
114012_200w.jpg,200,144,landscape,rotate_90_or_270,16573,RGB,3a78b6e13ff6ca7a1a1daef71d9e7322168f4103
114013_200w.jpg,200,144,landscape,rotate_90_or_270,16055,RGB,adc1c4a11a69d6b2b932a0b8608997075cfdad62
114014_200w.jpg,200,279,portrait,none,25185,RGB,79326d21fdd448dd21a4412114e2c962dbb995e9
114015_200w.jpg,200,281,portrait,none,23836,RGB,d0779e9c523f6b33971204dc6f5a6a19d6ee8ccd
114526_200w.jpg,200,279,portrait,none,22758,RGB,34dc93c6149527cf89c56d0b9c598ce1875702e5
116005_200w.jpg,200,280,portrait,none,27733,RGB,f13c6acadac1d11e6759b288cfb5a41c7220cc2e
116779_200w.jpg,200,279,portrait,none,25220,RGB,a83b20d2189dfac77a787727ab08615b3bdd0e35
117266_200w.jpg,200,279,portrait,none,24380,RGB,cffb4aa5a63b5b73ad4522595c3dbd2e593a91e9
117267_200w.jpg,200,279,portrait,none,25743,RGB,c4ecd4a3f17c32b5727c42fdd076b54f0e37062b
117512_200w.jpg,200,279,portrait,none,27945,RGB,96247e047fe465a80e065e31694fbe820e08ab6c
117513_200w.jpg,200,279,portrait,none,23524,RGB,17fb153e2a510909f215f60154bb7fb934cfff7e
117514_200w.jpg,200,144,landscape,rotate_90_or_270,17143,RGB,4079f661d5f9f60a073b4935356e5a52d789cbb2
117515_200w.jpg,200,279,portrait,none,32481,RGB,ae54e6181f2e877da5ee9d73a132d838e3c16b1b
117516_200w.jpg,200,279,portrait,none,29173,RGB,c0d06876307e97fa03499c6b1f0a92521792dd24
117517_200w.jpg,200,279,portrait,none,25359,RGB,908a29afd83c751600e9497fe7ef28108e9c1857
117518_200w.jpg,200,279,portrait,none,21959,RGB,643c86c2746070dfdd33f2a9d34482ace65552b6
117519_200w.jpg,200,279,portrait,none,30538,RGB,2caa5ed872b402b1746cab2aca93a8e539e523cd
117520_200w.jpg,200,144,landscape,rotate_90_or_270,15336,RGB,d294890759c245c7063d05384fa75c102b86de64
117521_200w.jpg,200,279,portrait,none,25668,RGB,e78794a97d86a68e88f8c2d6b2ee3ef3e9f20481
117599_200w.jpg,220,315,portrait,none,25899,RGB,1417625ad8a350d096dae6cb28d19c952671cd1a
117600_200w.jpg,220,304,portrait,none,27776,RGB,3bfa3ee3b2ef1b1dd6ac89b98dfd20623dc41c74
117601_200w.jpg,200,281,portrait,none,22888,RGB,9e424541f5b204236c7de71722f424707ae45ba5
117701_200w.jpg,200,279,portrait,none,31256,RGB,735cbb0481c51a4fb741c02a56cf0fde1c90d1c3
117702_200w.jpg,200,279,portrait,none,29091,RGB,d208faaa96a4cb85d47f07bf1876d5faf6d13430
117703_200w.jpg,200,279,portrait,none,27834,RGB,4c34e9105e8a86026c73977aabd4a26b20bbce3f
117764_200w.jpg,200,279,portrait,none,20899,RGB,2d12dafe05d959e9417e3b122cac6bde0941b6de
117765_200w.jpg,200,279,portrait,none,20294,RGB,45e19cc5148e1a9cd6664aa1d4edd21eb25cda1a
117766_200w.jpg,200,279,portrait,none,23737,RGB,ebbc9463643df4ce15985b52e50117104af4d8f7
117767_200w.jpg,200,279,portrait,none,22339,RGB,23c64d324cc41e93b4dbe26ae79c57135cbcd009
117768_200w.jpg,200,279,portrait,none,19241,RGB,a024229cc7056b08ed25c0ef46603c3a84872505
117769_200w.jpg,200,279,portrait,none,21534,RGB,87ae4842fab5a5d78e854a181cc947b986d7284f
117770_200w.jpg,200,279,portrait,none,23187,RGB,ffc38f83c8b408349307b74f2cc03815993a5e3a
117771_200w.jpg,200,279,portrait,none,24418,RGB,8eddf4c6cfdc578621e836a2f3bf9e50f0c05179
117772_200w.jpg,200,279,portrait,none,26405,RGB,1bb7e937cfac354d1867f38dcd2e39d6f27c32c3
117773_200w.jpg,200,279,portrait,none,23672,RGB,85e1b7e11135d1820c5c82a72b84acf9202b662e
117774_200w.jpg,200,279,portrait,none,21729,RGB,2e064bb68154755f7b99f34188e2bb8cbc6e3faa
117775_200w.jpg,200,279,portrait,none,22908,RGB,90a1300818c791f89bcd4ec9181f220c7635f377
117776_200w.jpg,200,279,portrait,none,24697,RGB,bd34e22950eddc540472d9aaba135d5a73881ebb
117777_200w.jpg,200,279,portrait,none,20516,RGB,912a79a45e39dfea3840dcaae2c769b58bdeecc1
117778_200w.jpg,200,279,portrait,none,22941,RGB,dd169c00cacfef0c42c62d5135adad92f1f7fd11
117779_200w.jpg,200,279,portrait,none,24353,RGB,ed14c43301fa8ea99b5b2da75520013d1c183448
117781_200w.jpg,200,144,landscape,rotate_90_or_270,16702,RGB,01c9c00817d1f599105e83ea0df4f6b38afccd11
117782_200w.jpg,200,279,portrait,none,30191,RGB,b0596d7dbb671945bef5dbdfb6e4d23ec6c7731d
117783_200w.jpg,200,279,portrait,none,26233,RGB,0713ed0630c4843e249e92d2db86e7df173645e8
117784_200w.jpg,200,279,portrait,none,24382,RGB,1bb40fb0cc1e4020d8410b9b076b27a952d24fca
117785_200w.jpg,200,279,portrait,none,24836,RGB,5360f06a503aa537392d3a77d5b26c6cfac0570e
117786_200w.jpg,200,279,portrait,none,26314,RGB,e67ff498de421698a15216673a99c42e317fe1e6
117787_200w.jpg,200,279,portrait,none,19159,RGB,27285f16860c9bf2aecbfac6e5749ae1779e4bfa
117788_200w.jpg,200,279,portrait,none,23423,RGB,dd377843dff59615658a30e1f3ff240afa97ed05
117789_200w.jpg,200,279,portrait,none,22552,RGB,67b6cb535e37f4e3b49666975521cfbefa4ced50
117790_200w.jpg,200,279,portrait,none,19455,RGB,e611078b96f3ef48ce09a3eb9a8e2351784f660d
117791_200w.jpg,200,279,portrait,none,24528,RGB,5ff5571a254e227cebf3bc40bc1d835e962acd55
117792_200w.jpg,200,279,portrait,none,22578,RGB,39a1abbd480b607f57fbbcee78857d6e93116d7c
117793_200w.jpg,200,279,portrait,none,19057,RGB,31b62ab43e8e7d705657c479a0d354a700eeb2da
117794_200w.jpg,200,279,portrait,none,19544,RGB,d775984dfe3101ea78f3ff2620f42889814f052b
117795_200w.jpg,200,279,portrait,none,25394,RGB,2aa95ea1eb88e311297133b64bdab5d5eee166ce
117796_200w.jpg,200,279,portrait,none,19739,RGB,f5979ca72fea457fe80bca019f136bca1bc872eb
117797_200w.jpg,200,279,portrait,none,23803,RGB,7fd3294b997cb2b1ee22a09dcebb75705eebb54f
117798_200w.jpg,200,279,portrait,none,18165,RGB,5484ba8b9e15c021f8c2fd33e7ed0dd52e381ac2
117799_200w.jpg,200,279,portrait,none,24764,RGB,4278095bd6ffaebd7af0834c40c4cca795ab1e24
117800_200w.jpg,200,279,portrait,none,19786,RGB,b146707182b29db497143a5efdf213c22eaadcab
117801_200w.jpg,200,279,portrait,none,22586,RGB,911c5991341794eef8301db2e0725604a8787359
117802_200w.jpg,200,279,portrait,none,21283,RGB,4031b6fb366cf52808a5e5b851b23ff67ddb3209
117803_200w.jpg,200,279,portrait,none,28516,RGB,70f4c98cd9ea9b6e4dabd5161830c63a4b6fe605
117804_200w.jpg,200,279,portrait,none,22641,RGB,bc007f8069be9380569c417c5d6e35bdbcf0bdd1
117805_200w.jpg,200,279,portrait,none,21345,RGB,c39add3558dd4c86258cec640acbe792a3b56740
117806_200w.jpg,200,279,portrait,none,20074,RGB,3f31ec799b50f5cec57aa8e3e6e0f1e04a19642f
117807_200w.jpg,200,279,portrait,none,22248,RGB,fd8e04573874547adda68380815dad629d204b49
117808_200w.jpg,200,279,portrait,none,21687,RGB,12d66b9e9500db450da7fba71358d53f0bd72954
117809_200w.jpg,200,279,portrait,none,21227,RGB,99639bd910d2ee4db6791eae52077fca6f1d4f3b
117810_200w.jpg,200,279,portrait,none,23230,RGB,7a8fc62c974d5290c51fe20bec05069ce7312020
117811_200w.jpg,200,279,portrait,none,23867,RGB,110f1351c21e581eb9722602a7e970c13824f2f4
117812_200w.jpg,200,279,portrait,none,28181,RGB,8c253221e461efa618110e5fa46db03d7cfcf161
117813_200w.jpg,200,279,portrait,none,25145,RGB,4bf6205599cc9aa07da88ec846c3dee24cf812a0
117814_200w.jpg,200,279,portrait,none,23260,RGB,aa31074b3784415070e55664e86e305f2d014302
117815_200w.jpg,200,279,portrait,none,25037,RGB,41a9b08b6ecd694d74e4216956143d2d73418a88
117816_200w.jpg,200,279,portrait,none,27027,RGB,83064fb72dad381a600557d982c7043e15987ca0
117835_200w.jpg,200,279,portrait,none,24926,RGB,cc49f68de27a34f962a702a224b60ad6b2ee8c83
117836_200w.jpg,200,279,portrait,none,26016,RGB,051a7d38d0a1c0a145349831263c29104095f81e
117837_200w.jpg,200,144,landscape,rotate_90_or_270,17682,RGB,58bf156aef18d40fdd6135dc9a05482bf3d5063d
117838_200w.jpg,200,279,portrait,none,26721,RGB,91cf33ec77ef6ed826ff7b8132c40c0b4e1f35c8
117839_200w.jpg,200,279,portrait,none,29922,RGB,9f3119de8bebcdcc5a6d18ea0be61835f4810f3e
117840_200w.jpg,200,279,portrait,none,23153,RGB,c2857746b8cb34dbe244c4997187636bcc881c3e
117841_200w.jpg,200,279,portrait,none,21448,RGB,455366e9cacf2e5110fa9216998b185908a9908d
117842_200w.jpg,200,279,portrait,none,22930,RGB,00277953acf3cdc26ccc822025efcd90be2e4d84
117843_200w.jpg,200,279,portrait,none,20695,RGB,4d227036e0b867fe926fe99d5bf0787ae377acba
117844_200w.jpg,200,279,portrait,none,30492,RGB,59daa8dfe75a67ae3ab0352b26cf9e0e4824532c
117845_200w.jpg,200,279,portrait,none,19917,RGB,5671fa5354b461bbd550be58e13c254fbacb924d
117846_200w.jpg,200,279,portrait,none,19860,RGB,2d8cf6a10c84c709532799fb143768e65071a732
117847_200w.jpg,200,279,portrait,none,29406,RGB,0895e1b2cbecabd73ec37c09a5d8cc758a98363c
117848_200w.jpg,200,279,portrait,none,27323,RGB,d8baf6ec4961c63dce0e1aa3c9525907b9ea97b0
117849_200w.jpg,200,279,portrait,none,24968,RGB,211d9d623282d9107161fa13b1e4534c134e3069
117850_200w.jpg,200,279,portrait,none,22249,RGB,d9af9523cd1e430f5677ce853fa040b9d5d90ed4
117851_200w.jpg,200,279,portrait,none,22882,RGB,027bb726b8f3b5d36695573d3f0521172aa5475d
117852_200w.jpg,200,279,portrait,none,23649,RGB,1635c1fa8cc3fb67eb67e0a23691a6ee9e112c67
117853_200w.jpg,200,279,portrait,none,24898,RGB,d6357201cb1ce2305e622f81823f4f9f54359609
117854_200w.jpg,200,144,landscape,rotate_90_or_270,16429,RGB,43670b7452f048692feb14477334471c61663dd4
117855_200w.jpg,200,279,portrait,none,20080,RGB,944585f4aee7ef90ea8dc78a7122abfb571c2d6a
117856_200w.jpg,200,279,portrait,none,22698,RGB,a4409df14cee1bc88ff8b9ce31b6d7b4a84f90e4
117857_200w.jpg,200,279,portrait,none,24651,RGB,9e4e0efde374bc69340e823ffacadeb6acec5b5b
117858_200w.jpg,200,279,portrait,none,26277,RGB,f45a757dd192ada88d76332949e620c9024f95d6
117859_200w.jpg,200,279,portrait,none,22100,RGB,91246ec43d5349361e4a8bb5031e58cd26196426
117860_200w.jpg,200,279,portrait,none,18709,RGB,e96d8c30ea2ebfaa94f839b0eacc37d9275f7bcd
117861_200w.jpg,200,279,portrait,none,22246,RGB,3d72970d10a7b1956693686fbc9b5ab67b3d7b30
117862_200w.jpg,200,279,portrait,none,22209,RGB,08dc27cd3cfecb840d7c8741d304b34e800dcfea
117863_200w.jpg,200,279,portrait,none,22759,RGB,41186c2f1ef0115b1420091628755a4cadfc8ffb
117864_200w.jpg,200,279,portrait,none,21647,RGB,de52d21043c46ccc05b4fa11593bb428b53849cd
117865_200w.jpg,200,279,portrait,none,22165,RGB,c0522cd3e1998559da6beeaa65b75cccdfb4cff1
117866_200w.jpg,200,279,portrait,none,21242,RGB,78ca20b142a8a9647e929a716773df2d0f75a246
117868_200w.jpg,200,279,portrait,none,20461,RGB,81206bce5a3237805bac9275b6dd5d8afd3f8b42
117869_200w.jpg,200,279,portrait,none,22377,RGB,1f125910c4b1897b57dcc879932b6730ad8bd36f
117870_200w.jpg,200,279,portrait,none,21295,RGB,0d4dcce0b0ec560e5eca1030a2b79a6f0a331b0c
117871_200w.jpg,200,279,portrait,none,19081,RGB,5ad411242b7c6695533c6722692bcf0d51032db8
117872_200w.jpg,200,279,portrait,none,20940,RGB,b9f7703e16d40f38c937ecc4fd9ea5d90537e67a
117873_200w.jpg,200,279,portrait,none,22137,RGB,8ce65f47eb45f75afa306bd9d0c5bbf5163977f4
117874_200w.jpg,200,279,portrait,none,22052,RGB,1b1b381757216c516e95bc6e6d473123be7a418b
117875_200w.jpg,200,279,portrait,none,21315,RGB,d851387bd2749e138872d531bfc6b583522bfe2c
117876_200w.jpg,200,279,portrait,none,21832,RGB,960711bb6f7b7eecc1045e1063e895f9a6e073ce
117877_200w.jpg,200,279,portrait,none,20018,RGB,d7fd6ff01eea3647cf4d02a940d4c32ac87b37c6
117878_200w.jpg,200,279,portrait,none,22353,RGB,966329bd567cad0abb50c5cb9f01d23cc4d4feb9
117879_200w.jpg,200,279,portrait,none,22564,RGB,c2716ebe48107f856a3c1d21d77f2e510e7cad9b
117880_200w.jpg,200,279,portrait,none,21412,RGB,ca384185a4f5b6ef0cc1dfdf32988576ad3936d4
117881_200w.jpg,200,279,portrait,none,20162,RGB,9768f6f18e3d7bc3a96e9510e1dece919c2412b6
117882_200w.jpg,200,279,portrait,none,19094,RGB,76ab878ac9cfdf29c71614be6f40d79fab9c1f13
117883_200w.jpg,200,279,portrait,none,21372,RGB,f79314a6f40b19e29ae94a7364d098cf86d6702a
117884_200w.jpg,200,279,portrait,none,26239,RGB,b49576b3b7cab141c1e501db1406d589b1beaa81
117885_200w.jpg,200,279,portrait,none,18765,RGB,20ccbbf15b9845b5e25f1a6c85085a1fe1e894a4
117886_200w.jpg,200,279,portrait,none,21498,RGB,c2eefc1b45749fa66a2831aae138955c1e3c27e8
117887_200w.jpg,200,279,portrait,none,21949,RGB,111e1f33650a1aa3fb7a6400e5dff948472ab737
117888_200w.jpg,200,279,portrait,none,28493,RGB,7a5f0708d3ddbb9a3a9d06001329c3c9e499ced8
117889_200w.jpg,200,279,portrait,none,26822,RGB,8bbc4f549e736655138dde507b29d7cda7290334
117890_200w.jpg,200,279,portrait,none,34285,RGB,fb030a02e211f5f51871755591ae2a44b7766a9c
117891_200w.jpg,200,279,portrait,none,25875,RGB,0f93c539762fddaed8f82857174aaf521b172e73
117892_200w.jpg,200,279,portrait,none,28117,RGB,7df58cf44e1d3626922f0a1c5e4056fb387ed4ba
117893_200w.jpg,200,279,portrait,none,30797,RGB,94408eb266a19dc4cfcba52b3622981f2434ca17
117894_200w.jpg,200,279,portrait,none,26109,RGB,d12960ddc6e13be91f814e614ef54945d5cecde6
117895_200w.jpg,200,279,portrait,none,24771,RGB,583c686d56326969c46b28c65225c058aa1e32fe
117896_200w.jpg,200,279,portrait,none,28166,RGB,d13d45404402d9364a1267d5b9db24f55916ba54
118404_200w.jpg,220,304,portrait,none,27157,RGB,68f7b480ab2a0ed318650eb7c6daecdcd1984db0
118775_200w.jpg,220,306,portrait,none,31157,RGB,af34bfd5c495f8be7159427d5652313c80c83c1e
118798_200w.jpg,220,307,portrait,none,24152,RGB,792f03a058fd35bca0718a7b8bdfcb94ad9a0c3d
118799_200w.jpg,220,307,portrait,none,24152,RGB,792f03a058fd35bca0718a7b8bdfcb94ad9a0c3d
118800_200w.jpg,220,307,portrait,none,14553,RGB,ba0ec0f543815a15d4d3043bbed681865451f32f
118801_200w.jpg,220,307,portrait,none,14553,RGB,ba0ec0f543815a15d4d3043bbed681865451f32f
118802_200w.jpg,220,307,portrait,none,14553,RGB,ba0ec0f543815a15d4d3043bbed681865451f32f
118803_200w.jpg,220,307,portrait,none,14553,RGB,ba0ec0f543815a15d4d3043bbed681865451f32f
118804_200w.jpg,220,307,portrait,none,14553,RGB,ba0ec0f543815a15d4d3043bbed681865451f32f
118805_200w.jpg,220,307,portrait,none,14553,RGB,ba0ec0f543815a15d4d3043bbed681865451f32f
118806_200w.jpg,220,307,portrait,none,14553,RGB,ba0ec0f543815a15d4d3043bbed681865451f32f
118807_200w.jpg,220,307,portrait,none,14553,RGB,ba0ec0f543815a15d4d3043bbed681865451f32f
118808_200w.jpg,220,307,portrait,none,14553,RGB,ba0ec0f543815a15d4d3043bbed681865451f32f
118809_200w.jpg,220,307,portrait,none,14553,RGB,ba0ec0f543815a15d4d3043bbed681865451f32f
118810_200w.jpg,220,307,portrait,none,25984,RGB,ce0c1fb34de042a99062802c1dc042ac01cd5be9
118811_200w.jpg,220,307,portrait,none,25984,RGB,ce0c1fb34de042a99062802c1dc042ac01cd5be9
118812_200w.jpg,220,307,portrait,none,21566,RGB,d63a8e6c1be474989f9a239f060d4c5ebb22c340
118813_200w.jpg,220,307,portrait,none,22331,RGB,7205b06a3fc1ea6a3e658b0dc9e222592be5b0f8
118814_200w.jpg,220,307,portrait,none,22331,RGB,7205b06a3fc1ea6a3e658b0dc9e222592be5b0f8
118815_200w.jpg,220,307,portrait,none,22161,RGB,09035a5da6dc7031679c73b0a7a570268b73a4a0
118816_200w.jpg,220,307,portrait,none,22161,RGB,09035a5da6dc7031679c73b0a7a570268b73a4a0
118817_200w.jpg,220,309,portrait,none,25457,RGB,fd102cc5321ff00da4657160c7e32fd686cdc697
118818_200w.jpg,220,309,portrait,none,25457,RGB,fd102cc5321ff00da4657160c7e32fd686cdc697
118819_200w.jpg,220,307,portrait,none,24075,RGB,8489696e27ee5ae2328cf346893eeeab413be36b
118820_200w.jpg,220,307,portrait,none,24159,RGB,89c3acf517d5b704a9c4382d347ce05958ad1f2f
118821_200w.jpg,220,308,portrait,none,24497,RGB,6116f229a42bfcf1bf8a67436bbb01d7e8bb00e5
118822_200w.jpg,220,308,portrait,none,24497,RGB,6116f229a42bfcf1bf8a67436bbb01d7e8bb00e5
118823_200w.jpg,220,309,portrait,none,25669,RGB,0775a0ce3837aa196abb73b0b89f7288a423d535
118824_200w.jpg,220,307,portrait,none,24924,RGB,1cca22af17ca60b0671f518f217ec1129e9f72e5
118825_200w.jpg,200,279,portrait,none,14344,RGB,7927444313487acdf1476e77aa7455c855d66e54
118826_200w.jpg,220,310,portrait,none,23344,RGB,76bd2abd174464f3b8fa18b46a758e62d3b9f456
118827_200w.jpg,220,309,portrait,none,21403,RGB,c83d8168b80913073f190c15fac2705b9b6588bc
118828_200w.jpg,220,307,portrait,none,16277,RGB,6e8fab3f4754d0a52b1ef4fdfdfa65aba4039e34
118829_200w.jpg,220,307,portrait,none,16277,RGB,6e8fab3f4754d0a52b1ef4fdfdfa65aba4039e34
118830_200w.jpg,220,307,portrait,none,16277,RGB,6e8fab3f4754d0a52b1ef4fdfdfa65aba4039e34
118831_200w.jpg,220,307,portrait,none,16277,RGB,6e8fab3f4754d0a52b1ef4fdfdfa65aba4039e34
118832_200w.jpg,220,307,portrait,none,8949,RGB,4f459bf9430f2a990acad3e5b34af10d10bc09c5
118833_200w.jpg,220,307,portrait,none,16277,RGB,6e8fab3f4754d0a52b1ef4fdfdfa65aba4039e34
118834_200w.jpg,220,307,portrait,none,16277,RGB,6e8fab3f4754d0a52b1ef4fdfdfa65aba4039e34
118835_200w.jpg,220,307,portrait,none,16277,RGB,6e8fab3f4754d0a52b1ef4fdfdfa65aba4039e34
118836_200w.jpg,220,307,portrait,none,16277,RGB,6e8fab3f4754d0a52b1ef4fdfdfa65aba4039e34
118837_200w.jpg,220,307,portrait,none,16277,RGB,6e8fab3f4754d0a52b1ef4fdfdfa65aba4039e34
118838_200w.jpg,220,307,portrait,none,16277,RGB,6e8fab3f4754d0a52b1ef4fdfdfa65aba4039e34
118839_200w.jpg,220,308,portrait,none,22944,RGB,e2015aedc2e4cf56edb46c88abd74993bbd577a6
118840_200w.jpg,220,304,portrait,none,25785,RGB,7b901696416246f67163b2f4c4d5e63718869dc8
118841_200w.jpg,220,304,portrait,none,25785,RGB,7b901696416246f67163b2f4c4d5e63718869dc8
118842_200w.jpg,220,306,portrait,none,24559,RGB,977fc239804f0d205c3daf0e2fb74b6675702943
118843_200w.jpg,220,306,portrait,none,24559,RGB,977fc239804f0d205c3daf0e2fb74b6675702943
118844_200w.jpg,220,308,portrait,none,26683,RGB,5156446f0da1a3d9985e700a1a58f113f607ffaa
118846_200w.jpg,220,307,portrait,none,28580,RGB,34d20681ee564c9063b88928c01f16ae81fb8aa3
118847_200w.jpg,220,307,portrait,none,28580,RGB,34d20681ee564c9063b88928c01f16ae81fb8aa3
118848_200w.jpg,220,307,portrait,none,25289,RGB,bf5610ee0cdc6a842fd6081d10605356805804c2
118849_200w.jpg,220,307,portrait,none,25289,RGB,bf5610ee0cdc6a842fd6081d10605356805804c2
118850_200w.jpg,220,307,portrait,none,24465,RGB,d48f2a27feccc9bbb152efe2c84917ae44968566
118851_200w.jpg,200,281,portrait,none,21764,RGB,44a238675b46e46168d6896656ddef6043703fce
118852_200w.jpg,220,306,portrait,none,21160,RGB,c4f06ca76e3d672e56fe93d1a0cb8efb02547e76
118853_200w.jpg,220,309,portrait,none,25506,RGB,00310e52f117c94510fc1839748af6633722a919
118854_200w.jpg,220,307,portrait,none,24080,RGB,4d0e52ac1547a38a3e7d054ee344c7b361b805d3
118855_200w.jpg,220,307,portrait,none,24080,RGB,4d0e52ac1547a38a3e7d054ee344c7b361b805d3
118856_200w.jpg,220,309,portrait,none,24008,RGB,19f11e053bb6fab982e114de5148aa4ec852f081
118857_200w.jpg,220,309,portrait,none,24008,RGB,19f11e053bb6fab982e114de5148aa4ec852f081
118859_200w.jpg,200,279,portrait,none,23429,RGB,56112ee49e4e87a8e25de88e2a102c350a0a9ae0
118860_200w.jpg,200,279,portrait,none,30645,RGB,e9e1e5e711b8a5477f76e83e2d7ec0a32147afa4
118861_200w.jpg,200,279,portrait,none,27226,RGB,ef274debf06d4a2da59653ce7addedc2a1a9a222
118862_200w.jpg,200,279,portrait,none,28348,RGB,1df2dd50c9233e6906f5974c29f8ed4bd9e4df24
118863_200w.jpg,200,279,portrait,none,24600,RGB,1e34ee84c2f3b3d228707259614baf8c146a0498
118864_200w.jpg,220,307,portrait,none,26556,RGB,72503f5b34e45b0b44975cafe833a90428d9aae8
118865_200w.jpg,200,279,portrait,none,26885,RGB,08ac03ff568f1367c1e203c0902e40016eca99b7
118866_200w.jpg,220,305,portrait,none,29089,RGB,050d46bd70c2591bf6d6c2cac3fd50504f405529
118867_200w.jpg,220,304,portrait,none,26483,RGB,bf3f102ee9a97a776e0a9071736205dddd94f979
118868_200w.jpg,200,279,portrait,none,24541,RGB,797b30826bb01aad194931ac5fabc4308f818574
118869_200w.jpg,200,279,portrait,none,25197,RGB,0a32ddfe18dc01456ef16061d0a7360a40e4e7bd
118870_200w.jpg,220,309,portrait,none,30056,RGB,17f3e1923926cdaa135a913d30ae107eeee6aab8
118871_200w.jpg,200,279,portrait,none,31606,RGB,33c9e09c80e61c2679a3fabac48356b283038e5d
118872_200w.jpg,200,279,portrait,none,19790,RGB,077dc28b05408bf25d293476980dbda6e4d2b716
118873_200w.jpg,200,279,portrait,none,21243,RGB,0d84b266b284b52836c6fadea782e19006bf9d5e
118874_200w.jpg,200,279,portrait,none,24338,RGB,293280d5d710fb2f5106067f8e5519bff5ff05fd
118875_200w.jpg,200,279,portrait,none,23216,RGB,08d017bc7f8d14d79f6b199cfa5838fa5ff3207d
118882_200w.jpg,220,298,portrait,none,28354,RGB,4edbe67b6b69619c2395d298c2c6e3d4abc89cd1
119012_200w.jpg,220,308,portrait,none,28437,RGB,cb381f8c88e2b9fbf65194aa61ec53eeb43c97c5
120115_200w.jpg,200,279,portrait,none,26133,RGB,8a3001965049fb1bf6124b04f48bd9895b9720c6
120150_200w.jpg,200,144,landscape,rotate_90_or_270,15948,RGB,219fa0d88f8ae79ad3628d7f8076b80716c21c15
120151_200w.jpg,200,279,portrait,none,30264,RGB,24ffcd10b53fcf3d13704a1e7e873e553ff673ce
120152_200w.jpg,200,279,portrait,none,26239,RGB,3641254c5371935cd8bcdab1f3450440fb35facd
120153_200w.jpg,200,279,portrait,none,25947,RGB,cc678f4062fff8457265c873d8d528642b33c0f2
120154_200w.jpg,200,279,portrait,none,26503,RGB,0cadcbfd769ddeb9868e27b1b03764e649936a6a
120155_200w.jpg,200,279,portrait,none,30712,RGB,ae90a4c829e855571cb9b9cb3bdf0b1dfe3ad2ce
120156_200w.jpg,200,279,portrait,none,22542,RGB,64500492b338733de376f9953229bae12ea61b77
120157_200w.jpg,200,279,portrait,none,20630,RGB,0543f1ccabe3e329f0c4247703f0569f8d1748cd
120701_200w.jpg,200,279,portrait,none,33681,RGB,287bf4ccee341a3f10de4d98e59442e4822d17a3
120990_200w.jpg,200,279,portrait,none,24419,RGB,06199e3d3d5708913b8b2fdcf29a8f665fb0dad0
120991_200w.jpg,200,279,portrait,none,22449,RGB,47b07fb65bc6be1fe13374956ec0c63661628dd6
120992_200w.jpg,200,279,portrait,none,20303,RGB,2e335070b17a1d5e2413b31a329243af20c7113f
120993_200w.jpg,200,279,portrait,none,18896,RGB,9023245684ada4c080fbbf8d9965327c73570de7
120994_200w.jpg,200,279,portrait,none,19852,RGB,fafe07630d0e7c6a955adb050f2ccbeea4ed3b40
120995_200w.jpg,200,279,portrait,none,19799,RGB,61a362ca1903017e343dea826566da3f4b08e5e3
120996_200w.jpg,200,279,portrait,none,23534,RGB,317397038b7a564eb533ae5d7f0b49bec9d58ba4
120997_200w.jpg,200,144,landscape,rotate_90_or_270,15887,RGB,ed8727ad2f8cef268ea9d09f5e055f135f40ab1a
120998_200w.jpg,200,279,portrait,none,19820,RGB,302edc4913db4a7525b585e64e49514ec012b394
120999_200w.jpg,200,279,portrait,none,22871,RGB,812196b61febec8d0cb9332c8cb8b0cc9bbe1b27
121000_200w.jpg,200,279,portrait,none,25503,RGB,d7c81f083fbcfebeecba062e5ca02bc64dd55471
121001_200w.jpg,200,279,portrait,none,20436,RGB,debea1dabddf09238f49a5c49dbf796af94c63e0
121002_200w.jpg,200,279,portrait,none,21878,RGB,460b77de3e857eea16e6f5922711bf4168c2c8a6
121003_200w.jpg,200,279,portrait,none,21746,RGB,25fd5efadb297500486a46153cd3e2cab41c74e7
121004_200w.jpg,200,279,portrait,none,23578,RGB,173a6ef5b4c9c4855f034d57cfe44f5289802e67
121005_200w.jpg,200,279,portrait,none,20277,RGB,36eb3adfb7d50dd9f1aa946369593b06dc2b317c
121006_200w.jpg,200,279,portrait,none,23480,RGB,9ca296284dbb8ffb95fe299951f6cab93be4c820
121007_200w.jpg,200,279,portrait,none,21602,RGB,d299694b60edf88303821474ceb6cba686e9acf9
121008_200w.jpg,200,279,portrait,none,22203,RGB,6c61dfb9c2527c0080f2ee06ec68aa01b4e020f7
121009_200w.jpg,200,279,portrait,none,25479,RGB,cad777e532295340f0e1e8e2d63c7a69df8e07ab
121010_200w.jpg,200,279,portrait,none,20188,RGB,4d81cbc91cbcf8be0a747e0f6771c15353ebfa25
121011_200w.jpg,200,279,portrait,none,23686,RGB,46c7b9e999025570ba4548b3f1ac4e8bbd707f5a
121012_200w.jpg,200,144,landscape,rotate_90_or_270,15160,RGB,258bf348e9fb3b49ad8beaf87537c4657093c437
121013_200w.jpg,200,279,portrait,none,23447,RGB,40c6f6f0062f22646bf90b6935cd9b189516d468
121014_200w.jpg,200,279,portrait,none,24159,RGB,337981344b1a8bc809037293f0005f10c4fa44a2
121015_200w.jpg,200,279,portrait,none,22017,RGB,3caef24c0d8ee620e2d5db91e348018418ff9038
121016_200w.jpg,200,279,portrait,none,24762,RGB,c4f2491d42250cf46f5d163b0dd641344ef13743
121017_200w.jpg,200,279,portrait,none,21193,RGB,c3cc3e8910e0d57023b043b6f1f42e2691fa2ff9
121018_200w.jpg,200,279,portrait,none,22201,RGB,d10f4a6b8a962c0694a3447c68cbb701a1fa7153
121019_200w.jpg,200,279,portrait,none,24516,RGB,1fcff5821814b2c17194a70985448380f48d4e3f
121020_200w.jpg,200,279,portrait,none,24029,RGB,075ee34a93f7986e8098187c4ced9b034d042e9b
121021_200w.jpg,200,279,portrait,none,21732,RGB,3a3fb8a4fe69daac552b4022565c5e669cbd2019
121022_200w.jpg,200,144,landscape,rotate_90_or_270,16293,RGB,d63b95df22b7be1df71dfac9a94adda0e55b0e9a
121125_200w.jpg,200,279,portrait,none,22602,RGB,67104682d9881a51786f4543ddbf8098a6625c8b
121126_200w.jpg,200,279,portrait,none,26844,RGB,6bca162270c99157f5235b2fdc2de50e59ad7abc
121127_200w.jpg,200,279,portrait,none,22145,RGB,c234c0c6c49c48d4956c07e8d9d1c310347bfc12
121128_200w.jpg,200,279,portrait,none,21962,RGB,f29106e9d065c7fb6e5555583daeada1d27c61dd
121129_200w.jpg,200,279,portrait,none,24501,RGB,5ca3b9b7321dac03094eea462c4a812bdcfd6b57
121130_200w.jpg,200,279,portrait,none,20957,RGB,34454418b0c276c42634b936d018774dff017e23
121131_200w.jpg,200,279,portrait,none,25327,RGB,4bead5c2dfb588b9614cbc93de33f3fedc4f2e4f
121132_200w.jpg,200,279,portrait,none,21261,RGB,80052c2f5966e73130e2c9e6247a23b87e379f40
121133_200w.jpg,200,279,portrait,none,20160,RGB,29815f4ef69b41f836f48861e401029ec5efde24
121134_200w.jpg,200,279,portrait,none,25070,RGB,7aa40f8bdb36e3c2a6012acaadc8e42c84f1355b
121135_200w.jpg,200,279,portrait,none,21304,RGB,e32c8f3cc6a04515de672be40f634f742714d477
121136_200w.jpg,200,279,portrait,none,20608,RGB,c92cf21776c80640429b05ee25043aad15dcf3bb
121137_200w.jpg,200,279,portrait,none,17795,RGB,9ada0cfc63e0b9c1ea451077f93b0307c4f604ef
121138_200w.jpg,200,279,portrait,none,20604,RGB,75d73faaade10220f9e25bced216f7ada10c59bb
121139_200w.jpg,200,279,portrait,none,24967,RGB,f6a52229b83e174fd50c847cec77a5a85c1ee568
121140_200w.jpg,200,279,portrait,none,22556,RGB,f3b1f1bcd9fc9afa59a76feaa1a97ee71cd050a2
121141_200w.jpg,200,279,portrait,none,22855,RGB,d92a11a52072b56bf02d6f21bb4de8b0b13cd920
121183_200w.jpg,200,279,portrait,none,25141,RGB,da949c0f5578c9f07e159615156c9769b397088b
121184_200w.jpg,200,279,portrait,none,19795,RGB,25edf5c1243a0fcbbbe40698ab88826c229c315b
121185_200w.jpg,200,279,portrait,none,21815,RGB,237a2b5d011c5bdf6621d34385102dd7b3156282
121186_200w.jpg,200,279,portrait,none,24474,RGB,bc7123e30fc24b9e0dd5c76022529f371d0ab4ea
121187_200w.jpg,200,279,portrait,none,24043,RGB,c4b6a4bd1a802f320f47dbd92d0850c34d43f5e1
121188_200w.jpg,200,279,portrait,none,22440,RGB,39871583412fcb7f0ca471ad0eb0dc2321cae916
121189_200w.jpg,200,279,portrait,none,24479,RGB,cc1923d50d146d188dfef1b924de5400cea9276b
121190_200w.jpg,200,279,portrait,none,21868,RGB,259885c4c2a177f54adf59c3bcd9f982ca78c0fe
121191_200w.jpg,200,279,portrait,none,23269,RGB,50dd449b0c4aed13d1b9ba5a66484ff33ace89b1
121192_200w.jpg,200,279,portrait,none,24828,RGB,d0764be6c42842bcc6c0a7b8eb04069bbd6e59e9
121193_200w.jpg,200,279,portrait,none,20117,RGB,a4c15e60071a801b491b4ef82b71d9255ac7bcab
121194_200w.jpg,200,279,portrait,none,24680,RGB,e4741acc355db8f30662071f2b056a8b46c72a1a
121195_200w.jpg,200,144,landscape,rotate_90_or_270,19084,RGB,cf9441790b5f0e09347c21e157ab0d18335b1d67
121196_200w.jpg,200,279,portrait,none,30120,RGB,bfc131a0103bc4c893a327b8ef6e84b28a6ded69
121197_200w.jpg,200,279,portrait,none,33933,RGB,260b42e9fdaf63e1084a6ec921f3a10a0d93eac7
121198_200w.jpg,200,279,portrait,none,25852,RGB,9cb2a77c42f44e9491fa16415f17a0b77bd2abd7
121199_200w.jpg,200,279,portrait,none,27211,RGB,7245dc16a5406f0b67b0b54e89f8b45dffdbad47
121200_200w.jpg,200,279,portrait,none,21045,RGB,3f39fcb14ee408ea8731b6278266610310bbcc48
121201_200w.jpg,200,279,portrait,none,26536,RGB,016c49a4bd95edafe6e8dfede7f12567c003b917
121202_200w.jpg,200,279,portrait,none,27229,RGB,5d6dfb0a146f5546348947bcbb45d9c29dff08e6
121203_200w.jpg,200,279,portrait,none,23283,RGB,f5fd5f39257b95b3b840a5577601cd4bff93fce9
121204_200w.jpg,200,279,portrait,none,30480,RGB,0ade3fb8c33ef174178daf2cccfd2f8087949b6d
121205_200w.jpg,200,279,portrait,none,22122,RGB,a0bb8a6d7e55532afc591e12d50928a11e34ec6c
121206_200w.jpg,200,279,portrait,none,25832,RGB,dc3d1b8e7e19f7ae985f2f8e6d2e9a4ad3a07851
121207_200w.jpg,200,279,portrait,none,24574,RGB,a04270a9aaac1983275c52076d5b062aa989ddb9
121208_200w.jpg,200,144,landscape,rotate_90_or_270,16148,RGB,ca02ba29e7d80a3bcfc1e536069ca7002c5d4663
121209_200w.jpg,200,279,portrait,none,22267,RGB,aaf9be83cc5d27ae23f384e7d0018ef26957f2f7
121210_200w.jpg,200,279,portrait,none,20908,RGB,82738e584cdeab4cad7ce1aa329d6912dfa53390
121211_200w.jpg,200,279,portrait,none,23332,RGB,2d782cca194cc232132e124a95eafc00638da652
121212_200w.jpg,200,279,portrait,none,24490,RGB,680d1a0fb2bf00631d59e7837a65b9642beb5eef
121213_200w.jpg,200,144,landscape,rotate_90_or_270,17897,RGB,042b79cfe1b07822d5ce4f56a9d2fbf40bd7a408
121214_200w.jpg,200,279,portrait,none,24895,RGB,dc8e34c9dc4f439cda00a7dda75a1cce22004083
121215_200w.jpg,200,279,portrait,none,23184,RGB,7a0459cd20d9c171d606d772af0ec85a1c61a630
121216_200w.jpg,200,279,portrait,none,24511,RGB,133b4a0ce0aff59b1e704b2665ca41e2baed39a8
121217_200w.jpg,200,279,portrait,none,21282,RGB,4e38b2033284b9b36f83da03c73507907da0afee
121218_200w.jpg,200,279,portrait,none,17996,RGB,18569c3b818fc55b5ae807c720ab70c0c790c20a
121219_200w.jpg,200,279,portrait,none,23124,RGB,63e16517c7ac0ddedabc23a94f8a930163fc815a
121220_200w.jpg,200,279,portrait,none,21353,RGB,f37410efab0ddb88771239345a0845fd6df21b56
121221_200w.jpg,200,279,portrait,none,23653,RGB,480e5bf0f93b87fe969e27b4c213bc9c896bb62e
121222_200w.jpg,200,279,portrait,none,23840,RGB,1f2ffd4f95bfdb59251e1ae256b72d6840befa0f
121223_200w.jpg,200,279,portrait,none,22521,RGB,678f072bdbdd889946f9b798bf9bcf29271da203
121224_200w.jpg,200,279,portrait,none,20849,RGB,8cef508457b3b6e9b9d5875d25722fb510b107f1
121225_200w.jpg,200,279,portrait,none,21709,RGB,1289e5403bc1384a2399c7185f2a7f66fcca0ae8
121226_200w.jpg,200,279,portrait,none,19390,RGB,5347b8b42b50844bb01fde950918ea5ad198a708
121227_200w.jpg,200,279,portrait,none,23249,RGB,a28a1cf3bc5b8fcbeec03d3ed08d04bd305f2ecd
121228_200w.jpg,200,279,portrait,none,22112,RGB,6d808fc3324ab5e1eb04a74e7c6e7f331b377a10
121229_200w.jpg,200,279,portrait,none,21769,RGB,bc882ca152a92df7ef53f1cf981d914a2057a791
121230_200w.jpg,200,279,portrait,none,23515,RGB,d34b85956028d3db3c2c3582208b12729ffa27d7
121231_200w.jpg,200,279,portrait,none,30835,RGB,bf8eef1c3ae30c4fa1e0469b2a4eed098f99e611
121232_200w.jpg,200,279,portrait,none,26764,RGB,ae86b67ce54377f638802e5a603d5e0af07eaba1
121233_200w.jpg,200,279,portrait,none,34230,RGB,9bdf62cd0c3ad2beac92a8ce199f5765bb8dc178
121234_200w.jpg,200,279,portrait,none,28508,RGB,71afb02a396635c86c6821e7fe2439082d037a9d
121235_200w.jpg,200,279,portrait,none,24239,RGB,a9bcda57cc85bb620f7698326867fbad610d867b
121236_200w.jpg,200,279,portrait,none,32333,RGB,7e4203e4dc601889f06a768cd0762cd2c631aa34
121237_200w.jpg,200,279,portrait,none,24776,RGB,55bacb0e25b890ef60fda7d896551042237be60e
121238_200w.jpg,200,279,portrait,none,27134,RGB,bb76e774c5f1c5b3d844f28b1982d7a08a8c2c92
121239_200w.jpg,200,279,portrait,none,30594,RGB,0e942a6f53c6f3965c0ac973c6bb80025cb865fa
121240_200w.jpg,200,279,portrait,none,27788,RGB,6681b87ae94a4f23e475f339eedf45c41f5f4771
121364_200w.jpg,200,279,portrait,none,25800,RGB,32e870653628a578cda2dfeec5ca728eb5dfcc32
121772_200w.jpg,200,280,portrait,none,24758,RGB,0c1f37eb15ee5ab39c6f90babddac11610ea8d3d
121946_200w.jpg,200,279,portrait,none,24674,RGB,4ad0ab74531e4d9aad71beb671181e46e50f4642
121947_200w.jpg,200,279,portrait,none,30534,RGB,5b3b4466bd24d26ab2de33d284f59720785588ec
121948_200w.jpg,200,279,portrait,none,23582,RGB,d29c8172d93b2970f0c39649c28f53ba06ad6b21
121949_200w.jpg,200,144,landscape,rotate_90_or_270,16254,RGB,475f1cb8df561314c621d89ce5b3f3e5ebd55229
121950_200w.jpg,200,279,portrait,none,21991,RGB,e834545cb88a42bb8391d67750e1dc8db914495a
121952_200w.jpg,200,279,portrait,none,27695,RGB,57f7ae996bc8630413644bc0e946a131ebbe4da7
121953_200w.jpg,200,279,portrait,none,28117,RGB,612b5f37d53bf59cc12fa0369ec9a13e5af32385
121954_200w.jpg,200,279,portrait,none,29966,RGB,e0d462e93a88986baa8d516821df8fbfca084119
121955_200w.jpg,200,279,portrait,none,23994,RGB,1b371cd005b66aacd898d375827678b60c2df213
121963_200w.jpg,200,144,landscape,rotate_90_or_270,14905,RGB,024000bb0a4d0b391a10421bf8298b611df24a13
123183_200w.jpg,220,307,portrait,none,31142,RGB,24962b9be3d97dfda4d579807f1c2799ee94cb7a
123184_200w.jpg,220,307,portrait,none,30363,RGB,a9c9855bed73160a63f42c5601f41fe5b263e6ee
123185_200w.jpg,220,307,portrait,none,30242,RGB,48ead32a7be9cfd72acc5c3b4dc8ee75eea6414a
123186_200w.jpg,220,307,portrait,none,30609,RGB,707ea49e8a20d31d2462fd05f6eadd0af63cb974
123187_200w.jpg,220,306,portrait,none,29568,RGB,e3b93a6bc1de903d32760854ea135d492304cbcf
123188_200w.jpg,220,307,portrait,none,29625,RGB,716b277f1b957d98bcba2c2898132f9f610c1c37
123189_200w.jpg,220,306,portrait,none,32754,RGB,4dcbddd18ab4ca260bb9648069269d0de2bfc028
123190_200w.jpg,220,307,portrait,none,31578,RGB,271c6e41b59724deab2c55d54be530800eaef9a1
123191_200w.jpg,220,306,portrait,none,32003,RGB,624c78f66bb74775c5c46e588148060e845c0da0
123192_200w.jpg,220,311,portrait,none,29287,RGB,47a1986b7435c3df568520d3b3d45b43d7a3e992
123193_200w.jpg,220,308,portrait,none,28839,RGB,aeee98cb9f2205e3b46501c06d5ac77b420bc2f3
123194_200w.jpg,220,305,portrait,none,31568,RGB,e837666e6d5db357696f3a23046c9c90daa27c27
123195_200w.jpg,220,313,portrait,none,27232,RGB,03fdb359e20d60a93267f55800fea47031eab1cc
123196_200w.jpg,220,305,portrait,none,30901,RGB,19fffb9cdb026629cd85428f0b825bfc0132f7e9
123434_200w.jpg,200,279,portrait,none,26599,RGB,63fc5f43229a2e8b9e1cedd02c5879c3b7013e01
123435_200w.jpg,200,279,portrait,none,27851,RGB,af5004e1f8249cbab922cd2f5081082565dd42ba
123436_200w.jpg,200,279,portrait,none,28535,RGB,121f256b69278418e03d34e8ba67be92d2884653
123437_200w.jpg,200,279,portrait,none,22766,RGB,73fd6a31ab554385619818a6702172f97b983fd9
123438_200w.jpg,200,279,portrait,none,21033,RGB,bafd1e08a12a0386de23e6ee44306195c974f84b
123443_200w.jpg,220,305,portrait,none,26849,RGB,a0dbd18fbd1de9f0ea2336fa8aa052a9ba8dc366
123444_200w.jpg,220,309,portrait,none,26297,RGB,b1d60ac7f8b3b00db5d297eca9b266479c8c2536
123445_200w.jpg,220,298,portrait,none,29597,RGB,7009075b482e104311b444b4ab7772e07ea93525
123453_200w.jpg,200,279,portrait,none,29409,RGB,c3d245faa63f78e5e53fd21a7db49f5c3bde43e5
123454_200w.jpg,200,279,portrait,none,25325,RGB,52cee2069be4c806821433b1a8c19afd4ac98492
123455_200w.jpg,200,279,portrait,none,30543,RGB,1c0af87e3763c8a5ffcbc7d850ce7ab22d12fd7e
123456_200w.jpg,220,307,portrait,none,27940,RGB,b6cff01b0e9de1545e0df52d6f3af4387f948e04
123457_200w.jpg,220,307,portrait,none,26204,RGB,42047e9d31889504555dd1bc342acd5abbde392f
123458_200w.jpg,220,307,portrait,none,30152,RGB,7b5ac9a87f7d6cc680516fa22841d23030305676
123459_200w.jpg,220,307,portrait,none,29001,RGB,499643980d20f8329429d591c6dac80c186d1be3
123460_200w.jpg,220,307,portrait,none,28207,RGB,6850fb5250e828352793a84106f193500034a4f4
123461_200w.jpg,220,307,portrait,none,30015,RGB,7451d2434b0c18ffeec49682be3c925ab708c867
123462_200w.jpg,200,277,portrait,none,22126,RGB,f650b07dbb09861af23fe9af594db77fe3bd281a
123463_200w.jpg,220,307,portrait,none,26833,RGB,69ef5b6868539e006d72ad634b687817ca00c04e
123464_200w.jpg,220,307,portrait,none,25173,RGB,169ffa05a429e538f6d92c791cd30ce93a1ab5e1
123465_200w.jpg,220,307,portrait,none,26690,RGB,51a8ed9406a759bbfc7f99bfb866e7f0b4949824
123466_200w.jpg,220,307,portrait,none,26987,RGB,62526b9adfcc02c7df95b7ecf16b40a062d58469
123467_200w.jpg,220,307,portrait,none,25946,RGB,0988471916c9d63018137705608447b8cac14621
123468_200w.jpg,220,306,portrait,none,27456,RGB,cd2896a31c3ab3fb08b0cef89dbc8ab206b93c3c
123469_200w.jpg,220,304,portrait,none,32818,RGB,e1d119848692e0f883ca69df9711c8bd91c2b611
123470_200w.jpg,220,307,portrait,none,28021,RGB,34eb932d8e1252f3599bcb49b807c5c1b446009d
123471_200w.jpg,220,307,portrait,none,28552,RGB,d68b1acf7c6fec7ab1a8762966d029b866fa52d2
123472_200w.jpg,220,307,portrait,none,28759,RGB,d48f1fc9975b7b9c819a80eab8514897a0188980
123473_200w.jpg,220,307,portrait,none,25050,RGB,b9c21d84cdf713c1df5e5e6998e596aaf15fe450
123474_200w.jpg,220,307,portrait,none,26158,RGB,a04d5a6ac4f33459bb0ed30a913ba7a9429f0e94
123475_200w.jpg,220,307,portrait,none,27377,RGB,b987871b7aba524534db6dc758d5837b657ffebd
123478_200w.jpg,220,307,portrait,none,30166,RGB,c284cdc2a6ef11b60993ffda4de74de5ea2cd3f9
123479_200w.jpg,200,279,portrait,none,23811,RGB,e3f897ec89ed70fe177b7e73ba7d2afd2f5f70c1
123622_200w.jpg,220,308,portrait,none,24548,RGB,48e4a4903f9880c4ff904859a72e7957c07dc324
123623_200w.jpg,220,307,portrait,none,25662,RGB,c1bc0f60f10c5ec67e967e20e55ea1c77926db9e
123624_200w.jpg,220,307,portrait,none,28202,RGB,a3781049f2ee044f4f19995d6386b9c2b846d47d
123625_200w.jpg,220,307,portrait,none,26259,RGB,84f854f80e0de1b7b56ada719f6a70a38a6e0e62
123626_200w.jpg,220,307,portrait,none,30804,RGB,6a49bcd53daaf3594e971410ff17b6e2c01622a5
123627_200w.jpg,220,307,portrait,none,28160,RGB,7e041559a3f16a126e59378938a82ae06dbcb418
123628_200w.jpg,220,307,portrait,none,26425,RGB,69516077f2d5c0e4d8f76afe7b79c80f3f62a4af
123629_200w.jpg,220,307,portrait,none,27550,RGB,a8ef1dad5531e21947208bf45cb49ca26cf625ab
123630_200w.jpg,220,307,portrait,none,26853,RGB,3942147f879260aa5acfde108a3836cd8a8d6552
123631_200w.jpg,220,304,portrait,none,26398,RGB,10e0f2e1bc4667e804a90e3250ee3596a9be2d87
123632_200w.jpg,220,307,portrait,none,29620,RGB,088a936aa1014b428ac300c7eacc5026fca99af6
123633_200w.jpg,220,307,portrait,none,25576,RGB,ca326fd6e61afcd064237bb9d04dd8737eb49c9c
123634_200w.jpg,220,306,portrait,none,25266,RGB,69202e196561c95abcf96f811f81594a67559e2a
123636_200w.jpg,200,279,portrait,none,23365,RGB,1a52fb7fb701bed005e12a0d5d89e9baa94998c6
124014_200w.jpg,200,279,portrait,none,24980,RGB,1c0d3daa52fab4ba757f70c5298dab195aa430f3
124015_200w.jpg,200,279,portrait,none,31387,RGB,8ee80ab1063b0e6f34866819d370e23db997b05e
124016_200w.jpg,200,279,portrait,none,22445,RGB,b1ca083d679e445bf3454338a6d47dd6685f322c
124017_200w.jpg,200,279,portrait,none,23815,RGB,84d43494578d304628f7371f6afe29dc96fa30ff
124018_200w.jpg,200,279,portrait,none,23609,RGB,3673b26c21473d57313785e5377afb62e38b89a7
124019_200w.jpg,200,279,portrait,none,23759,RGB,dd690418b2da0b441e8ce19455b859d55cd9ea1f
124020_200w.jpg,200,279,portrait,none,27075,RGB,d4f2e0734c62e496879677cf56b114bbdb696f63
124021_200w.jpg,200,279,portrait,none,25715,RGB,fa34a9c5931710b9490e14ed7591841ff6c0e23f
124022_200w.jpg,200,279,portrait,none,21071,RGB,6bbe7996c585faf7cac2760a2f40814eabc3fc93
124023_200w.jpg,200,279,portrait,none,23151,RGB,020a4ce9cc42a186f6c755a78aacff360b368815
124024_200w.jpg,200,279,portrait,none,26476,RGB,d2cf3e5870bb60a39980a34d8b966078e9dd9be7
124025_200w.jpg,200,279,portrait,none,33164,RGB,0d8ca5e37d1038283bec3009434218ba9972ce7c
124026_200w.jpg,200,279,portrait,none,25022,RGB,2ec1480831c1b39bdff77f617fa0e4febdd77254
124027_200w.jpg,200,279,portrait,none,21369,RGB,abd7365a52ef2ea93cf51851fc8e015359806010
124028_200w.jpg,200,279,portrait,none,25024,RGB,cd72ead60c29bdadd4596fbd03c57c6d7070d91f
124029_200w.jpg,200,144,landscape,rotate_90_or_270,15698,RGB,3217584a5d0eaeb72beffd96818506358e6738df
124030_200w.jpg,200,279,portrait,none,22477,RGB,9031e7a7f05767eada15cbf2dc9c2d9c9b1aa4cb
124031_200w.jpg,200,279,portrait,none,25580,RGB,537d97629e6a1e2a728da8f4ce025b25b3270c9c
124032_200w.jpg,200,279,portrait,none,19724,RGB,217fe427404095c6526d9f795a8306c323831893
124033_200w.jpg,200,279,portrait,none,23080,RGB,720f7380344784c44d0a9cb624af06dceb4bdf20
124034_200w.jpg,200,279,portrait,none,28046,RGB,5c60621d5288458dec74ccda4b5edbc4f528b46a
124035_200w.jpg,200,279,portrait,none,33655,RGB,003fc8d2ec4bffd493494524fcf5b3fa88d11734
124036_200w.jpg,200,279,portrait,none,22385,RGB,ab34fb95f00f2fbd593b7ebf8aeddac8cd9f6e22
124037_200w.jpg,200,279,portrait,none,26585,RGB,e8538f1d867917e4fa725adf6073c3aafbf3c352
124038_200w.jpg,200,279,portrait,none,27102,RGB,554f0828686311157a51995cf3ac7e07d2add2f4
124039_200w.jpg,200,279,portrait,none,29502,RGB,621ea7126cc5a8223f660a3206853c4acf4f76be
124040_200w.jpg,200,279,portrait,none,33009,RGB,535f8da4edc05afafbafb8fbcccb8b4ce72c58c5
124041_200w.jpg,200,279,portrait,none,23985,RGB,791fb326e7e071420595c374cca5a34b0133a7b5
124042_200w.jpg,200,279,portrait,none,25429,RGB,d03b8598d8abfb4f435f2e490525ad9671e8f83d
124043_200w.jpg,200,279,portrait,none,21927,RGB,b07ecccd4acefc7fb6b24f19dc43d79d6f1307c9
124044_200w.jpg,200,279,portrait,none,22881,RGB,4282f5a8bd5acd7dd795cdf778d72e8b15e56639
124045_200w.jpg,200,144,landscape,rotate_90_or_270,15339,RGB,7ab7858b8527926f0cf4e6c718556ba7ade1c3c8
124046_200w.jpg,200,279,portrait,none,24789,RGB,e60445fe2ca55508362550b8e42428d82e31b8df
124047_200w.jpg,200,279,portrait,none,27276,RGB,a3fc8c42bddf21a5691a4a0fbd0553021317130d
124048_200w.jpg,200,279,portrait,none,21094,RGB,1544e19f5bd7b10329c65d2b5c94d034376a7930
124049_200w.jpg,200,279,portrait,none,26354,RGB,5a15e735239f49426a4448329fea64bea0843fc6
124050_200w.jpg,200,279,portrait,none,19953,RGB,66723d5a353f9c51ac5358904441126c93050bf9
124051_200w.jpg,200,279,portrait,none,21881,RGB,8bf33dd15f38942c509ee9178b396ad79860bc33
124052_200w.jpg,200,279,portrait,none,19562,RGB,c2ed2c45de5e2300ddea99d4094ab6bb232fd784
124053_200w.jpg,200,279,portrait,none,22354,RGB,c21ed822325933bf37434bbbd38f4f21a67e4951
124054_200w.jpg,200,279,portrait,none,23331,RGB,a8a90927303983406206c91ca2df923000ca9be8
124055_200w.jpg,200,279,portrait,none,24772,RGB,2a08e2954da21568f355d1123fd15e75a4930591
124056_200w.jpg,200,279,portrait,none,20157,RGB,53aeb33afc34926142c618a797e802e1b271f479
124057_200w.jpg,200,279,portrait,none,22758,RGB,cb529baa7771bd381c1742c0135cf89c6ec32468
124058_200w.jpg,200,279,portrait,none,25030,RGB,f9572c825d0ee63963ebb012273271fbc02d5c48
124059_200w.jpg,200,144,landscape,rotate_90_or_270,15971,RGB,09f1d1288107d13e15e6280effc767b17862a058
124060_200w.jpg,200,279,portrait,none,19402,RGB,7c13de35fb74035abd2333adf22bc86ea226826d
124061_200w.jpg,200,279,portrait,none,19222,RGB,8290f7c5da5214110d86640579a32ba0eac462b2
124062_200w.jpg,200,279,portrait,none,21162,RGB,951a8a22e32f4246eccb2640c0c106580eb9d1f0
124063_200w.jpg,200,279,portrait,none,22111,RGB,960e5628606650b66e086b95ef1c542619b3f455
124064_200w.jpg,200,279,portrait,none,23371,RGB,b08ae28927d9d70509367a066e3a83658bc0f6d8
124065_200w.jpg,200,279,portrait,none,25299,RGB,eb70b26364c185f850370f236a5fc4976e32680b
124066_200w.jpg,200,279,portrait,none,22939,RGB,af2a9ccb793548e5ff8952e18a702e0493d4f365
124067_200w.jpg,200,279,portrait,none,22551,RGB,eeb53e185abe1bff1672a87069155472a032bf05
124068_200w.jpg,200,279,portrait,none,21681,RGB,b696b903afe6a2e5a59070982c91f989a068ff17
124069_200w.jpg,200,279,portrait,none,21750,RGB,7a324d71298a72937b1d5844e561ba3ec4afcee5
124070_200w.jpg,200,279,portrait,none,20334,RGB,05b3cae457f267185dcea593c48dc4c757371f49
124071_200w.jpg,200,279,portrait,none,24729,RGB,9e164ed5a50928149337d6c4c7f8b3de98e49abf
124072_200w.jpg,200,279,portrait,none,25447,RGB,21cf6ca77f454befecb643b2e1743107eb2cafe4
124073_200w.jpg,200,144,landscape,rotate_90_or_270,15699,RGB,4d15d104f7bc439ae5bc32063e8eb80c263a16f1
124074_200w.jpg,200,279,portrait,none,23814,RGB,ac896d9be6b97cb586bd2d02602339a6e72cc8ae
124075_200w.jpg,200,279,portrait,none,19426,RGB,0528aa9a75c696434422e22c8bb6186d005b3183
124076_200w.jpg,200,279,portrait,none,20896,RGB,435ef9ae313731e6428895c78c4fc5c273f3a7e4
124077_200w.jpg,200,279,portrait,none,25912,RGB,51f180d178316b2e8305af707f56ad3268c588cc
124078_200w.jpg,200,279,portrait,none,28095,RGB,ab50c63ac48b7095a63304c5274f2de44c0c33b2
124079_200w.jpg,200,279,portrait,none,22655,RGB,0058fa0bea24d1513c19670d5e6410dc4b7ca77b
124080_200w.jpg,200,279,portrait,none,24166,RGB,8f80ac9e61ec0b1562324e5077ae1c92e8825ceb
124081_200w.jpg,200,279,portrait,none,21265,RGB,fc02550bc5725d20c0c5db35d2d2d8d69ee5ffff
124082_200w.jpg,200,279,portrait,none,20254,RGB,622a161860bc814b7fbb47e230f705c3a08f8998
124083_200w.jpg,200,279,portrait,none,20965,RGB,c7efcac300fb5383f2a5ebc3283de86a3b430218
124084_200w.jpg,200,279,portrait,none,20393,RGB,d60e07d5f214ed93c1aef6f9b8c30e66eb382afa
124085_200w.jpg,200,279,portrait,none,26099,RGB,44bf6b1b613ca5a03fede9e0208bde22fa6eb457
124086_200w.jpg,200,279,portrait,none,23235,RGB,1d6e00bc4cc3dba7e1a860cf9dbfb40dc1d47dc9
124087_200w.jpg,200,279,portrait,none,20651,RGB,15577a80ce05137b0cf6c6bbb16e75024157d082
124088_200w.jpg,200,279,portrait,none,22815,RGB,281ff7b68d55ccf0427a14ee3e561b2eb08d4a13
124089_200w.jpg,200,279,portrait,none,17946,RGB,8e4148eda6e84d07f6594a08704ed95ad4b0c533
124090_200w.jpg,200,279,portrait,none,16722,RGB,d10637701b263ba4e3bf6005f1cc1c754f2e2b72
124091_200w.jpg,200,279,portrait,none,15893,RGB,03324aa2c48cbaac469eb2f7274a593981998a6f
124092_200w.jpg,200,279,portrait,none,18205,RGB,91b9a5c9c9c4c7b3f0e3ae80e3a0f0c5e645afed
124093_200w.jpg,200,279,portrait,none,21172,RGB,b0fc236c5e0275209ad14ec82e8e48bb164a206a
124094_200w.jpg,200,279,portrait,none,21692,RGB,1ce0ab3d362efdce9477eac51a2929cf5ac7475c
124095_200w.jpg,200,279,portrait,none,19423,RGB,1152a9ddb060902dc43ef8419b571a4796ef8c1e
124096_200w.jpg,200,279,portrait,none,16000,RGB,b23685e791afe8eae7d84402da541d395c2f899e
124097_200w.jpg,200,279,portrait,none,19544,RGB,0ec182b59ed4a4660315d5fd6f44c01d2c51f477
124098_200w.jpg,200,279,portrait,none,17014,RGB,1b56498c757ef867dc8399dd3ae3992980d90e53
124099_200w.jpg,200,279,portrait,none,20935,RGB,e753e984fa8941c2aa6d88faf1b0ba6a92aa16e2
124100_200w.jpg,200,279,portrait,none,18286,RGB,427c3f79fce03dedeab111502207ff4d1a9bbe30
124101_200w.jpg,200,279,portrait,none,17617,RGB,d6e1a9ed1f84931cea5e927c997fbff58f851c6c
124102_200w.jpg,200,279,portrait,none,22376,RGB,a52d6646bbc269d5d18cddeeec4e424916da60b4
124103_200w.jpg,200,279,portrait,none,13917,RGB,2c0df801c35c66b056e7211b913740cc75928543
124104_200w.jpg,200,279,portrait,none,13512,RGB,6c3490333542df7d94c1e4cc8c7cab81fdbb8e61
124105_200w.jpg,200,279,portrait,none,12880,RGB,42dd52297160649e49247ecac368281930fd5304
124106_200w.jpg,200,279,portrait,none,12989,RGB,6d7a8a1aa88a496076177bcdf69fa68b07d74595
124107_200w.jpg,200,279,portrait,none,10620,RGB,7cc4823225bb01539e3241f643b1cd5688a3ae30
124108_200w.jpg,200,279,portrait,none,12805,RGB,e62d213103d6e31fa23d32e6cbb3fc3837f7c0ab
124109_200w.jpg,200,279,portrait,none,12559,RGB,f29fc0bb71fcf35740b498863cd39096a5823d9a
124110_200w.jpg,200,279,portrait,none,12850,RGB,e8bcd77520e0bc5821c9f99e733ae60bb858a7a8
124111_200w.jpg,200,279,portrait,none,19413,RGB,83c4967d158643bff69b7f896238ffd30a6486e1
124112_200w.jpg,200,279,portrait,none,13663,RGB,5f0428140ce41f5ccf3bba680ae2cbd9c3ce7fa0
124113_200w.jpg,200,279,portrait,none,32043,RGB,16ed00642add45d9c21c6d739a74243fc72f581c
124114_200w.jpg,200,279,portrait,none,31634,RGB,a3f88976fe537be7947aa4298e02f00d6d456b86
124115_200w.jpg,200,279,portrait,none,33927,RGB,678a27ee2ca7ace00c95f52892f2f255db5047ca
124116_200w.jpg,200,279,portrait,none,25113,RGB,fec6fe2683280adb7219d08c4945ab01c1a8ea75
124117_200w.jpg,200,279,portrait,none,26449,RGB,42e84533b9e006d69c1a7f9c33f0067bc3593d4e
124118_200w.jpg,200,279,portrait,none,30897,RGB,3e3b14f42be71402632fe47f9dcbe09b17649f6e
124119_200w.jpg,200,279,portrait,none,24888,RGB,9414f39bc7e2160f164aa88b1ba753578597f544
124120_200w.jpg,200,279,portrait,none,22544,RGB,509445303de3cb81e726d30d9c60b99b800b1f9b
124121_200w.jpg,200,279,portrait,none,24153,RGB,b465f5cecd75ce543fe0f29ff94dc2b7db61989b
124122_200w.jpg,200,279,portrait,none,27044,RGB,2c06629a891966a8b1f1396fcc4ab63ac2d3ecb0
124123_200w.jpg,200,279,portrait,none,24227,RGB,b82d78a1db10cddc752fefc2dcc6097cadcd5e14
124124_200w.jpg,200,279,portrait,none,20335,RGB,9ef806fe64ae8d9dadc8b6b528703cb6adf6642e
124125_200w.jpg,200,279,portrait,none,23950,RGB,ca925af6d5f0fd5c0a2cade1cadc24319a3423cf
124126_200w.jpg,200,279,portrait,none,22711,RGB,88651a6367382b769e7b442816577bd0d344d76e
125037_200w.jpg,220,307,portrait,none,25227,RGB,180e4e81bdc429164875d253def0a338c7baea98
125038_200w.jpg,200,279,portrait,none,21648,RGB,e6d46fa80fa7dee2c0bddf041362ae7d747d3051
125039_200w.jpg,220,307,portrait,none,27496,RGB,9a796aa790af0c3387ac924d19c39511069f3ea1
125041_200w.jpg,200,278,portrait,none,23579,RGB,8df4723307540ddb15f8bd20f851460631cfcd7c
125043_200w.jpg,220,307,portrait,none,24424,RGB,944e5801dbda33ecc40384e57ae39f03a3625ae0
125044_200w.jpg,220,306,portrait,none,27218,RGB,f56666c7a7b3483884513e715b835719b71667a3
125045_200w.jpg,220,307,portrait,none,27355,RGB,028a7f8ee6540e0f4c84728f36c656a483325748
125046_200w.jpg,220,307,portrait,none,24005,RGB,211491a264af68e0e0d923e0afe3b89fb217104c
125047_200w.jpg,220,307,portrait,none,28968,RGB,091dce228b8bc8ba305de069b6e29743a174404f
125048_200w.jpg,220,307,portrait,none,27946,RGB,047bfb590c80fc1a148f744b6d0c6f2c24d9a9c2
125049_200w.jpg,220,307,portrait,none,29062,RGB,2bb3aafaa0c2356abefa915e7a37fd346785e682
125051_200w.jpg,220,307,portrait,none,25891,RGB,c95aa74589afec93a37b06ceac48260dac2cc773
125052_200w.jpg,220,307,portrait,none,27594,RGB,a7967a297f53dd79193a8728db8030cb47ec3d8a
125053_200w.jpg,220,307,portrait,none,26980,RGB,15deb6ef95eadbbe1b8d7c29f49c413368377c65
125055_200w.jpg,220,307,portrait,none,28053,RGB,ceb076a263cb8ec71e446af9ac674932b21ff838
125058_200w.jpg,220,307,portrait,none,28330,RGB,b59d432e40f17d349ced5914415dc1041602af1b
125060_200w.jpg,220,307,portrait,none,28537,RGB,3d07650fc060cfb359a7276d25a4488d2d1c2fe1
125061_200w.jpg,220,307,portrait,none,29470,RGB,b2c57173bb858e86d6c10a7000169b9f718cce3a
125062_200w.jpg,220,307,portrait,none,26714,RGB,d21f74a4381aecf87e1c80c37c0344a1813fc85f
125063_200w.jpg,220,307,portrait,none,29982,RGB,2743d8e19d4bdd263f067659571c8c259cff1a7b
125066_200w.jpg,220,307,portrait,none,29933,RGB,df2fe43ede4d5355d6662e12947e5b8143018b91
125067_200w.jpg,220,303,portrait,none,28666,RGB,868bfde5375e2f1f33ba3a09963bc660e55c7b40
125068_200w.jpg,220,307,portrait,none,30515,RGB,d0ea92a828fdb231e474ba34e6f98d377bb5501a
125070_200w.jpg,220,307,portrait,none,28473,RGB,3c913b8f897d02681699338c6551a06cf2f292c5
125071_200w.jpg,220,307,portrait,none,26460,RGB,fac0c3a8fae00b36849549ebc84855af4a27197c
125072_200w.jpg,220,307,portrait,none,27421,RGB,9148a690b9d877df489768ededfd20190828498c
125073_200w.jpg,220,307,portrait,none,28669,RGB,70066bf58e06f832b5461b2289bde03a1cc046ac
125074_200w.jpg,220,307,portrait,none,29269,RGB,26de26fa7fae9b9a31f52d6acec700803f39af45
125075_200w.jpg,220,307,portrait,none,29310,RGB,7083dfb5cdc478ec799b652d82d1a4cb17e1907d
125077_200w.jpg,220,308,portrait,none,27562,RGB,b26a9f26630379f2216775a8850f3be368fe9b99
125078_200w.jpg,220,306,portrait,none,23432,RGB,dc09cfbf069be48c14c3766cf848b3c1c52ffb6e
125079_200w.jpg,220,307,portrait,none,28015,RGB,2a25fa687d3fdea362b8fc315a07c1d60a6de29b
125088_200w.jpg,220,310,portrait,none,32798,RGB,b5af9b8f3310cc7a6f21b783ae2616fc76e80845
125089_200w.jpg,200,279,portrait,none,21742,RGB,117db4aad947856d117950648eb9b96c5c38b27d
125110_200w.jpg,220,304,portrait,none,22019,RGB,33910f687b3cd383c2fd80240f2884d643d035cc
125111_200w.jpg,220,304,portrait,none,22269,RGB,63cbb17e36a57613238d471717fa344e460005e6
125112_200w.jpg,220,301,portrait,none,28415,RGB,d11ec761393eb86f7071e7d6a97aca557dda2804
125113_200w.jpg,220,305,portrait,none,30421,RGB,a96ff02fbf8e5d64d37f39d0308b02eaa6a7febd
125114_200w.jpg,220,305,portrait,none,21105,RGB,5c3354014855fcf7da1cf8bae7d3cada25e85226
125115_200w.jpg,220,305,portrait,none,21914,RGB,7a9190a37a034fb30913540d34b8b656d6c23c7b
125116_200w.jpg,220,305,portrait,none,23736,RGB,d68d4c39e23ddedf2fbe22e48a375c906c405118
125117_200w.jpg,220,306,portrait,none,28261,RGB,b3fc7d6b8976b48316983f7cb3d517d891a7eacc
125118_200w.jpg,220,305,portrait,none,23885,RGB,59c8734e24f2a8c4c0d76d01b18c54d2071568b8
125119_200w.jpg,220,304,portrait,none,27831,RGB,7f754dc4d28655099233d1db8a31dbf9433f633b
125120_200w.jpg,200,279,portrait,none,17104,RGB,14496a64954c6c4f8ae941ab0cb03d556c56e097
125122_200w.jpg,200,281,portrait,none,19998,RGB,407299ff918b987082549a40612b323245d5a5e9
125125_200w.jpg,220,306,portrait,none,15108,RGB,782d27b2c65ad7faff214f79a5ec9a12a05e82ee
125126_200w.jpg,220,310,portrait,none,23225,RGB,493e09424152a0b35106d3dd20d0338feb2c053f
125127_200w.jpg,220,307,portrait,none,22294,RGB,90911e743ae438dcdd0aa13862092904b4c96b83
125128_200w.jpg,220,304,portrait,none,21173,RGB,aa95cdc9a994466689075380ad0c8883980bf83c
125130_200w.jpg,220,309,portrait,none,25039,RGB,6a17bfb4c752bc222bde7f019e40b1bdda6ef6b6
125131_200w.jpg,220,308,portrait,none,23794,RGB,7b733b1cc810d9da7d1817c4e8950c543c436c5a
125132_200w.jpg,220,307,portrait,none,24672,RGB,2ff520f01780fd7cbe13cee53458d07f9996bd18
125133_200w.jpg,220,303,portrait,none,25916,RGB,d0f97745be05aef5ff64298db03d798f29a94028
125134_200w.jpg,200,279,portrait,none,19708,RGB,6fe6d9338bf9d43ddd8762f685e1a9f15ab374a6
125135_200w.jpg,220,307,portrait,none,19513,RGB,bc8bbb8d3e7b830ed340e881fa135c0a57e3f59f
125136_200w.jpg,220,307,portrait,none,25658,RGB,f729f04afbb698a98ae8468f9c03ca67640dc0df
125137_200w.jpg,220,305,portrait,none,22996,RGB,a7fac49b85ed9e9c6c1774960aa6e201a853541d
125138_200w.jpg,220,304,portrait,none,26091,RGB,7cf07b9743508e0b9f0b276a1f4fe5925ba19cd5
125139_200w.jpg,220,307,portrait,none,27050,RGB,3f3f210d8e5ceeacbab7b894a603feb4a5c5df3d
125140_200w.jpg,220,311,portrait,none,24829,RGB,4ba4f27086be63ddd1e83f8edd5a03e454702637
125141_200w.jpg,220,309,portrait,none,28433,RGB,d6b225870bb03f99fb03c29361f55dd1b57b22c8
125142_200w.jpg,220,304,portrait,none,23253,RGB,7bca0df4f5ea57769e372194f70c98aaa9db9f0e
125144_200w.jpg,220,308,portrait,none,25570,RGB,952a2a55ac43fbf0ae3d3562ec5615dcd0883851
125145_200w.jpg,220,310,portrait,none,22670,RGB,dea095105ab69f8fed3265d98b0b9fc9ec333bd8
125146_200w.jpg,220,310,portrait,none,20697,RGB,61e1083d4becccea218a34aa80df7a4861ccb2d3
125147_200w.jpg,220,308,portrait,none,24521,RGB,700650372121862927b4b67b4d558610048de0ba
125148_200w.jpg,220,305,portrait,none,27837,RGB,7709e01c656365cc4317d24e187033daa6aba931
125150_200w.jpg,220,308,portrait,none,15662,RGB,f8eeb22f834381a219d79b40311dfff4dad10c1e
125151_200w.jpg,220,307,portrait,none,14955,RGB,b7413ba47a75bedb8ac8ef2da3491fa1e6d918a3
125152_200w.jpg,220,307,portrait,none,21311,RGB,a3696bc524ad35263812ce279ae31f25586b5b2a
125154_200w.jpg,220,309,portrait,none,17029,RGB,0938a3b12aa174d75db394f0ea50a5dc797c34e5
125156_200w.jpg,220,307,portrait,none,26802,RGB,fb6c0399e9f04cc294fd311c26fead87663fd1bf
125157_200w.jpg,220,306,portrait,none,24029,RGB,69e83e1427e7dbe53b99927f9d6accda3ef20aa9
125158_200w.jpg,220,306,portrait,none,27958,RGB,3405f2ca2f922f1f5d8048a0205c2623c4bedfee
125159_200w.jpg,200,279,portrait,none,26220,RGB,9179cafd157045db3b4409b24fca70f0f8fa37ae
125160_200w.jpg,200,279,portrait,none,22585,RGB,ec77c8ac1ac32e6002a3d7af068e28f4d697a39b
125251_200w.jpg,200,279,portrait,none,23907,RGB,3b942a59f6f1078abcdd3c394a4fe6d4d92ed279
125252_200w.jpg,200,279,portrait,none,24978,RGB,4e5549c3b2cad8dc6235e60798fa0481ea7c20eb
125253_200w.jpg,200,279,portrait,none,30426,RGB,18cd9d1d235f43240161f76a1bda8fc9a15c1c92
125254_200w.jpg,200,279,portrait,none,27705,RGB,7bc15b23670ddb5732f346ac5ee7da4ee85e26a0
125255_200w.jpg,220,306,portrait,none,26527,RGB,41334b8b86e25bc909c9cb4126328cb1fee89457
125256_200w.jpg,220,304,portrait,none,26240,RGB,562bd4d4f3e063ce5210d5cd4c4354cb0089c055
125322_200w.jpg,200,279,portrait,none,25617,RGB,043df0757485a97e0d2f0730a87f20c5aeb27198
125562_200w.jpg,220,306,portrait,none,19611,RGB,4bdc55bfe53d662a44d36d536e5fbc534f1b7976
125564_200w.jpg,200,279,portrait,none,23349,RGB,67264c3fec405d5527ce8acf3aed9180728e9cea
125565_200w.jpg,200,279,portrait,none,26213,RGB,2ca0ba3dd7de09035f278e7a48ddaa4fc3b0d926
125566_200w.jpg,200,279,portrait,none,34360,RGB,bf329ffc89fb00307db6fdc4d9a4a7e65b1b19dd
125567_200w.jpg,220,307,portrait,none,23350,RGB,871bd0359e6b355c31e374fb0bab07d858d4a2bd
125568_200w.jpg,220,308,portrait,none,28016,RGB,2f3b8d29d1b39acf03edf742e7bfea848ecd7f92
125569_200w.jpg,220,303,portrait,none,28607,RGB,7f46ffc4d8b238f1f04913bf2df4f6ad82decdf4
125655_200w.jpg,220,306,portrait,none,24860,RGB,c1bca8ca505514af1be33bd3a896529a4dd3c696
125656_200w.jpg,220,304,portrait,none,21455,RGB,5c0469aca754176b3ed94e6b02498c12a3082fb3
125657_200w.jpg,220,306,portrait,none,26585,RGB,5d17d40f88e66e22064f760e44a1a4b7b1c2cfbf
125658_200w.jpg,220,302,portrait,none,24774,RGB,00ccc890254c23dae51316419102ed549c2e773b
125659_200w.jpg,220,306,portrait,none,25065,RGB,2340e8521eea9443a14f7e9f6cebf2bbf91bcc6b
125660_200w.jpg,220,307,portrait,none,23650,RGB,84b48eaf311e3ad81a704e53e261218997e6a760
125897_200w.jpg,220,310,portrait,none,29010,RGB,32068ca097cce633d0e9488f62d2860307c246e0
125898_200w.jpg,200,279,portrait,none,28274,RGB,c06e8e467b2ce724d98dd74570e3845ef00ebcd1
126017_200w.jpg,220,307,portrait,none,30194,RGB,135f9eac54ed2dc4fd8dde50ef2f1d62966949db
126018_200w.jpg,220,307,portrait,none,29338,RGB,3fdfce475b4d316bd76d9af23fe4a7940490cdca
126019_200w.jpg,220,307,portrait,none,26743,RGB,dbc23c0a33623af2cd3bf13e6aeda0474059f9d5
126020_200w.jpg,220,306,portrait,none,25539,RGB,8b6db135f2adff0139ee41b5c6799b9757d5661a
126021_200w.jpg,220,311,portrait,none,24808,RGB,8c5d28aa2a28eabaecc3a8b20090fc4339d03bbb
126022_200w.jpg,220,306,portrait,none,28685,RGB,f3ed0ea108957dcc4e628e5ef363b241bbfa5207
126024_200w.jpg,220,311,portrait,none,33106,RGB,0fcc766342f51d448695954da2a416dc2effea9e
126025_200w.jpg,220,306,portrait,none,34601,RGB,8430163c07ad26def35630b0feab54330f87f876
126027_200w.jpg,200,279,portrait,none,26614,RGB,40de46e518b917d21455d6111725ea3fe8029238
126028_200w.jpg,200,279,portrait,none,22657,RGB,a0a15e117c6a20062ed12910620282630529e303
126029_200w.jpg,200,279,portrait,none,20610,RGB,2489d202bd99af85abed569d809e6cecc1828cc5
126030_200w.jpg,200,279,portrait,none,21487,RGB,76177a6c37dab20626bf553f792d6759d7535b3c
126031_200w.jpg,200,279,portrait,none,21087,RGB,06016d2c51fcd5c6c0b09871f4d79ae4e6d1844a
126032_200w.jpg,200,279,portrait,none,22223,RGB,8b18324e47e55d3a03156c6be3d20236a1dbac83
126034_200w.jpg,200,279,portrait,none,26612,RGB,a962ea192cbb6190950c95c68400d70344e956ab
126035_200w.jpg,220,305,portrait,none,25462,RGB,028dc4067a8c3b1b0118a3fb8f81a658fb7b4f83
126036_200w.jpg,220,305,portrait,none,22985,RGB,a6559436eb70405ef8f5ee74db1ac9f52507fe50
126037_200w.jpg,220,307,portrait,none,24339,RGB,ed55af41b8dac44fbf87236bc9a5882a33f2e8ff
126175_200w.jpg,220,307,portrait,none,26000,RGB,70f6fcc6e14b6f34311ac1b9c688e72747591622
126176_200w.jpg,220,307,portrait,none,26337,RGB,c7f2ec997fb29369bbf0b9e86d8f7be9ab471323
126177_200w.jpg,220,307,portrait,none,27273,RGB,82c8e0f5f7f680b03a4f12c9a21c99d4572ba6c8
126178_200w.jpg,220,309,portrait,none,30194,RGB,1270bdd7c2924679859456591a89d8e22ce470b6
126179_200w.jpg,220,306,portrait,none,27870,RGB,a39a324025b5d6922a303e366349225ff48e3d26
126180_200w.jpg,220,308,portrait,none,34272,RGB,cf5665b53c6ca4781a249528b59b4f6185628f89
126181_200w.jpg,220,311,portrait,none,34188,RGB,8893375e0e7dfcb1bd5fba6fbc82bb1f60c19365
126182_200w.jpg,220,309,portrait,none,35204,RGB,0a4df42e43680b761b3f9603dcfd8d34815c9cd1
126183_200w.jpg,220,306,portrait,none,35040,RGB,588d315e18185ad9805c58048826e5d43a8a5c69
126184_200w.jpg,220,309,portrait,none,34431,RGB,bf64d5617d26ee6f1244dcc1659b47782fcc0511
126185_200w.jpg,220,308,portrait,none,34327,RGB,4dc99d14ea4fe2d94400580f5bbdebc77f64d200
126186_200w.jpg,220,307,portrait,none,35294,RGB,2714ccf58cd892c566993b2928dfd04a5afaff72
126187_200w.jpg,220,311,portrait,none,34145,RGB,1e02bfc5687b0fe7b772d596200ca4853da98274
126188_200w.jpg,220,311,portrait,none,34575,RGB,6fbc1af53cf286fb620e584fc99d60d155c5fc88
126189_200w.jpg,220,307,portrait,none,31390,RGB,bd38c0aab9515177b57c813186b1886035faa4ed
126190_200w.jpg,220,306,portrait,none,30928,RGB,e8cdfc59e878358175fcddbe546bf77cde8a8442
126191_200w.jpg,220,308,portrait,none,32439,RGB,bfeeddfff5bfc1e220500351b50ae164be52a7e1
126192_200w.jpg,220,306,portrait,none,28694,RGB,9f33a6b0954a153c58b4db8a25a7a8768e343681
126193_200w.jpg,220,307,portrait,none,31263,RGB,c5bd52059b3933f992d3fe7e3799abfabdf0e7dd
126194_200w.jpg,220,305,portrait,none,33296,RGB,2353d815d9619e246e53d0cf98112bc95b21980b
126195_200w.jpg,220,310,portrait,none,33854,RGB,f86e825951167f8d3403dd3a7953e4437f3f3a50
126196_200w.jpg,220,311,portrait,none,34399,RGB,050e434f26a547f278013c9bcad2be21306f8daa
126197_200w.jpg,220,307,portrait,none,35407,RGB,d9b60751f4c2ad8c6014a0f0d13ce9175e86f2ac
126198_200w.jpg,220,307,portrait,none,29864,RGB,35efb2d6cbd0c039026bf5c42019ef2a7cdbb2e4
126199_200w.jpg,220,308,portrait,none,31637,RGB,d41e2495914ed3ec409ac0ea93c8a93e4c7795e1
126200_200w.jpg,220,307,portrait,none,26658,RGB,8364e73fb1ea77513bdb6bcaed6ab0ed9b06337b
126201_200w.jpg,220,306,portrait,none,25802,RGB,981229b0cf3ce063427cdd79c613e4287edcc849
126202_200w.jpg,220,301,portrait,none,28958,RGB,c302336eca54f50e0e11fc209dce8ad977f50928
126203_200w.jpg,220,303,portrait,none,29652,RGB,1c34b073cfdf67cce1b0f93e36252c8b9c8f6f37
126204_200w.jpg,220,299,portrait,none,29213,RGB,1b1c151e1cd90b1cbf0f01b8492cf4016d206f05
126205_200w.jpg,220,308,portrait,none,33253,RGB,b7a044205fac0718f30f4f04a5777dde4681d04c
126208_200w.jpg,220,314,portrait,none,28854,RGB,114a765b0474b658a1ba66ffca200b6816f2a682
126209_200w.jpg,220,313,portrait,none,27874,RGB,7d9fdf9366710c4828a0798be679d955528d0749
126210_200w.jpg,200,279,portrait,none,28446,RGB,82ead7d561f41bb830931ac405c63ce4ca2ebcf9
126211_200w.jpg,220,307,portrait,none,23740,RGB,6a52c36f9c0952da82e23934e630e66a33b34a2a
126301_200w.jpg,220,304,portrait,none,16886,RGB,8480e68b24842500bcbd6353bd4fe4df4709f875
126302_200w.jpg,220,305,portrait,none,16461,RGB,05e06ec225bc9c63d8598b6ef43353c21c9cd793
126303_200w.jpg,220,306,portrait,none,15716,RGB,6f70a61156858db39540be63c1546535dd22f018
126304_200w.jpg,220,305,portrait,none,16592,RGB,1295e55e8b554d5f6a80ce595633c089061181b7
126305_200w.jpg,220,306,portrait,none,18063,RGB,9a1b8d4397f1b0842ebcd6040c0de7e53ff724d4
126558_200w.jpg,200,279,portrait,none,23142,RGB,0d8b2e27fdf1760dc5b30c5edd0d423db4bce960
126559_200w.jpg,200,144,landscape,rotate_90_or_270,15700,RGB,68efbb146fb3bc65904a8e0423deafcb7003f35f
126560_200w.jpg,200,144,landscape,rotate_90_or_270,14690,RGB,4ab11e1c6a9e2986a9587d11b0940be085491be2
126561_200w.jpg,200,144,landscape,rotate_90_or_270,16816,RGB,e4f369edd93595fc3af5c9988412e83e1d0ba40a
126562_200w.jpg,200,279,portrait,none,26821,RGB,5597a97c403757da9131a9617450c8e292a6af11
126563_200w.jpg,200,279,portrait,none,31585,RGB,3ac5d0b7f5076ad2cb7fb6908b685821b26a92f3
126564_200w.jpg,200,279,portrait,none,23523,RGB,920f625f62c15f2a2310fbc6aa32797fdea6e9f3
126565_200w.jpg,200,279,portrait,none,27810,RGB,e5b6b24a14307dd3f5cceccb2d8d9e64b8599e30
126566_200w.jpg,200,279,portrait,none,34550,RGB,8577503452f59ee360b119d709753f4c939cb232
126567_200w.jpg,200,279,portrait,none,22539,RGB,38c31bae3123287517b921e43120d9dcaad7145c
126872_200w.jpg,200,279,portrait,none,22568,RGB,7e86091d7f55ca5965b123f18b146b6301124938
126873_200w.jpg,200,279,portrait,none,20336,RGB,8b756df47aa1da03d6dd1363e37f8708ff11da73
126874_200w.jpg,200,279,portrait,none,25006,RGB,67bc244f7e30599ccd4e1eff756dce832558fbb7
126876_200w.jpg,200,279,portrait,none,23648,RGB,fc9470c31ebfb6fc705913142caa824db88d4fc6
126877_200w.jpg,200,279,portrait,none,21834,RGB,ccbf9aee0f06e9c0b41e27d8e0db01f86d85d78f
126878_200w.jpg,200,279,portrait,none,20686,RGB,44f5158dfb12be4c4a7885c29e9495d85cdbc0ec
126879_200w.jpg,200,279,portrait,none,19945,RGB,50a78e5e86a9b91c65f6b69df4ecbd820b2799f5
126880_200w.jpg,200,279,portrait,none,20537,RGB,b431cc745f9435317ba6bcfdafec3b2a41dc1ede
126881_200w.jpg,200,279,portrait,none,22662,RGB,a78bf28f0ca23e59356aed92ad4c5bc6de350e67
126882_200w.jpg,200,279,portrait,none,21583,RGB,5fc07763287823a6bc8ea29f20828cf88861a3ae
126883_200w.jpg,200,279,portrait,none,29426,RGB,a76a8bcaa27f72a55896faea58f6cb621189bc2e
126884_200w.jpg,200,279,portrait,none,19893,RGB,f9e9f606d1d4bff8924371addea676743f2d1058
126885_200w.jpg,200,279,portrait,none,22721,RGB,7ea7c1067284e0013df453b78541ada0c42c645d
126886_200w.jpg,200,279,portrait,none,28740,RGB,aa2b44d36e401d945771bcaa4b025faa893f437e
126887_200w.jpg,200,279,portrait,none,20279,RGB,681cea6acdbaad884d2fef5ae7a6d0cbc4a791e7
126889_200w.jpg,200,279,portrait,none,22163,RGB,023535d48b18834480073ced48dcf6e54e27bbcc
126890_200w.jpg,200,279,portrait,none,22574,RGB,30797087a31c4d0acb40dcabab882bf67abd5616
126891_200w.jpg,200,279,portrait,none,24794,RGB,6f64ee80477c4ac87dd044de626dbf005c3bd628
126893_200w.jpg,200,279,portrait,none,24220,RGB,89efa34c29e7f44594e2e4f5e8bc0e0acc0c59ea
126894_200w.jpg,200,279,portrait,none,21744,RGB,8d714cd6b0264b80da89c9780f4d604f4e05dfde
126895_200w.jpg,200,279,portrait,none,21660,RGB,723fe9d1add7a3c3dba96b01b69c55598af790f2
126896_200w.jpg,200,279,portrait,none,23167,RGB,a1204a08f2ea2503389ece56228468e3df5210d6
126897_200w.jpg,200,279,portrait,none,24415,RGB,085b7f484cfe2546f88d4a56f2a8df2e239c5ffc
126898_200w.jpg,200,279,portrait,none,30445,RGB,9fe706cd3c9ac4cf2781b42fedee69f55c8c4d4f
126899_200w.jpg,200,279,portrait,none,23029,RGB,4e94f2ff935f70f7ab41a7fe99c331676b447091
126900_200w.jpg,200,279,portrait,none,23470,RGB,85eef4e2c920163b5f1fe947b6b62df09d09bc42
126901_200w.jpg,200,279,portrait,none,21442,RGB,c4c797db5a29197af93c54c8dbbfcab1b379a6ae
126902_200w.jpg,200,279,portrait,none,21490,RGB,f1bc6676d664c8dec06585fde861f1eafe6cfc7b
126903_200w.jpg,200,279,portrait,none,25908,RGB,158d80192674fa9c092e47764781ee82a1de61d8
126904_200w.jpg,200,279,portrait,none,21387,RGB,843e161a69f135bb381d45cfb82c061e7e030fb3
126905_200w.jpg,200,279,portrait,none,25471,RGB,138d1f91a9d00128b3b4a787bae23a1179ec4183
126906_200w.jpg,200,279,portrait,none,29243,RGB,19fb4e2ee68272180181178c8324021c6810777f
126907_200w.jpg,200,279,portrait,none,22572,RGB,3f64b25d3c153b3ca2da12b9de74d043878c3815
126908_200w.jpg,200,279,portrait,none,20057,RGB,c82c5ba0d0bfd7561eb514d78533fdca183be159
126909_200w.jpg,200,279,portrait,none,22361,RGB,bb4e9115acc12b61f02dadb1de55f499ba101568
126910_200w.jpg,200,279,portrait,none,21852,RGB,1de573e2c62cc231325af085b64e50b0e461e473
126911_200w.jpg,200,279,portrait,none,23452,RGB,bb7163c01a84cb3ff558f75f03b95daebfcccc1b
126912_200w.jpg,200,279,portrait,none,24078,RGB,40d9a4d064c9975d2df52f93875888bc42b9cc9c
126913_200w.jpg,200,279,portrait,none,30061,RGB,9884346c0c88a9c76ed6b027827434b2bdad2e05
126914_200w.jpg,200,279,portrait,none,24636,RGB,18ce2be3c50fabf928b692fdb791c976013e0c48
126915_200w.jpg,200,279,portrait,none,20843,RGB,26b637b8a9334ace9fa23a181e827e1a241ea028
126916_200w.jpg,200,279,portrait,none,21931,RGB,e5f6e0eedbd58e5ff148350f51a9211054059c82
126917_200w.jpg,200,279,portrait,none,23384,RGB,bb4dda144e2d5c1744412eb116c255399662584e
126918_200w.jpg,200,279,portrait,none,22980,RGB,1682c9aa663f6f687de4b7d55a0ee4619e0942e6
126919_200w.jpg,200,279,portrait,none,24762,RGB,8896bd8119856b24dd0feb13a11324cd81b6b240
126920_200w.jpg,200,279,portrait,none,21178,RGB,51653bb1743f604337c5bc57513f00c9ee0f12ed
126921_200w.jpg,200,279,portrait,none,23277,RGB,f79b21c100fff8aa2184114ad9de6caada0308db
126922_200w.jpg,200,279,portrait,none,21840,RGB,b7ce67acc31244b8538927cf29f26d3983e001d9
126923_200w.jpg,200,279,portrait,none,25146,RGB,ee66b152015b48dc40a411687c1060f7cab128c0
126924_200w.jpg,200,279,portrait,none,24266,RGB,370c9d0f1243b46f6c97d3bf72c7f73be704a679
126928_200w.jpg,200,279,portrait,none,22150,RGB,3a9e2264b7c1f95bc402c264e5cf1d9b8a0d43a2
126929_200w.jpg,200,279,portrait,none,8949,RGB,c2ce1757252d8e1734bed568ca1844325479c521
126930_200w.jpg,200,279,portrait,none,18483,RGB,a794afaabd9e2cd5bec0bc16cb089df860e75760
126931_200w.jpg,200,279,portrait,none,24957,RGB,334be9a5a194ca26bef4f5a2717ce7243d4eb7a4
126932_200w.jpg,200,279,portrait,none,26019,RGB,2ed25f7ac3069a4a8f54a000378d58470f69b2bf
126933_200w.jpg,200,279,portrait,none,19590,RGB,20ca5079abcd3f94d42ebafc97c5e37763c0abb5
126934_200w.jpg,200,279,portrait,none,22005,RGB,d5ec8570baad80d8714ae53a402b57617285cf78
126935_200w.jpg,200,279,portrait,none,19671,RGB,1a3d83a67d884ee008d8621701bde24465214a63
126936_200w.jpg,200,279,portrait,none,21882,RGB,7b509bb2dfb5048033971834a5f1195b65991d3b
126937_200w.jpg,200,279,portrait,none,31188,RGB,4b0790d607ef0800488691f5afe78c569dc7f28c
126938_200w.jpg,200,279,portrait,none,23259,RGB,f99539c57c3fd9252d315adfdbfa75e3f153f8f5
126940_200w.jpg,200,279,portrait,none,21508,RGB,c73a2e98d9896537260e2135cde1e3c19f549293
126941_200w.jpg,200,279,portrait,none,22916,RGB,c94cf37ff515e37949c048121d132f22cf6c7dc1
126942_200w.jpg,200,279,portrait,none,24918,RGB,763f9a85406fdbaafaea1a65557f4b4a1cb80505
126945_200w.jpg,200,279,portrait,none,24638,RGB,e6ad45eb75c5039b57370a3db4ab7140a423a0e0
126946_200w.jpg,200,279,portrait,none,22110,RGB,f552625fff120636e3c088d53efbcce25567b375
126947_200w.jpg,200,279,portrait,none,21671,RGB,25798c1ff7bce5cf94bc7a44e1e636a1e13286eb
126949_200w.jpg,200,279,portrait,none,24891,RGB,d07decb91b0f8eaafc584f247060fe81a3d92007
126950_200w.jpg,200,279,portrait,none,24736,RGB,5390758b17c624a37df6f9fa735a1be6208a569b
126951_200w.jpg,200,279,portrait,none,23484,RGB,cd1c97752b160aecc7c111789200f4b01022580e
126952_200w.jpg,200,279,portrait,none,29395,RGB,17968638250cfaa8edc6365314711ea56ba38d7d
126953_200w.jpg,200,279,portrait,none,24102,RGB,140cd3592443c8119d9843040918f3e515c8d80e
126956_200w.jpg,200,279,portrait,none,23185,RGB,fd871f95cd8d230a21db8c853e0f19ce90e9baa9
126959_200w.jpg,200,279,portrait,none,23295,RGB,cbf8620ab5beaafdf13b6102c922ea89e0c06fce
126960_200w.jpg,200,279,portrait,none,23891,RGB,fcdd96a13d8dd5b95c9fa26ce32f2a2ff11d5118
126961_200w.jpg,200,279,portrait,none,31673,RGB,7e165de436ac0d101220644909239db941a2312c
126962_200w.jpg,200,279,portrait,none,21730,RGB,b8199d01c5c9826ebe10cba20bb5227e79230f33
126963_200w.jpg,200,279,portrait,none,20180,RGB,a877e331974266ad684582607102577a62afc224
126964_200w.jpg,200,279,portrait,none,19946,RGB,5e7e271947c88cf2f0444d221beebd1cc1019c78
126965_200w.jpg,200,279,portrait,none,22851,RGB,96fcf0c636f045203f599604c3a37ea950726386
126966_200w.jpg,200,279,portrait,none,22541,RGB,31d4afe3dd75c8a079823e76e580a9a400ae653d
126967_200w.jpg,200,279,portrait,none,22463,RGB,e672cbfdb080b942c5b3e1799af73023979a07c9
126968_200w.jpg,200,279,portrait,none,22415,RGB,4207c82b65b237cda7004740a3798fe3b37b2ed7
126970_200w.jpg,200,279,portrait,none,22857,RGB,ee37281c416bbacad6f84e077ea96bcb27e7ab03
126971_200w.jpg,200,279,portrait,none,22657,RGB,411d738ec39abc666cd4664af2d59f0d37624048
126972_200w.jpg,200,279,portrait,none,30917,RGB,94dd30c931678f8c031a63c069e1fc125c2506f5
126973_200w.jpg,200,279,portrait,none,23243,RGB,5555a5cad2a75f9602fc656c47813700d76e89ad
126974_200w.jpg,200,279,portrait,none,22088,RGB,ee33992317d4e1f5654f46bfb80b2799b0217711
126975_200w.jpg,200,279,portrait,none,20286,RGB,1a97dddb9fab411b9743549646f6a849ac367a12
126977_200w.jpg,200,279,portrait,none,22456,RGB,b3bb3c4225679272923f98c60e8d7332fa5b44fd
126978_200w.jpg,200,279,portrait,none,19431,RGB,b823305a62e67513645a4ff285f70f4dc54de35d
126979_200w.jpg,200,279,portrait,none,19614,RGB,b3303f4406f34bf9dbf4548f680562a30e87748d
126981_200w.jpg,200,279,portrait,none,19128,RGB,77a5d57012809bc5b6db0806a4a25f2967e67940
126982_200w.jpg,200,279,portrait,none,26848,RGB,1b751cfbe80fc6d0d3b644e2cc9dc3713a24f1b0
126983_200w.jpg,200,279,portrait,none,19531,RGB,a62d489d65e246e339577d01f2627c967061e170
126984_200w.jpg,200,279,portrait,none,22076,RGB,aca047a3f01011dd85f1f473f097522762bb305d
126985_200w.jpg,200,279,portrait,none,23909,RGB,fbc6ce0bb45893d96adceaf8778681b337744183
126986_200w.jpg,200,279,portrait,none,16525,RGB,005d937de0c8513a6e688606c4de8d22fe8e293d
126987_200w.jpg,200,279,portrait,none,18917,RGB,464b3acb99d2c19d258c5e877dd788bbd970e110
126988_200w.jpg,200,279,portrait,none,18953,RGB,ca1c31455dbc13ad2d253748dc54b4cf399daeb7
126990_200w.jpg,200,279,portrait,none,20667,RGB,c406196ef38cf92ce0c3bed20c66e1e0ebde6152
126992_200w.jpg,200,279,portrait,none,16804,RGB,e41af622038cc07151d1b1c4c8b09060cddff47e
126993_200w.jpg,200,279,portrait,none,17643,RGB,3ac2ee4cf8e9135de716e193724ce0398b7b99ae
126994_200w.jpg,200,279,portrait,none,19486,RGB,5d9c3d552fef61fe964b0168d8ff330798dafa03
126995_200w.jpg,200,279,portrait,none,17985,RGB,362903ad702b16d1e1ca5b2480a8133482ade01a
126996_200w.jpg,200,279,portrait,none,19643,RGB,f9c8d197e66df8ec305d9c3360060f40df775ccb
126997_200w.jpg,200,279,portrait,none,17419,RGB,c43ebaba8d2caf9d8966e22ea414f3da4a57cea9
126998_200w.jpg,200,279,portrait,none,18292,RGB,32079647cf0ccefdee7a52bdfb05a9cd7e62d048
126999_200w.jpg,200,279,portrait,none,16712,RGB,ae95ee79cd5514dbd3f6ec29ccbd2034a4c88255
127000_200w.jpg,200,279,portrait,none,19846,RGB,9a53bfd5f71998bb1dcaae576abc1ebe05205ac7
127002_200w.jpg,200,279,portrait,none,16753,RGB,5a2fb8826373808e30208f60dd82a990b1d59930
127003_200w.jpg,200,279,portrait,none,18784,RGB,1c70f35280675541f41edaf535b316e484cb1fc1
127004_200w.jpg,200,279,portrait,none,17273,RGB,3f9968ced24f9a8d60056028f60112d73fe24413
127005_200w.jpg,200,279,portrait,none,19820,RGB,d86bf54a62f4b5441dc4f0aa929c7bf8cc7cc810
127006_200w.jpg,200,279,portrait,none,17526,RGB,e08d245e619f2b12a2f459b50db6cab00bfce2d3
127007_200w.jpg,200,279,portrait,none,19319,RGB,0f0bf5d443600e2c051028a3133798b87b9549b4
127008_200w.jpg,200,279,portrait,none,19327,RGB,f40d3b4cab1160359336e6826bfc93a8947f2d4e
127009_200w.jpg,200,279,portrait,none,23554,RGB,f523885428f2a213c10c6b97a19736abc6445556
127010_200w.jpg,200,279,portrait,none,26837,RGB,7572f70136aac70808867ddfbb232260c89309ea
127011_200w.jpg,200,279,portrait,none,22291,RGB,eefbc1e42f81993235d4891f953ca92c7ce5d08f
127012_200w.jpg,200,279,portrait,none,23396,RGB,9450806606d4062c1f166d9b0da46e7b282bb0af
127013_200w.jpg,200,279,portrait,none,27575,RGB,21d90be511758cadd71455f3f73f04d5dc605cec
127014_200w.jpg,200,279,portrait,none,26182,RGB,98af647ec4c20fc998c41d50f00b699d912a4eb5
127015_200w.jpg,200,279,portrait,none,28796,RGB,1bfde881f004ff808f5482adbe26c8f6231d0900
127016_200w.jpg,200,279,portrait,none,26722,RGB,4dca114e5a411aeaa779bf1de26af28cc544ce51
127017_200w.jpg,200,279,portrait,none,25911,RGB,ef4002e83297588cdfe9f3a650f0a43962f9eab4
127018_200w.jpg,200,279,portrait,none,23654,RGB,3035971a28d0113289423e92e082367bea98cea3
127019_200w.jpg,200,279,portrait,none,24284,RGB,8d42272c4868470b3999d4b81bc6c655e67faf6a
127020_200w.jpg,200,279,portrait,none,25346,RGB,2b7cb537457171e93ad6acfcd45018de86373650
127128_200w.jpg,200,279,portrait,none,21177,RGB,cd845142e4a5a60aa0a3619cec94e862e86e37ff
127129_200w.jpg,200,279,portrait,none,23472,RGB,48c6d5724f1ee17401b9e23393626de34b37537a
127130_200w.jpg,200,279,portrait,none,23150,RGB,a0f3dfec1f414a2f993e1088163bf5d4cc1b535e
127131_200w.jpg,200,279,portrait,none,25964,RGB,2d12f08cb9865db3f7ea7bd84b0763c9a0cb6f59
127132_200w.jpg,200,279,portrait,none,25500,RGB,18e46114cf1a43632b904a1429235cdb08f2af01
127133_200w.jpg,200,279,portrait,none,24671,RGB,3a00772da3b3cebf348bc89145d5edb7d917b555
127134_200w.jpg,200,279,portrait,none,21940,RGB,693c6aca9ee88947da3a09f89ca55925e42b140c
127135_200w.jpg,200,279,portrait,none,21961,RGB,e1b5f50840c9143d533b9de52118336ff4a9661b
127136_200w.jpg,200,279,portrait,none,21687,RGB,a34a66ae1bdb7440c1bfd82bbf25ca3eb5f4ab65
127137_200w.jpg,200,279,portrait,none,21851,RGB,5e4cfd7827e7d6ed578ef0810a114b8d203c32f5
127138_200w.jpg,200,279,portrait,none,27540,RGB,eabb119bbcb88bf33385d94d0de2b9183dcc67a6
127139_200w.jpg,200,279,portrait,none,27674,RGB,4c68d910e0318189512f01bc35f21405d81038fa
127141_200w.jpg,200,279,portrait,none,19178,RGB,c6d932bd7ba472815d455f7669839d26507be83b
127142_200w.jpg,200,279,portrait,none,19822,RGB,03eb562cc027ef3004058d705f555dd600a2294a
127143_200w.jpg,200,279,portrait,none,20018,RGB,c5cf0d46c9423ed74cee44c22788bab2add7828f
127144_200w.jpg,200,279,portrait,none,20370,RGB,a2bee02cb0c2dd25305bc9239ef960eaa3afed1a
127145_200w.jpg,200,279,portrait,none,19767,RGB,4cb24d83b6753566e2f73abb8a5d8eaf49e92430
127167_200w.jpg,220,308,portrait,none,16882,RGB,27d2ea3d57e5e468e068a74ecdd8de395db57d56
127168_200w.jpg,200,284,portrait,none,22751,RGB,837318f74d14a923c81aa4ad0c3e3e9248c94cc3
127181_200w.jpg,200,279,portrait,none,23933,RGB,2f0505e0fe1dde634751eacf1750ac74b19c30ee
127182_200w.jpg,220,306,portrait,none,27240,RGB,82ff8ed51b02df878551100bec96521ae8400990
127183_200w.jpg,220,308,portrait,none,28483,RGB,6b03fe8d2c75cf7c40c5d592c26eeba948bf4885
127184_200w.jpg,200,279,portrait,none,25152,RGB,1f7390d33a639391358e5f8201339872b1f372ae
127185_200w.jpg,200,279,portrait,none,25228,RGB,53948d9d0599ff6b632a1edc094775dd69d43f43
127186_200w.jpg,200,280,portrait,none,26228,RGB,0d8b11032d4b1fc48a91f82915796783379775f1
127187_200w.jpg,220,308,portrait,none,30766,RGB,f949f8d88d10fd1027306863ac5e81c773c844fc
127188_200w.jpg,200,279,portrait,none,23320,RGB,daaeedaa06371e06ee8de55fb5c60725bcc0b1cb
127189_200w.jpg,200,279,portrait,none,25509,RGB,ac50cc5e3a5403cb9c9bcc2b666d5772c6a1366a
127190_200w.jpg,200,279,portrait,none,22508,RGB,934484601a2772703a8899c91ac0e15106278426
127191_200w.jpg,200,279,portrait,none,23768,RGB,2a761c792c99dd60f1f65f09ed069012506efb4e
127193_200w.jpg,200,279,portrait,none,24078,RGB,6460181f5ff74e370e7b8e72a0b17577a0809783
127194_200w.jpg,200,279,portrait,none,27052,RGB,af7daf9ee79f6079c872d9f13fef355e03104dc1
127195_200w.jpg,200,279,portrait,none,24276,RGB,22f78c4a15d2048171a3549e966b298fbb89d2be
127196_200w.jpg,200,279,portrait,none,24911,RGB,432728632909e97d878b9fe66b19ee186a7d5582
127197_200w.jpg,200,279,portrait,none,21910,RGB,bd6701c41052dca61b4089b8796ad90c405ddcd2
127198_200w.jpg,200,279,portrait,none,22036,RGB,f1b5b79a1f9c5511774e4fe4b08ce403a4400a30
127199_200w.jpg,200,279,portrait,none,21581,RGB,5e221f0fb087944b6d92fefff299c2c4d5d48828
127200_200w.jpg,200,279,portrait,none,21289,RGB,8b7525f9da0b8ac4a0d6ae30d3c4c002988021fd
127201_200w.jpg,200,279,portrait,none,15597,RGB,4d921eba3ad8403867a9e0ea922939da19ba2563
127202_200w.jpg,200,279,portrait,none,17099,RGB,0166591d2de8a4c10348b0558164f23e730f0287
127381_200w.jpg,220,307,portrait,none,18817,RGB,08600a0bfbfac0d7dd82d9de2831402cbe0a7866
127382_200w.jpg,220,307,portrait,none,18116,RGB,7f08b5f02484fd10301864d947a1009f91fae29f
127383_200w.jpg,220,308,portrait,none,16655,RGB,13a9355d85f05ae4b06e0e727619d338ab92cd84
127384_200w.jpg,220,307,portrait,none,18993,RGB,9d677d63a03daa5af17aab9de876cbe80bea1981
127385_200w.jpg,220,307,portrait,none,18135,RGB,e3ffdb629f81ed380136b6c2967d8f4f60714590
127386_200w.jpg,220,309,portrait,none,14351,RGB,ac9588cc3852f56f89a9fbc3f08a391a7fda3518
127388_200w.jpg,220,307,portrait,none,17579,RGB,c0d593389417894a037641193aa28cc38c37bcf2
127389_200w.jpg,220,309,portrait,none,16651,RGB,a0e3295d66099359da559b245bae5dfda13a2568
127434_200w.jpg,220,307,portrait,none,25630,RGB,eca37281406358c441262a1d01344babb6710819
127501_200w.jpg,220,308,portrait,none,29899,RGB,e5ae1497647305ec10bc419bb35c87f9cfa3331d
127502_200w.jpg,220,308,portrait,none,29312,RGB,d8d6a74198bd790d63d8d474d9777216678917f3
127504_200w.jpg,220,308,portrait,none,25927,RGB,ba695897c2219241213ab63845fe52643b78eeef
127505_200w.jpg,220,308,portrait,none,31411,RGB,8a6d6230a75203c71cc1d872241915bc2f3ee679
127511_200w.jpg,200,279,portrait,none,20739,RGB,0610b1484383e8ed29e9272f7abcc95742d7a680
127512_200w.jpg,200,279,portrait,none,19961,RGB,f4c7683cdf1da3a06d1c5fd565e8c16ea28f7197
127513_200w.jpg,200,279,portrait,none,20918,RGB,e510a27fb30247c35727f6e5db416ba42209fc62
127514_200w.jpg,200,279,portrait,none,23928,RGB,8242027de79d61b31a72c644cdfcdecfdfbfbac1
127520_200w.jpg,200,279,portrait,none,29536,RGB,7271eaeae951ee0e4b97eda373c9c456c7aa0e03
129313_200w.jpg,200,279,portrait,none,23553,RGB,b42a10176d0137bf8443ff3c46b41dd7ca8b0224
129374_200w.jpg,200,279,portrait,none,24056,RGB,8c6b00edda7b9072e570f68119aa916798f79209
129376_200w.jpg,200,279,portrait,none,23958,RGB,72136a2582b5681273476fcc985fd44db2fd439d
129378_200w.jpg,200,279,portrait,none,22924,RGB,7790d81e7a9a5fbb38f1fad567fc320b3d6f6105
129380_200w.jpg,200,279,portrait,none,24305,RGB,f3f89c7adfffdecc7e01e3869aff436d8d1955ec
129718_200w.jpg,200,279,portrait,none,20237,RGB,058e3b8af00474eb4fa84401bbcef8d515e21f8a
129719_200w.jpg,200,279,portrait,none,19390,RGB,ffc52180d7f9946623262e133c11d95da9ea8b01
129720_200w.jpg,200,279,portrait,none,19312,RGB,4989ba4f377715a0edd5ae80578081bc9fb8e2db
129721_200w.jpg,220,300,portrait,none,27216,RGB,06d7b1fd627f456d4e9877ba994136588b7ee23d
129894_200w.jpg,200,279,portrait,none,18871,RGB,98f442a5a31671ab8c0b707046f555fc528aab9b
129898_200w.jpg,200,279,portrait,none,32816,RGB,f65422439607ac6bbdd886ec23c1bb0a34c203c6
129899_200w.jpg,200,279,portrait,none,23233,RGB,9c4a8bd76df6f3558d51267a68497ccb9702fd5d
129900_200w.jpg,200,279,portrait,none,23855,RGB,30b167d75abc3eac623b843fe8ce2a222fa41263
129901_200w.jpg,200,279,portrait,none,34322,RGB,b1e2924ff95ab0e38bcd41602f142f311b521ac1
130324_200w.jpg,220,310,portrait,none,30339,RGB,00b5c447c84fd5417248392cd95282365885d7c2
130325_200w.jpg,200,277,portrait,none,23523,RGB,d335a50c5453baf94fd3bf0ad3266d96b7116bee
130326_200w.jpg,220,305,portrait,none,30582,RGB,cbb253ae8f85795127e3687a19f3ef390cfe9534
130328_200w.jpg,220,302,portrait,none,29969,RGB,fb911a3b812a23489b4f6cdc74876144f150c4c5
130329_200w.jpg,220,303,portrait,none,29273,RGB,2f6b3f7da95ca796a928ad48d2937bd28f07fd07
130330_200w.jpg,200,280,portrait,none,26941,RGB,d1d3f550b8ef1a0979f48c7e337ac0c6f5638e8c
130683_200w.jpg,200,279,portrait,none,20643,RGB,deb00286535e3f412c5ae069f11691c819e25b07
130684_200w.jpg,200,279,portrait,none,22024,RGB,67ef0cd462a65ec3c66ddb0b4bf5a26e5c05fd46
130685_200w.jpg,200,279,portrait,none,22473,RGB,8c655bf1e0dd33e1b3dd69fbf7805616dc1a1926
130687_200w.jpg,200,279,portrait,none,22733,RGB,b478c20a0a5cdd2e7934be96eeeda5c9dfcffbbd
130688_200w.jpg,200,279,portrait,none,23818,RGB,5918e2896dee67f0c9f0a1d273fb12d3f3373453
130693_200w.jpg,200,279,portrait,none,20993,RGB,439245cc99c468d026589411388f0cfebfeffb31
130694_200w.jpg,200,279,portrait,none,23367,RGB,3eb21c805c3a59372652342a8c2892fc8e410e2e
130757_200w.jpg,200,279,portrait,none,17416,RGB,826fea89410168c4594a0af71a982a78551fe163
130758_200w.jpg,200,279,portrait,none,20998,RGB,bcf71f1b68410a555ca3f4ab15375809d051c4ae
130760_200w.jpg,200,279,portrait,none,22784,RGB,441a3415daee8bd809febeb3b6ce9a055c6c73d7
130761_200w.jpg,200,279,portrait,none,20954,RGB,953b944a508377e999e3a681d336efb67974a4ba
130762_200w.jpg,200,279,portrait,none,23880,RGB,b2118da009702ac7af55c01de9708f9c8da63e93
130763_200w.jpg,200,279,portrait,none,23787,RGB,d19c418e890499eaffe30bb4d4ea597a9fd732a4
130764_200w.jpg,200,279,portrait,none,31653,RGB,73af41aebea6c5e809417ef3ea9643032f9205d8
130765_200w.jpg,200,279,portrait,none,29815,RGB,4dcb65479d937d7fb01f5a518d78cbe8efac0c5a
130766_200w.jpg,200,279,portrait,none,26443,RGB,1b3352edc60dfb49fb9b83975fac9a466870523e
130918_200w.jpg,200,279,portrait,none,25016,RGB,02043d3bc60e3bb73e78ab22267fa76cd86c4963
130919_200w.jpg,200,279,portrait,none,23614,RGB,b492bbd43e3fb65fc5cf4cc1dd3248994f326709
130920_200w.jpg,200,279,portrait,none,28594,RGB,bd363364c94e3128592e3544074a4b20f40d25d8
130921_200w.jpg,200,279,portrait,none,29910,RGB,7ea461c7d7c6a7f22d47edb5fa93644a5c598a5f
130922_200w.jpg,200,279,portrait,none,26381,RGB,690cd864bcba3f8d083cc06eca6cccccf11c5eb4
130923_200w.jpg,200,279,portrait,none,23791,RGB,794b1bea9a8ff6a2cd06e7c489936f49b3cb8aee
130925_200w.jpg,200,279,portrait,none,24644,RGB,5305cd6ee1a12dfc51b4d62add448e1f33370375
130926_200w.jpg,200,279,portrait,none,22844,RGB,f7d479ed9a41d492487eb5aefaf3f037ad96363c
130927_200w.jpg,200,279,portrait,none,21079,RGB,a627d422f75e67707b6d2e2cd7dab79fafd1fae8
130928_200w.jpg,200,279,portrait,none,23400,RGB,f1e9fd11bf01b8a3af3608739274b859e7984353
130929_200w.jpg,200,279,portrait,none,21515,RGB,09da46243c661894167ab3bed80e82aac8c10c8a
130930_200w.jpg,200,279,portrait,none,26751,RGB,b3e8ad4f3a9d1b4429d2d0df8a94f37bb5709a6c
130931_200w.jpg,200,279,portrait,none,24692,RGB,7b18ec13fe2c73b5a189742952e2839878252232
130932_200w.jpg,200,279,portrait,none,8575,RGB,978f5191b1f795be7c10e81d7cc05ac57486e770
130933_200w.jpg,200,279,portrait,none,23280,RGB,23f019f82ea4f3c040f4cd9e00a327708b0e5b0d
130934_200w.jpg,200,279,portrait,none,22911,RGB,48476bea12a7b926cd18b0a671369bd37306139a
130935_200w.jpg,200,279,portrait,none,24342,RGB,6443d718bb45d5ebfcfc927bb1d25395a0d094e5
130936_200w.jpg,200,279,portrait,none,22137,RGB,86dbb46a2793990cdb6193a947f8aae8844cef3e
130937_200w.jpg,200,279,portrait,none,26327,RGB,2cb48b8546a15c2f2ff10e1629f3a7db6f1517ef
130938_200w.jpg,200,279,portrait,none,28228,RGB,4172e647cd5d4815dc3fb9d89a2c53b090e488eb
130939_200w.jpg,200,279,portrait,none,27461,RGB,ffcd0e3b6d0375738140d8db899581864374e61e
130940_200w.jpg,200,279,portrait,none,25604,RGB,7299a01945ff7f47901339730974ee1c985474ef
130941_200w.jpg,200,279,portrait,none,21911,RGB,30be1fd0c380582e9f9eae9aa2c4167f2dea35a0
130942_200w.jpg,200,279,portrait,none,20432,RGB,c912d5285fe0ebab69dd3d803f2e4e9ab1a575c7
130943_200w.jpg,200,279,portrait,none,24735,RGB,65c79f50f529c81d81b994db94cc78ea85a40263
130944_200w.jpg,200,279,portrait,none,25318,RGB,e496b6c13e50bc088a5c0ef0ebd121e1457435ab
130945_200w.jpg,200,279,portrait,none,20886,RGB,6203ff90833c6b4e6ac1bc099e38ab89e9e03e43
130946_200w.jpg,200,279,portrait,none,24916,RGB,8877161ef0b1e563566e6011a3cb41c02ce1f9bf
130947_200w.jpg,200,279,portrait,none,29296,RGB,55aba2199cec49c6d9422be4ad02f6b9f8497f3d
130948_200w.jpg,200,279,portrait,none,29841,RGB,ce52c18e8ae39bce338e4bc5c383419fb866ab78
130950_200w.jpg,200,279,portrait,none,22832,RGB,747be91e511e3372019db300525c06bf931ed66d
130951_200w.jpg,200,279,portrait,none,31124,RGB,85e88b5ff2526b0a213311475da390773bb9f526
130952_200w.jpg,200,279,portrait,none,31418,RGB,a13269cc6da1162e3827ec04c32395df04f5b0c7
130953_200w.jpg,200,279,portrait,none,26244,RGB,aaddb5f921fd66f031d2a5b644e7ba1db907afdf
130954_200w.jpg,200,279,portrait,none,22385,RGB,47caa5882c35176f4db9f7f4f741fa22c220433a
130955_200w.jpg,200,279,portrait,none,23780,RGB,fab66beb4b184b9f66a0bacdad3f3e71e3710f31
130956_200w.jpg,200,279,portrait,none,18433,RGB,03f47f3473a1e3b3d2506bdf491364169cc24967
130957_200w.jpg,200,279,portrait,none,20048,RGB,5bd4706bef4ac49c8ea48ba7eabe25fe95511009
130958_200w.jpg,200,279,portrait,none,20082,RGB,9fd6f67672ed6c776defdb43eaac47658644458b
130959_200w.jpg,200,279,portrait,none,20645,RGB,c9b47fce004c1f8b7d8363f706705a17f522244d
130961_200w.jpg,200,279,portrait,none,19723,RGB,0f5d16cef8db1e10e6575396c9b69f07dc38b53a
130962_200w.jpg,200,279,portrait,none,21967,RGB,58a68a4821d6b52d758b51fab5b2975d07321484
130964_200w.jpg,200,279,portrait,none,26598,RGB,093a8046d016f6bb660cf2f35e87a41cbdf49345
130965_200w.jpg,200,279,portrait,none,26096,RGB,cbe0a5204e404e7c1a769b084a1da96dd634a070
130966_200w.jpg,200,279,portrait,none,19330,RGB,06fee4210b946b63a929c7103751bb975525c509
130967_200w.jpg,200,279,portrait,none,21842,RGB,f0618e0352b4522c506231fb96e3ad68593e7a0d
130969_200w.jpg,200,279,portrait,none,26807,RGB,73218b46c65fcc8a149a53c4efe3bf5825e2bf75
130970_200w.jpg,200,279,portrait,none,24986,RGB,55b0946f56b964e8db19421e08e0845228182c14
130971_200w.jpg,200,279,portrait,none,22812,RGB,460611bcc5663e7c35f80e21de016c13704a9267
130972_200w.jpg,200,279,portrait,none,22517,RGB,e281696bb2958407961da266830bb1bca2bb56b5
130973_200w.jpg,200,279,portrait,none,21256,RGB,e53a33126cdea8b6da5cf8c8a9385da89271b599
130974_200w.jpg,200,279,portrait,none,23243,RGB,03b459d2371b1bbdb33824a9f8f8e5fcb4f2932a
130975_200w.jpg,200,279,portrait,none,23608,RGB,89789008ff6523202b00526a37200adcd2fdf26c
130976_200w.jpg,200,279,portrait,none,23894,RGB,9eb22a6845015e61a48b9f2dad84f296e086d8cb
130977_200w.jpg,200,279,portrait,none,22315,RGB,dd67e89f377ed437d430a4bc98945f29b2da354a
130979_200w.jpg,200,279,portrait,none,23081,RGB,062e68a64bc5c1f246dab8a4521e90549c169fba
130980_200w.jpg,200,279,portrait,none,19954,RGB,c8059cb30ffe1fb602cdc32db8410789181ab8a8
130981_200w.jpg,200,279,portrait,none,25049,RGB,e948d4faa9e8d947e667a78fcb11c20f5eebbb87
130982_200w.jpg,200,279,portrait,none,20132,RGB,cd631418c15034712d0713c6cc7dd2c4d1fdb552
130983_200w.jpg,200,279,portrait,none,23113,RGB,b1888b539d03cce5bb29139556b739aa76fb7411
130984_200w.jpg,200,279,portrait,none,30689,RGB,16ac033d4eb604a17ef89e3eacd0a0b4a41e0400
130985_200w.jpg,200,279,portrait,none,28262,RGB,ded8efda2e738a18d3f7a6bdf9232a884ea1304e
130986_200w.jpg,200,279,portrait,none,25254,RGB,de529720910aac0d8720187deca583cc193b944e
130988_200w.jpg,200,279,portrait,none,22564,RGB,50690f57855bc03c6e41d89e496a21028a798c7a
130989_200w.jpg,200,279,portrait,none,23472,RGB,c789b9c4209ffd053ee4cff031dfe2e31e71feab
130990_200w.jpg,200,279,portrait,none,23025,RGB,9986a320e72e99e155ad9781ddbb2ee1d4a094a4
130991_200w.jpg,200,279,portrait,none,24164,RGB,71f5133bb780aa3e11f6fcb3affc6a0603577a26
130992_200w.jpg,200,279,portrait,none,20564,RGB,d4bacf576c88e8a7dd091ff7621d4324a9ac34ca
130993_200w.jpg,200,279,portrait,none,24373,RGB,06212f162e3c37689c6a585cdcafa6161b070e26
130994_200w.jpg,200,279,portrait,none,24065,RGB,8797d249abae4d902c1edf91e0cbcfeb4bbc13dc
130995_200w.jpg,200,279,portrait,none,23243,RGB,d1c6affe67a5ad574c0dcfbab4e6416cc26a2bcc
130996_200w.jpg,200,279,portrait,none,22836,RGB,89f92ae6618c49cf36559581f8f62abf9f3c11d6
130998_200w.jpg,200,279,portrait,none,26416,RGB,ae347f4905c43275251f41da39ad0b094aa39c5c
131000_200w.jpg,200,279,portrait,none,21834,RGB,e4e63acf837482fdda8f0b576840fdc93beac5e6
131001_200w.jpg,200,279,portrait,none,25725,RGB,200aac205f24a04395199ef540cd8d8372825dc8
131002_200w.jpg,200,279,portrait,none,22302,RGB,06aefda124fbee5f798db71459eb992a3dfcc4d1
131003_200w.jpg,200,279,portrait,none,20820,RGB,217fef7cc5dc0080f69944dc37c9c3f50860ad41
131004_200w.jpg,200,279,portrait,none,18841,RGB,421eaae1e3ca2a417d1cc03bca413b50c430a685
131005_200w.jpg,200,279,portrait,none,21056,RGB,440a3f442d5a2e1c6084a53b6859ec3fffbb3c99
131006_200w.jpg,200,279,portrait,none,29887,RGB,201b5dbdafbf0103f0e56008fe08c8b09d8e45b4
131007_200w.jpg,200,279,portrait,none,27285,RGB,cdc5c25d42c0558e6660594d6c905c987674d66d
131008_200w.jpg,200,279,portrait,none,25983,RGB,d2d1abaea0bd09c8fc95b69d5c9f993dbee60f18
131009_200w.jpg,200,279,portrait,none,24903,RGB,be1c434d774fd84481862f600895ee7d3f16954a
131010_200w.jpg,200,279,portrait,none,20711,RGB,7b82e11943ceb9ebe819326799a10273e912e782
131011_200w.jpg,200,279,portrait,none,23599,RGB,df12517ae2924b0eb2c8e44266d2013cd3795f7e
131012_200w.jpg,200,279,portrait,none,25758,RGB,3b90da4c26e8c9b5a413c3d7dfc1c788bea74b8c
131014_200w.jpg,200,279,portrait,none,23098,RGB,4613e23afd00d4d7ec8d3142af621f5da3cf214d
131015_200w.jpg,200,279,portrait,none,21911,RGB,5707bb8a6252794533a6b1687c698f8d5eac4a24
131017_200w.jpg,200,279,portrait,none,28961,RGB,30be551eb9603526679734d6fb3d7ab2867ad0e7
131018_200w.jpg,200,279,portrait,none,27069,RGB,b40b7e5ade560f43570316979dc1df4b237a9dd5
131021_200w.jpg,200,279,portrait,none,18814,RGB,e67df956483286ae2671746aef26ff51bd8b703b
131022_200w.jpg,200,279,portrait,none,23720,RGB,4a21c252f8b2e131b435f5b65770d05d1923eefb
131023_200w.jpg,200,279,portrait,none,20922,RGB,a2b39decbdeea5005da815caf9fe05e374f70dce
131024_200w.jpg,200,279,portrait,none,21847,RGB,4027f4e2a0eed6305f7618bc6f1d3295d3e47ae9
131026_200w.jpg,200,279,portrait,none,21818,RGB,609579e41f02f4d1fca8044eff9de3d1263beb45
131028_200w.jpg,200,279,portrait,none,21260,RGB,c407eb47ca560d0fa516f25a65b0341704eb762a
131029_200w.jpg,200,279,portrait,none,22402,RGB,d3fae645d655583adcad71122fb6fb0f8a227c55
131030_200w.jpg,200,279,portrait,none,19225,RGB,ae2630e41ab5746ee21bdbbb209daaa7f836cd16
131031_200w.jpg,200,279,portrait,none,23793,RGB,55aed2d49a7c30d256a4b37aa2ec0da8d1e2e038
131033_200w.jpg,200,279,portrait,none,22386,RGB,d84389c896f033f5f053162e2e92019a98415142
131034_200w.jpg,200,279,portrait,none,26458,RGB,b6290f7368ca83ceba92611c2749973bf70a26ec
131035_200w.jpg,200,279,portrait,none,24577,RGB,a36431cfa2c45054915435a32f351c5ca4cf09bc
131036_200w.jpg,200,279,portrait,none,21840,RGB,a54d29dfb8260d2a808fd7c9497b74e7ec53dc23
131037_200w.jpg,200,279,portrait,none,19425,RGB,c22c12509539edbc86ec8d76c265dee19be383fb
131038_200w.jpg,200,279,portrait,none,19570,RGB,7f59b47c0e573da1bf00b755129ae67de2e7d1cb
131039_200w.jpg,200,279,portrait,none,20066,RGB,1565dde8712b56edbe78d8737347ed6dfadcf585
131040_200w.jpg,200,279,portrait,none,21570,RGB,4598ea8c4bb911f52eb95d65bfd9241ffbea60ee
131041_200w.jpg,200,279,portrait,none,20774,RGB,dcff83ebc6c660ac2e1bbf7ed9dc639279004c87
131042_200w.jpg,200,279,portrait,none,20100,RGB,9ac78975db48cb5b36ffd9df40238b038144a233
131043_200w.jpg,200,279,portrait,none,18382,RGB,f24771b4059f02f0e7ea1f88127a33bb802d04fe
131045_200w.jpg,200,279,portrait,none,18427,RGB,11566a643eb46a9ebf2e1e1286cbff09fbe3c2c5
131046_200w.jpg,200,279,portrait,none,19283,RGB,3106d3c865da154da1ae7d3621e6bac17a028f93
131047_200w.jpg,200,279,portrait,none,19147,RGB,999f1ef37ff8172002ddeb579dda7fed52b43630
131048_200w.jpg,200,279,portrait,none,18572,RGB,38a52dae07a8e9167707b4f1b93dfc01896c77ec
131049_200w.jpg,200,279,portrait,none,18155,RGB,ff5519885d26c5031039a5cfda823c18fafe8911
131050_200w.jpg,200,279,portrait,none,19644,RGB,c3b3b26b8e0bccad41d1327fc975badad63f1195
131051_200w.jpg,200,279,portrait,none,26214,RGB,900132eb17a948e6228c8f7b8291ee2dbb8d8309
131052_200w.jpg,200,279,portrait,none,26859,RGB,aca265a66eddeba0a3d821b4bc0231efa19ab022
131053_200w.jpg,200,279,portrait,none,25782,RGB,d030b90bf0452ba0b3793cad43fdccb08a83eec4
131054_200w.jpg,200,279,portrait,none,24182,RGB,01112b0911d6b6f4d8067a73d702da1d010d71f9
131055_200w.jpg,200,279,portrait,none,26339,RGB,cab11ff7adf27a75523ce77e651f2e20d3716c26
131056_200w.jpg,200,279,portrait,none,25584,RGB,1d0bbba9fb391c3b11cd209f3f616e07b6fa96ea
131057_200w.jpg,200,279,portrait,none,24527,RGB,c161320e4ee0cd05f78a7cae75727d2c207eadbe
131058_200w.jpg,200,279,portrait,none,22839,RGB,8233d1792a269ae10071cdc1c80346a82edb4ac3
131060_200w.jpg,200,279,portrait,none,21999,RGB,58a0e2b5565dea765123d00ff0ee4b33e7d11df3
131062_200w.jpg,200,279,portrait,none,20938,RGB,01c00db8935560ca60a26f34767b300998fb81cc
131063_200w.jpg,200,279,portrait,none,17169,RGB,a0f567738077d261d997f8f4d8a5c6f19f448cfb
131064_200w.jpg,200,279,portrait,none,14442,RGB,574cef1e66db19f4a8736e4f7d34be18e078f7d9
131065_200w.jpg,220,309,portrait,none,20610,RGB,53d519e359feeac664916e697b63a6ed73b2a001
131069_200w.jpg,220,307,portrait,none,18256,RGB,b47eadca9e6419965edb59b5d3c0bfab4a02531e
131070_200w.jpg,200,277,portrait,none,14699,RGB,495e4f818c149845d784d80b9e150cfaad7411f9
131071_200w.jpg,200,276,portrait,none,14649,RGB,cd83a224d0f699d5218f502d0bc63830184a6ee6
131085_200w.jpg,200,279,portrait,none,23099,RGB,21dd1c3885e1f909bd8ebbfe681b2757fd059025
131086_200w.jpg,220,308,portrait,none,28712,RGB,88694d21b33e2fe86731fd8799597574b6d03429
131087_200w.jpg,200,279,portrait,none,23930,RGB,421523b78c77bc4dbbacbcb4b45802e5e25096ba
131088_200w.jpg,220,308,portrait,none,28325,RGB,0b8bdf003a1d5ae559464d3a5751307f9b533e17
131089_200w.jpg,200,279,portrait,none,23648,RGB,828f7286a308ff0674693410ffd502ba6008bbc6
131090_200w.jpg,220,308,portrait,none,30952,RGB,402d4012c3312140959526170884e96792add42e
131091_200w.jpg,200,279,portrait,none,25980,RGB,8f1683d49865f8c656cccc1930fc1f4c370b1ef6
131092_200w.jpg,220,315,portrait,none,29418,RGB,3e8e312c68032d49bcd74ec19165d2511a82b20b
131293_200w.jpg,200,279,portrait,none,25586,RGB,c0cf6305b19e7edaebffc5e655bb1da43b86e6ea
131294_200w.jpg,200,279,portrait,none,22555,RGB,26e063385c39a1e9076d4a6da6c6aaaefb6e0dbe
131295_200w.jpg,220,307,portrait,none,28150,RGB,554bbbf4891c299ad2e55d5371d8b31da31dd8b9
131296_200w.jpg,220,307,portrait,none,24030,RGB,5419080c1735e69ccaec4454be97eec500d7ddd4
131297_200w.jpg,200,274,portrait,none,23541,RGB,eb07c43a4dc28565093a5fc9511e2c079b201e69
131298_200w.jpg,220,307,portrait,none,21163,RGB,d5cbc49a260a8b329bae4e7a56400255604b0a1c
131299_200w.jpg,200,280,portrait,none,19740,RGB,6973a5f1087fe7b410d51efa66cc72d1c0778792
131300_200w.jpg,220,307,portrait,none,24909,RGB,f82e9420ab721e3e1ea103a62050b66334270600
131301_200w.jpg,220,307,portrait,none,24455,RGB,2f8616552a653b023d646d6ec08ebdc8bf94b263
131302_200w.jpg,200,280,portrait,none,21677,RGB,f6d58e881c8d8515b9fc2da784f9e25557043960
131303_200w.jpg,220,307,portrait,none,26226,RGB,0ddec8821934e9c959f347b7ec9233cfad5bb0cb
131304_200w.jpg,200,280,portrait,none,22584,RGB,cd7e52a14b576e82d79d3e73abd49810364aed8c
131305_200w.jpg,200,279,portrait,none,23375,RGB,ee8bffe40d5fd69ec59662b0a6636beff30efae2
131306_200w.jpg,220,307,portrait,none,28454,RGB,59a453597081748dfa6eeab08020c33423b5433c
131307_200w.jpg,220,307,portrait,none,22213,RGB,ecc1110457a2b6b8ae04c44b8b61a07d9da537b0
131308_200w.jpg,200,281,portrait,none,22136,RGB,ef5704ed2334fb450677ede484b56cca8fe8806b
131309_200w.jpg,220,307,portrait,none,29129,RGB,0aafc4da875e8697d1fc9ed2d05465b6c1531aeb
131310_200w.jpg,220,307,portrait,none,24642,RGB,b04f87ad60bb9a6caab44de8064424bc5fdff07b
131311_200w.jpg,220,307,portrait,none,24415,RGB,5fbcb8d3e8e9271df56d1be4be71711ded77b8ad
131312_200w.jpg,220,307,portrait,none,24055,RGB,e2644b9eeb9c0747b5637e4f6583f995ea6bdd9e
131313_200w.jpg,220,307,portrait,none,27740,RGB,31eee0b28e76534522cb7b44bee388e8f9439709
131314_200w.jpg,220,307,portrait,none,32082,RGB,812d5430fda76ee2eeb6c938ba8ee1371d6804a2
131315_200w.jpg,220,307,portrait,none,27935,RGB,423d351552bc556ecdcb9385bf31818b44d4c8e8
131316_200w.jpg,220,307,portrait,none,26144,RGB,2db1bd6cb3f82a71e7f4332d6585ab3b41b7da12
131317_200w.jpg,220,307,portrait,none,28495,RGB,3e5bfbd36506e83b21d830785756507d92ef941d
131318_200w.jpg,220,307,portrait,none,25614,RGB,540c00d5d7e94337308981f10e3ae8f35349227b
131319_200w.jpg,220,307,portrait,none,26643,RGB,e19f5c6378791aafe0e446130d4e3a14581e063f
131320_200w.jpg,200,280,portrait,none,27366,RGB,09d2ade3522fa5b3e8c88e7dfcb834986ef0101d
131321_200w.jpg,220,307,portrait,none,26892,RGB,1a0f16c483eaf15e9e72f898deadfed0d4264562
131322_200w.jpg,220,307,portrait,none,29063,RGB,d44209da7daa6bae35f44da3fcfc0ba4f702d25c
131323_200w.jpg,220,307,portrait,none,27092,RGB,6c3bfea167e0294284559517078b52301f3fba84
131324_200w.jpg,200,279,portrait,none,25655,RGB,985fe39a7a42f8de95fc45f3f2929d789df2af3c
131325_200w.jpg,220,307,portrait,none,28708,RGB,d87eb5856188d5147e9c6ad448e011ac02f9e879
131326_200w.jpg,220,307,portrait,none,29356,RGB,833ec4b07197bd370b329df855e89b40f043b9a7
131327_200w.jpg,220,307,portrait,none,28447,RGB,26ac931ed3308074912558a8b5741740ba230958
131328_200w.jpg,220,307,portrait,none,27471,RGB,80e43be098e7422cd1b224ff9f34d015890f15bc
131329_200w.jpg,220,307,portrait,none,30707,RGB,401cef29c9121de38bfd23e51bfee9b2db5e3434
131330_200w.jpg,220,307,portrait,none,27397,RGB,76f0d6f03cb2c598a9c3de691e330fc43872ce91
131331_200w.jpg,220,307,portrait,none,25790,RGB,85d1ef686a0aa7d435930069af44d4a648757f61
131332_200w.jpg,220,307,portrait,none,29928,RGB,3e2c3fbd8bb0e821b574c2b56e9db07f09051246
131333_200w.jpg,220,307,portrait,none,32698,RGB,f1ef6f100a7473f72ed2fe159547e0b442e4d4f7
131334_200w.jpg,220,307,portrait,none,28784,RGB,20a9d4dd0d603d67b41a87469d2232433d0b848c
131694_200w.jpg,200,279,portrait,none,23224,RGB,2c141ea6fc3a22bf660682a583673ffa10eee26d
131695_200w.jpg,220,309,portrait,none,41187,RGB,02891f8d6c409bc76dd91cfceebe304e5969f4cb
131696_200w.jpg,220,308,portrait,none,37071,RGB,0c4ca5e5308fb04f273d603d82e588e45cfe1ae5
131697_200w.jpg,220,307,portrait,none,31552,RGB,370fe82c4de80dfceb2c79ad7a0c79355a9c7740
131698_200w.jpg,220,306,portrait,none,38503,RGB,2e29c0f6e884e95f4c15b308dcc52bcc6f5ca460
131727_200w.jpg,200,279,portrait,none,31175,RGB,3e75deb251861aee7eb5e453f1d91ae56b519729
131728_200w.jpg,200,279,portrait,none,30267,RGB,f39facaa21fc4869c1f3fcd40036828302492968
131729_200w.jpg,220,306,portrait,none,27446,RGB,8d106d4aa17cb12e69f505fdb3a1eab42131eec3
131733_200w.jpg,200,279,portrait,none,22439,RGB,977fe5f3c3d4833b6fb21da86c47af909352c281
131735_200w.jpg,200,279,portrait,none,22674,RGB,87af2f51e27edf7fbfcc255211a3681497d6a33d
131736_200w.jpg,220,307,portrait,none,29317,RGB,8785231d59a001b629a7401ff732d7551cfbf2c4
131737_200w.jpg,220,308,portrait,none,32657,RGB,f6e831dff5e5cbc841334fb960789a96364918a7
131738_200w.jpg,220,305,portrait,none,28136,RGB,da856420c25710d3865e729c86927fd8518647db
131739_200w.jpg,220,307,portrait,none,23778,RGB,ecadfb7f7382397ed0d002d983977425b49f813a
131740_200w.jpg,220,309,portrait,none,24838,RGB,8e52d5399d114a62ca6dbde57c4836be8176bb12
131861_200w.jpg,220,306,portrait,none,25987,RGB,b4b6ffa3ec30c38a6f356598c3e3a47d9450387c
131863_200w.jpg,200,284,portrait,none,28383,RGB,aa0a46c15fdeb3a598232980509a7eda821fc26c
131864_200w.jpg,200,284,portrait,none,28442,RGB,56b3d453cb1e64aec2f69658bfc291deff815828
131866_200w.jpg,200,284,portrait,none,32249,RGB,48c5140257201b606f69891e4f27659dfdc8003c
131868_200w.jpg,200,284,portrait,none,30206,RGB,c3052fe4c8fd6551b3d9468b09a354a7f27fcd17
131869_200w.jpg,200,284,portrait,none,34159,RGB,ce20536124074f4e17acf7c4c1d8c8409646c37a
131871_200w.jpg,200,284,portrait,none,30398,RGB,668ec5a69433b8a2bc47cfc2408c15ef4bed2c4b
132239_200w.jpg,200,279,portrait,none,23729,RGB,a20137c2af4df88e7560be15dc93fa4c1300683c
132240_200w.jpg,200,279,portrait,none,29119,RGB,2d8599b1c140095e6d31f2758059bd56635efe3e
132241_200w.jpg,200,284,portrait,none,32340,RGB,8b0c8d3f0f094b98dd356bae5184f98d7e19f474
133414_200w.jpg,220,308,portrait,none,33448,RGB,8f165a772be7423da3619718ff9bfb4314950dc4
133415_200w.jpg,220,310,portrait,none,35987,RGB,a3c33bfa5ceadce6423e15af23aa978c5f3b9814
133416_200w.jpg,220,311,portrait,none,31471,RGB,3cb95cf606a3bd0245b356ee3b1ce95d23d955ee
133417_200w.jpg,200,280,portrait,none,27206,RGB,b8a84e1067e1dd864388850ed5b562ef8c0f0b75
133418_200w.jpg,220,307,portrait,none,34287,RGB,6768975e5c7d31558a6bdcf1b21940046f8455c8
133795_200w.jpg,220,307,portrait,none,24111,RGB,e38a3238c8e33d42cafa75822b4ae9b3790ae793
133796_200w.jpg,220,307,portrait,none,25747,RGB,1298db1f0bb977aa15a51cf6579f6062b4854ae8
133797_200w.jpg,220,307,portrait,none,26857,RGB,1cb6e9e80e17d5fc89cf6f6cd291c274fd4357a5
133813_200w.jpg,200,279,portrait,none,21931,RGB,6fee6e7b29ac3e5f7364f44095333ae90fc087d1
133814_200w.jpg,220,307,portrait,none,26802,RGB,dfbfb2429cff0bebde8e6af47cbb2a4ff8056c71
133815_200w.jpg,220,307,portrait,none,27092,RGB,6ccd5927c28b9b10d0d2964c6229fe8f54d5c631
133816_200w.jpg,220,309,portrait,none,27489,RGB,28ec5eaa2cb617c1eac8393c6b75110cb0b91c4c
133820_200w.jpg,200,279,portrait,none,28745,RGB,d11f8f3960e9e3222d6d74e5963c5d205e4f6754
133821_200w.jpg,200,279,portrait,none,26415,RGB,160d3ae035c14044b60a11d467b24b93e9cc20b9
133822_200w.jpg,200,279,portrait,none,30523,RGB,0bdffd5278f6ddec2348bb75fed8167c76845014
133823_200w.jpg,220,306,portrait,none,28439,RGB,050255ef8014e76c642d04e7f1cb794a48d5fdae
133824_200w.jpg,200,278,portrait,none,20623,RGB,deb4dca8100cf0eba51b16d1e3eba732bcea40fe
133825_200w.jpg,220,305,portrait,none,27630,RGB,7b5f982c929d6945ed60522bdc3165fc7c9948ba
133826_200w.jpg,220,306,portrait,none,27139,RGB,37dcea71925a575ba870bce5ed67f94bf6163ee4
133827_200w.jpg,220,306,portrait,none,25588,RGB,c8ea26319ccc88d565be9b4b721de5b3b30a2dce
133828_200w.jpg,220,308,portrait,none,28725,RGB,bbf0525446688596a6acb7ba5204f968fe9931d3
133829_200w.jpg,200,279,portrait,none,23711,RGB,87bdc33c9c55fa57802868f2d490982f6c0dcf00
133842_200w.jpg,220,307,portrait,none,28084,RGB,f75bda85417df35f74716ee7bd8560af9bd8a5b7
133843_200w.jpg,220,307,portrait,none,27857,RGB,8b59c1f75bbea3a2ea627df3bb546b9035394c9d
133844_200w.jpg,220,307,portrait,none,27416,RGB,5f4e0ae4004297bed2d3d97da5e6800229df7539
133845_200w.jpg,220,307,portrait,none,27482,RGB,ecec8a74392519ed44eb1943a58b96bdf34e4d3d
133846_200w.jpg,220,307,portrait,none,28243,RGB,4c5071d0288c1edf628e356c6d1bb3c91616e16b
134919_200w.jpg,200,279,portrait,none,21761,RGB,5890f07be3ac10e2e367b2eec04fb5c0ba8dac20
134920_200w.jpg,200,279,portrait,none,25449,RGB,a859565d5b84a1da33de7ec6016df0d9350323a8
134921_200w.jpg,200,279,portrait,none,26440,RGB,253c8af50cbe99c36db845c3a1107793ca8a7ec2
134922_200w.jpg,200,279,portrait,none,24248,RGB,0fbc60bb0726dd399b31bc9c3762eddf60cf32a7
135027_200w.jpg,220,306,portrait,none,17492,RGB,bb3877e214ac954ea5344ad1f4607fd28f71f577
135028_200w.jpg,220,307,portrait,none,22855,RGB,a5102884c0f83c3b67f001ff62e60a7b25e581a0
135029_200w.jpg,220,311,portrait,none,16466,RGB,eb5c55bfeffb397cae435e2717f875b8ad7bce26
135039_200w.jpg,220,307,portrait,none,28956,RGB,06185bee6896fa00c35468822f15fec150c18e89
135040_200w.jpg,220,307,portrait,none,29186,RGB,af7633e29ceb53fb04ae8217878d375c47f71ea3
135041_200w.jpg,220,307,portrait,none,33547,RGB,8755e5af9dd04d6278002bc94ecd8afbdd323217
135042_200w.jpg,220,307,portrait,none,26661,RGB,73b17c3c6d48197ead17e66a9a31d7cba059620c
135043_200w.jpg,220,307,portrait,none,28705,RGB,0eac1553623649401328e944d1c5ee874e3c4f60
136645_200w.jpg,220,307,portrait,none,24672,RGB,ddd8de49ec3252df12289eda392e9832526e51fb
136646_200w.jpg,220,309,portrait,none,24357,RGB,be59fbff079d3c35088ce7c9888093e289e74670
136746_200w.jpg,220,306,portrait,none,22115,RGB,31bb5cfd94a4f61da94496a7621c91dee4dec8fc
136747_200w.jpg,220,305,portrait,none,20264,RGB,45f5e651cf5efc43198edbba82a5b1cb47fb9976
136748_200w.jpg,220,306,portrait,none,21222,RGB,1961e5c14a5389351bf0849cad3aa4a7853544cf
136749_200w.jpg,220,302,portrait,none,20932,RGB,a15e5a6db8f58fab56b5aa3305cd1e5731e7e594
136750_200w.jpg,220,307,portrait,none,20937,RGB,74d5a7eac17a65fd4367da48fe0fc0db3bd4c3fb
136751_200w.jpg,220,309,portrait,none,21257,RGB,55083a39714d3325bbef7339d7080ac51d218b96
136752_200w.jpg,220,307,portrait,none,18447,RGB,adf2f2f7b69e9845c8c8ee6ce0277e874c4fdf0a
136753_200w.jpg,220,309,portrait,none,18709,RGB,359236e176ac25f3f0fcb7e02a184a380cb57f80
136754_200w.jpg,220,303,portrait,none,25317,RGB,98b8c1e396c828aa2b71ce640436a8c3b0f67ec9
136755_200w.jpg,220,308,portrait,none,20683,RGB,616e553e953eccad7661cde653fef50d7c95b36a
136756_200w.jpg,220,311,portrait,none,19213,RGB,16ba60b9e6c981d8784d31aeb189100dca861804
136757_200w.jpg,220,308,portrait,none,20115,RGB,cee9c2a25d5b441310680704921d803a1248500e
137281_200w.jpg,220,307,portrait,none,23326,RGB,a9efbf58e9e5d81ab26f43422ada68755cf22a83
137525_200w.jpg,200,279,portrait,none,25913,RGB,a9b9ecb4382ecc433e06ad3facd6640b2f58d113
137526_200w.jpg,200,279,portrait,none,28881,RGB,120aa6dcf59d6c1740700efd2ddccb9317dc1a57
137527_200w.jpg,220,308,portrait,none,29699,RGB,51d420d6c43b4fe6eecc70634389d11943fe8531
138125_200w.jpg,200,282,portrait,none,17140,RGB,9dedb0b4743932ed0f6e620a428ae3744fc8a5e9
138126_200w.jpg,200,278,portrait,none,23763,RGB,a85b009518fd6bb05b62191100801a54e791a914
138127_200w.jpg,220,307,portrait,none,25442,RGB,8a2a149335fb4d6feefb09088da62f3c045795fd
138271_200w.jpg,200,279,portrait,none,19989,RGB,c4283ad237fe308b7d2150e21c6fc3fedd102625
138272_200w.jpg,200,279,portrait,none,20367,RGB,2d68e6ee4a00eedbf1748d98a7f104c30416cd27
138273_200w.jpg,200,279,portrait,none,22618,RGB,3c5868cb4f6434a1c791da81de7e1f284c75f7ae
138274_200w.jpg,200,279,portrait,none,19112,RGB,537209a27568e4849d3a1263bcd3000ec354287f
138275_200w.jpg,200,279,portrait,none,21737,RGB,0255a083e80086ed34fbf804ddd49c60070bc6e5
138276_200w.jpg,200,279,portrait,none,24839,RGB,fec90ddac450404721482eea72fc52e8a11f107f
138277_200w.jpg,200,279,portrait,none,21475,RGB,1939b4974d0a18d49b2dad77e38393a6aa92faf4
138278_200w.jpg,200,279,portrait,none,22800,RGB,2604450632a36706f5e29af9b41b3213cf932cae
138279_200w.jpg,200,279,portrait,none,21196,RGB,2b72acee6377ba8113cae66e9a69d3e829d8b172
138280_200w.jpg,200,279,portrait,none,22235,RGB,b11c80dedd744921ca97521f3e89ef5379e17b95
138281_200w.jpg,200,279,portrait,none,24426,RGB,a147554d65a03c658b36b09732a957e9da58e512
138282_200w.jpg,200,279,portrait,none,20289,RGB,da1c1cdcc39900e11377c4ed7a50d5f9d8bc425a
138283_200w.jpg,200,279,portrait,none,23161,RGB,3c175c82042ad1177d69879bed5ad3734260389d
138284_200w.jpg,200,279,portrait,none,19012,RGB,bfb49107838ad6d4c331e6911a0d455c034d1dcb
138285_200w.jpg,200,279,portrait,none,23582,RGB,68da480c418983be9438a8441f5032f9d9814e92
138286_200w.jpg,200,279,portrait,none,22425,RGB,8c673cab8fee043d7a1ce3291ccb244c955b138c
138294_200w.jpg,200,279,portrait,none,29997,RGB,dff9c79b7e52391e51b51096a5708fe71410d93e
138295_200w.jpg,200,279,portrait,none,29254,RGB,d9389e2afa1e140011343f2040bde98d407d3fee
138296_200w.jpg,200,279,portrait,none,27810,RGB,a0e3b68d1ca55f5d9938df5f53a3b4113b2a50ca
138454_200w.jpg,200,279,portrait,none,22118,RGB,d187f324551c4d8a38994adfef7292708c011623
138484_200w.jpg,220,306,portrait,none,26133,RGB,6bf0bc6799084ef03fb7b483d8b6c30dc3d939a5
138485_200w.jpg,200,279,portrait,none,22255,RGB,825e9433f9504f5843aead6925f49095c1b3a352
138496_200w.jpg,200,279,portrait,none,30540,RGB,d8edee878e5c02157d7e58a2050f05ca09da1539
138497_200w.jpg,200,279,portrait,none,24735,RGB,861807c6ff91481f0390a8ba1dc603ab20606c63
138498_200w.jpg,200,279,portrait,none,30687,RGB,5fe0d562181f40130419af0568cf5e41041a125c
138499_200w.jpg,200,279,portrait,none,29108,RGB,e23bd33c87fd353bfe896aaeae4a129f8572e1b0
138500_200w.jpg,200,279,portrait,none,21224,RGB,fb99489ec7672718a2b74bdf7dd7c5d86fd07c98
138501_200w.jpg,200,279,portrait,none,23439,RGB,f5b75c3663da17dd7408692d37077908ab3829fd
138502_200w.jpg,200,279,portrait,none,25058,RGB,b1f14b7bbe548e3d9b86628f826d595ba3e6b0cc
138503_200w.jpg,200,279,portrait,none,28510,RGB,44b04d6ffb84cd6ecd8bbf048478376c2b78ffc9
138504_200w.jpg,200,279,portrait,none,28411,RGB,0ec28526871873d2f1d3ac6fbd51684d7b2b1ecc
138505_200w.jpg,200,279,portrait,none,25088,RGB,60377891ea8dabc2b94332f950824dc272be8d70
138506_200w.jpg,200,279,portrait,none,20637,RGB,031d40895282bcfe93020d9c13305f34d5d5b5a0
138507_200w.jpg,200,279,portrait,none,21402,RGB,01e9660a08b43b7c743edad6e0b0e8772e892b0c
138508_200w.jpg,200,279,portrait,none,22469,RGB,4fa46548bf2d03c45ea83290c64587f1f49cc87d
138509_200w.jpg,200,279,portrait,none,20283,RGB,0a17c71757da3356a85378c37d83c44a3f97f4e9
138510_200w.jpg,200,279,portrait,none,20973,RGB,4edd3e804e189449a8fb88397ec5ca188e4a307e
138511_200w.jpg,200,279,portrait,none,24229,RGB,9c5fea46aa150b5c23577efce6fbfd0520e31b15
138512_200w.jpg,200,279,portrait,none,23972,RGB,645cf0cb39129fea2d61d6fd04cbb207b20928a7
138513_200w.jpg,200,279,portrait,none,24657,RGB,1c866f8711d136bd37e062e4f1a07847cfcc60af
138514_200w.jpg,200,279,portrait,none,21027,RGB,80670baaaa4f9017aefe7432601b912eb2543551
138515_200w.jpg,200,279,portrait,none,23158,RGB,e182d72f309a82ed3e2e65d71edc2afabc9bd554
138516_200w.jpg,200,279,portrait,none,22113,RGB,2cfd83b79bc49f21a0457b9f4ae3027c5be05140
138517_200w.jpg,200,279,portrait,none,23383,RGB,418b1ff76ed3e504b80b654f989b6a15ea223920
138518_200w.jpg,200,279,portrait,none,24566,RGB,f2e6b196441deb0c75de7d3ee0786a6c47498478
138519_200w.jpg,200,279,portrait,none,31577,RGB,5e098c8108544ac00320dd1a489aa715b96dd33b
138520_200w.jpg,200,279,portrait,none,28847,RGB,cd01538094de33445bc815f4f3f5cdc084fab279
138521_200w.jpg,200,279,portrait,none,26830,RGB,21ed3ca3c73d4aad54ba4b9d8ec7af93fc34abd2
138522_200w.jpg,200,279,portrait,none,21541,RGB,b642c75fe4e02ac8b53ca06b0a46746b7c1bd301
138523_200w.jpg,200,279,portrait,none,24956,RGB,38d579b88b2c7dbac07403220b201ed963ec3254
138524_200w.jpg,200,279,portrait,none,23441,RGB,078f402fa316e5b5b69864c93e653e0792418f76
138525_200w.jpg,200,279,portrait,none,25348,RGB,d1a49dcd2da6df7d358e6a65932c53ba38ef972b
138526_200w.jpg,200,279,portrait,none,18848,RGB,cdf840ceb570424e8d28160f1d03aba4ce37083a
138527_200w.jpg,200,279,portrait,none,23058,RGB,c024272762350d2993a9c920e0570728008eb3b6
138528_200w.jpg,200,279,portrait,none,25625,RGB,9ec493102f648f42efaa2eca7cb4b1b1b71748b1
138529_200w.jpg,200,279,portrait,none,21138,RGB,f71eb4b47f1a5f237465442d037d002353f58a67
138530_200w.jpg,200,279,portrait,none,21125,RGB,04e5b0e19115707132fe10055c58d3cdcc6ce240
138531_200w.jpg,200,279,portrait,none,20735,RGB,0b88235ed7de35c51ff55a77a00dc2159f90d993
138532_200w.jpg,200,279,portrait,none,21636,RGB,edb607ec288d38d5508f2f37a339003f46acfa21
138533_200w.jpg,200,279,portrait,none,20833,RGB,f412ad5cb1fd64d7e4a35ea3acfa6de00e6366d1
138534_200w.jpg,200,279,portrait,none,19904,RGB,0565da50ee00d9c87192360a8155c5e347a1279e
138535_200w.jpg,200,279,portrait,none,23684,RGB,e6d31423c4ebf25304672117ffb6eed9e73789e8
138536_200w.jpg,200,279,portrait,none,20999,RGB,9672f8fd95393114406a6adf9746b21baae8b87d
138537_200w.jpg,200,279,portrait,none,23188,RGB,e509dc1b935f18af3b9119c9b111e87734178019
138538_200w.jpg,200,279,portrait,none,23926,RGB,5aedf1c1daa3eab6046132acd8e3b2fa54532f4d
138539_200w.jpg,200,279,portrait,none,19617,RGB,510c274d42576dcbc9ad291b5c4b9744b58cb2ed
138540_200w.jpg,200,279,portrait,none,22047,RGB,70244121f0c116dfdf496b6f6b3cfdb9bda8f9ec
138541_200w.jpg,200,279,portrait,none,19290,RGB,3b3647cae92cb52c2ea15211d6051320d3e4fe4d
138542_200w.jpg,200,279,portrait,none,20707,RGB,7b2df88a2f3af3765c073048a989fa86c0c066ac
138543_200w.jpg,200,279,portrait,none,19413,RGB,a5facad1699b0df92c8ec65dbf664b88fe667e68
138544_200w.jpg,200,279,portrait,none,20582,RGB,8c2042562cf5278a556bb66f5663aa90ce980d0c
138545_200w.jpg,200,279,portrait,none,29599,RGB,911f84a615c0e0fefd6d187ca0e32f05678a162a
138546_200w.jpg,200,279,portrait,none,29472,RGB,1e7cdedd529d7333b803de18fc78ac606a1cc293
138547_200w.jpg,200,279,portrait,none,26930,RGB,e02a35e74c3bd8aa2df1194af2db5d2637308f50
138548_200w.jpg,200,279,portrait,none,25681,RGB,d0b73731e334cc97de009fb05e0bf3ce66b15c44
138549_200w.jpg,200,279,portrait,none,26962,RGB,ca3d7d7a84931b403f4aaab6b1e3921402fd1d52
138550_200w.jpg,200,279,portrait,none,30681,RGB,10e1dd130c740684f693a477500ec75d31275bc0
138551_200w.jpg,200,279,portrait,none,19525,RGB,c3e42ba772710cc327f33e2266824f384bfb18a3
138552_200w.jpg,200,279,portrait,none,23749,RGB,133a19a5127b13c1f0788cd8cd848a8d2628ad5c
138553_200w.jpg,200,279,portrait,none,23443,RGB,5acad26339b07b7c85ef493bfa8ffe20ab53540d
138554_200w.jpg,200,279,portrait,none,20435,RGB,83dbee856741a386efd4680147530746d7653a2f
138555_200w.jpg,200,279,portrait,none,22341,RGB,9216849105ef60d9c2080191f03260e1bce03bdb
138556_200w.jpg,200,279,portrait,none,20338,RGB,987295dfb1bff095c207a7239a4bd6b346e4fe5d
138557_200w.jpg,200,279,portrait,none,24445,RGB,4ec46520445dd555ea08d55d559d596ca87db2ec
138558_200w.jpg,200,279,portrait,none,25756,RGB,f6ba3b5eeedd57ba705736c26b49ebb804dbd844
138559_200w.jpg,200,279,portrait,none,20856,RGB,2926a412fce0a1f7ebcb5ef6e7e59f336746476b
138560_200w.jpg,200,279,portrait,none,20873,RGB,310ae6296e14f78575fb5bc35e6f2826b7f336a3
138561_200w.jpg,200,279,portrait,none,23181,RGB,b37c81045488df24d9c94d7faa351ececb7d89dd
138562_200w.jpg,200,279,portrait,none,21408,RGB,8fb792c46a5bd486351b75e41bd3609d07269a3a
138563_200w.jpg,200,279,portrait,none,21178,RGB,0aeffd3d72d0df58b99e57494862aadd4c25a3d0
138564_200w.jpg,200,279,portrait,none,24086,RGB,4f07c08e2b6d36e5719ab4e20511c2c33f5df9e8
138565_200w.jpg,200,279,portrait,none,22516,RGB,d326d6a986f83fbceeec3db662744c9fb1e57960
138566_200w.jpg,200,279,portrait,none,30048,RGB,ccbb933fc442bd209e7a5fa061864d6ba6c2c404
138567_200w.jpg,200,279,portrait,none,27052,RGB,0597d5f9e5ec2fde1522695dceb78b86fe48887b
138568_200w.jpg,200,279,portrait,none,24538,RGB,a095870c3141efbf5530d7b9edaebd54db264482
138569_200w.jpg,200,279,portrait,none,23604,RGB,3c20252c461a4005bb30f282ced275db98ac9c19
138570_200w.jpg,200,279,portrait,none,23504,RGB,2bbaf6cabbb8d02486e85a5c47c7508b4766becf
138571_200w.jpg,200,279,portrait,none,23889,RGB,35d72c11612239bc999e4325e7f2acbb3b0b3371
138572_200w.jpg,200,279,portrait,none,30969,RGB,624764d160bbec74dca8681ab68c9d6d985ac6c0
138573_200w.jpg,200,279,portrait,none,28213,RGB,d0b9942d2a7ac2b4d5ab91c62df7f9e68115a1ab
138574_200w.jpg,200,279,portrait,none,26817,RGB,65999e2ea8dce53144eeb9d942508ed34bc64e71
138575_200w.jpg,200,279,portrait,none,24073,RGB,68b80534b396c9f674e8309f02322916999c1eab
138576_200w.jpg,200,279,portrait,none,24390,RGB,aa3820fc2c2d8500eb01f24fb1bb902a0befa894
138577_200w.jpg,200,279,portrait,none,22414,RGB,6446585e5b051cb78c4c9cdff778ab0d9833f79f
138578_200w.jpg,200,279,portrait,none,28841,RGB,deadb79180ec11f1b49f973c7587e2bc35e21401
138579_200w.jpg,200,279,portrait,none,29445,RGB,84884c0e126db81d74e066f1eba1a75cfda9ccbd
138580_200w.jpg,200,279,portrait,none,27167,RGB,f51927e9f756e696918c596a92ac6ec76a63910b
138581_200w.jpg,200,279,portrait,none,26439,RGB,9503d53cc922429e9d56714d09b8570dbc0d8e5b
138582_200w.jpg,200,279,portrait,none,24014,RGB,e0cf48c60d2a26eb36a12c17b445f32a1a7d3482
138583_200w.jpg,200,279,portrait,none,22076,RGB,fbc0a388bec60ecd37ff4694e8d7429a35633fc9
138584_200w.jpg,200,279,portrait,none,21864,RGB,d6c6edc9b5eb7b26ec1da64778a073582560683d
138585_200w.jpg,200,279,portrait,none,28178,RGB,7caa6056d0db7ada3f176b73355725e4929ea7f1
138586_200w.jpg,200,279,portrait,none,27742,RGB,694852e930dc373a2ac652948b9c6c298e8717b2
138587_200w.jpg,200,279,portrait,none,25781,RGB,b0b198dcfd7c4f5e0c069a1edd60cbb6df27b4d8
138588_200w.jpg,200,279,portrait,none,24139,RGB,5bf760d232a1204e3d701a416a5394e92c9c6824
138590_200w.jpg,200,279,portrait,none,23294,RGB,e0e2cc9207ac38c65b0cb8f76c6852a326d53e38
138591_200w.jpg,200,279,portrait,none,19078,RGB,76b01fcf30c5f83700c34b2e48cbfb92fe5fb34b
138592_200w.jpg,200,279,portrait,none,23725,RGB,07aeeffe289569c7fb8ea60ba73722cbe4cd7412
138593_200w.jpg,200,279,portrait,none,28274,RGB,41b338d1c4ef6a80ba0507ec0c5ed17b25b928dd
138594_200w.jpg,200,279,portrait,none,29331,RGB,7d92484222bde0a89a77736984b8c203f8ac6d89
138595_200w.jpg,200,279,portrait,none,27580,RGB,71c530c7e478157784cfbfa9d54ba435df2a6a47
138596_200w.jpg,200,279,portrait,none,24776,RGB,b8c327a331980ac2379c98ae82688fc65b0d0424
138597_200w.jpg,200,279,portrait,none,20373,RGB,2abb57ebff2fee590ba9d656dcdc7dc19d586c4f
138598_200w.jpg,200,279,portrait,none,22053,RGB,73683caecb94a36caa6e56ed75293a23db8e405e
138599_200w.jpg,200,279,portrait,none,21320,RGB,5eec5e60ba2e7b31cf7695be79a3eeb0491dba5a
138600_200w.jpg,200,279,portrait,none,20962,RGB,e4250498cb6b81bdf9657d2e84ef085396d7beba
138601_200w.jpg,200,279,portrait,none,21267,RGB,67e11da89d4de65e9b3c05db49a603c45d558515
138602_200w.jpg,200,279,portrait,none,19116,RGB,6e8499b61e8cc493f3bf23c642f8672d1d677e78
138603_200w.jpg,200,279,portrait,none,22341,RGB,51ccd7a0ae85fdc73342f8645c26f39f14d6e285
138604_200w.jpg,200,279,portrait,none,23401,RGB,621238d80e58faf6271c10c65ac4e684bcc4ab3b
138605_200w.jpg,200,279,portrait,none,20157,RGB,cf985b29773ad4ca9a848374a170abf27af36288
138606_200w.jpg,200,279,portrait,none,20966,RGB,7ffc6f4a64b68297e9c3d01361c923b3a8d89e66
138607_200w.jpg,200,279,portrait,none,21111,RGB,399f6854ed4cce597411b08b4fae6d00817d07f4
138608_200w.jpg,200,279,portrait,none,19298,RGB,159bd2470b7c5d9efc3b3969b98d74212d161e09
138609_200w.jpg,200,279,portrait,none,21199,RGB,f1b7c4a4dcd2ec4d17a5c1f80e198405acbb443c
138610_200w.jpg,200,279,portrait,none,25638,RGB,decd6d88d4b65251caf560a81435ce5b68968bf0
138611_200w.jpg,200,279,portrait,none,19444,RGB,993c9ebc1d8d144c0aa26e5f828f114e86d42112
138612_200w.jpg,200,279,portrait,none,18148,RGB,4d832291dfa215e31bdcc018406ca4effa589106
138613_200w.jpg,200,279,portrait,none,25666,RGB,f478223373c9dbf608c252111ddca44249956e53
138614_200w.jpg,200,279,portrait,none,19017,RGB,212543629eb85a7b0fb969bf3a7c248e34f197fb
138615_200w.jpg,200,279,portrait,none,18517,RGB,57c872a3e9d281f8f63b8416f4861da01d1df6e0
138616_200w.jpg,200,279,portrait,none,25944,RGB,e406ebafb00f7046caee45cd71101f4032cb625a
138617_200w.jpg,200,279,portrait,none,19181,RGB,26ac38c20d768a58e28263db15ee28bba75306d2
138618_200w.jpg,200,279,portrait,none,19433,RGB,65959faf4a056b35d7ac31bdc6a25c89951d861f
138619_200w.jpg,200,279,portrait,none,28487,RGB,29c70d018406e3b352864808647be1d3635f74f1
138620_200w.jpg,200,279,portrait,none,22672,RGB,919c7e8b4b9eefa89d4ba953a9d84ac225b6e4f8
138621_200w.jpg,200,279,portrait,none,19204,RGB,561481a3e56f5649f1a1af306e0b03df7c63730f
138622_200w.jpg,200,279,portrait,none,20797,RGB,caba9ecdd8e39880d3f8f9f320dd0614cdc03898
138623_200w.jpg,200,279,portrait,none,26925,RGB,05452aacc5d1a87f09767f7034ae0287003d22aa
138624_200w.jpg,200,279,portrait,none,23876,RGB,7eb8c31509641354dd7cf7f708d86b99a76c5e5d
138625_200w.jpg,200,279,portrait,none,19299,RGB,9d1c6a02185840f42c13efd889a125e711f85fc4
138626_200w.jpg,200,279,portrait,none,19197,RGB,d778e387880eaa8203e0ce3f9bac64f7dbe75fd7
138627_200w.jpg,200,279,portrait,none,19270,RGB,cdb361fdd5571626a27ccf7ea4cced67fa9f56e9
138628_200w.jpg,200,279,portrait,none,19589,RGB,06101a5cb4c69c661eadfb005ad1d92daa725f0d
138629_200w.jpg,200,279,portrait,none,19503,RGB,c4efea03eb549dc6ceda87661481b7f2167c56ff
138630_200w.jpg,200,279,portrait,none,19028,RGB,17d710b3ec5736a217f38f87781ba96801c3466e
138631_200w.jpg,200,279,portrait,none,19268,RGB,ea85cc2eb112d9646f571f30b2a636c5eb4d8b10
138632_200w.jpg,200,279,portrait,none,23438,RGB,d8b38bd41e4de21dcce4713a1d495f6c82e10d9c
138633_200w.jpg,200,279,portrait,none,23024,RGB,b4b5df65eec1d64386e9f43dffee05c3ad55e4e2
138634_200w.jpg,200,279,portrait,none,25296,RGB,1a4bcef566e869a06548443ec293df48425d2f5f
138635_200w.jpg,200,279,portrait,none,16054,RGB,46ae2957d797b7269531e7a187747b6959b946f7
138636_200w.jpg,200,279,portrait,none,16136,RGB,b73496d580f78bf68802c256c8bda0defba680d1
138637_200w.jpg,200,279,portrait,none,16739,RGB,2f1312b8fd71a80277fcaa57b5a00fd42bd3c43f
138638_200w.jpg,200,279,portrait,none,29479,RGB,0890bba42a93c0200332e2d17811cf072e201639
138639_200w.jpg,200,279,portrait,none,26200,RGB,5b6f145f669c980a7895e6dc7fcc35655aaeeb51
138640_200w.jpg,200,279,portrait,none,25542,RGB,3c87ddff9dc5cbc38886ff37cbb5cba1611fa28a
138641_200w.jpg,200,279,portrait,none,27136,RGB,554efc48b585ebd63082374bd77ca276a89bf753
138642_200w.jpg,200,279,portrait,none,19150,RGB,b88d2fb0f5cb660e9ccd43ca8209a661fd0615cd
138643_200w.jpg,200,279,portrait,none,23874,RGB,6f10174b6d8f291cb9ad8756a6f222caeaad18aa
139088_200w.jpg,200,279,portrait,none,21374,RGB,529d4df33626fafda2cc216afe93b1ea54db7f37
139089_200w.jpg,220,307,portrait,none,23378,RGB,39d311c344048bd4d18ce490acbd5e8ed7afa005
139090_200w.jpg,200,279,portrait,none,21999,RGB,9ba8b38b6ae8309eaab79f689e77ef538540e37e
139091_200w.jpg,220,307,portrait,none,23442,RGB,22d646fff0c7ae55f4c9a3b2dbf2a892018cb7a4
139092_200w.jpg,220,307,portrait,none,27990,RGB,b1381c329e108121dde59e6f1ce1f909e8df6b00
139093_200w.jpg,200,279,portrait,none,25551,RGB,1bb233ab87f5599ed6e9b943cfb41d9f73508f04
139095_200w.jpg,200,279,portrait,none,23062,RGB,717d26ab0435e7121dd5a0459c4e5be06d8ddd8c
139096_200w.jpg,200,279,portrait,none,25753,RGB,378720c7a8a91633eee3041ae5e96c86982ebc54
139097_200w.jpg,200,279,portrait,none,23259,RGB,e0c24605f2fe4d9c0a934f79d884d0147a184dd3
139098_200w.jpg,200,279,portrait,none,22330,RGB,4c68ed862de921fc582cefde55f5ec14c424b6ea
139099_200w.jpg,200,279,portrait,none,23506,RGB,37a6d4722d0d2ff3afe605616767478d2c13f45b
139100_200w.jpg,200,279,portrait,none,18846,RGB,31a571f4d4d7fcc8f16b0249fe8ce0fd56d9c67e
139101_200w.jpg,200,279,portrait,none,23928,RGB,b859bec07fa702e6599b345d63ba63f1a623d83c
139102_200w.jpg,200,279,portrait,none,23495,RGB,4820db67715f4adc9910a3fc41b2d3db31ed022a
139857_200w.jpg,220,308,portrait,none,30984,RGB,d4fcc8dca530c5109ebf9249ffbfef45762fbcf5
139858_200w.jpg,200,279,portrait,none,23410,RGB,e97d43c95ccb3e33c15fb163c5b833ded74bc35d
140164_200w.jpg,220,307,portrait,none,28121,RGB,fe8eacbfa87a96143b51546f748fb0aa90133d9f
140165_200w.jpg,220,305,portrait,none,28140,RGB,428d865f4cb1efa2b7e4cd7d291c5710617cc26e
140166_200w.jpg,220,310,portrait,none,28738,RGB,cf94dbe9686ccead9ca0149bae9a8d30e50c0533
140167_200w.jpg,220,307,portrait,none,28349,RGB,92e5b498ccef99e1e791f182497a94c5b114762e
141244_200w.jpg,200,279,portrait,none,30429,RGB,dc52092f8a0fcda8c382b41ec913a4338a485e0f
141245_200w.jpg,220,308,portrait,none,33699,RGB,8780d163a79c1e3b6418dca4212a749d42992582
141246_200w.jpg,220,308,portrait,none,30752,RGB,dc5acf9447e9c8d62e517ab720409de00812193c
141247_200w.jpg,220,308,portrait,none,31103,RGB,47d7722bc08b7569af9e1d5e885d97d1a1cd03dc
141248_200w.jpg,220,307,portrait,none,36469,RGB,48b1029dec6bace5a3c2708a8f0e4207746188f5
141249_200w.jpg,220,307,portrait,none,34802,RGB,851615b7511587bfcbd47b8c9962edaa7f10a84e
141250_200w.jpg,220,308,portrait,none,35312,RGB,23beb21288c79e8a19b5bed2a33a06c664daf9e3
141251_200w.jpg,220,307,portrait,none,27331,RGB,8ca861f218f15e144e93225c4c1df9ab810fdc8b
141252_200w.jpg,220,307,portrait,none,27951,RGB,14f36f26be90929f422b069323efded1f0b05394
141253_200w.jpg,220,306,portrait,none,31169,RGB,9fa6742fd5a88524c583c07f8cc6b9a1c7c7ee9b
141254_200w.jpg,220,309,portrait,none,30928,RGB,4de3f55b9b683f1a50ba1c21c961f89a81f89e4c
141255_200w.jpg,220,310,portrait,none,31232,RGB,6cc082f5f37246a790bfef86c3053e9bcd04635f
141256_200w.jpg,220,307,portrait,none,32134,RGB,b66b072eb73c05c3a206da1847d9fe198347449c
141259_200w.jpg,220,307,portrait,none,26067,RGB,891a863160602017a41db4813cf710b826faaba1
141260_200w.jpg,220,307,portrait,none,28290,RGB,4b2401c782f83df71ee31a06adb232967d2183ce
141261_200w.jpg,220,307,portrait,none,30647,RGB,58616fbed701b1bc4fe91a49236f3fb4427a2a2f
141631_200w.jpg,200,284,portrait,none,33252,RGB,eac99b55746476c1ec1cde9024c81c26e5d96872
141939_200w.jpg,200,284,portrait,none,31716,RGB,3b3a2291b1f016645c7097c8fa389b30b4ee8e60
144668_200w.jpg,220,308,portrait,none,26724,RGB,75d403264d1c7446e66c3f824be04d52d1045bfb
144669_200w.jpg,200,284,portrait,none,24565,RGB,3a421b257a34f34472c63c6b38f48d035282bdd4
144670_200w.jpg,220,307,portrait,none,22845,RGB,c1305cce3b79242eb6fd2383e5dd4b953d70253f
144671_200w.jpg,220,309,portrait,none,25262,RGB,4cd484cfca182255bfcd66d4de9e92804b0f73a6
145259_200w.jpg,220,309,portrait,none,28615,RGB,fd6ff93e34b8e6bfc4b23c98ed789fbbc3c87b2e
145343_200w.jpg,200,275,portrait,none,18854,RGB,f07fdfeed1a49b703669823a5f18f386847fd16c
145555_200w.jpg,220,308,portrait,none,18302,RGB,a4f958512cf510190ae6ac20f9ad3a40544c45a6
145556_200w.jpg,220,305,portrait,none,16574,RGB,38add388dfbac06a7a28c5748cccaee961cd09eb
145557_200w.jpg,220,306,portrait,none,15164,RGB,fbdd744bcc7b9d90e6429e8d5f37c4155f12dabf
145558_200w.jpg,220,305,portrait,none,16971,RGB,78c85e55ac78d783963faa636849bdcd90d246de
145559_200w.jpg,220,306,portrait,none,18820,RGB,93927cf0f6360d26a2e9f5afc531815cc7c9f833
145560_200w.jpg,220,305,portrait,none,16169,RGB,55c437c84f91e845c66d7b902dbc472e50912847
145561_200w.jpg,220,300,portrait,none,22369,RGB,797fb0c890651fe97eb6e004d4993dc7ec9308e7
145562_200w.jpg,220,300,portrait,none,15842,RGB,83401920cdcd189e044789416cc60c7de4fae8b3
145610_200w.jpg,220,312,portrait,none,17100,RGB,6c0d4eed21b9ee9e426309118c996954637296ec
145611_200w.jpg,220,307,portrait,none,18947,RGB,8fe77a9f4e95c3b2c5f4e7729f83e0b104f89b69
145612_200w.jpg,220,308,portrait,none,33603,RGB,882d81f7037d4cc95b57604cc6bfa33022f31783
145860_200w.jpg,220,307,portrait,none,29676,RGB,cbaddfa841dc64e52201c2428f850be77d4056d2
145861_200w.jpg,214,300,portrait,none,20807,RGB,a4bd62c4908374783c5c7e42797071a67e25cfc9
145862_200w.jpg,220,304,portrait,none,24928,RGB,ba4e2300cd3eeb3dbbbb5b0eb84fa14a290a681c
145863_200w.jpg,220,305,portrait,none,23867,RGB,5e4511d79d013944672d4f7cde43d288ea496482
145864_200w.jpg,220,307,portrait,none,27356,RGB,c8378a78b4d76cf6b827f58f21c37852bd975b12
145865_200w.jpg,220,308,portrait,none,29821,RGB,8b81421ed66b504d266e824f7c9576859f865d75
145866_200w.jpg,220,307,portrait,none,32618,RGB,cd5dcf203426c127b5655a098066e11203804b76
145867_200w.jpg,220,306,portrait,none,30914,RGB,72ef6cf452add86e19d0da50afb4632fab58223c
145868_200w.jpg,220,306,portrait,none,30542,RGB,375c631ae7843df18da561a7637a462e0c18bc5c
145869_200w.jpg,220,306,portrait,none,23206,RGB,3fcfdd2573e7e31f0b4709dec9b41e1615b35d62
145870_200w.jpg,220,306,portrait,none,25663,RGB,ef037d2832f6dee2dbb4d013800954ebf57560dd
145871_200w.jpg,220,307,portrait,none,29070,RGB,d92ac3c9111c64793e7c1e8e4f3d5e0ac9e0d2a5
145872_200w.jpg,200,114,landscape,rotate_90_or_270,6601,RGB,e7a2311b46f57d2c3502ebe8f9207f9649c9347e
146653_200w.jpg,200,279,portrait,none,19242,RGB,79c8285c3bb7800333f3f8cb39edde2acadc4504
146654_200w.jpg,200,279,portrait,none,20584,RGB,f0cbcc2a57cd64ae56d1afbdd2d89822fd71dc57
146655_200w.jpg,200,279,portrait,none,21995,RGB,46d5f8843e3c40bdebc1a3d9f5414ec7a8cfebcb
146656_200w.jpg,200,279,portrait,none,21524,RGB,3e1affe7ff8fdd8bd224889a8991c0246bce347c
146657_200w.jpg,200,279,portrait,none,22104,RGB,edb76de7c62c45d382b8a6abfdef15a990dbccca
146658_200w.jpg,200,279,portrait,none,23376,RGB,64df20a4bf624ec145e318719d0e55860975bfc3
146659_200w.jpg,200,279,portrait,none,20840,RGB,bf1c934079cdd9a9173b84f7ade994a5d09c14a8
146660_200w.jpg,200,279,portrait,none,23475,RGB,86561809477259effe49f6cc1356f94134d803c5
146661_200w.jpg,200,279,portrait,none,24236,RGB,e1d69efdf2621b67bd2d028023f01c1727e1187a
146663_200w.jpg,200,279,portrait,none,28211,RGB,19c38c9fcc403c291ec1d30e898a7820832b6e50
146664_200w.jpg,200,279,portrait,none,21389,RGB,066364f04407ddd38f2fa2f0e938b7cde054183a
146665_200w.jpg,200,279,portrait,none,20354,RGB,c7db2c2298b1780a2f3fe8f97c6b98350c63fa4b
146666_200w.jpg,200,279,portrait,none,24000,RGB,5d6bf7cfdb13368dee2849a0d9fb11dfde87a3e3
146667_200w.jpg,200,279,portrait,none,24692,RGB,af6828f5dcbd3af8090eb80c0b8290216374a253
146668_200w.jpg,200,279,portrait,none,19408,RGB,26ade6dd66eb78db169bf173bc018d9d655f9042
146670_200w.jpg,200,279,portrait,none,22809,RGB,3202f155b4a239c93b63eed186568fb98a60df9a
146671_200w.jpg,200,279,portrait,none,23732,RGB,bc00c70ac09fc34735d47d4759803e0c7ad38337
146672_200w.jpg,200,279,portrait,none,25012,RGB,2dbe642278fd0a7e5f542184852f6199b1bdb652
146673_200w.jpg,200,279,portrait,none,24902,RGB,72ce321ba2c6e12c2338427a823b77664e1dd30c
146674_200w.jpg,200,279,portrait,none,23726,RGB,928f5a619da6c7fe6f2dcd11fb4a81e1bd4e7ee0
146675_200w.jpg,200,279,portrait,none,21745,RGB,6577ed8a9e1e7e4fb3515ecfcec0e772f5ba23c4
146676_200w.jpg,200,279,portrait,none,21944,RGB,7e4d4a2285c8fd1a1b0d3558fa44956837171b25
146678_200w.jpg,200,279,portrait,none,23874,RGB,d067a01a2bc07a59912e8b3efe9ea8c87c6f1e39
146679_200w.jpg,200,279,portrait,none,22953,RGB,c1d76dc9ab8d8412137243d7c1b9aa8201088bb0
146681_200w.jpg,200,279,portrait,none,26870,RGB,1a999d640b894f76b4bde8955512e7d25799ffde
146682_200w.jpg,200,279,portrait,none,18940,RGB,9307cca41e55e52c66f1388581232b9e6ffbc8ed
146683_200w.jpg,200,279,portrait,none,16310,RGB,955028d0e0c140463327519f684e15dda897cbac
146684_200w.jpg,200,279,portrait,none,20504,RGB,9ac582551302da7f0943228490776afb6c0b3403
146685_200w.jpg,200,279,portrait,none,22280,RGB,8503e060ea9958d8e44dba22790872501a2a71a8
146686_200w.jpg,200,279,portrait,none,22654,RGB,f15f42d63143829797d0b0e9bdaa0826b0f52f37
146687_200w.jpg,200,279,portrait,none,28959,RGB,b4cadcee21af75e9494f3b546dca20b45f94f2d6
146688_200w.jpg,200,279,portrait,none,19598,RGB,9f46932cb9c2c6b5966d24f4f51fbf808d1d3236
146692_200w.jpg,200,279,portrait,none,23145,RGB,539f4adba3fb80aefdaca3b4fdc26203b9d732c7
146695_200w.jpg,200,279,portrait,none,27952,RGB,415654256a8f78f2d808e8cc24cb5e8a9ac317db
146697_200w.jpg,200,279,portrait,none,24098,RGB,c421e298c6a6e5488eefb6ba24b192930490fce2
146698_200w.jpg,200,279,portrait,none,24954,RGB,a53953c6dd2d11162ba6bde280903db5b39c7598
146699_200w.jpg,200,279,portrait,none,24162,RGB,cd3be89eea8756a508ab18fa223f77a97d35d0f9
146700_200w.jpg,200,279,portrait,none,20652,RGB,d6d4bea55cfd873d7d7cfa2fa8792487f84823c9
146701_200w.jpg,200,279,portrait,none,21901,RGB,e8b6bff2b8b4ad6764e5308f2c26e0ff8c18124c
146702_200w.jpg,200,279,portrait,none,21644,RGB,416ac83831cfc6505b0cf6df9fa484ddf8b76375
146703_200w.jpg,200,279,portrait,none,19548,RGB,9d9db5105f80b8d3b22bab70bb2d8a0e35aa2a85
146704_200w.jpg,220,307,portrait,none,29726,RGB,fce9819d3622b4f4d6137441b3c7cb69a4d641e7
146705_200w.jpg,200,279,portrait,none,21633,RGB,f7e7e46f1f5fe96ec85af06ad8ecfb196dae73c7
146706_200w.jpg,200,279,portrait,none,22690,RGB,65be79866a9630d85a16916e021add21ff40633e
146707_200w.jpg,200,279,portrait,none,21151,RGB,e67b1a6e013c9a1c349e7fc8dae6724e0a544572
146708_200w.jpg,200,279,portrait,none,21703,RGB,7ea38f585fa725edbb88fe326682b08fc64effa7
146709_200w.jpg,200,279,portrait,none,23422,RGB,6289037adfec79504fe9085215f8a5bfd7e287a1
146710_200w.jpg,200,279,portrait,none,22753,RGB,e1fab670e8f64b623f3ec588f704ed106aeefc00
146711_200w.jpg,200,279,portrait,none,25338,RGB,bc5e8575378126ea4b8acb9e64477af964c81dcb
146712_200w.jpg,200,279,portrait,none,23084,RGB,342411730c0a3102036d5bfd4fdebf91559154f8
146713_200w.jpg,200,279,portrait,none,22850,RGB,4490c2b61f83bf1ff63cc5e0b55e2f7517b7dd62
146714_200w.jpg,200,279,portrait,none,22459,RGB,e70bd73a4c364234813c5139d49da7d686f2516f
146715_200w.jpg,200,279,portrait,none,29641,RGB,b47a8149aef0c11c40549142dfa9d2987210e437
146716_200w.jpg,200,279,portrait,none,25435,RGB,1949599aa29b83f533be14afbc17e472c309829b
146717_200w.jpg,200,279,portrait,none,25984,RGB,73c446e8f72bf377e9984f355c82d532dff0102f
146718_200w.jpg,200,279,portrait,none,27089,RGB,e665c793f574871a3bb232b901d94402a5c96c89
146719_200w.jpg,200,279,portrait,none,25066,RGB,a090107604bb4f633010c3055b7c8f468e315588
146720_200w.jpg,200,279,portrait,none,24788,RGB,e7fce2bd745a80b8c052a59ebc2e3d3f5d8b6726
146721_200w.jpg,200,279,portrait,none,18054,RGB,33da8a4288f1da33bc0244816360d25ace1d7760
146722_200w.jpg,200,279,portrait,none,18982,RGB,68d28334c5c5acde0b589e68d85483d476ca940f
146723_200w.jpg,200,279,portrait,none,17955,RGB,2cf30b5570ada8a1e15df841006afc9ccc4a839a
146724_200w.jpg,200,279,portrait,none,18106,RGB,84ed9a31b6677af07e83f57db0fd4263fb84abf7
146725_200w.jpg,200,279,portrait,none,19131,RGB,d296e5931173dbee62a0b000d969a93e8dc1daf9
146726_200w.jpg,200,279,portrait,none,16951,RGB,61af8c8209ee6898c22a97998e755a3486f607cd
146728_200w.jpg,200,279,portrait,none,16830,RGB,16504c2dc6fe9a6d7f123d4b789fe209c96e39d0
146729_200w.jpg,200,279,portrait,none,19348,RGB,4c96bf279c60570cd5a5e9704ec93da99f5423af
146730_200w.jpg,200,279,portrait,none,21988,RGB,bf41500f6c878f18dfbe7a1aa504741f0e9336ed
146731_200w.jpg,200,279,portrait,none,28351,RGB,1fddc884d915dc9f2e8e7f6323e8232cc890994b
146732_200w.jpg,200,279,portrait,none,19354,RGB,3ed301c48672073e900914f16267246c71cc6c61
146735_200w.jpg,200,279,portrait,none,25799,RGB,d8af23be6ac08a9760ef001efd85dfe76d830b3c
146736_200w.jpg,200,279,portrait,none,29281,RGB,c2b6ad87435795af43dbcf701216007c33b435c7
146737_200w.jpg,200,279,portrait,none,24514,RGB,00dc672d8fbcf78e53722dac7be0ff6c3569d987
146979_200w.jpg,200,279,portrait,none,24475,RGB,8b0e3f964d59b78606fb5b151335ceb29808e703
146980_200w.jpg,200,279,portrait,none,22175,RGB,3928f143537ad998737751a9d245b5e5ab77eb87
146982_200w.jpg,200,279,portrait,none,20476,RGB,59238b25fe9d3be7b3044471ef4c751bb9e5d2cd
147026_200w.jpg,200,279,portrait,none,21250,RGB,a02015b9016f2cbd52cb20a3f6642cac73f88281
147098_200w.jpg,200,279,portrait,none,22974,RGB,2c7886bec1f4688fc3d34a847b6731c81d13d70d
147099_200w.jpg,220,308,portrait,none,27567,RGB,aabe8d1d15724aea30e9ee8f69b6ba1f55ecfd01
147222_200w.jpg,200,282,portrait,none,27542,RGB,d7d5455063cf25a5e3224ea793d71c6a777174ee
147224_200w.jpg,200,279,portrait,none,22223,RGB,8b18324e47e55d3a03156c6be3d20236a1dbac83
147225_200w.jpg,200,278,portrait,none,25196,RGB,f35073c49d3fb4fe274a49d9b80e1917e0dc3ce2
147226_200w.jpg,200,280,portrait,none,26087,RGB,2c93c110ff0c2f66182f4aff9ce772c6b0a433f4
147227_200w.jpg,200,278,portrait,none,25303,RGB,a8505df71750fd228eb4dbd7b799715cfd553faa
147231_200w.jpg,200,284,portrait,none,30141,RGB,61d7d64027da4e71b974187a22d850d1fb4d60d1
147236_200w.jpg,200,280,portrait,none,34626,RGB,a1dd84eec3a8217f622cf4d6cd3c66054792e909
147237_200w.jpg,220,307,portrait,none,27570,RGB,44f7fc3601dff9d5bef984e1eaa816c8dce5201a
147238_200w.jpg,220,308,portrait,none,29862,RGB,b89cc281f4ea3a945f875431c63f4a09620b0a46
147239_200w.jpg,220,307,portrait,none,28030,RGB,8d1189df921fc3c9599287d8c5a0ea4d79ac08d1
147240_200w.jpg,220,308,portrait,none,29133,RGB,8a0ea7419a63b697c8718e57bfdb32c5ab6c6a99
148151_200w.jpg,200,279,portrait,none,28196,RGB,fcf9d4b805164029b901a4cd383f1475ec1e4d2a
148152_200w.jpg,200,280,portrait,none,31152,RGB,65d8ca99b8c948dfeb5b68cee3dcd3d7237b9139
148153_200w.jpg,220,309,portrait,none,31624,RGB,a517c765d5ee798ce757a5c167f4bff99fc590ba
148339_200w.jpg,220,307,portrait,none,30453,RGB,d12b66bf3981d1a6a47e80a65871fbbfc77c8680
148341_200w.jpg,220,307,portrait,none,30758,RGB,0d642fcf32e7509f6242fa12f9443e7119e9cf62
148342_200w.jpg,220,307,portrait,none,28327,RGB,bb176d29ae77b2ade8849f84497ddc23a4184bcc
148343_200w.jpg,220,307,portrait,none,31655,RGB,00f1bcee7d0727a36fad1db31123ad93157ea832
148344_200w.jpg,220,307,portrait,none,28978,RGB,f2eb0c504fd56a47fbf3380e347ddf13153a453d
148345_200w.jpg,220,307,portrait,none,35840,RGB,cde02a1f0c0afb4fb67db66c66a29946d42db51f
148346_200w.jpg,220,307,portrait,none,34715,RGB,714a15e669d94c860c3fbaf2d473525bbfee77e6
148347_200w.jpg,220,307,portrait,none,25217,RGB,ac8200c6658ac342a4a62290b9fde1cbc7a89c47
148348_200w.jpg,220,307,portrait,none,29959,RGB,970d908cb03fe9cb797bcd6a7ac45c7659f767d2
148349_200w.jpg,220,307,portrait,none,29314,RGB,2b152519c22a8789c66e5df7013f4cfbdb552bc5
148350_200w.jpg,220,307,portrait,none,34774,RGB,777233bee6b9142e58729fee4a4f11ef672ff23b
148351_200w.jpg,220,307,portrait,none,33085,RGB,363fce67db18d3572a0bb73b63f143149449cfb4
148352_200w.jpg,220,307,portrait,none,33699,RGB,c21c839192c48b0e135e8477c9737d090c041f78
148383_200w.jpg,220,307,portrait,none,24239,RGB,150e87b8bdf7970fba687b19b349a7d626645488
148385_200w.jpg,220,307,portrait,none,27619,RGB,b5cb5d96909de9583e0ac138c70363064e453f8f
148386_200w.jpg,220,307,portrait,none,25307,RGB,798393bc0ba1a3e2a502375d699f3290fcbe048d
148387_200w.jpg,220,307,portrait,none,25736,RGB,7973cd50e643c0f11d42b46a06e17626121eef6e
148388_200w.jpg,220,307,portrait,none,28021,RGB,34eb932d8e1252f3599bcb49b807c5c1b446009d
148409_200w.jpg,200,279,portrait,none,29315,RGB,4f60549bbf7492a3cb58daedc93c537b04612c0a
148410_200w.jpg,200,279,portrait,none,30502,RGB,0e2ef58510afdf84fa1aa40aa4b7db01322bd867
148422_200w.jpg,200,279,portrait,none,28003,RGB,af92d22ae1ccb047b682b78537db4c52d42db95c
148423_200w.jpg,200,279,portrait,none,29368,RGB,508f753e667785c2ac3e1de366293969423c402a
148424_200w.jpg,200,279,portrait,none,29827,RGB,eb7ab63c9139467dfbd6aae514e1bc17bb1b7e86
148425_200w.jpg,200,279,portrait,none,26203,RGB,4227dad4291380dbbd450c793220a07cfb8e2071
148426_200w.jpg,200,279,portrait,none,22594,RGB,ef1d3f20b97086dd599cb128bcb7dd2bcd285c04
148427_200w.jpg,200,279,portrait,none,22765,RGB,a93c849bdeb3f5abb0ffd93451eff4edf9efeb0d
148428_200w.jpg,200,279,portrait,none,23660,RGB,155909db861403e5b06fc62bcecde67bb600f935
148429_200w.jpg,200,279,portrait,none,27421,RGB,764fc980bf38fe1912f188a63998bb554898bb4c
148430_200w.jpg,200,279,portrait,none,28726,RGB,62c402e1e958b08c0c96c2fb5ec81af5fce1f10a
148431_200w.jpg,220,307,portrait,none,21569,RGB,bb24e7b9e012356ea86a34897be5de2fc3fa34dd
148432_200w.jpg,220,308,portrait,none,22151,RGB,9cd2d90f45dd9dd3ca3d9018a3fc1e36e0cf9a6e
148724_200w.jpg,220,309,portrait,none,37755,RGB,b57b24590e075fd08bb420856a7a2e2ad2444582
148725_200w.jpg,220,309,portrait,none,37820,RGB,10af500b9bbf5b2f7108d76f5371f427b8d22d1f
148726_200w.jpg,220,307,portrait,none,30551,RGB,4f7902ffe0e24feb86da7147c18b36e0d5842884
148727_200w.jpg,220,310,portrait,none,30996,RGB,9317587dc80e369c44de24727471b77ffdaa8d9a
148728_200w.jpg,200,275,portrait,none,16479,RGB,0289c61642c970a7cc44e31c9263952bcfd8df49
149022_200w.jpg,200,280,portrait,none,22210,RGB,336ce7376f033914fd3f42ca11e8e9cf7479f5f7
149023_200w.jpg,200,281,portrait,none,21746,RGB,0a0c00e2c60a648af0561fb81c4d39ec4614160b
149024_200w.jpg,200,278,portrait,none,22556,RGB,cdd0f49e453527986d3fd5f0fb57e7726377a908
149025_200w.jpg,200,281,portrait,none,21461,RGB,bb36cd4e4d7e217dd54db1db60edfe8e23f95b29
149026_200w.jpg,200,281,portrait,none,19996,RGB,894f8f66e0d6200b21659479c54edd5ec3b59b3a
149027_200w.jpg,200,280,portrait,none,24596,RGB,364f220d0681ac32b2ccd1670bfc64b88a0c9b03
149028_200w.jpg,200,280,portrait,none,26388,RGB,2adc3b81a081f50bbd8f5ca87af4f1ce9430b925
149029_200w.jpg,200,279,portrait,none,23689,RGB,b7da05fa87b22c21baf607ae8759354decf02f47
149030_200w.jpg,200,281,portrait,none,23181,RGB,8bd81da020fed8f39d3d37d0479cf1bae46a19c0
149031_200w.jpg,200,281,portrait,none,21220,RGB,6e548f43c2479bbb0e8bee9032343a3adffb4b35
149032_200w.jpg,200,278,portrait,none,21524,RGB,b351d8c4cb832e5fa71cc8ff525058bc4454a2b2
149033_200w.jpg,200,278,portrait,none,22940,RGB,5095455c59e289d20c92e2b949f441d2b4a17cc9
149034_200w.jpg,200,281,portrait,none,20366,RGB,08fda79f9d646f7f22713e0bb4d1f2c61ea75752
149035_200w.jpg,200,280,portrait,none,24579,RGB,cbb6e920159f622e12e4abf6ef5d945621863bfb
149036_200w.jpg,200,280,portrait,none,23088,RGB,2c25a06818ae58865b933f41bbaae02e468bf8bb
149037_200w.jpg,200,280,portrait,none,23281,RGB,880688998a9601aa74c594afe429b0fc9aaf11ff
149038_200w.jpg,200,280,portrait,none,26976,RGB,74353eb3836149dab93bc3427590c0951e865efc
149039_200w.jpg,200,279,portrait,none,29045,RGB,eabcb689f52d69a4db704c907937fa2f55d324c9
149040_200w.jpg,200,281,portrait,none,21540,RGB,2577251a26ba9d4181c4dd03a1c0e50465ba10e2
149041_200w.jpg,200,280,portrait,none,20257,RGB,4997fb633eb74928bc3408c187b88ddf889fb758
149042_200w.jpg,200,278,portrait,none,22905,RGB,03b9e742fcf68a85ae961afd21c6f25fd6f3417e
149043_200w.jpg,200,281,portrait,none,19896,RGB,b0e34b4c36a942ccc7db6c60d0968573e503943c
149044_200w.jpg,200,280,portrait,none,24491,RGB,d2f109fe94af8a57ce662e611bc24dbc646e94d2
149045_200w.jpg,200,278,portrait,none,21805,RGB,312f4e7697bceb6c7066fb8c4cffc5370a2ffa15
149046_200w.jpg,200,278,portrait,none,22370,RGB,4366c3fdcacbdd82a211091213b11497f67f1b09
149047_200w.jpg,200,280,portrait,none,23142,RGB,936ba5b3b803498ec24f085f02ca29349c430a95
149049_200w.jpg,200,278,portrait,none,24658,RGB,538411ac6d6f4f0bdf5358fb80162726067bd78c
149050_200w.jpg,200,278,portrait,none,24328,RGB,95f8af5a43de23101356db2934e0227405ae982a
149051_200w.jpg,200,280,portrait,none,21384,RGB,66977360d5eda959eb05d78afab456ed14687a2f
149053_200w.jpg,200,281,portrait,none,23324,RGB,197aab6f946633de081ff37d6bc50a24a8535536
149054_200w.jpg,200,278,portrait,none,23726,RGB,b48fc772860c8ca0b80e5e5432615784a945c5b3
149055_200w.jpg,200,280,portrait,none,20267,RGB,b184d2bcc2ee15375a4f882d5d9a97259cb10cf0
149056_200w.jpg,200,280,portrait,none,22942,RGB,1932e7a001c86df4dc82d4c7151cf0ed23c1aefb
149057_200w.jpg,200,280,portrait,none,26782,RGB,a94ce2fbc841180882242fbcad3a836939447957
149058_200w.jpg,200,280,portrait,none,23037,RGB,ac67d3187088b5570246f6373e50ab97e9093a58
149059_200w.jpg,200,280,portrait,none,22615,RGB,9028d7b9a7ddcfe6a79843a6c2e3eac03c7e15e7
149060_200w.jpg,200,281,portrait,none,20650,RGB,18365943e77c656c3b59c4d4c95805a9edbaf97c
149061_200w.jpg,200,278,portrait,none,20789,RGB,9c6d4f3b225907f861a7ebb0ef15312aa711b976
149062_200w.jpg,200,279,portrait,none,19780,RGB,fd6f7c20aadf904c4ea105d5bf3b58d46c494a5b
149063_200w.jpg,200,280,portrait,none,23550,RGB,2447b47d854ad23a28eff3c3d67eca25be8dbac2
149064_200w.jpg,200,279,portrait,none,19157,RGB,7c31bc7005a166fc2387b245cff7c9de64e49d61
149065_200w.jpg,200,280,portrait,none,21757,RGB,92a23b17b57fef43bc4239acab0743827d45180d
149066_200w.jpg,200,281,portrait,none,22085,RGB,19b505af02c32763cf77fc866e86af9e584d3e98
149067_200w.jpg,200,280,portrait,none,19702,RGB,5ce993aff2fddcfb4be067346aa4a41fa959e9de
149068_200w.jpg,200,280,portrait,none,24865,RGB,3af6c0459353df7a8e740fa092554ade2fb6ad81
149069_200w.jpg,200,280,portrait,none,19645,RGB,f2a802123e2173f2f4646fb890c069e9fc6befd1
149070_200w.jpg,200,278,portrait,none,21796,RGB,0a852de7aae9a9c75d7c9f3126e2e2c14199f17c
149071_200w.jpg,200,280,portrait,none,20939,RGB,02f05e61fab6afa49042c9ff29ccce6eb4ab43d7
149072_200w.jpg,200,278,portrait,none,27825,RGB,206ae713c801c23f74d912ae68ee8ae310a0decb
149073_200w.jpg,200,281,portrait,none,21163,RGB,081b58f77f6626d5f53393a1098479c5c8a33bc0
149074_200w.jpg,200,280,portrait,none,23493,RGB,09ded7779d36e1dad8c0a5295f34b0ab43d96ac3
149075_200w.jpg,200,281,portrait,none,21146,RGB,b267cf40aefcc2338c915fc328eb9b6a3ce93915
149076_200w.jpg,200,278,portrait,none,22137,RGB,746f8586476093d79ab2e7df128c75f4146f2743
149077_200w.jpg,200,280,portrait,none,25894,RGB,2146e82ff35e0a4a89c2d2c2322214f14d6b692d
149078_200w.jpg,200,281,portrait,none,23379,RGB,cb5f2c693151beca0c556e0c1d2a742866e8a069
149079_200w.jpg,200,278,portrait,none,22421,RGB,0c8aa4f302625f83f81d472279fd9c091934f17b
149080_200w.jpg,200,279,portrait,none,28298,RGB,a97fa0db9198e1d45ce1704e4e54a78ce0a45307
149081_200w.jpg,200,280,portrait,none,21869,RGB,0758dee1fe9da5d70d9c712641d6521ec290fb4a
149082_200w.jpg,200,280,portrait,none,24048,RGB,404c437083a0bf620b314c88726893b8c984cc89
149083_200w.jpg,200,280,portrait,none,21552,RGB,03e7e8e0606d28cc11ab0ce841e9e585471eb3d6
149084_200w.jpg,200,280,portrait,none,24121,RGB,c23278e2e019b85bb8328786c17de557a589eb6c
149086_200w.jpg,220,307,portrait,none,35273,RGB,687230f42a515f8112f5810671c033d50b1f68f1
149087_200w.jpg,200,281,portrait,none,25441,RGB,a51307d13443be5025486c90afdb2361c4f0afcc
149091_200w.jpg,200,278,portrait,none,23770,RGB,d76bce2a3d41fbf940e10d7f691c70f1b80c7ba2
149092_200w.jpg,200,280,portrait,none,22315,RGB,6476e3ee41c8762bec22bde38113063f326254d2
149093_200w.jpg,200,278,portrait,none,22838,RGB,13003c297f4fd3ff0115ba5d658bc66034864438
149094_200w.jpg,200,278,portrait,none,27472,RGB,176fa84d27d54a3680c57fad88f15c6a016aaa3a
149097_200w.jpg,200,281,portrait,none,22311,RGB,91e56b8df3f8c77346be8384a4a84f81f6a0d78f
149098_200w.jpg,200,280,portrait,none,24262,RGB,d6efc263df9100e387a606693624dfb5c264610e
149099_200w.jpg,200,280,portrait,none,23691,RGB,30305845cf2f885a9b39fd371dbd4d99abf85f28
149100_200w.jpg,200,279,portrait,none,28034,RGB,e1b61aa5dcfe84deccd6a1e45fe8fddef47c60b5
149101_200w.jpg,200,280,portrait,none,20484,RGB,862a468cb44c8e0ea70cb83f4f215cd3f968d43c
149102_200w.jpg,200,280,portrait,none,23539,RGB,2fab40cdb7a51ae8fe5ef59e3f6987358ebb8a8d
149103_200w.jpg,200,278,portrait,none,24410,RGB,4582c5356c7bd0a3f509397cbe124d5c569a8193
149104_200w.jpg,200,281,portrait,none,24291,RGB,37e23203ffa4d7c68a533301364a8857b9bbd94c
149105_200w.jpg,200,281,portrait,none,17917,RGB,ad628b39800c3fab5b51c4c77011d52341eb0181
149106_200w.jpg,200,281,portrait,none,21662,RGB,0e7453924b0bcd8c9c5d8f5f2d70455b5770d613
149107_200w.jpg,200,281,portrait,none,20957,RGB,f76eb2a5584178234587c4958b0d95a69572f945
149108_200w.jpg,200,278,portrait,none,21881,RGB,fd3d862b91fa90bb189ec2f2286f76de2db86120
149109_200w.jpg,200,278,portrait,none,22233,RGB,ad21baa59ca3ff0c6b9425bcbb7329efac0df7e9
149110_200w.jpg,200,281,portrait,none,19919,RGB,87b1ddbf01240db7a3f51781e7430d93a6458088
149111_200w.jpg,200,281,portrait,none,22225,RGB,dff49eb5943779ac020aa6c0ca9ad0cc8af454a9
149112_200w.jpg,200,281,portrait,none,20358,RGB,357d36240aa684e3f81cb9ae7bec7643a7ae4cc8
149113_200w.jpg,200,278,portrait,none,21988,RGB,ef4df6882ad18a09ca8d640533cf2445f2ef7213
149114_200w.jpg,200,278,portrait,none,21817,RGB,972c89c2ad28c198141750fd77d16372015dd674
149115_200w.jpg,200,278,portrait,none,27729,RGB,b0522042bdbfc613fd9da4c0b5d2a9a391356242
149116_200w.jpg,200,278,portrait,none,20246,RGB,02732690c07f8a9854bf1193c5d5839ef65c2d23
149117_200w.jpg,200,281,portrait,none,22164,RGB,21b3c796b08be427063cabe7540afc871d274850
149118_200w.jpg,200,281,portrait,none,20681,RGB,7466cb6905aa6e7ad1dfe85fc06bc8632b3c871e
149119_200w.jpg,200,280,portrait,none,21021,RGB,d811667c9259ea94d88e0122728e23149d98a132
149120_200w.jpg,200,281,portrait,none,20629,RGB,20f6f058e5a850fb10c12c7db198843b0d88bf4c
149121_200w.jpg,200,280,portrait,none,18796,RGB,1fd747333a292712e67f7d17b3647869422132aa
149122_200w.jpg,200,278,portrait,none,19509,RGB,00a6239b2a5513828e7326bfdd62160a9d83f782
149123_200w.jpg,200,281,portrait,none,20794,RGB,045f2c9c11245a71b9d48bed7537509f91efc9ef
149124_200w.jpg,200,281,portrait,none,19433,RGB,7ad858293e289f3b187fb068e985940521841f62
149125_200w.jpg,200,281,portrait,none,23399,RGB,f7a7ffdb7462b114bb0fc46959be2630f61f393b
149126_200w.jpg,200,278,portrait,none,28234,RGB,8e8736546c4ff1bf67295724dc6acc8eadcaceae
149127_200w.jpg,200,282,portrait,none,28043,RGB,a1893845d180aae6376cbd360a925e0fa294f589
149128_200w.jpg,200,278,portrait,none,27393,RGB,6f39f0ead09a8711b301fb759e03c6bed84cc55e
149129_200w.jpg,200,284,portrait,none,26023,RGB,2ba3473ed77bb22399665467b93a304a5009a4d7
149130_200w.jpg,200,278,portrait,none,26461,RGB,5a3125192736763570ce48391ba6e5f09bec59a0
149131_200w.jpg,200,276,portrait,none,22631,RGB,c7d2a0da5a817df7f1de2659ddef49ee3b4a017d
149132_200w.jpg,200,278,portrait,none,27943,RGB,c64fe3271db1d265a7a3dbbe7e12a2e06d2252f0
149133_200w.jpg,200,280,portrait,none,29308,RGB,871398c350e9ff5bfeed348215b7fad9d75a4b25
149134_200w.jpg,200,278,portrait,none,29747,RGB,9b1bc6716365df191cb5ce65e465a13cff8b5886
149135_200w.jpg,200,278,portrait,none,24867,RGB,56e484f1fa546d2d598c54fd2b3527d184250be8
149136_200w.jpg,200,278,portrait,none,25641,RGB,02f9c556fadc27d980fbe0fabb0794adce639032
149137_200w.jpg,200,278,portrait,none,26031,RGB,3ddd31838394592652e78fba936d195ebc3d4cfd
149138_200w.jpg,200,278,portrait,none,26266,RGB,0c7cec553788dd00c0264da53614de347f0416b0
149139_200w.jpg,200,278,portrait,none,28160,RGB,130b5106b0fa120494ac6471336968c6c9f12406
149140_200w.jpg,200,278,portrait,none,27362,RGB,42bd725be2c32ab67677903e9c23b7be5ab8fdbe
149141_200w.jpg,200,284,portrait,none,28287,RGB,2c0e99de6fb51ef964974e76bdfc76493301d373
149142_200w.jpg,200,278,portrait,none,26382,RGB,d56d3ec76880d17778f045edc0b3cf337f01ffa1
149143_200w.jpg,200,278,portrait,none,22742,RGB,a0c4af7d7331fc594dca83ae5f0145326a961c7e
149144_200w.jpg,200,278,portrait,none,25070,RGB,80c46e492c614f4be4a1bd099128f5593084ab44
149145_200w.jpg,200,280,portrait,none,22395,RGB,7bcbdc3ee977b3ca38511495ffe6eaff7534306d
149146_200w.jpg,200,281,portrait,none,21207,RGB,33dd231a0bf701efffd12fa5b2234a196792ddbd
149147_200w.jpg,200,280,portrait,none,23411,RGB,1b1c86f25c79484a560c478d304252e0a8763f5d
149148_200w.jpg,200,278,portrait,none,21142,RGB,68705a3b5f35540411f6d828d5b6e739797585a2
149149_200w.jpg,200,287,portrait,none,19323,RGB,3e79eb6ed43f33041f9e4bbff71dab85e4b84eb4
149299_200w.jpg,200,281,portrait,none,21148,RGB,b890166db84958ae4b5965f9c8b9ad1dac09aeb1
149300_200w.jpg,220,307,portrait,none,22665,RGB,670c1387b4b36cc07820a68dea2ca1aa46ce664f
149301_200w.jpg,220,307,portrait,none,27151,RGB,0ee527b48fb405e861d4e03c70e97762ff354d18
149302_200w.jpg,220,307,portrait,none,25929,RGB,b793be302786acf61a6d76f09fe388d978efb8ed
149381_200w.jpg,200,279,portrait,none,27448,RGB,2d95607766ae0f2d44b20748cf81c6f0e77e6d21
149382_200w.jpg,200,279,portrait,none,30124,RGB,66cda772b3b1efc381dd9939e9166f0c9f1decbb
149383_200w.jpg,200,279,portrait,none,30861,RGB,422415fafce81a57715b47a784963b0537bc2186
149384_200w.jpg,200,279,portrait,none,29906,RGB,0c6fb11b664a1a685d40fefec1e615c686dc5835
149385_200w.jpg,200,279,portrait,none,22131,RGB,09ba36c64dc68c14273e9f9884a98ea70ee5aff2
149386_200w.jpg,200,279,portrait,none,26708,RGB,e543c392d81d4043bc370aa40d512f0036a35f27
149387_200w.jpg,200,284,portrait,none,29829,RGB,93acd33ca5e90a00f0c3097ba069ce73e0485db5
149388_200w.jpg,200,282,portrait,none,28939,RGB,0d5c85d17d6e126fa9176771b3db950a0b868537
149389_200w.jpg,200,279,portrait,none,29759,RGB,be6f16455a592b54a3836a82e184138a57832359
149390_200w.jpg,200,279,portrait,none,13463,RGB,8ad730c21f8621e1913a1dd127dbfb29e576bf66
149391_200w.jpg,200,279,portrait,none,13023,RGB,1c2a2a7b17715f70dde872edc60e0667c4ccc72b
149392_200w.jpg,200,279,portrait,none,13748,RGB,2f4c347137a276b82e68c97f315b70a5003d501c
149393_200w.jpg,200,279,portrait,none,13908,RGB,855482be1f0743c465410de10760e9e8ca6fba59
149394_200w.jpg,200,279,portrait,none,11954,RGB,508d0257b994eec54e37dc115eaeaa6c8fc6d9c4
149395_200w.jpg,200,279,portrait,none,19159,RGB,c6e4fa953f71d22281d42d3367d3e0c37fbb7f9f
149397_200w.jpg,200,279,portrait,none,13327,RGB,abc921f02602691c53ba902e9d7c89c138ebbc1c
149398_200w.jpg,200,279,portrait,none,13307,RGB,e589ccd74e2a75a641a9b64e176d939428332305
149470_200w.jpg,200,280,portrait,none,20833,RGB,0718f2193de385a10de43473b47f09516e95dfbc
149471_200w.jpg,200,280,portrait,none,21439,RGB,e34655787ca2976bd0b3a6aeff6f8ff2433bc5fe
149472_200w.jpg,200,278,portrait,none,22062,RGB,6fd4981f345bef47df4f67912cc6890799662bb1
149473_200w.jpg,200,279,portrait,none,20454,RGB,48c039d0778c2fdc971a2cf81cda29f68bead589
149474_200w.jpg,200,280,portrait,none,19834,RGB,1e212e4d6fcdb606d2d912e0757236d5b51b7d9e
149475_200w.jpg,200,280,portrait,none,25016,RGB,5fed53b7dd05cb19eeb9be91ca1b2abf592964fe
149476_200w.jpg,200,279,portrait,none,20283,RGB,d8c9353b8954c6b58f3818699d5b167dddb48d3f
151701_200w.jpg,200,279,portrait,none,25548,RGB,4157ee062670273282961795ad82f2c1736c4878
151702_200w.jpg,200,279,portrait,none,23278,RGB,2ef2e04a966ffa577dfeecdd63be0d4617fb1115
151703_200w.jpg,200,279,portrait,none,23576,RGB,9ca8a90ae5b8294525ae7e77e0ecd90f4ddf8c89
151704_200w.jpg,200,279,portrait,none,23196,RGB,5557a664e06ee55376adb91720f06b1b8699d400
151705_200w.jpg,200,282,portrait,none,22696,RGB,fa70a5115f9d8814a5242c9cda89e1a54a81b96a
151973_200w.jpg,200,279,portrait,none,21389,RGB,75b845e0132dc83faea55c2e93f0d898c96c9a89
151974_200w.jpg,200,279,portrait,none,22049,RGB,12f43ef9b99790fe6d6a17d4c67974adb392069e
152604_200w.jpg,200,279,portrait,none,27924,RGB,9ce8afa77b1b452a9a2dfdbafe14bee400fcadbf
152605_200w.jpg,200,283,portrait,none,32502,RGB,1d082d8c613a71431b72e35e9cde841d6d8f8bf1
152606_200w.jpg,200,279,portrait,none,20566,RGB,3a7278205f8b7c1f3e557884327ec5702609c512
152607_200w.jpg,200,279,portrait,none,20806,RGB,615c4340c5bb06b7a8355daa443b1a3ef2f3dc10
152608_200w.jpg,200,279,portrait,none,23464,RGB,0159c8e1c0397c02cc1c271640a0fc8413ba5fef
152609_200w.jpg,200,279,portrait,none,20354,RGB,9200c47ddbccfef2f97091a8f554767eca62c8ab
152610_200w.jpg,200,279,portrait,none,22037,RGB,b4d9dd8c667a1b44e3ae041a13c286c45cd98386
152673_200w.jpg,200,279,portrait,none,20985,RGB,48f5eefb0cf12d6390a6258f48678881d119806c
152681_200w.jpg,200,280,portrait,none,21332,RGB,3fbda3fc3c93de344cf14aa2f0c3ac6711720c0e
152682_200w.jpg,200,282,portrait,none,20092,RGB,d12eb768661750f61aa598606f89d0c0d1e3e305
152683_200w.jpg,200,280,portrait,none,22088,RGB,cf2d169c2773c7beb59b56b7c41fad8e96398357
152684_200w.jpg,200,282,portrait,none,22917,RGB,3a1cdbb9d6aa04252a27624618a2b2fdb988e878
152685_200w.jpg,200,282,portrait,none,23524,RGB,305d2f55049120db92a91b537c86b9b31dd773c2
152686_200w.jpg,200,280,portrait,none,22062,RGB,20cbecc4af2fbb54c21eacf365892a52c9d3fdf4
152687_200w.jpg,200,280,portrait,none,22194,RGB,6f7b7f144272a44b176f870263145d965d2645e1
152688_200w.jpg,200,278,portrait,none,23588,RGB,195891d2fae9a7005661c84f01f0f35329832741
152689_200w.jpg,200,282,portrait,none,22066,RGB,c29f3786c7670c63445b53262f331d797cd092bf
152690_200w.jpg,200,278,portrait,none,22513,RGB,2f3f636d7d6b9dd8c170b192410960f33a514db0
152692_200w.jpg,200,278,portrait,none,21726,RGB,43b06e8ad505e0dcd8acc40ebc2bb5519988d788
152693_200w.jpg,200,280,portrait,none,20893,RGB,a89b97bf1eeb4d1e1a8b5f74569e0d085c5134a7
152835_200w.jpg,200,278,portrait,none,18628,RGB,20cf1aee9b09c8db443fa5a08594bdb195f745f5
152838_200w.jpg,200,279,portrait,none,21839,RGB,a8b264ab1a234fab3187b948123a02036ac69fa1
152868_200w.jpg,200,114,landscape,rotate_90_or_270,6601,RGB,e7a2311b46f57d2c3502ebe8f9207f9649c9347e
152873_200w.jpg,200,279,portrait,none,21644,RGB,5ea2cb6918bd16d73fb2dc14fa779ecb91a49aa9
152875_200w.jpg,200,282,portrait,none,12745,RGB,37b36dcc0a8a444248bb1e8e25e46bfd34122e2f
152931_200w.jpg,200,279,portrait,none,27230,RGB,50ba0a188469ab590946b7c064d350d8e0607668
152932_200w.jpg,200,280,portrait,none,29473,RGB,af9c7eb8111d4a0a0a9d6f8af1a83313e51ff849
152933_200w.jpg,200,279,portrait,none,28897,RGB,d54c4ea58045e50c39dab9f15eda214333cc942f
152934_200w.jpg,200,279,portrait,none,28357,RGB,73f2883672e5b53759acec258439507aea302a76
152939_200w.jpg,200,281,portrait,none,34830,RGB,993beab0fd601c0ead68074b1f148c0c3e9c7384
152944_200w.jpg,200,279,portrait,none,26751,RGB,fff269064f65fb6d7770c1f8fa85306c9ac36d2b
152945_200w.jpg,200,279,portrait,none,25433,RGB,585c625bddc8bc68a81c8ca30d97f238c4ee1992
152946_200w.jpg,200,279,portrait,none,32863,RGB,4b920907a83446da86d8d31a98d7817e4894de4b
152950_200w.jpg,200,279,portrait,none,21801,RGB,2b0ea8a8ecf1ce257e1f46aa84e650aba401a805
153050_200w.jpg,200,280,portrait,none,27777,RGB,0623a878df9e342a1ec087485290c926fe564dcc
153051_200w.jpg,200,280,portrait,none,19417,RGB,6ca8c53abb4b3633bf418473cf9b06d4cb158bd8
153052_200w.jpg,200,280,portrait,none,15547,RGB,ec1bbe6b042f5c1063f8672ff51fba4169d2f973
153053_200w.jpg,200,279,portrait,none,16601,RGB,ddd73bd5ab3a73599ec9a1972840e1779def8f85
153054_200w.jpg,200,280,portrait,none,24502,RGB,7098dee81afbf001d708290445643c97624d0a8b
153055_200w.jpg,200,280,portrait,none,20471,RGB,2e8eea77d576bd2082078e66672f1d6f7ddf9571
153056_200w.jpg,200,280,portrait,none,20163,RGB,00b139bfc1b72cf50dd3e3e6d1fd65a2c6c35315
153057_200w.jpg,200,280,portrait,none,21808,RGB,1b285c187f81a904d92a9207dced9f8cea7436ca
153067_200w.jpg,200,281,portrait,none,23066,RGB,7d0834b3051e47c1b876a0df7b386c7693407536
153068_200w.jpg,194,270,portrait,none,17828,RGB,a91d84f264d4dbeb5e72e318189d0725d735310c
153069_200w.jpg,200,279,portrait,none,26404,RGB,8eb9e4a4c9c03ba78339a92fcfe44219c47024f2
153074_200w.jpg,200,279,portrait,none,29353,RGB,4a69f5b59828d0233cb243342f2024ef37892de0
153078_200w.jpg,200,280,portrait,none,26407,RGB,5c43a747f414162d983c6bbc874facf8c72298cf
153083_200w.jpg,200,281,portrait,none,22780,RGB,7efa804c8b51acf2a5ef051d92ef94b5874b35dc
153084_200w.jpg,200,281,portrait,none,18722,RGB,7f8e626a210b99166535ada5c005078946170119
153085_200w.jpg,200,278,portrait,none,21207,RGB,aa384aa362725453d9b06f5a24eb38d2c166570a
153087_200w.jpg,200,278,portrait,none,23607,RGB,99aac1c7ce31d422696a23743bf10500180e0748
153088_200w.jpg,200,278,portrait,none,15568,RGB,f588c796ba7bbf33d75821d6f0d5b32a0ef65f67
153089_200w.jpg,200,278,portrait,none,22151,RGB,1d36603478bdd346106f5ae37fc2d51f6c527056
153090_200w.jpg,200,278,portrait,none,21608,RGB,70d904000f246de34624148b292241d61687c8cf
153091_200w.jpg,200,281,portrait,none,25162,RGB,5a26506568513283a1309a3d78b31758bb36773f
153092_200w.jpg,200,281,portrait,none,24130,RGB,3d00529593f3da7c6508f847ae4807368cb97a9d
153093_200w.jpg,200,281,portrait,none,24828,RGB,69e872369cf7f507b148cdd81b6e305fa53f1238
153094_200w.jpg,200,281,portrait,none,21959,RGB,4983d3280a91fddbfd48cdf8f8eff03587362372
153095_200w.jpg,200,278,portrait,none,19908,RGB,0082f0a567e76307c2215023b6304dfad9072dfd
153096_200w.jpg,200,278,portrait,none,20548,RGB,672193b8c1295d3fa3a052a975538db3c261b1e1
153097_200w.jpg,200,281,portrait,none,23794,RGB,4ec010c98e21eab24b72069468ea4e173541d729
153100_200w.jpg,200,281,portrait,none,15068,RGB,61eefad7838e6020bf3eca96445a6173f00f423b
153102_200w.jpg,200,281,portrait,none,23254,RGB,e4f59f462cd5ec7b2afa428736165190db1999a8
153104_200w.jpg,200,281,portrait,none,19928,RGB,b7f6017e3514ed0fe6f1a32a41505399f008e5a6
153105_200w.jpg,200,281,portrait,none,22625,RGB,415e40b92af02fe8f6326b2d2d3d434645a7bab6
153106_200w.jpg,200,278,portrait,none,21811,RGB,bb83fa4f01e145de17a2f74d88f2f787cceabbd7
153107_200w.jpg,200,278,portrait,none,21413,RGB,3e00fbac86c955704e97e7edb5e91130fac6fdce
153108_200w.jpg,200,281,portrait,none,22587,RGB,d78345e4258c59358b99a7194cb35559737cba10
153109_200w.jpg,200,281,portrait,none,20680,RGB,4ecaac42263753dcc1ac5bb401f352b4b99dbe75
153110_200w.jpg,200,278,portrait,none,23916,RGB,7a97cd9c5b56c147151611eff0b7adeca777936e
153231_200w.jpg,200,280,portrait,none,27157,RGB,6a18e83341be2c352a0f3c4f575a12c3cf468b7f
153233_200w.jpg,200,278,portrait,none,24883,RGB,0545bb8cb6fa7e8718cd39711b839371e35802f2
153234_200w.jpg,200,280,portrait,none,23485,RGB,dffbaf205390db3fe20e63969eb02e149518ea4b
153235_200w.jpg,200,280,portrait,none,22451,RGB,5c13a9ab4c49f46bcbdf5770bf4985faeed006b2
153236_200w.jpg,200,276,portrait,none,24335,RGB,1e32931d4c6ef49ef23e49db7cb5c6722dd1a35f
153238_200w.jpg,200,280,portrait,none,23280,RGB,2533e582f9b2e136902fb8137da205d0f69fda17
153240_200w.jpg,200,279,portrait,none,26507,RGB,fd0cf1d6e6bc39296cf3a3a066f1d861a28dda4b
153246_200w.jpg,200,280,portrait,none,26200,RGB,05f79dcedbafc358e18c4e3e1c223ae9fcf357ab
153247_200w.jpg,200,279,portrait,none,20338,RGB,c780b8322a5d71b2e5ce4e2fecc8a9ef34848b53
153248_200w.jpg,200,287,portrait,none,22896,RGB,db29b2855199bdf918987d66f04d7801b163211b
153249_200w.jpg,200,280,portrait,none,19419,RGB,5fcad196d7d2003b096bdeb121b30ab9e95b80b8
153250_200w.jpg,200,277,portrait,none,16547,RGB,b5fac05f147e9ed2b37c37ebde1885e91078d71a
153251_200w.jpg,200,283,portrait,none,25131,RGB,831ec19e91b55466e054f5180b5bbfb138fd5f35
153252_200w.jpg,200,279,portrait,none,21544,RGB,4e5d926537b97978f746472aee5093b597c3b25f
153253_200w.jpg,200,277,portrait,none,22555,RGB,755b7d192e6e13650eea753048f7db73b9e6f702
153256_200w.jpg,200,278,portrait,none,23344,RGB,977cd1bef0a50f369e08e2b17e3dbd6726f7bf92
153258_200w.jpg,200,277,portrait,none,25712,RGB,317f34589b471ae76b1768a8fa585372e05e7edd
153259_200w.jpg,200,278,portrait,none,26293,RGB,f5e775c7b395b21666b07b88a0237cd988cb4906
153261_200w.jpg,200,279,portrait,none,23521,RGB,b81c220af89f1ae154f21917d146c26da4ca0e4f
153262_200w.jpg,200,280,portrait,none,20951,RGB,2ad5dc8815faa1a91ceb33c81f396fa1437439dd
153263_200w.jpg,200,278,portrait,none,25332,RGB,bae2fd7d353dd02e91c575c34a658571bc0804db
153265_200w.jpg,200,280,portrait,none,25213,RGB,c86437b5e1d6e6e16fec76405681049b58cbd819
153266_200w.jpg,200,283,portrait,none,23374,RGB,a4c10fccd255a1786c9922ca39faeb33d35432d1
153269_200w.jpg,200,278,portrait,none,19032,RGB,32006b44319f2467285db47ae61870f10aaa09e3
153270_200w.jpg,200,280,portrait,none,20474,RGB,85f749e8b2031db343482a8404d908c98e2def62
153271_200w.jpg,200,279,portrait,none,22808,RGB,62f4cc5230df4ac4cfc51a42eb6ae9ec33593ae3
153272_200w.jpg,200,276,portrait,none,16739,RGB,ac350a72b32a2655bb7dd5de4dac0679d870a314
153273_200w.jpg,200,275,portrait,none,24139,RGB,ddd0cbeb179e0feaaa5e138f86c2ea9dbe2b82f2
153274_200w.jpg,200,281,portrait,none,22820,RGB,12ed9ddc4aeedbf8091981b5441ad5f234357285
153276_200w.jpg,200,279,portrait,none,22380,RGB,5504fd63b365585b2258bfa28ac36c0da3f37379
153277_200w.jpg,200,280,portrait,none,23529,RGB,90770286102786db6d38549e616a71ac0d5299c0
153278_200w.jpg,200,279,portrait,none,24189,RGB,409850a1422171fce693d5bae3bee7f621f292cd
153279_200w.jpg,200,278,portrait,none,24612,RGB,88493d127639182fcae3d78d4b8a4c4b45173ce5
153280_200w.jpg,200,279,portrait,none,19101,RGB,32c45eb622c45c42af58350f7f47a408266db7b8
153282_200w.jpg,200,279,portrait,none,20502,RGB,c514d2a1cdc81d8cbff011edff68eb018eea577f
153284_200w.jpg,200,279,portrait,none,12568,RGB,2822831473b34d5ed96c4f82175a910f0d1eb526
153288_200w.jpg,200,278,portrait,none,23507,RGB,221897e72001c410c5387584d2d24c5e00dad6e7
153290_200w.jpg,200,279,portrait,none,24285,RGB,3a2c789a7bc92fe589f41757077bf3f7f30a59ea
153301_200w.jpg,200,278,portrait,none,27928,RGB,e709512bd7ef6fd602a9be8499fd8fcb691dc54c
153303_200w.jpg,200,277,portrait,none,25592,RGB,54593a4089ed9592fcd3974a3f667fdd2cc8a65f
153304_200w.jpg,200,281,portrait,none,26273,RGB,321b457773fe7b7493cded3a5601b01de920b94a
153305_200w.jpg,200,279,portrait,none,21362,RGB,9ee08da57fc65a0d98d89a42aea468bae6b19723
153306_200w.jpg,200,277,portrait,none,24933,RGB,88e1e3a81dd7a8b1e6a469176aa72daf5dff0719
153307_200w.jpg,200,278,portrait,none,23625,RGB,b15cb066d4e770abb6f6633cfc9459db7712d81a
153309_200w.jpg,200,281,portrait,none,26581,RGB,f36a85b3f3707285148d600bd3a13cf5be82c768
153310_200w.jpg,200,278,portrait,none,23831,RGB,788b336139ae0a902d3510e45b0bc2e7cf68002d
153311_200w.jpg,200,280,portrait,none,24045,RGB,b75629f11db520209b7949787798ca0e2c8ebc76
153312_200w.jpg,200,280,portrait,none,25416,RGB,443c16907ad82e41e627eefae5b539d250a10bf9
153317_200w.jpg,200,278,portrait,none,19648,RGB,9db6d396aad86e4c7c0b8078ee184288f3ff4e9d
153319_200w.jpg,200,280,portrait,none,23682,RGB,516e0722954c53c3224044ec78d42006152bbae9
153451_200w.jpg,200,279,portrait,none,28049,RGB,3ed1b7a5bb28cb12f071603c763a0b501bd59d59
153452_200w.jpg,200,279,portrait,none,25133,RGB,b637ddf3db7fbc81f95696e4b8756d0b37d47a12
153453_200w.jpg,200,280,portrait,none,33670,RGB,7deb454bc692b73de9691bbf7f88ab6d23f40a39
153995_200w.jpg,200,279,portrait,none,21252,RGB,3e52524643ee3227cb06eb6af4f7d46a65b74f3d
153996_200w.jpg,200,279,portrait,none,20027,RGB,91dc2d6e4b22b1509fa7bfaa8f8ee484a8401d29
153997_200w.jpg,200,279,portrait,none,21198,RGB,07b2df6dfef611284e3cb41ec703c7b5106996f2
153998_200w.jpg,200,279,portrait,none,21046,RGB,c64d3625a8ed201c7773bfe11a40d17a847afbe5
154718_200w.jpg,200,279,portrait,none,25044,RGB,3c1a8f69ee451872bc3f47f3f595ad6954c54b91
154789_200w.jpg,200,283,portrait,none,25366,RGB,68266957cbfac9ca0819b949827867f774abd8ad
154997_200w.jpg,200,279,portrait,none,26390,RGB,e25777f6a25033a344f8dd6d3a2fdc18187d1ca9
154998_200w.jpg,200,276,portrait,none,21011,RGB,da03a720ba550882af4f51b7acdbc66e8531bdf2
154999_200w.jpg,200,278,portrait,none,27114,RGB,2197b486466a2f1b268f9aea53d423042d4b9fbd
155000_200w.jpg,200,282,portrait,none,23515,RGB,d7eca43b8cb0324a59b2ceac8de8eae671426f23
155063_200w.jpg,200,280,portrait,none,21751,RGB,9211a7b412d4cdabca598cfd69fc98be74e0edef
155064_200w.jpg,200,279,portrait,none,26481,RGB,d41d62c08eb9ea096d64f7a5249c52a0a05c3654
155082_200w.jpg,200,277,portrait,none,20261,RGB,f801cb100e2058a03cc66a98cdf7fe1f962624a0
155083_200w.jpg,200,279,portrait,none,21864,RGB,d2737db41f41f3461c2e6ee5e37bb1373c5836c0
155084_200w.jpg,200,280,portrait,none,19480,RGB,8e264bdea1d5bd9e71f79dcd4328df1fb89be3ae
155085_200w.jpg,200,276,portrait,none,23112,RGB,17130899afae381c6fd42b2b6bb63cd1265bddf9
155086_200w.jpg,200,278,portrait,none,22623,RGB,1c04b6518537d941c070d3b037a43d61685bf005
155087_200w.jpg,200,280,portrait,none,24461,RGB,0cdc73137607cac188d037345248a041528fd82d
155088_200w.jpg,200,278,portrait,none,21463,RGB,de12ad367381c269021170ed02d7eb2105bb5e10
155560_200w.jpg,200,279,portrait,none,22310,RGB,e00e44893eade052fdf02419204db13bdaf4e266
155561_200w.jpg,200,282,portrait,none,25529,RGB,30227052ae46e1a4c6e95bb6a9cd29a3f644220d
155563_200w.jpg,200,278,portrait,none,22796,RGB,70fa2650af0247568705e7ac02c7a6bc8fceb676
155587_200w.jpg,200,279,portrait,none,27874,RGB,9d9fda9c72781d65bcf761a816f799b43bfbd205
155588_200w.jpg,200,279,portrait,none,33595,RGB,cc5cbfb38d076a2874c994fda736265776ccb8f7
155597_200w.jpg,200,279,portrait,none,21382,RGB,b1c1c0c6062284c65a13e2b356a9669f3714bcd1
155599_200w.jpg,200,278,portrait,none,35475,RGB,d4bd9a1b15360c4017187779df6005b4beaa2657
155600_200w.jpg,200,284,portrait,none,36005,RGB,f6c3fe4e61ebd137bbe61605cdc84d7d514deb6b
155602_200w.jpg,200,282,portrait,none,24340,RGB,56bfde2504756eac04d1bfc9b638818f2b042b6d
155603_200w.jpg,200,281,portrait,none,22376,RGB,4e965f67725495d14090a2706fcfadd80ace7910
155604_200w.jpg,200,278,portrait,none,23270,RGB,92cc1c0e3e06c68b3ea087312695a121e1912e5b
155605_200w.jpg,200,279,portrait,none,22838,RGB,1d98dc060a5c1a1829879272033d97f2a7ccd0d9
155606_200w.jpg,200,280,portrait,none,24279,RGB,69b728c0cb7bc8d86080157387cfbd8e969598b2
155607_200w.jpg,200,279,portrait,none,24309,RGB,4da1b22f9a67a11709f23776f0f5662a7682faad
155608_200w.jpg,200,281,portrait,none,21976,RGB,0bbac9d732c44ae81a12a9c2b23d1070274dd2b1
155609_200w.jpg,200,281,portrait,none,20931,RGB,c0a9bc89ab7be87e51eca2bb6d420c565070284a
155610_200w.jpg,200,286,portrait,none,24183,RGB,b47f344a3bedcb36b4f9f2f6b033977c54944e64
155611_200w.jpg,200,278,portrait,none,23630,RGB,4466e2c1c69bab8289abcdb6cbfebef0e7625b02
156111_200w.jpg,200,279,portrait,none,21118,RGB,64a64c6dcffda3e37ff9eb841737029e2cf33462
156258_200w.jpg,200,284,portrait,none,24467,RGB,c9c59ed4c98c4e2c8226993f6cb3aaf85028da11
157618_200w.jpg,200,279,portrait,none,21138,RGB,581d6c4d1bdeddc83ac4c0bbf4acbd6ec42a103d
157619_200w.jpg,200,279,portrait,none,22021,RGB,dccfffaddcc10082dfde80f79ece6ad6b13eea88
157620_200w.jpg,200,279,portrait,none,21182,RGB,c2e865128934db17e012e782c92297c9343a616b
157621_200w.jpg,200,279,portrait,none,20817,RGB,fbe0c15699029bcebd763d205abb3828387b68df
157622_200w.jpg,200,279,portrait,none,20830,RGB,0220b46ab17f1f0a1d2bf3383f990805c8d9180a
157623_200w.jpg,200,279,portrait,none,22705,RGB,a7b27bbefe9e970ea5782c6bfd554c4b45baec6a
157624_200w.jpg,200,279,portrait,none,22311,RGB,c98b594dcc68e0be68a87a07b37eb67af3579972
157625_200w.jpg,200,279,portrait,none,24167,RGB,17ad3607a13b62d8c1eb9965877b643658753feb
157626_200w.jpg,200,279,portrait,none,24527,RGB,1ae037cc26a450214a8d5b315b486cc0f49e9425
157627_200w.jpg,200,279,portrait,none,19013,RGB,81ec970537a80ebd91da093ca0fb2a881e56917c
157628_200w.jpg,200,279,portrait,none,20311,RGB,802430aa76a47bbe36b8a398f9498e621efb5c93
157629_200w.jpg,200,279,portrait,none,21537,RGB,c0e8740198842893c29a0a88065ac5df4aa6fefe
157630_200w.jpg,200,279,portrait,none,28145,RGB,b5c18daf3425d2c960145f43a35a692adc592eca
157631_200w.jpg,200,279,portrait,none,24470,RGB,ff24b5e2c5746534dc10ce8af6546c3e4ea52645
157633_200w.jpg,200,279,portrait,none,20634,RGB,fb7b3c5540d84034bbc6b0c33a181e667118623c
157634_200w.jpg,200,279,portrait,none,22682,RGB,331f74c9d9294fc0916f2d459dfbbe53ab759482
157635_200w.jpg,200,279,portrait,none,23216,RGB,32a1d2d30ff0b8bda2465abfdf697382a381eb9b
157636_200w.jpg,200,279,portrait,none,27026,RGB,231c0793b0a276a8ab464549065fb8e2cf5270a2
157637_200w.jpg,200,279,portrait,none,20505,RGB,bb70fe6d6b05b47b075b28d87cdc4ba31aa34f5e
157638_200w.jpg,200,279,portrait,none,20874,RGB,b58c26ae0486f719a7890a3fb15d966636ee0cce
157639_200w.jpg,200,279,portrait,none,24158,RGB,5e136ded090a0272382a540b61f22406674dc98e
157640_200w.jpg,200,279,portrait,none,24973,RGB,3daf517a04a45646c68bfea3d5f22090a5b710d5
157641_200w.jpg,200,279,portrait,none,24331,RGB,4e2a5d0483796d1d86e6a082f3403ba4a875d58b
157642_200w.jpg,200,279,portrait,none,21293,RGB,228572806442c33aa0246834319a0f13abc0715d
157643_200w.jpg,200,279,portrait,none,24367,RGB,9d5df774fd3e795e9777787ff99f2ca5a21895fe
157644_200w.jpg,200,279,portrait,none,22414,RGB,bd69b48a8c71e7c140befc9f446c94e0476682af
157645_200w.jpg,200,279,portrait,none,22025,RGB,cbc5e198bcce0304757ade0b9f04af01ad672bc7
157646_200w.jpg,200,279,portrait,none,23815,RGB,56eb1d15e63b3ea2e4e1de4d156f87830720b30c
157647_200w.jpg,200,279,portrait,none,24235,RGB,4de3f84c4d319da6d70fe3ee469b7c07ad414510
157649_200w.jpg,200,279,portrait,none,22664,RGB,13b276ed5b180cf0dd8eea40ac43ed622905e198
157650_200w.jpg,200,279,portrait,none,22923,RGB,b3a15183fa63df221d5d7edf5a14822a0c2132d6
157651_200w.jpg,200,279,portrait,none,25876,RGB,a4dd63b8dd6bfbca01214a0ea34821aa4852d35c
157652_200w.jpg,200,279,portrait,none,21273,RGB,3dd627b1c3445b6d568c03d0adb42ca936ecbfc4
157653_200w.jpg,200,279,portrait,none,22743,RGB,cdad0e0158c39ab0c74f60420d21d9fb52238023
157654_200w.jpg,200,279,portrait,none,20817,RGB,f553a0dd9e7fb6b0cddfa7ec88931b80d897654c
157655_200w.jpg,200,279,portrait,none,24916,RGB,e2971f4e52e16edd1b4513f63e0b3d9d94a603cd
157656_200w.jpg,200,279,portrait,none,29408,RGB,8a69a6ab96fb4c1ab5ef0cdbcdfbd6e9d22a4eeb
157657_200w.jpg,200,279,portrait,none,26876,RGB,cbd5d3e77e10c0298c9fbd96e1931346a00daa9c
157658_200w.jpg,200,279,portrait,none,23281,RGB,ee2a6941db385cb0f9905164a106755511a31dc6
157659_200w.jpg,200,279,portrait,none,24509,RGB,ce2c466646e256adf7196d1651bf2dbb957fa428
157660_200w.jpg,200,279,portrait,none,20025,RGB,d661d2b23238bbe34047628d426c0f4eff55e949
157661_200w.jpg,200,279,portrait,none,24508,RGB,fd5f1a1f3b7f1da107330b21a723e95049833f3f
157662_200w.jpg,200,279,portrait,none,23143,RGB,44d664da0dadc2164d2b9df2eea75abb8b4e3f48
157663_200w.jpg,200,279,portrait,none,20708,RGB,9b191111177e5f4371d0a343940e099681114ebe
157664_200w.jpg,200,279,portrait,none,21862,RGB,90629e5c4ee8acc6d1f0ea5b7be2d9f7c1c70ab9
157665_200w.jpg,200,279,portrait,none,24219,RGB,0b746903c76bc62aeb79a21b387a368c0823061b
157666_200w.jpg,200,279,portrait,none,24981,RGB,979c9f13e26959bd540e89dd4c8b01c35895a42e
157667_200w.jpg,200,279,portrait,none,22942,RGB,3d294143804ebc964af59d58dd3cd88e065952f4
157668_200w.jpg,200,279,portrait,none,19350,RGB,e6e2b5412fc594fcb5ef0e2d55f2f0979d804acb
157669_200w.jpg,200,279,portrait,none,21696,RGB,6686353afed8283ab173ea27408fd46c4854ae78
157670_200w.jpg,200,279,portrait,none,22125,RGB,f42e22ef18336886882a77f4745213d2c66e5c6f
157671_200w.jpg,200,279,portrait,none,20887,RGB,4f6a82aab69b55307b4078399325aea0f7f76837
157676_200w.jpg,200,279,portrait,none,23023,RGB,0c367d068f0792ada291fd68adb229185c2c3beb
157677_200w.jpg,200,279,portrait,none,20372,RGB,150a49ec002dc708f37244ba0ac78b82e33dfe6c
157678_200w.jpg,200,279,portrait,none,22537,RGB,52bd7347da33cdd4cf07562a41d2aa2a2bacfd3a
157679_200w.jpg,200,279,portrait,none,24229,RGB,a419206cac0c79baeaf8e6aaca149a4cf371e933
157680_200w.jpg,200,279,portrait,none,30839,RGB,ea51f683277f67a42ea6cc54ba7aebee46e3ca78
157681_200w.jpg,200,279,portrait,none,20586,RGB,1def448006c589de6383539924c130256df607a6
157682_200w.jpg,200,279,portrait,none,23071,RGB,7cc3f29d8da507a54825007de206d57e01a79645
157683_200w.jpg,200,279,portrait,none,22257,RGB,634f984b709d73b380d0737813984a4a1624b211
157684_200w.jpg,200,279,portrait,none,24060,RGB,4f776ab267dc967e4f0b40ee835c355ae70e5b5d
157685_200w.jpg,200,279,portrait,none,21041,RGB,d35df7ee0b1f817eace0d2b1567b1fd21d88755d
157686_200w.jpg,200,279,portrait,none,24963,RGB,2bc085732106693ddf3684341fb4d607a8129c9d
157687_200w.jpg,200,279,portrait,none,24930,RGB,de10ba6072e28d7256a330d8d637822d8c587b3a
157688_200w.jpg,200,279,portrait,none,22310,RGB,2d33d18c2e429b8dbff1a866dc90b164f8a360e8
157689_200w.jpg,200,279,portrait,none,24884,RGB,877a601958be0ad2206536558cd37b1ce560dac6
157690_200w.jpg,200,279,portrait,none,23057,RGB,51af648f695f9e98a79a8cbb2cc98760b60755a5
157691_200w.jpg,200,279,portrait,none,24341,RGB,6ccf2c10e69ce5dc3179471574141e6ddb3a938a
157692_200w.jpg,200,279,portrait,none,21555,RGB,f38eb1435ca6783b9eef9ee599f034245bc602c4
157693_200w.jpg,200,279,portrait,none,24185,RGB,8a1a60418d4a45dd614dd4674908692b7e3cee7f
157694_200w.jpg,200,279,portrait,none,26717,RGB,fdc3054fb562b68656c852d26b297adcfbc98821
157695_200w.jpg,200,279,portrait,none,19502,RGB,7cce0ee0e1b54afe89f974e781e59b3bdc42e7e6
157696_200w.jpg,200,279,portrait,none,22825,RGB,40f983d5dac11c7296ed27ccb6c3f106f105913b
157698_200w.jpg,200,279,portrait,none,24089,RGB,27e9c37d26b8642705d1b59c82a151fc77805f56
157699_200w.jpg,200,279,portrait,none,24354,RGB,809ae3452674e81e2d199e8eb269e2901a5a10a6
157700_200w.jpg,200,279,portrait,none,24085,RGB,4d01a27cd9207ecfd2fced5c72e0c42122a16e58
157701_200w.jpg,200,279,portrait,none,21338,RGB,112a5ceae0a71ed90f82a98b78a89078a752d933
157702_200w.jpg,200,279,portrait,none,24191,RGB,75fcb90d3c0ee231a11f91d5d0277ca6ac4e7356
157704_200w.jpg,200,279,portrait,none,23972,RGB,e2cf8c0b9e4ec9e8b436fe4a59947f86ab82d70c
157705_200w.jpg,200,279,portrait,none,23808,RGB,7432fa24eaa7d6b32a05f231ecdc899675c5772d
157706_200w.jpg,200,279,portrait,none,27343,RGB,b5e1847bd963a0705ebc178c4e736fbffb799122
157707_200w.jpg,200,279,portrait,none,31581,RGB,cf4fd494f9a6dab704fe9807a7dadc83586efa74
157708_200w.jpg,200,279,portrait,none,24610,RGB,1b23c485fbbe72097fde7841d790423cd132aa8c
157709_200w.jpg,200,279,portrait,none,21581,RGB,f9e64c9e38175eb588f7b831a167df575e83f78e
157710_200w.jpg,200,279,portrait,none,22695,RGB,8db0a6d3e8e50be7885e733e78e9a691b8661764
157711_200w.jpg,200,279,portrait,none,24604,RGB,0a0143872430988f2ae0a00201279b295b1ab61f
157712_200w.jpg,200,279,portrait,none,24470,RGB,f9b6c88a35aa5d52cf383c13304417517ef358c6
157713_200w.jpg,200,279,portrait,none,20717,RGB,550ed65466ddacdb955e23d0b1e31702acf352da
157714_200w.jpg,200,279,portrait,none,23224,RGB,1a614bea16250f22bc3629da1ad2433b9d64ae52
157715_200w.jpg,200,279,portrait,none,21086,RGB,10f90ce119f1f6a68f9265684c4d744a52418478
157716_200w.jpg,200,279,portrait,none,24013,RGB,cd5d06bd8406f144cf31203b37b433b72e18140d
157717_200w.jpg,200,279,portrait,none,30272,RGB,cc604e06f91285cc62573c90ce85daa90b2cf459
157718_200w.jpg,200,279,portrait,none,29710,RGB,ea574c7bdf7f84a0d3d969cda1c13eb1874c5877
157720_200w.jpg,200,279,portrait,none,20569,RGB,0d13843394d79175a6c4d9c0b8ec7e40ec198c2b
157721_200w.jpg,200,279,portrait,none,17507,RGB,731d529897858b140fd0e2c3d2168945fffe289e
157723_200w.jpg,200,279,portrait,none,21871,RGB,39433a5d76ba1a47684a676e47fbf2c074e94d03
157724_200w.jpg,200,279,portrait,none,22705,RGB,92eb64495ea335a43c8f3f9307f5bfb93031e350
157725_200w.jpg,200,279,portrait,none,22464,RGB,af6e019b6d414969043f3dd8c0a03f1716dd8525
157726_200w.jpg,200,279,portrait,none,23645,RGB,5a8bf0237acfbfc932e396abcab9a43df6b7841f
157727_200w.jpg,200,279,portrait,none,22362,RGB,bcfe9b0d7ebb13ec9e478608d97add791c30a741
157729_200w.jpg,200,279,portrait,none,22149,RGB,08f60d71a62563c06d89986acc86be4fcb134b99
157730_200w.jpg,200,279,portrait,none,21534,RGB,fe6f369e5ab4d8d598eb2d2860189343c1ff7345
157731_200w.jpg,200,279,portrait,none,22416,RGB,9eb8e526da23e3cf91ca9499c6e9a1117c26f1fa
157733_200w.jpg,200,279,portrait,none,29615,RGB,51c4a5fe6be73f85f79025d7b4adc9b1e0535331
157735_200w.jpg,200,279,portrait,none,20387,RGB,5583db0bb847029b0faf74316b149d838ee5463c
157737_200w.jpg,200,279,portrait,none,23838,RGB,58fe512a62a9a7ff45a9c0c0237c3fb3a855efb9
157739_200w.jpg,200,279,portrait,none,19814,RGB,54ba2a46e8d5e69c1a5207b2223138b5496c3ee8
157740_200w.jpg,200,279,portrait,none,19845,RGB,e11265695e0a81b20cf4cea1ae1573579b338925
157741_200w.jpg,200,279,portrait,none,19178,RGB,78f8dfa7e505b9eec7803662b9e102633e5b57a3
157742_200w.jpg,200,279,portrait,none,20472,RGB,1da6ac7dc441c1f2cea2ad3c7a907fd9d25cb5b2
157743_200w.jpg,200,279,portrait,none,15525,RGB,a03f117880aaac0492ce6fbf4365c0aaa7093851
157745_200w.jpg,200,279,portrait,none,15871,RGB,9d8541670e2f82b2825ee883dcdf7d1e5558bf94
157746_200w.jpg,200,279,portrait,none,18641,RGB,776f3c22b35b43b962ea24801f21de5c46e8a755
157747_200w.jpg,200,279,portrait,none,20169,RGB,dc516223bc170f01e9246f16f9be98ba5d7206cf
157748_200w.jpg,200,279,portrait,none,17257,RGB,e2233c61801562ccb09f6ef597262787d4dc6048
157749_200w.jpg,200,279,portrait,none,21516,RGB,2adca456797202feb4196c2a07266b281d79087c
157750_200w.jpg,200,279,portrait,none,19483,RGB,e391deb12223f0c7428e9e002f40624bf6ebd305
157751_200w.jpg,200,279,portrait,none,18625,RGB,ff9814dd95ee33dfffb9681e708079b8e3b53d4d
157752_200w.jpg,200,279,portrait,none,25019,RGB,b47753d9b957fdbd10b739a337640aa852b52358
157753_200w.jpg,200,279,portrait,none,19480,RGB,c8b88cea4c9b643f8fce069541c76b7c7ba5503f
157755_200w.jpg,200,279,portrait,none,28202,RGB,597a479e576d2f8c7b5e03ada3337c686f85af23
157756_200w.jpg,200,279,portrait,none,27749,RGB,9f3c40a6d772fedb6eab7d26ca3afd3402e3c5ae
157757_200w.jpg,200,279,portrait,none,28133,RGB,67c40f2b439201ba7df13032069ace7d4bb30989
157758_200w.jpg,200,279,portrait,none,31820,RGB,38e0b6740a8a77ec8f2d03e0b4b9287276e06582
157759_200w.jpg,200,279,portrait,none,30758,RGB,b21eeb1010dcc3edbf93c996acb53d45a6de413c
157761_200w.jpg,200,279,portrait,none,30079,RGB,e959e6813a715d077ac33a082ad84c37209cedbf
157762_200w.jpg,200,279,portrait,none,28133,RGB,0aa6f59b54115a1e90e6a402068ecb03430c56cc
157765_200w.jpg,200,279,portrait,none,23422,RGB,60227b9797eee5b161799ade0e4023d10dbdc601
157766_200w.jpg,200,279,portrait,none,25435,RGB,bee3cefcd24c16b2849ec281b33319ef532426b5
157767_200w.jpg,200,279,portrait,none,25132,RGB,436cedf9d6f02aff2f73b46c29f213c8ddf02de9
157768_200w.jpg,200,279,portrait,none,24086,RGB,cdfb7e48f5c088f77f541cf38286acf45e36b0db
157769_200w.jpg,200,279,portrait,none,16010,RGB,485cfe5fdee74b372ce60c5ffc2d8b07502dbc04
157770_200w.jpg,200,279,portrait,none,24135,RGB,70b0e6be0dd1fa275fdcccb526102d3694c960d2
157772_200w.jpg,200,279,portrait,none,26478,RGB,d15436ccad963f9086b8163974ca634162bb8d3d
157773_200w.jpg,200,279,portrait,none,26066,RGB,0fc92d3e3e5361bab6770cb37294079d09dc8402
157775_200w.jpg,200,279,portrait,none,26209,RGB,aa9044ac189efbc3295c14a43e21c150a7288893
157776_200w.jpg,200,279,portrait,none,27753,RGB,7259f1825aae0007234e4cbfcf4e3a0fe44e30c0
157777_200w.jpg,200,279,portrait,none,26892,RGB,c4d87ae5bc5731c88c4deacff59a11d4fd43619b
157778_200w.jpg,200,279,portrait,none,26742,RGB,822f8c0bac14b915adb0841a897c76ba46d58813
157779_200w.jpg,200,279,portrait,none,26332,RGB,855d6bb863a715c62366f7e0aa22865c0001c3e1
157781_200w.jpg,200,279,portrait,none,27494,RGB,abf35fff9b4e28cbcd283335903baae57cf5ab83
157782_200w.jpg,200,279,portrait,none,23077,RGB,d4d6a9e1692adf7f6171c1848137cc3c526466d7
157783_200w.jpg,200,279,portrait,none,24417,RGB,7d19643955095fe73753e23de7ac6c6b361348e7
157784_200w.jpg,200,279,portrait,none,22584,RGB,d4be196f84d22302af9c45e3a2800dcb3a7c0070
157785_200w.jpg,200,279,portrait,none,22454,RGB,1abd4b00c51ec6595183ae607a9d306574e50c04
157786_200w.jpg,200,279,portrait,none,23352,RGB,189b13939ace22334e8b2c64a227734f0d09af7a
157787_200w.jpg,200,279,portrait,none,21584,RGB,40bfedca9d3b3c54e31a5475f16e773b3ab62a1b
157788_200w.jpg,200,279,portrait,none,27007,RGB,493195aab341bf07dd2e0aa79a92608e5a2d42d2
157789_200w.jpg,200,279,portrait,none,26623,RGB,b2a024dd84ba052a85edf29b98f33da28c36d6c1
158032_200w.jpg,200,278,portrait,none,22054,RGB,6ec10c55be1ec2b6918b31ed3bdd1ffd15255e02
158165_200w.jpg,200,279,portrait,none,25885,RGB,daa2cef7478a6614bf4e0e56c81d4d2255f05f7b
158166_200w.jpg,200,282,portrait,none,27546,RGB,a903d8f839a2e51bff84049b940ad1ce71a6333d
158167_200w.jpg,200,279,portrait,none,27026,RGB,58768d5eef3993d7fe0c0b210983862c531abd81
158168_200w.jpg,200,282,portrait,none,27701,RGB,075864a3026bbbe68560a1a90e3554e275158c6d
158169_200w.jpg,200,279,portrait,none,22605,RGB,fc3241761880b49466c2dd9ddff50cbd649c3106
158170_200w.jpg,200,278,portrait,none,24000,RGB,d10831e95f1f618eeb51ef28de87fc9de1c1e856
158171_200w.jpg,200,279,portrait,none,26006,RGB,04fb01d8bb255cd288abc70cfed08f6c76a4d93d
158172_200w.jpg,200,279,portrait,none,25988,RGB,4d1df6497d42d3c73067314ae150e45f96f3108c
158183_200w.jpg,200,279,portrait,none,23518,RGB,35b02d5cb4ee693927be1547b2d895f6127df419
158187_200w.jpg,200,279,portrait,none,16372,RGB,239af022184fce7ef42f0d83a2db7fa76166e8cb
158200_200w.jpg,200,278,portrait,none,21851,RGB,547748f8736f7831c80d125faffa68fd72158216
158201_200w.jpg,200,278,portrait,none,22159,RGB,80ac8e3ba1f05f18529abec346558bda70eab6eb
158255_200w.jpg,200,279,portrait,none,24779,RGB,b4a87cba1868c08b3ab4c0a64cabaa65d853d5bd
158256_200w.jpg,200,279,portrait,none,24211,RGB,f2f606a763fe80f60474520c0f690cc53437c9d3
158322_200w.jpg,200,279,portrait,none,22398,RGB,32ce130d3e87f2aa800c6514e365bd423dfed105
158422_200w.jpg,200,280,portrait,none,23828,RGB,820c262e79d7877857a8f6801ec027fabd7ca52a
158738_200w.jpg,200,279,portrait,none,25915,RGB,d4a9263afa8780c7474ead2923b75aed1d1a5827
158739_200w.jpg,200,279,portrait,none,27343,RGB,6ead3407e9570b0fb6964a58c43f2a9ced727965
159115_200w.jpg,200,278,portrait,none,25200,RGB,e4217992b97dcde900059f5165bee3afc796ca77
161362_200w.jpg,200,280,portrait,none,27192,RGB,85938be88dec1ecd23260abcd0e3f4d039a7a6bf
161363_200w.jpg,200,279,portrait,none,21483,RGB,931f80dfe2582ae9e894b58218d101b34af01477
161463_200w.jpg,200,273,portrait,none,21467,RGB,444544ebe2ceddcbd4f0885824032752906c4a95
161464_200w.jpg,200,280,portrait,none,21444,RGB,3f9b67b4db536e7d25149ab498047c8461bfcda1
161465_200w.jpg,200,276,portrait,none,24377,RGB,60f93b900168e7b250980e50ce6fea2f5daa3957
161466_200w.jpg,200,286,portrait,none,27150,RGB,2a3f1f1cff340a1fe6b4e436bd21fa60f44a471e
161747_200w.jpg,200,280,portrait,none,23612,RGB,e1d7410c4a9990ec416e66b5b1a2b6d41a3e47ac
161748_200w.jpg,200,282,portrait,none,20299,RGB,1b94c7ab8c20b3447a71decae0d38a08b28b7792
161749_200w.jpg,200,278,portrait,none,25241,RGB,3fcb4b8ed6dc9fa11da34dcd25b9a44ca1b10f29
161750_200w.jpg,200,278,portrait,none,24694,RGB,3277d767e9a7ca465da6765a7b270d04627be2c6
161751_200w.jpg,200,280,portrait,none,25074,RGB,b4084bca59787fc1940edf5075dab7ffd267e679
161752_200w.jpg,200,278,portrait,none,22810,RGB,73bba2c249c86328dd708da2d766f5180f3d5300
161753_200w.jpg,200,280,portrait,none,20564,RGB,2939a53a82bd08a885c98a72cc474e7e3a87e252
162042_200w.jpg,200,279,portrait,none,28302,RGB,d19b54ba6fb95de1e0b8811074a88510a77783a9
162043_200w.jpg,200,279,portrait,none,27275,RGB,3250f04639fffa8f131a8c15f54abed9dc70ac91
162268_200w.jpg,200,281,portrait,none,20517,RGB,50ca70428080e73f906744c9c06fffec58ffac05
162269_200w.jpg,200,276,portrait,none,19980,RGB,1519cb6ab10bd58479e314ce11d55013a4621dcd
162270_200w.jpg,200,279,portrait,none,20526,RGB,8a75c7ef2c0ecff86534f90cc6a09d536f9a3165
162271_200w.jpg,200,280,portrait,none,22740,RGB,701909b854aaf2b353039e9d00568e1e27600748
162272_200w.jpg,200,277,portrait,none,23048,RGB,785004c9829d564d09690a6572efff695f9b2de3
162449_200w.jpg,200,278,portrait,none,22739,RGB,f0fdf0dd4b9f559cd814e280859cd830aa431d17
162454_200w.jpg,200,278,portrait,none,27244,RGB,06c48e85028395e105038e72d2c0e863221fa939
162455_200w.jpg,200,280,portrait,none,26861,RGB,da59e5b574c92e1b676e800c2f56f3c6bba918bc
162456_200w.jpg,200,278,portrait,none,22304,RGB,210bb455e81573dde914aba5e0448b57be258a79
162457_200w.jpg,200,279,portrait,none,18790,RGB,563635fe7a548097f7fce16867d0ac0d5f1639e6
162458_200w.jpg,200,280,portrait,none,21812,RGB,e05030384c03b7bad84397ec2e4211d84968f28f
162459_200w.jpg,200,281,portrait,none,20407,RGB,8a841f689749db2a1b1fbca030b528a68da04c53
162460_200w.jpg,200,279,portrait,none,30928,RGB,0d5ae7f38fc5f62b70f451169e05ea14029edf5d
162461_200w.jpg,200,279,portrait,none,31459,RGB,238c254a37f43a8f5398cfcfb48b0fe9ae7118da
162468_200w.jpg,200,279,portrait,none,21112,RGB,c653c79dfef5e9f6475681a530aeafd1265ccfd0
162469_200w.jpg,200,279,portrait,none,21260,RGB,1ebe9d84dcc1d1f4b9c02e0dc29ce13e0f66f362
162603_200w.jpg,200,279,portrait,none,27410,RGB,5b4ad57cf0c16b1c1d5976cc032dc7cb03d67172
162604_200w.jpg,200,279,portrait,none,21706,RGB,f9c74cae28a7d93c98625ce1ec1f66e061d2aa14
162605_200w.jpg,200,279,portrait,none,24378,RGB,457bd83b3b478206f5e8e8dcc4d4231d7785d107
162606_200w.jpg,200,279,portrait,none,25301,RGB,d15ee4e90f20614c6de20a27bc1ba4a191b38a19
162607_200w.jpg,200,279,portrait,none,22852,RGB,71f22ba643469aa86e90b9fd647138bfee6c1580
162816_200w.jpg,200,278,portrait,none,20212,RGB,9674150b414b6a2f117c4579845a6d5045262da4
162818_200w.jpg,200,278,portrait,none,20328,RGB,9915a8c568ae71bdef561fc636a8c1cb53aa73e2
162829_200w.jpg,200,280,portrait,none,24041,RGB,b7a8bbb958389724a7fd7bc81170da57f3b43114
162830_200w.jpg,200,280,portrait,none,24220,RGB,521f1af98b91539da62af1be9322ccb9fbb5408b
162832_200w.jpg,200,280,portrait,none,23957,RGB,d6ef0635b306fb4f7c38d347d1b9812c92561371
162833_200w.jpg,200,280,portrait,none,24086,RGB,102f1cbb5c946974bf750ce0c356491a4ebb3cde
162836_200w.jpg,200,274,portrait,none,24335,RGB,76a02943911020ddd6b7c66f9edf4862684eed82
162837_200w.jpg,200,274,portrait,none,24487,RGB,fc70987dc2a21ce4894527b0f377b2fc58f6e896
162838_200w.jpg,200,274,portrait,none,24738,RGB,a854f5613f4ba2218ee4a738a96aa5b6b3f24f7f
162839_200w.jpg,200,274,portrait,none,24706,RGB,ffed4fbb2a059aa0a88cd6cfae8f68d8aa9e395e
163855_200w.jpg,200,279,portrait,none,24042,RGB,1936d3efdb5326405ead3de90ca97d723c6c3bfb
163856_200w.jpg,200,279,portrait,none,24045,RGB,b1114e790cdd80d33a8d044ba0e3887e2b56d92f
163857_200w.jpg,200,280,portrait,none,20252,RGB,bdcb7a18b1b7e867c6aa4209cb0d3a7a50b4c991
163858_200w.jpg,200,278,portrait,none,25067,RGB,6688db389042013cdbe1dd0a17ddf99c89370e64
163859_200w.jpg,200,278,portrait,none,25105,RGB,5d5fee61472a400b22905e8cf829f93467150e13
164072_200w.jpg,200,278,portrait,none,24345,RGB,14c8850a3deb6517ea0878e24f1329b4231afd37
164073_200w.jpg,200,276,portrait,none,24666,RGB,751f8d773dfc5ab6761f5f5bb5d181481a93a0ea
164115_200w.jpg,200,279,portrait,none,20651,RGB,5e9980d04499ad44e4e30586e28f2806a6008d6f
164116_200w.jpg,200,279,portrait,none,20052,RGB,eaa0fe40c597edf30f628cbadd207a273394e78d
164155_200w.jpg,200,278,portrait,none,26091,RGB,24b92b6b670620f50ff381fecf19d3d1d5c80777
164160_200w.jpg,200,280,portrait,none,24171,RGB,c4deb99ca80b41c5eb7b06d13002c15c9c706fed
164164_200w.jpg,200,278,portrait,none,21859,RGB,377f624b62fc71c0f3196f5ace4403258b867408
164178_200w.jpg,200,282,portrait,none,23995,RGB,b648fb07a6fefd75f420b60aaafc480515436e8f
164202_200w.jpg,200,274,portrait,none,24997,RGB,1ccf906c8766a35ba5b094ad9fc129132a9dd531
164203_200w.jpg,200,274,portrait,none,25031,RGB,cb8ff5aa47d4a848be16ff99361a7ae358371c74
164204_200w.jpg,200,280,portrait,none,23399,RGB,e64e2f589059b83c148dfadb3836d17dea56cd08
164205_200w.jpg,200,280,portrait,none,21447,RGB,97b56c3028d561ec600e01876de3a122569a47ea
164206_200w.jpg,200,278,portrait,none,24075,RGB,9ee59b68d911de9114e14fb85e4823bfe7395285
164207_200w.jpg,200,283,portrait,none,25073,RGB,22cec368a1ebfd51d42e4685843b1e5ff6c5cc56
164208_200w.jpg,200,279,portrait,none,25126,RGB,575feb73e7b7e4d789e503c6934bbd691d1cc625
164209_200w.jpg,200,278,portrait,none,22952,RGB,5b496c61366f44bffcce762bc82c58bd25d00693
164210_200w.jpg,200,278,portrait,none,20843,RGB,ca68266e6bbe4f94ec5ceea690e836939ebd6381
164211_200w.jpg,200,276,portrait,none,21800,RGB,22486c53d509d9106cbef34fd8c31c2679b71ea0
164212_200w.jpg,200,276,portrait,none,19562,RGB,c02ff144c402620e03a618e4592658dff60fe592
164213_200w.jpg,200,271,portrait,none,23735,RGB,9bc37fb6a7cbd5b5adc10fdbd6d8a450606099ea
164215_200w.jpg,200,275,portrait,none,22537,RGB,dcf1906a95fe49a97eb6f26410a7a220bc4c1857
164216_200w.jpg,200,276,portrait,none,23585,RGB,51d7decb0e1cd8d5d47ece1f9f1ffb3993753ab1
164217_200w.jpg,200,276,portrait,none,23713,RGB,1979dabac2b180640166b760271f8928a1d5dc94
164231_200w.jpg,200,278,portrait,none,24885,RGB,fa83dd6e3687394eb9fc883f81424cc9ad8d10a2
164233_200w.jpg,200,279,portrait,none,28328,RGB,a8f6ad6c79734346e15ce5358c66b631f871e35e
164234_200w.jpg,200,279,portrait,none,26914,RGB,ff60c786e35ce535abc5cf3c7efa3cedffa8a461
164235_200w.jpg,200,280,portrait,none,25057,RGB,a65299cd4b39cab65f42dc7d25f70f1cb68b6404
164280_200w.jpg,200,275,portrait,none,23056,RGB,465aefc33db1ea924322d1e2735bda6d3d1926eb
164281_200w.jpg,200,274,portrait,none,22550,RGB,38fa5f4c506dddbe415a752cd83d8407c42d4e20
164282_200w.jpg,200,274,portrait,none,22025,RGB,a9a3ca8525b4c1e892b46d1d1943822377bb2d05
164283_200w.jpg,200,274,portrait,none,24422,RGB,ea7d583e95c99a67ad6db2cf78704bbc82f4705e
164284_200w.jpg,200,275,portrait,none,22458,RGB,4f225a969399343c216f0b1da5066e405edc8e29
164285_200w.jpg,200,278,portrait,none,24830,RGB,def7dd790f7b3b79a07f0aee7f1fb7f8a3923c68
164286_200w.jpg,200,278,portrait,none,26721,RGB,52bd46b74aee415546ca2821b1c9145d9217b19c
164287_200w.jpg,200,276,portrait,none,22904,RGB,8ddd28be94996f7bee49e4ae0b1c5bf409a3b83a
164288_200w.jpg,200,278,portrait,none,21727,RGB,e9f3d60a331e73b3a5e518e2121220b4eefef7d0
164289_200w.jpg,200,282,portrait,none,24796,RGB,c03583c8ce4e7cd157bf4eb5a4b1d96c871c6edd
164388_200w.jpg,200,272,portrait,none,19981,RGB,d59a678697de9c5f94071072dd116dc0274f06de
164458_200w.jpg,200,280,portrait,none,23656,RGB,5163dab059965edbb629cd6ccf6b437fa32df5e2
164460_200w.jpg,200,279,portrait,none,21797,RGB,554bc9e3737904d6c4432dff90c4c3fb36a86cda
164788_200w.jpg,200,278,portrait,none,23580,RGB,4e3d8e93ca4a0df2dd26ee75002c428fd208d3b4
165633_200w.jpg,200,280,portrait,none,24294,RGB,7fb7df47b74bcebe67b616ebebf5630602b851a8
165634_200w.jpg,200,280,portrait,none,25837,RGB,e59ee1523d5b8f5a24f3bc464ef7e93c6c2cadec
165648_200w.jpg,200,279,portrait,none,21279,RGB,05e8770c980552e636165f93a1cee7276745938a
165649_200w.jpg,200,279,portrait,none,21567,RGB,eeaa05698ce4f63606c4606daec2408cdfa70ccf
165650_200w.jpg,200,279,portrait,none,18799,RGB,0fe2a20a85aba36937949c2f6932974f55575a64
165651_200w.jpg,200,279,portrait,none,23689,RGB,688cc5a59fbb41b8cfb03a82d10e2a85daba09c0
165652_200w.jpg,200,279,portrait,none,22819,RGB,ad671bcec58ec1bcf0b2c9b9bb41466d55fc5b90
165653_200w.jpg,200,279,portrait,none,19564,RGB,f9ba3daa162c69f4fb4835c7be4d7426d1b442ee
165654_200w.jpg,200,279,portrait,none,20531,RGB,212545094234087bb5874dd73f2db8716dd20b42
165655_200w.jpg,200,279,portrait,none,21628,RGB,7ec27235ec66ce86e49689c7cc162b715d55b652
165656_200w.jpg,200,279,portrait,none,18876,RGB,53c76d9fe60ae4ea509d680d88b8fd6c30c8ed07
165657_200w.jpg,200,279,portrait,none,22037,RGB,239b13f03d01f87a92a0679c915c9c6073a5257c
165658_200w.jpg,200,279,portrait,none,22101,RGB,e4afd429450e0eb3beece9f6fdb2b7a432276d38
165659_200w.jpg,200,279,portrait,none,21825,RGB,26647beb6c3afebfaa694c0dbe7a7a67326b8fbc
165660_200w.jpg,200,279,portrait,none,22812,RGB,d0212d495d5418694e6d12c5b29f11febe9400c6
165661_200w.jpg,200,279,portrait,none,21643,RGB,e351fa298a87bab75ea7cdf56070183440048fee
165662_200w.jpg,200,279,portrait,none,19524,RGB,6f321a55b2ce7b8f57f0da17c9298ddbcce60cf9
165663_200w.jpg,200,279,portrait,none,22415,RGB,910d6566a6487c84f24e713b75d28a8a1b9ce326
165664_200w.jpg,200,279,portrait,none,23178,RGB,e735e168cd77d52e6264b20491f5e0a6fff3c879
165665_200w.jpg,200,279,portrait,none,19412,RGB,f379e34a66af62bcdccd225ddba6573afdb38c92
165666_200w.jpg,200,279,portrait,none,22788,RGB,ecea3f5f5c071f47feb0504bdac8c57b72ae18fe
165667_200w.jpg,200,279,portrait,none,29266,RGB,891d8480366989b3a418f00cbadf38226ae09fbd
165668_200w.jpg,200,279,portrait,none,28755,RGB,a524873e2baa1bb46cac402497a40204cb7b9a8a
165669_200w.jpg,200,279,portrait,none,27105,RGB,36bef09e60a6d421b2492d65e3049188a4f29da5
165670_200w.jpg,200,279,portrait,none,22459,RGB,99e3b69ce773ea3a4ae8fca95c284f7db6d34ad9
165671_200w.jpg,200,279,portrait,none,21407,RGB,fe47e3a94364b7914de38f27d1678e2f02b9be08
165672_200w.jpg,200,279,portrait,none,25858,RGB,3abb8fa4968091d4f6f24eace4710b64818c03f8
165673_200w.jpg,200,279,portrait,none,32926,RGB,54d4b0496fec9641bbeb5ecc851bd821eb91bd9a
165674_200w.jpg,200,279,portrait,none,29158,RGB,51687ec0ece0cea71056ed31ff66126304e5077b
165675_200w.jpg,200,279,portrait,none,27675,RGB,10cce50abede5b99f0f7eec96ab3108e0992a3cc
165676_200w.jpg,200,279,portrait,none,23059,RGB,9575d29bc2cd2d0ee85029f7cf15c77f383f1c2e
165677_200w.jpg,200,279,portrait,none,24425,RGB,856a6f2e3378e11737e8b48ec5f23727e8776eaf
165678_200w.jpg,200,279,portrait,none,20457,RGB,8c5b0eaf37e64d602b3779ea34a5490068cde172
165679_200w.jpg,200,279,portrait,none,21471,RGB,56582efca7fadd4db37164292dec3746d8e4eae8
165680_200w.jpg,200,279,portrait,none,21085,RGB,2cffa383db9f3903d5391d9790a0cc3dac270e42
165681_200w.jpg,200,279,portrait,none,22828,RGB,06d742b8e1e44dc692d97be5b70f13615f71983c
165682_200w.jpg,200,279,portrait,none,27325,RGB,abc2923b7bec5f4548de897b4566c5eff8b2576d
165683_200w.jpg,200,279,portrait,none,22365,RGB,b7f34d564a9738c5e6a3ffbd045581dd53beb520
165684_200w.jpg,200,279,portrait,none,24927,RGB,28c630b0989959e99cba14ea4a7730f50700b60a
165685_200w.jpg,200,279,portrait,none,21345,RGB,4f6e1225e4c529063b01e97035144dd5dec38a6d
165686_200w.jpg,200,279,portrait,none,22543,RGB,55ac6c81ca7036b4b3b00d16487b0c829121ea40
165687_200w.jpg,200,279,portrait,none,23387,RGB,4d82da51e7a350b323b45079200cd06169474d4e
165688_200w.jpg,200,279,portrait,none,19895,RGB,278616037d7503b76eb564817d6222ed3ca0e875
165689_200w.jpg,200,279,portrait,none,22923,RGB,f73f8b54161c6cd95c60da066373df631b412062
165690_200w.jpg,200,279,portrait,none,25828,RGB,a9aab0dc6376918856b97ff70eaecb12fd7745fd
165691_200w.jpg,200,279,portrait,none,21862,RGB,0dc56fe90b501bd4eefff533c468b1153df699f3
165692_200w.jpg,200,279,portrait,none,21177,RGB,4761e243d3d9b9631abd4c9c38e96916efd9359d
165693_200w.jpg,200,279,portrait,none,20625,RGB,59b738fb388ada0d45e5f57e23a8a8f69fc10753
165694_200w.jpg,200,279,portrait,none,20598,RGB,169374157fde17ab8e6c343c99357cb6e5e36651
165695_200w.jpg,200,279,portrait,none,18655,RGB,9404bec84c790638000bbf084b0a8d6c9e6960de
165696_200w.jpg,200,279,portrait,none,20517,RGB,626da0f5cf4d6c1b14a42ddebb4c61a141ef292b
165697_200w.jpg,200,279,portrait,none,19735,RGB,1d508de79c1eb494868ed0825c42ff8838f368e3
165698_200w.jpg,200,279,portrait,none,20046,RGB,bfc9aaf927261b4e1581a07b66288629c90c8bbb
165699_200w.jpg,200,279,portrait,none,22116,RGB,3ade8da653f4999c5bb7cc75ba6eb6a8d3370003
165700_200w.jpg,200,279,portrait,none,21277,RGB,6ab6b7d1346a87ffe11f91ef13bf28dc099ed029
165701_200w.jpg,200,279,portrait,none,21045,RGB,74ef920c8e69823196ecc8fd9a04b271d7efe6aa
165702_200w.jpg,200,279,portrait,none,19357,RGB,b53f9fb3452ec85aeb795e56435f60dff7eb1e03
165703_200w.jpg,200,279,portrait,none,21051,RGB,cf531a06d0bb8670583a1d7bc65dffcb9e73051e
165704_200w.jpg,200,279,portrait,none,21329,RGB,6b55cbb078d1aa1a0223a34cc9192964f61d3f32
165705_200w.jpg,200,279,portrait,none,21019,RGB,6eaeebb6716720f210e3034425305f4c6f848850
165706_200w.jpg,200,279,portrait,none,29585,RGB,00f08b53f3d9e9d6da210d894b1289a0560cefeb
165707_200w.jpg,200,279,portrait,none,26682,RGB,684a68872712912ceff13815f24ccb80ec465541
165708_200w.jpg,200,279,portrait,none,25205,RGB,295217cb979c6deb4a600789caa246458851b07d
165709_200w.jpg,200,279,portrait,none,19865,RGB,57d108d9392c0c149e799e066c27e7117cc4c447
165710_200w.jpg,200,279,portrait,none,24765,RGB,020b5b229a8ae2479f9be95b06d9ab1b1d9bc070
165711_200w.jpg,200,279,portrait,none,24670,RGB,650f8637d138dac20343e24878a9d238e537d52c
165712_200w.jpg,200,279,portrait,none,20415,RGB,1c62ffa1345698e1abea83f1e7b38aff7c76c662
165713_200w.jpg,200,279,portrait,none,20690,RGB,a1069fc0551738f796144529ca225b0d8f8d4e37
165714_200w.jpg,200,279,portrait,none,23755,RGB,50b4e4ac008703eddaf367edd4b1dd2c060bfc89
165715_200w.jpg,200,279,portrait,none,19901,RGB,2aea40dbe677f0aecafd585a7bced29f926bbf8b
165716_200w.jpg,200,279,portrait,none,25168,RGB,e1a339eb09bb58f6ceddbae39992462248537e2b
165717_200w.jpg,200,279,portrait,none,22068,RGB,7e5aec8c127563da71f64e68261bcc92b80e02d6
165718_200w.jpg,200,279,portrait,none,19699,RGB,20855280f83821ff4e45cfd7fa3d9e8198cfd00f
165719_200w.jpg,200,279,portrait,none,23374,RGB,deafcfe1cf7e930bc03de60c23d5f8b05a52517f
165720_200w.jpg,200,279,portrait,none,20966,RGB,428b1156df1522b829114836d7ef686a4e219881
165721_200w.jpg,200,279,portrait,none,25072,RGB,dc2e0db33b085f360c33e661d2b88575e504ce95
165722_200w.jpg,200,279,portrait,none,23115,RGB,800dccc9096be911e0f158366e245f27a805d215
165723_200w.jpg,200,279,portrait,none,23997,RGB,3eeff8db7f6ebd59910d232982cdd06fb1277c25
165724_200w.jpg,200,279,portrait,none,22508,RGB,4f156cbbfc49d194baf98a12340685fec820b465
165725_200w.jpg,200,279,portrait,none,30757,RGB,f23d287b6fb4507150dd4e8fee27fb7f9b450464
165726_200w.jpg,200,279,portrait,none,31344,RGB,73caea906cc6be6a8724aeb37aaf4fdad7328195
165727_200w.jpg,200,279,portrait,none,26017,RGB,ae90c1c636d5c31c765833379907504e4ed3d7f0
165728_200w.jpg,200,279,portrait,none,25253,RGB,b9ca1d5bde8e54ddfd037d316dfc3817f25ebfa5
165729_200w.jpg,200,279,portrait,none,22509,RGB,f050c3e7c09248758dcb26bf978c38f42a8bf8d3
165730_200w.jpg,200,279,portrait,none,22526,RGB,d5e07c85364d93f5af0a668ca3709b93ef092151
165731_200w.jpg,200,279,portrait,none,25027,RGB,fcebf979acddbd242babe1fb1d675144b812a2ce
165732_200w.jpg,200,279,portrait,none,23794,RGB,80adeeb6c451d187ca87b4bfc9393135c822ba54
165733_200w.jpg,200,279,portrait,none,29255,RGB,18bd157e9589a96644ebf54be781ce9466d091a7
165734_200w.jpg,200,279,portrait,none,29409,RGB,e013601290562d7903a7fdb40d7aa544471e8fa0
165735_200w.jpg,200,279,portrait,none,26115,RGB,780f1ecb96ca36d456bf95a8f6c1c37a071cb95c
165736_200w.jpg,200,279,portrait,none,24267,RGB,5177057540bed7dd36c98fff51ededac29abebde
165737_200w.jpg,200,279,portrait,none,25591,RGB,198f71e67a36dac5551ad852c7838780696069f9
165738_200w.jpg,200,279,portrait,none,29541,RGB,97a6c77f7bebfa016163e236fbb5c7af2e0bdd29
165739_200w.jpg,200,279,portrait,none,26624,RGB,ab77946de70d09b00af06372b4b45b12c797b380
165740_200w.jpg,200,279,portrait,none,26411,RGB,4b00b5c346d5e7e828efa2fa0f410000d57eddb4
165741_200w.jpg,200,279,portrait,none,21181,RGB,4b6d3b3593185ca8831a162e80c9cc41014e5646
165742_200w.jpg,200,279,portrait,none,20120,RGB,5b648d64dd4eab5fb3b4630df5620cc901283d5e
165743_200w.jpg,200,279,portrait,none,22448,RGB,3b97feb1d6aa24d4fcaac992e3397d36781602c7
165744_200w.jpg,200,279,portrait,none,23403,RGB,249ed365800e03669b881c05eb27d794f7532613
165745_200w.jpg,200,279,portrait,none,22290,RGB,121157ba3a61b87b8bfb5686b4107604f3bd00fb
165746_200w.jpg,200,279,portrait,none,24565,RGB,38af4ebea0912c6c534626610e26a52c150a56d6
165747_200w.jpg,200,279,portrait,none,21126,RGB,c6e34b2537fa49f255807167c0b744d13171f016
165748_200w.jpg,200,279,portrait,none,28904,RGB,181ddb8df05e1f1fb8d11d04db47d644780237ae
165749_200w.jpg,200,279,portrait,none,26625,RGB,de2b38579abdfd868d641b89eba4ebc86a0ac329
165750_200w.jpg,200,279,portrait,none,24303,RGB,9549f2f7d7f7b50ec33b21625633fe137aeb0ea8
165751_200w.jpg,200,279,portrait,none,20654,RGB,5564b9d1d64df52200ec456cc78a78c8fa04b97d
165752_200w.jpg,200,279,portrait,none,21009,RGB,50c7cd6478586386af9d461ad6a6e31596ba4943
165753_200w.jpg,200,279,portrait,none,21159,RGB,458c9c6e33da5ce6370d1b1bdddada6a264fa609
165754_200w.jpg,200,279,portrait,none,22419,RGB,be3c0ad4ad6f6094fac54904755eb25b8bce07a5
165756_200w.jpg,200,279,portrait,none,30388,RGB,3f0f1b6e8e074c11f8877e4563811b4f3ac1c199
165757_200w.jpg,200,279,portrait,none,27859,RGB,328e855d86ef0ebbf40d0c8aa21f8358ca0b702b
165758_200w.jpg,200,279,portrait,none,25437,RGB,88b2973fb800e7e403ee4502eb76776b7a9af7a1
165759_200w.jpg,200,279,portrait,none,20248,RGB,9b0363243fd6fd2a97aa3b280585d203ebc765d5
165760_200w.jpg,200,279,portrait,none,22907,RGB,7b47d9a382684d221a63de9cdd92568f148f2a29
165761_200w.jpg,200,279,portrait,none,20263,RGB,c2cad34fc5e005b4ee1b37acbca26455c053ec6d
165762_200w.jpg,200,279,portrait,none,19245,RGB,cf5e3e673b9a33def631dfb680aef5a386e257d7
165763_200w.jpg,200,279,portrait,none,22201,RGB,11532ca0e6ba4567db66f931644a2f72349fa4c7
165764_200w.jpg,200,279,portrait,none,19352,RGB,dcccd106ca158b3b0b4f7180cf103504cd36fd5e
165765_200w.jpg,200,279,portrait,none,25679,RGB,c90cfb352aae923ecbeadb7f03795c77018927ba
165766_200w.jpg,200,279,portrait,none,23675,RGB,14d9e90fb478f97229a97d75af4e85ed3746bd1b
165767_200w.jpg,200,279,portrait,none,22033,RGB,cadc17c7bc36704a15a5e6a32a3f4edc1ccaaf8a
165768_200w.jpg,200,279,portrait,none,21337,RGB,459d6ae250ea38158fb24b1f45d5557a4edf4b15
165769_200w.jpg,200,279,portrait,none,24989,RGB,3f0ed851f46f836201c9c132b37144e73345b2ea
165770_200w.jpg,200,279,portrait,none,20359,RGB,89ad8840760cfdd6349c1031ed296a660028ab9e
165771_200w.jpg,200,279,portrait,none,18278,RGB,d7fa2b6ba255e1fd12e1fb5f36143eb09b07827b
165772_200w.jpg,200,279,portrait,none,17733,RGB,463c69b70da3c0ba1ad2a67eed9471e464823198
165773_200w.jpg,200,279,portrait,none,22699,RGB,ec21da566f528796c6e01c94bcfb89ad1834a095
165774_200w.jpg,200,279,portrait,none,17005,RGB,6a6104ac6d3e7fee39d601e9ef09583e34b4cafa
165775_200w.jpg,200,279,portrait,none,20565,RGB,f2cd0cb7bab11e2f850c0a674aabbbb6150354a8
165776_200w.jpg,200,279,portrait,none,26435,RGB,9a55ba7dc4564b2e4158b3300c1a2a3c56d603d0
165777_200w.jpg,200,279,portrait,none,18486,RGB,26e1ea2612969f2b5fcda0ac3728b0ec83e261fe
165778_200w.jpg,200,279,portrait,none,19558,RGB,a604ea2d7d0ec84cbd3ba4b25fa276c03e4bb68a
165779_200w.jpg,200,279,portrait,none,23235,RGB,1b3eedf9c4b09d0f4c4c6117a6303e9a649f8214
165780_200w.jpg,200,279,portrait,none,26153,RGB,1b2ca4befaa3fc3ce202ba797c1234ddc12fcd70
165781_200w.jpg,200,279,portrait,none,24243,RGB,fba1de3a78740ed09da563f25387132744cfe457
165782_200w.jpg,200,279,portrait,none,19541,RGB,3d20be5d6a7175dc5f72a67be742cac614f1a28e
165783_200w.jpg,200,279,portrait,none,23791,RGB,5a7ed4523e25f7e3680aac222485e8b1369c3eed
165784_200w.jpg,200,279,portrait,none,22492,RGB,6b8fc3039f71c695b4976b1e610b012b283a5891
165785_200w.jpg,200,279,portrait,none,18083,RGB,f8dd2ca54082b10684bcacd784092779ba2a4869
165786_200w.jpg,200,279,portrait,none,20698,RGB,6b3a2500f63a340f3425ab8df78ede0099ea56f2
165787_200w.jpg,200,279,portrait,none,23819,RGB,6ccfcc8295f873f209632a428542c7af196b0e9f
165788_200w.jpg,200,279,portrait,none,26244,RGB,0fd6cab8f169cb5349b3f40d2544198efd62963d
165789_200w.jpg,200,279,portrait,none,18596,RGB,bed9c5715afd1d584ef2be8cec98d48698130a51
165790_200w.jpg,200,279,portrait,none,19330,RGB,1275519bf8918f67ce7883ab254e2d2a52486562
165791_200w.jpg,200,279,portrait,none,22316,RGB,ddf2fbd220655a37c7de3942d47d6a0f414c56d4
165792_200w.jpg,200,279,portrait,none,23462,RGB,f690cf52c07c4f6ca94e1fc53d93aaeea516b4f3
166288_200w.jpg,200,279,portrait,none,22674,RGB,c013fd715d20162126f3847edbd0dbb668e2139c
166289_200w.jpg,200,278,portrait,none,22015,RGB,c53de9e7bc2b2f1c8da52876fc905de684501d45
166290_200w.jpg,200,279,portrait,none,26110,RGB,52fa8184926b82e78bc32c0cc2147db84da8aa17
166291_200w.jpg,200,278,portrait,none,23831,RGB,b55af503015020b9c1777c19494d709ddb454435
166292_200w.jpg,200,279,portrait,none,23429,RGB,64f5ff5404b7e961a7de2795117018a09561e785
166293_200w.jpg,200,280,portrait,none,23150,RGB,4bbacfa7958c322b8c423f6311019a2eea16756b
166294_200w.jpg,200,279,portrait,none,22860,RGB,522e6c3aad2f45256e294e050c049e285a89221d
166295_200w.jpg,200,277,portrait,none,22820,RGB,662408ea069bfaec1583bd4319bf51bfb2e308f3
166296_200w.jpg,200,280,portrait,none,21794,RGB,45fe07ae53044f713a70b18a66b14ea1e5bd4617
166411_200w.jpg,200,279,portrait,none,20721,RGB,a94ca40e0809c817bec1b86486dfee71a30a7033
166412_200w.jpg,200,279,portrait,none,18129,RGB,358cb405f39dd27a71ba18a5df98344b9e4bb3d2
166464_200w.jpg,200,279,portrait,none,18959,RGB,a8a1330f9d2f932c545089bfafb8a73e46a89224
166498_200w.jpg,200,279,portrait,none,21325,RGB,c67d814a677da9e9a93ba475e439f0260c004df6
166499_200w.jpg,200,278,portrait,none,23063,RGB,dc13dd0de5aa70d5778ff838b471b3ff03b0d9cd
166500_200w.jpg,200,280,portrait,none,27487,RGB,ca44f3b68fb99a7de59b0fd12365d63ee2a58e5e
166501_200w.jpg,200,280,portrait,none,27572,RGB,df7f5e8a7815882715e2894ad4debc075873c024
166502_200w.jpg,200,280,portrait,none,27557,RGB,62cbb1d1701bbda92920130bd1842a00ce2858fb
166503_200w.jpg,200,280,portrait,none,27516,RGB,5ba79f33204e703315d757e414fba9887ac06d1b
166530_200w.jpg,200,278,portrait,none,25142,RGB,a70b466b57e0ffc9bb3a30f58221415f24cb388f
166531_200w.jpg,200,284,portrait,none,28579,RGB,d9c2f11ac1eba46abf1f3f03a7cadb1b973f139a
166532_200w.jpg,200,281,portrait,none,28268,RGB,ede9d07d56243900bd091c5c4ffe9d8f507e8d91
166533_200w.jpg,200,280,portrait,none,29802,RGB,704ec4e919fb5cba363e179b10e13a2e4cf6361f
166670_200w.jpg,200,279,portrait,none,20437,RGB,243540af94c4ed825a97ee186d24c0e4f56ac0c9
166678_200w.jpg,200,278,portrait,none,24183,RGB,ee67ddd6642273b1918727f1068373e658c9ba85
167077_200w.jpg,200,278,portrait,none,24374,RGB,2ad5bf18d9e99ececae2786ff4ef55e980f71f59
167078_200w.jpg,200,281,portrait,none,26087,RGB,4ae28600ce42e8957a2bb85ba9f5e2791d077997
167079_200w.jpg,200,277,portrait,none,29022,RGB,47c0c415a3e0cbb6ec8f7cadfc4c2e43a63325da
167080_200w.jpg,200,279,portrait,none,24779,RGB,e4db9ea9472e05397f67242ccc44ef268c8ea4ae
167081_200w.jpg,200,276,portrait,none,21629,RGB,c12c22832bdc16489c0b7562d61e9438796d389f
167129_200w.jpg,200,281,portrait,none,19459,RGB,0bab4f897df700c51bdbd92091093a073cd951eb
167222_200w.jpg,200,280,portrait,none,21213,RGB,f71b34367be325cd0714cab4935381413f02b709
167223_200w.jpg,200,279,portrait,none,25610,RGB,cc310135c0b0dec540bfb127d3386c51b44106a3
167793_200w.jpg,200,279,portrait,none,19676,RGB,84b853fcc644c454d63cdf09853fb186f2bc5d6c
167796_200w.jpg,200,281,portrait,none,23175,RGB,45f8c1ae278a838a320f674ae84f6f22b68d94e5
168030_200w.jpg,200,279,portrait,none,20079,RGB,6c4b213000b3ef3233242c3933ce93d6d544df09
168088_200w.jpg,200,279,portrait,none,26929,RGB,6ba875172e60dbdc3d3f1e7ce88798aa38efb3db
168093_200w.jpg,200,279,portrait,none,23640,RGB,023b8a810415cb40d47fa7885ca5a1b265f2d30b
168146_200w.jpg,200,278,portrait,none,18147,RGB,1df1c9992868ae609e9ea4ec2d405bb5fde4a0a8
168174_200w.jpg,200,280,portrait,none,13233,RGB,7f95b8dab606f08f502be31df06b561838b7bcf4
168175_200w.jpg,200,278,portrait,none,13300,RGB,51d5a503fe8d7ac0571503acd8d5c77b724a6357
168176_200w.jpg,200,279,portrait,none,13453,RGB,b12b43e282efb7689316ed0fb5d2527c0495c339
168178_200w.jpg,200,279,portrait,none,13387,RGB,52c8f889734ad8fa7379244ab15fa9a9d6075987
168179_200w.jpg,200,280,portrait,none,13312,RGB,403032f93902dd25507d74ca177b029454d771cc
168187_200w.jpg,200,277,portrait,none,13582,RGB,dc78ae1953807931d4fc83cbf4208f570034f527
168189_200w.jpg,200,278,portrait,none,13468,RGB,4dcbfab800c5e54a366a797e5714268fa764eec8
168190_200w.jpg,200,279,portrait,none,13242,RGB,7de2fcb463f7fc88efd8c05c65c294349533dda0
168191_200w.jpg,200,277,portrait,none,13332,RGB,232107bdd9653103ab8cc15f049865c10f431092
168192_200w.jpg,200,279,portrait,none,13376,RGB,0bf7052d0b6a5542ca985eecb9cfba92b2283bd8
168194_200w.jpg,200,278,portrait,none,13309,RGB,8b484a1643ba7cff4c6b9b0596a23a712c172506
168196_200w.jpg,200,279,portrait,none,13327,RGB,700f2d2afe36da1e7ea8e4e13ae7f3f5002f7a05
168198_200w.jpg,200,278,portrait,none,19094,RGB,afbaa9d866e0db5746a40f777e47cd995f5f354f
168201_200w.jpg,200,280,portrait,none,20429,RGB,394a99d3d977bca7e9ed54e794647f9654349902
168205_200w.jpg,200,279,portrait,none,18966,RGB,fac5428564d290a4ef66c34d8afaaa302503e539
168206_200w.jpg,200,279,portrait,none,20740,RGB,636d98c41c677bb4761edc1f5652530af8d4ad44
168208_200w.jpg,200,279,portrait,none,19517,RGB,ead236f5d11ccbb187f8f929776604b0175f3fbd
168209_200w.jpg,200,279,portrait,none,19089,RGB,ac2ae46527ba09eff0ca4aed557acf7f08866235
168210_200w.jpg,200,280,portrait,none,18849,RGB,47cbaf96a8cb17fd3b397cb93c5c3c1cdd32af34
168211_200w.jpg,200,279,portrait,none,24512,RGB,7870a11485eab08db8d43b35161ce21efb6f67ef
168212_200w.jpg,200,279,portrait,none,22523,RGB,79f3ae393a043bb40eedc0ed197390256e101ced
168213_200w.jpg,200,278,portrait,none,21969,RGB,82875e01cf77654990e82db7cf2331fdcaf962ad
168214_200w.jpg,200,279,portrait,none,20504,RGB,3d782bf13476d2039a48188119359391b452f219
168215_200w.jpg,200,278,portrait,none,15774,RGB,49d6628a115a416b4bf9ef247adcf5d833e5322a
168216_200w.jpg,200,279,portrait,none,15729,RGB,722f52101d5dd7393a95a2623781ad0bddb6ae06
168217_200w.jpg,200,280,portrait,none,15817,RGB,3a98344df9fa56dbe47430659890f68ed96c6733
168218_200w.jpg,200,279,portrait,none,15660,RGB,ac4eb97f0187a02c7b0ae2eaaf6d97301111e2ee
168219_200w.jpg,200,278,portrait,none,18376,RGB,e518c7fb697e6a7ebbd5157aba2b1c5cb6d45499
168220_200w.jpg,200,278,portrait,none,18291,RGB,953d713f780b5afa48841bc5598193fe231b538d
168221_200w.jpg,200,282,portrait,none,19004,RGB,b32bec7ab992ff3f73b8d5ab6399c542ef105db8
168222_200w.jpg,200,278,portrait,none,18571,RGB,e6a973193beab265295eb02884fcd827e542726b
168223_200w.jpg,200,281,portrait,none,21784,RGB,3457d0ed72d49a57a962e2409ae07a5d81d4dfcf
168224_200w.jpg,200,280,portrait,none,15784,RGB,5f529821e4441207786d3cd2ba461aaf092d9243
168225_200w.jpg,200,278,portrait,none,14079,RGB,a957e69a3e789bf984eae89ce4be275fd039bf43
168226_200w.jpg,200,279,portrait,none,14259,RGB,a234e4ba010c0089ba7e9a9b81b88b6cbeefd8f1
168227_200w.jpg,200,280,portrait,none,14130,RGB,d3f27db01cd1d157edf51fb969eeb41b3008fdfa
168228_200w.jpg,200,279,portrait,none,13830,RGB,905261025d5b0bd239289be133ea0b3a5c39d97b
168229_200w.jpg,200,279,portrait,none,14083,RGB,7370f6b321a45eda5f64d5ad228abf88fca67b98
168230_200w.jpg,200,280,portrait,none,13925,RGB,3f79c2f6d612af0ba9fbb9754f79248232b80f12
168231_200w.jpg,200,278,portrait,none,13971,RGB,ab6e650710355887e93585e86ee9afa746e2f67b
168232_200w.jpg,200,281,portrait,none,14126,RGB,847eddfef88f624ac981e927b88003d6ed185ea6
168233_200w.jpg,200,279,portrait,none,14090,RGB,640c928ac6b3cd0fc9ee936e8274f65db8dd3334
168234_200w.jpg,200,278,portrait,none,14044,RGB,00965da7a024a6cc72a6c1ad4ced123ecf4bca84
168236_200w.jpg,200,279,portrait,none,14035,RGB,ae4c03f9de51313e9a2deb787f24cdf9428ba3f8
168237_200w.jpg,200,278,portrait,none,13936,RGB,ea1d1c7c28ea2ed7c0c114128330fcf8812354c9
168238_200w.jpg,200,280,portrait,none,19200,RGB,ca55c0f4be9ed41140532e17b0a0ccd668cca50f
168239_200w.jpg,200,282,portrait,none,19550,RGB,1ec55de46c8e667d8e12a0d77a70d07141d5b410
168240_200w.jpg,200,280,portrait,none,17326,RGB,93f39cf5cb00e15a03cdd141ba15cdb9e446e152
168241_200w.jpg,200,280,portrait,none,18808,RGB,a77f1cc6f2768b7be57e910ec69c5a0ce8d7c11e
168242_200w.jpg,200,280,portrait,none,22028,RGB,7c76920b682bb005ccd5a580924a157772f7c18d
168243_200w.jpg,200,280,portrait,none,15696,RGB,ccadb0853a146889c6ca2e6a621e71a101a89de3
168244_200w.jpg,200,281,portrait,none,17939,RGB,85fa7b608924c2fe0ca72e41433aaa510dd82667
168245_200w.jpg,200,279,portrait,none,22746,RGB,f84818e382cc396c4c3dcd56cb7ecd298c4d9e62
168246_200w.jpg,200,277,portrait,none,21908,RGB,5cf17803f3a291f92ba90e2398af680fd6ec1d62
168247_200w.jpg,200,278,portrait,none,20531,RGB,33eed5a2c5e0d7d2fe2b4cdd17c473149e49879d
168248_200w.jpg,200,279,portrait,none,21543,RGB,b5fc2714588e0d9a0146715e09fe9e2ef460bcdc
168249_200w.jpg,200,277,portrait,none,21420,RGB,5de6a6a0adbe7962c7e742c76dcaf0a039336d1b
168250_200w.jpg,200,279,portrait,none,16711,RGB,fa76040682de14e49d7898ab00fbc61da5428723
168251_200w.jpg,200,278,portrait,none,21954,RGB,7d32f861ade5b621f2aa519b25d20ed152ced3ca
168252_200w.jpg,200,274,portrait,none,19838,RGB,d5c729b76dd27f42561dc0c1be2fc794f14e37f4
168356_200w.jpg,200,282,portrait,none,27773,RGB,2bf172261ce57e33fc1498c3fec8ae108eefa517
168357_200w.jpg,200,273,portrait,none,24141,RGB,7209be12f30f241b02d4e907e1acdb460a3896de
168358_200w.jpg,200,278,portrait,none,21127,RGB,74b96c61e337eade6346f1a858aa0d656b552e75
168539_200w.jpg,200,282,portrait,none,23425,RGB,733045aea67b8fd1e38fd6592d0bdf2ebe25814f
168540_200w.jpg,200,280,portrait,none,22145,RGB,78779da6c7db6b06c2291d130ea2ea9b0be576e7
168542_200w.jpg,200,282,portrait,none,18381,RGB,0d42a5bb5504d68200382558d1b432f5ef5d2a68
168543_200w.jpg,200,279,portrait,none,20229,RGB,87b707f606346e625953d88cc9f832df744066a3
169142_200w.jpg,200,280,portrait,none,25451,RGB,563990f26361f20794262d8a0c330e3f89f33e59
169143_200w.jpg,200,280,portrait,none,19878,RGB,ecb16391c59782bcf12e342abbde426ea4822487
169144_200w.jpg,200,280,portrait,none,19948,RGB,894653b46aa8a03f41cbdc53f3b7608ea9c8ef05
169669_200w.jpg,200,279,portrait,none,22624,RGB,087107647555287892d84353ec99f189d54f260a
169670_200w.jpg,200,280,portrait,none,22713,RGB,a7a3a834a86831c6ede1c6cda468f8c3fc3c219a
169759_200w.jpg,200,279,portrait,none,22370,RGB,41028ea31b0c93b9b59071faa4e3f8b64b854fab
169761_200w.jpg,200,279,portrait,none,22211,RGB,435b30ce9c389c75f58bcf4ad338349677b1abeb
169797_200w.jpg,200,279,portrait,none,21904,RGB,fe7407884d7ba96d382bb8d795d451bd154edb45
169938_200w.jpg,200,279,portrait,none,29630,RGB,596c9388642ed173560100ed82d7c6684b8379b1
169940_200w.jpg,200,279,portrait,none,29286,RGB,bfd3da693ad788e3eab512c5861ab31eb83b6e82
169944_200w.jpg,200,280,portrait,none,31472,RGB,1caa89bd345c836d218a8738a4a71d92c05a7c4c
169945_200w.jpg,200,279,portrait,none,30257,RGB,16482a6645598613263b26d812b953fff2792a69
169946_200w.jpg,200,279,portrait,none,31656,RGB,7a73dd0f91f3cade559c6486138280a11602e65d
169947_200w.jpg,200,281,portrait,none,34661,RGB,fe38d24aa27032108de547d26ffca2792014e355
169948_200w.jpg,200,280,portrait,none,33515,RGB,ae649c4128c4c8b387c8f1bb4d7ce044056d0437
169949_200w.jpg,200,279,portrait,none,30931,RGB,936d4dca22e61242db8b513b51c7ff77784c67f3
169950_200w.jpg,200,280,portrait,none,29814,RGB,019a06696e573fc6a9cd409d625ff1d927994389
169951_200w.jpg,200,279,portrait,none,32347,RGB,378e0397d808578e6add5ccaa9178794916dd4e4
169954_200w.jpg,200,279,portrait,none,31658,RGB,958b02e3c927fd791368cf134f1bc0a1ea0dc42e
169955_200w.jpg,200,274,portrait,none,32233,RGB,3a6c77a65336574e1847c348501bbd00d3a2fbb8
170032_200w.jpg,200,279,portrait,none,29334,RGB,5ce948c3db49dc706b70a9c978b0a860d454b051
170033_200w.jpg,200,279,portrait,none,27916,RGB,cbdf30ecf74622d6515b97ce317eaaa1b3c666ae
170121_200w.jpg,200,280,portrait,none,23335,RGB,2254d441cae91b8724654521728f6308b7e9e578
170337_200w.jpg,200,278,portrait,none,22355,RGB,f9ad56496e95e1d0611eb39497ea48bfe80982da
170338_200w.jpg,200,278,portrait,none,22246,RGB,20281ed89f58c2cfd0f3c9552988b499b37975d9
170339_200w.jpg,200,278,portrait,none,23033,RGB,36c9f1e16fa538b4c84134b2d9be07b782fe36c3
170340_200w.jpg,200,280,portrait,none,22762,RGB,c57b8c16b1ebad6401abe74148e9930baae40224
170341_200w.jpg,200,280,portrait,none,22482,RGB,03222263b9552b1473de39d448733571c14205e9
170346_200w.jpg,200,282,portrait,none,21623,RGB,02bb14395658223f1d524ed676f3d141377c2e0e
170347_200w.jpg,200,281,portrait,none,21095,RGB,baadfa11591a89897dfb80a635815d8d440ac15d
170806_200w.jpg,200,279,portrait,none,20451,RGB,0d96a5574c8281b10f843ba465116fa51e93e397
170807_200w.jpg,200,279,portrait,none,21876,RGB,5ff09ef98f417109cdd362ee2d9f7c6cc41d8ebd
170808_200w.jpg,200,279,portrait,none,23486,RGB,2ba1ea93249b3958e9ff81f7e974550509e4c856
170810_200w.jpg,200,279,portrait,none,23774,RGB,7f3726672fa8d014aae1e1737d6a8d4dadac2463
170811_200w.jpg,200,279,portrait,none,20942,RGB,ea242b1c12d2be351871d44c0616158175220bb9
170812_200w.jpg,200,279,portrait,none,23834,RGB,31b19f51ec28b4ba248db7d81182f47ca39aa82e
170813_200w.jpg,200,279,portrait,none,19737,RGB,d9ea252425a8ecc1c928257e778fe666adab9d40
170816_200w.jpg,200,279,portrait,none,20278,RGB,a8d06e9aa008b72b1904be654679ab6e6c364534
170817_200w.jpg,200,279,portrait,none,21162,RGB,a172d68b52cc6d576b54ae3eacbd95e653b461b1
170818_200w.jpg,200,279,portrait,none,22301,RGB,62c5a3bbf4eef31bdeca11a853b25f2f7202edfc
170819_200w.jpg,200,279,portrait,none,19418,RGB,94faebae5250dbee095f760f25df92806adfb7c8
170820_200w.jpg,200,279,portrait,none,19489,RGB,ece4e93aa196c5e611c4d9f3a8758cee4734a0a7
170821_200w.jpg,200,279,portrait,none,21390,RGB,9baffc970c5c047512506db0da37bdd550131875
170822_200w.jpg,200,279,portrait,none,29351,RGB,54a9cfbd23c7c0f919a80b55e2dffb242f898449
170823_200w.jpg,200,279,portrait,none,27481,RGB,50813288b9724fb9bd500ca7f5437bde92aea7e3
170824_200w.jpg,200,279,portrait,none,25552,RGB,9bf050236f6a12f7c18b2aed974100106648196a
170825_200w.jpg,200,279,portrait,none,18914,RGB,481c9d14520c332c3031197fd84ef16c0fe4c036
170826_200w.jpg,200,279,portrait,none,24906,RGB,8ca171643aa3e1b46f44210377734c1260e524c3
170827_200w.jpg,200,279,portrait,none,20580,RGB,0e689f4ba9d6637bb299f786781b2bcf5e6af580
170828_200w.jpg,200,279,portrait,none,19213,RGB,9a079b34f412ec98de137dda181b0ca1a71ff8bf
170829_200w.jpg,200,279,portrait,none,20120,RGB,31bb9640fddf992f173bbe5540cf8d6976be61a1
170830_200w.jpg,200,279,portrait,none,22200,RGB,188a845b6fe46633835888ecbce34aca6f93d3ac
170831_200w.jpg,200,279,portrait,none,22230,RGB,29a79efec75d968c55692f96154cfbfa0982ccea
170832_200w.jpg,200,279,portrait,none,25848,RGB,5c9782ca8219243f8a9231a6777394b49ff1cbba
170833_200w.jpg,200,280,portrait,none,23900,RGB,1ff7761e62c9221943a8cc392c3a2f6300ea1ea7
170834_200w.jpg,200,279,portrait,none,20891,RGB,7bee27d88b0cacd497aa2d39fe3fa34db8a0b286
170837_200w.jpg,200,279,portrait,none,21613,RGB,0b7c0f4b3587de57cc130c0639c83a374069956f
170838_200w.jpg,200,279,portrait,none,21144,RGB,545c404868962c6c9304a26c1984d4150cc117fb
170839_200w.jpg,200,279,portrait,none,21043,RGB,94929447e485cd98d618e25b6f500dee5a09acc0
170840_200w.jpg,200,279,portrait,none,22099,RGB,e06fd7df105534156b64cfec33e58ad75eac4b66
170841_200w.jpg,200,279,portrait,none,30146,RGB,86253013eb9b90e8c7613b20f5a63bc40c4b5a1d
170842_200w.jpg,200,279,portrait,none,27586,RGB,aea887bb23598af3555c0110dd0f09126b3dadb1
170843_200w.jpg,200,279,portrait,none,24451,RGB,5d84ac1253a9dee468036b00b03c0d44e214a3b4
170844_200w.jpg,200,279,portrait,none,22170,RGB,df250c4b22f5cbcd260063447a16d574719498de
170845_200w.jpg,200,279,portrait,none,23319,RGB,a9eda07e3433b966561021df12ec2e249c27bde0
170846_200w.jpg,200,279,portrait,none,28212,RGB,9b68d89ef489368618936e872da93795cc01c253
170847_200w.jpg,200,279,portrait,none,24907,RGB,b69b2f19522c48def32cc615fd80a92e0fd169f1
170848_200w.jpg,200,279,portrait,none,24026,RGB,d05b489558f8487d3d2626a4f6b1aa20d02bd8d8
170849_200w.jpg,200,279,portrait,none,23201,RGB,2dcf89dcef8147c9509ede8e007988a910909120
170850_200w.jpg,200,279,portrait,none,22787,RGB,54c0dfe888e9dfe5e117e7dd161d8a2db0b1f5d6
170851_200w.jpg,200,279,portrait,none,22691,RGB,dcede8c0c6d00fd7f3b62ae186aa3e2147c47a5c
170852_200w.jpg,200,279,portrait,none,23691,RGB,dacf8178c2739d561f6fe9e0b3f9a554f0c9b66c
170853_200w.jpg,200,279,portrait,none,19083,RGB,9811ad021ad696089359e58d67e4a9c74cfc4c0b
170854_200w.jpg,200,279,portrait,none,20772,RGB,40ef8a457592a6dc89c152889142878ee77b0194
170855_200w.jpg,200,279,portrait,none,22125,RGB,5ea224fd5190b9aac0b7acd010a0eceeaced4f9f
170856_200w.jpg,200,279,portrait,none,21981,RGB,364ea68389d6484ad3475072c1b5d77965b4f3a7
170857_200w.jpg,200,279,portrait,none,21705,RGB,f8d9b6e6f2d71d84679f2af0a7acbae4e4d06daa
170858_200w.jpg,200,279,portrait,none,22573,RGB,c60c020790f81ce215174582bc2dfdd70df15121
170859_200w.jpg,200,279,portrait,none,24768,RGB,450a60f9b81da193adc726af9ae72af7403bc15b
170860_200w.jpg,200,279,portrait,none,20890,RGB,0ee3982a891c3cb96d3014b62eead60152ca3254
170861_200w.jpg,200,279,portrait,none,22323,RGB,6b05cdc05dd04ad85f72430abbf153bde79c75cc
170862_200w.jpg,200,279,portrait,none,22936,RGB,c99fd42349271b0fd5fa4e5c453afdbe5d5582a2
170863_200w.jpg,200,279,portrait,none,26709,RGB,69b9c7285d8acf491e80d4985349496332d218a6
170864_200w.jpg,200,279,portrait,none,20534,RGB,889c370d2c6eec298929567d42780cf0deca61c3
170865_200w.jpg,200,279,portrait,none,29287,RGB,bbbbd7660d4c2485b3d6e1441d8428c2660a724d
170866_200w.jpg,200,279,portrait,none,26735,RGB,6588b15c23b7ff7de46ed09d320f4afd7bf49c4e
170867_200w.jpg,200,279,portrait,none,23681,RGB,cb3fb6b6076cbff6c226f3fd8c47a04c417a4099
170868_200w.jpg,200,279,portrait,none,22954,RGB,6b30ff85fc7923fabe6431c3435a139212b115da
170869_200w.jpg,200,279,portrait,none,24538,RGB,75c0b6a4eea9c3d4fbf70c8ad7b5d42b06293cee
170870_200w.jpg,200,279,portrait,none,17597,RGB,9174611eb450809a70a2d4083227452ba762f034
170871_200w.jpg,200,279,portrait,none,25044,RGB,7a1af1e743cf5890e05fc5a3064b9c93ad6f25aa
170872_200w.jpg,200,279,portrait,none,23872,RGB,c4fb24dc2aa96138189ad13591baec8f54d78400
170873_200w.jpg,200,279,portrait,none,20251,RGB,5fe7cb273cb1cc3f3ae3ab8c85e42b085fd31c06
170874_200w.jpg,200,279,portrait,none,22796,RGB,dd73740b41a4b79a6d149e847054ffc9503dc313
170875_200w.jpg,200,279,portrait,none,27051,RGB,96d132444aad8b04872006b1c1b9053793ce1c83
170876_200w.jpg,200,279,portrait,none,26632,RGB,d17d08ed99c25717d3f2213900eb491f427550ea
170877_200w.jpg,200,279,portrait,none,25531,RGB,9dd04a1eec935a76b6b092082484f9c21e64c67a
170878_200w.jpg,200,279,portrait,none,19214,RGB,5b775be589ac07646fe29d49240cfbdc6da0c429
170879_200w.jpg,200,279,portrait,none,20838,RGB,c647b70caee5905258bf74b84f3e3635ff352f57
170880_200w.jpg,200,279,portrait,none,17916,RGB,4df88cb22974d88179ac3230f83fe6f7275dd0ca
170881_200w.jpg,200,279,portrait,none,20112,RGB,50d774b639fce88408ce4b4a6381692effabc180
170882_200w.jpg,200,279,portrait,none,20263,RGB,6699f81c4f6ef0c9c7a67ed097de8b6cc25017f9
170883_200w.jpg,200,279,portrait,none,22452,RGB,09a92a5c6a6ddd62b194b12a5fe1d264b0bce740
170884_200w.jpg,200,279,portrait,none,19180,RGB,4a4c6a63dc099db0db1deaa973c4e6d8286e6de7
170885_200w.jpg,200,279,portrait,none,19273,RGB,8a9d2bd33fef4f3738f4c2b53899150544d4630d
170886_200w.jpg,200,279,portrait,none,22496,RGB,353208e641a3678fc201c0978a009c36841074b4
170887_200w.jpg,200,279,portrait,none,27912,RGB,d8279b007b6b18cdfc9245f4a903b587521031a9
170888_200w.jpg,200,279,portrait,none,26222,RGB,4f88401c24821b66c8c9e87e76c0f9a15db1d413
170889_200w.jpg,200,279,portrait,none,21973,RGB,113e82fe6c87e9260aaf76d03c72d2ecc983d992
170890_200w.jpg,200,279,portrait,none,21249,RGB,df2d6dd8d501239b37686b42816df8c4f9e3d7dc
170891_200w.jpg,200,279,portrait,none,20470,RGB,81fffa913f7d1abdfe28425c639a9a1e2f92fd6c
170892_200w.jpg,200,279,portrait,none,22406,RGB,0f11a95a393f6de9e9a4aa7a1ce7209370cc55df
170893_200w.jpg,200,279,portrait,none,22119,RGB,49bbdef70ec0b5a4986ded19e4cc37b7faa928e9
170894_200w.jpg,200,279,portrait,none,21076,RGB,84d8f69217029a32dea009cf14059cafbe4b3e58
170895_200w.jpg,200,279,portrait,none,23890,RGB,7f00cdc8719563260f9b3c5061f90f3521b12096
170896_200w.jpg,200,279,portrait,none,22197,RGB,f6c9df2f834fa63f36317dea0352c602bd6f002a
170897_200w.jpg,200,279,portrait,none,23430,RGB,dbb45ca718440963ae90e783b5bd98a5d91b7c5b
170898_200w.jpg,200,279,portrait,none,23428,RGB,3df32f9bdeb54bcab84677066bee32df35911a00
170899_200w.jpg,200,279,portrait,none,23074,RGB,2998b844f0f4dd56870a798702d550eaeb96b872
170900_200w.jpg,200,279,portrait,none,21108,RGB,e1c650285d659e576783a6cce1d3785c60e7a1fc
170901_200w.jpg,200,279,portrait,none,22473,RGB,52a38ccc56fee3a5cf54b47c718d9a7a02a4a442
170902_200w.jpg,200,279,portrait,none,21572,RGB,1ffa8ac324e22a033ebb6d9ed652bd64219ee0f4
170903_200w.jpg,200,279,portrait,none,26712,RGB,3caeec2af0c865df0d5ccdabe14c692d49ec00c3
170904_200w.jpg,200,279,portrait,none,27880,RGB,7b1a680101ca84a917f0d8a88ebd8cb3c06c4ab4
170905_200w.jpg,200,279,portrait,none,23690,RGB,13361fba1732f5bedb9edb2ee1acd9442038c53a
170906_200w.jpg,200,279,portrait,none,25707,RGB,9b8fe17390c92d0b4d7e1579280e28a010db7304
170907_200w.jpg,200,279,portrait,none,26694,RGB,b8c6ccfb9d983a2d0ff6b2d07b2e1659d9c4c8ca
170908_200w.jpg,200,279,portrait,none,23893,RGB,6d31db09b8add510e26c0675545423cc51bfc144
170909_200w.jpg,200,279,portrait,none,24652,RGB,e5b2a4361d10810fa35b24bf8b474bb6eb125944
170910_200w.jpg,200,279,portrait,none,25960,RGB,5deda2d16fead3050d32e839838120868c24117d
170911_200w.jpg,200,279,portrait,none,23396,RGB,5b7c14946896df8a44ab82769e988a48fd0de583
170912_200w.jpg,200,279,portrait,none,29629,RGB,dd027d7446293fa77dc7c482dcfed5a5969d8013
170913_200w.jpg,200,279,portrait,none,28093,RGB,c3afef61975fdc9b4b7a6713ab8502f4b3640053
170914_200w.jpg,200,279,portrait,none,27280,RGB,a1f5be6abcf8c09cf2e31dc0dd7b5c3117c9933e
170915_200w.jpg,200,279,portrait,none,26147,RGB,8d542aeb3c69537872ab7896c57c46714104d6f0
170916_200w.jpg,200,279,portrait,none,24201,RGB,3544d75d9a56777837403b9e759e7c5538dc3692
170917_200w.jpg,200,279,portrait,none,23129,RGB,89723610c78593858498d97ec3b22ec0b27223ba
170918_200w.jpg,200,279,portrait,none,20469,RGB,ff60b7a9954a30f83340519fc0ea89dd4b0a379c
170919_200w.jpg,200,279,portrait,none,22173,RGB,a5d5fd1823ad02bf33f5511d931ca9ecd9a800ba
170920_200w.jpg,200,279,portrait,none,25126,RGB,bd7542d9816ec54f4abffda00538b4ef5d2f593b
170921_200w.jpg,200,279,portrait,none,23358,RGB,1f41cfd4067575a5f26e9dae1bf90acdbc87016e
170922_200w.jpg,200,279,portrait,none,25470,RGB,35af7d9b20a2d72a5e90845a81112156f237328a
170923_200w.jpg,200,279,portrait,none,26060,RGB,4d97254f3fd6a679220988437923f8ec0db82043
170924_200w.jpg,200,279,portrait,none,24172,RGB,ddee9a16b1a7011ba2bb1a007064d473629528eb
170925_200w.jpg,200,279,portrait,none,24619,RGB,0354bb48ebd8db49593d54cf9109642139bf372e
170926_200w.jpg,200,279,portrait,none,23637,RGB,ed1717bebc0919795d2997df6f9aa00747648bcd
170927_200w.jpg,200,279,portrait,none,28691,RGB,0bf23d19216bfac3be9cbe3367b17cf170b1b536
170928_200w.jpg,200,279,portrait,none,25800,RGB,8486f3539c33e30b54931e3a16555e695e283c4d
170929_200w.jpg,200,279,portrait,none,26180,RGB,d32c86a7856ad267de699eba639155d77c4145b6
170930_200w.jpg,200,279,portrait,none,21256,RGB,cd09256d821ae1d8047225575de3fac2b9b9f447
170931_200w.jpg,200,279,portrait,none,20779,RGB,fe78a0e6d126fab2db970d057d29a1b229e43673
170932_200w.jpg,200,279,portrait,none,18936,RGB,bbdd6ba7b42e64267c07d099487231b892f2f74a
170933_200w.jpg,200,279,portrait,none,22062,RGB,f83d021b2099bb6ff2358ae2061be3a17336038a
170934_200w.jpg,200,279,portrait,none,23943,RGB,36ce8c4057c6162b5a44fa5f30557855f3712d61
170935_200w.jpg,200,279,portrait,none,23836,RGB,1afabeae0a493b597ef0c47a39a24207c9ecc2c5
170936_200w.jpg,200,279,portrait,none,28805,RGB,f2272f5f6f087b39e904c154d15eb17c0a31ce3f
170937_200w.jpg,200,279,portrait,none,28008,RGB,2e1ca384edd8eef98ab3a6cbc90f5697410409d8
170938_200w.jpg,200,279,portrait,none,25643,RGB,e10b5418ced3384c586f26af8609664028de5a03
170939_200w.jpg,200,279,portrait,none,19677,RGB,6c552f2a865903ce4221ee25a0850eaf238205cf
170940_200w.jpg,200,279,portrait,none,16239,RGB,6edceac659019e56642613277ad73809d92df9e3
170941_200w.jpg,200,279,portrait,none,22198,RGB,3b40ae94cfd1d530a490c10a27ac021fdca0dd55
170942_200w.jpg,200,279,portrait,none,20163,RGB,949c3fb38e3659e02e8819587015fb82603107fe
170943_200w.jpg,200,279,portrait,none,21348,RGB,a930d304c8e3ed2abf01d4d4c47e77a699d37827
170944_200w.jpg,200,279,portrait,none,21736,RGB,67a103553a18117d0b181938fb66373911e13977
170974_200w.jpg,200,279,portrait,none,21659,RGB,f8757edd83f47f524e3d270721ea7564f40c07a6
170975_200w.jpg,200,279,portrait,none,19411,RGB,cfabcf259e8b72282ad0a93072b13121fbcb3218
170976_200w.jpg,200,279,portrait,none,20138,RGB,e05e1a89d8faca8afda4016b46cc39eee0b76f78
170977_200w.jpg,200,279,portrait,none,23328,RGB,6bfb263b38465b7a891c40c791ae9667b41bd85b
170978_200w.jpg,200,279,portrait,none,18621,RGB,75ad2c949a719792c45fd8e18194afd4ae450369
170980_200w.jpg,200,279,portrait,none,21726,RGB,c5085822f794ed389d13426c81e0741a97839814
170983_200w.jpg,200,279,portrait,none,24139,RGB,19041b9c46cd1c0efd422cfa9c93630eefd7966e
170984_200w.jpg,200,279,portrait,none,20675,RGB,c0d10ed6e0f6c82e99757896188cb17848e9c9df
170985_200w.jpg,200,279,portrait,none,19466,RGB,9a005dbb8136dbfc20c3525f744ed3155fdf1c55
170986_200w.jpg,200,279,portrait,none,19812,RGB,ea36cac86f466d963d0ee0798e969b7992d23fba
170987_200w.jpg,200,279,portrait,none,18426,RGB,d61297213bb7289b30fd20cbff6126ba01a2bb3a
170988_200w.jpg,200,279,portrait,none,20050,RGB,df4804ae7feccd37cc89a27bcad48fd6f1eb30c7
170989_200w.jpg,200,279,portrait,none,20592,RGB,9fb49a82a78b5125a702c5991242b7fb312de0a0
170990_200w.jpg,200,279,portrait,none,18778,RGB,aeff6403c53aa40a474adb9b763056256479941b
170991_200w.jpg,200,279,portrait,none,19805,RGB,b8a756c06c6cfb4c6e14b807086f512b2e893a6a
170992_200w.jpg,200,279,portrait,none,16996,RGB,ea63f1371093a09140e88eec0967bcf4e6b9cd66
170993_200w.jpg,200,279,portrait,none,17654,RGB,be155344485534ca8e7dc35f2a17b9120c1b32e8
170994_200w.jpg,200,279,portrait,none,21201,RGB,182307ca8d4ca2e0906340f085c262a1edda4639
170995_200w.jpg,200,279,portrait,none,23452,RGB,0c4419f81f6cd8394b34e2b1f26bfe11eb002e20
170996_200w.jpg,200,279,portrait,none,19002,RGB,5f5d9a1d5243bce6d3dea7490ae96783e4c4c2d1
170997_200w.jpg,200,279,portrait,none,16554,RGB,ee4365c3b3b60d52bfa014c3cdc5a027b1379339
170998_200w.jpg,200,279,portrait,none,19967,RGB,7a95dce419dab77f3f0fcdb6fd11b5cc88876ae3
170999_200w.jpg,200,279,portrait,none,17202,RGB,06311514a9a4d543cda2c87504d4581ac2d6bf53
171000_200w.jpg,200,279,portrait,none,19259,RGB,d3773d8644c766f3fa37ed732f7a701157258cfc
171001_200w.jpg,200,279,portrait,none,22270,RGB,7f549313856799a00decdde661c5c0645d0b088d
171002_200w.jpg,200,279,portrait,none,20112,RGB,9cde2edb56b933e51479591f734b3faf32236738
171003_200w.jpg,200,279,portrait,none,19099,RGB,8ad5f91c64bc4d06d1ba9c661b114ffc4f9fb037
171004_200w.jpg,200,279,portrait,none,19487,RGB,11010ade897c1ba5a40918d33cd9828e41f411d0
171005_200w.jpg,200,279,portrait,none,17074,RGB,c9496a08b6fb60d169aaa868071b7523f8ef48f6
171006_200w.jpg,200,279,portrait,none,21302,RGB,f4929ed64d297e2e2ede3c045c3c33ea9ca0ecab
171007_200w.jpg,200,279,portrait,none,18707,RGB,a5d8676a63cfa143907f75575d6e1aac786e18e5
171008_200w.jpg,200,279,portrait,none,18616,RGB,e537865a288d7b59f4be58c269b8f2552e3bcd2a
171009_200w.jpg,200,279,portrait,none,19243,RGB,d67f06ad39887504121bd25389ed7075d1bdb203
171010_200w.jpg,200,279,portrait,none,20830,RGB,7033de5759da0cf88c51dba26a8380956b8a273d
171011_200w.jpg,200,279,portrait,none,20303,RGB,490b30d9be2bcf9384bd5a4f841841f69ca5fc65
171012_200w.jpg,200,279,portrait,none,20313,RGB,0d8bcabc3f9ce01cae19bfcdb84f4248e3758ce2
171013_200w.jpg,200,279,portrait,none,26545,RGB,b64b9b331db933a2f47c18c3e6e7de91173f08e9
171014_200w.jpg,200,279,portrait,none,27721,RGB,4962b337f9eddf294f8cdddf8f6e9cdb28e478d9
171015_200w.jpg,200,279,portrait,none,28194,RGB,c887ca7a9d4a15fcf573e660bc50b1ac3b4f794f
171016_200w.jpg,200,279,portrait,none,25192,RGB,3f12351dbd7912c52dc1429b750a1b2328958063
171017_200w.jpg,200,279,portrait,none,21334,RGB,9abb344f48294856046d507ef50dd4275de6cec7
171018_200w.jpg,200,279,portrait,none,25938,RGB,665ac5ed229df91e8994294b41d3f186cf959e98
171019_200w.jpg,200,279,portrait,none,24609,RGB,8553394ada0ff542f9b5eafe3dce489dda561b2c
171020_200w.jpg,200,279,portrait,none,24796,RGB,eca09b4a346cf5968089d0d770dc0c7e27636407
171021_200w.jpg,200,279,portrait,none,25307,RGB,3b37a510b26343b1ec2ebda7ec8559d0a9b1742f
171022_200w.jpg,200,279,portrait,none,25217,RGB,a9b286adebd393a5691df7d16299fbf984219f9b
171023_200w.jpg,200,279,portrait,none,21400,RGB,e483ae6d99bf495344e78b67dcea805c9aaa67d0
171024_200w.jpg,200,279,portrait,none,23985,RGB,c86fff9fa518f7ecc7b7bb767385e8ff24b28f45
171025_200w.jpg,200,279,portrait,none,24746,RGB,cb9052b9e03556a955d5598534d6c30a6ff34f8c
171026_200w.jpg,200,279,portrait,none,22961,RGB,eb203478c229f3f38359112f6bf6a71cd3ff837c
171033_200w.jpg,200,283,portrait,none,22620,RGB,ba52a363019b2909cc5d5ab14b0bea0976e5059b
172930_200w.jpg,200,279,portrait,none,26041,RGB,83dc9a809f266a8b2a7ed504de7c9dde3c643da1
172931_200w.jpg,200,278,portrait,none,25556,RGB,ce4a80f8bbf4f68514010633be9f19b09eaa4023
172932_200w.jpg,200,279,portrait,none,26652,RGB,3c192a6a04dc72da60ea8cccc666019dea20c94a
172933_200w.jpg,200,279,portrait,none,25736,RGB,e0e99c309c4bb90d97da2f7e68875985ecca7418
172934_200w.jpg,200,282,portrait,none,22549,RGB,a343b8d0b36f29f5282aec80d26b14c29be1ada5
172935_200w.jpg,200,279,portrait,none,25377,RGB,be8f22ad9bde7a39d2e416c4b7244c1997bcaf8d
172936_200w.jpg,200,280,portrait,none,25477,RGB,86dac0cc57ef62923d8765c178011cbb1082a76e
172937_200w.jpg,200,279,portrait,none,23543,RGB,754c9656b27b1c4c64897c2178bff3f34f955b15
173064_200w.jpg,200,279,portrait,none,19774,RGB,35cb62b835b9ae656589d355bab169e265297224
173081_200w.jpg,200,280,portrait,none,27500,RGB,75e1ba284c7dadbc580248fa2febe57d9a614489
173082_200w.jpg,200,280,portrait,none,31432,RGB,569f6c51006b77ee3b1e4ba0cc3f913293fc6924
173088_200w.jpg,200,278,portrait,none,25031,RGB,282db564cff6dee85d4b497f85ab7826097a740d
173089_200w.jpg,200,280,portrait,none,24110,RGB,549141c2ddd2e5e142d6ebe752c85e272deb0bbf
173090_200w.jpg,200,282,portrait,none,21248,RGB,7519970b8d3d6abfc3218031d55ec400558fd336
173091_200w.jpg,200,282,portrait,none,21248,RGB,7519970b8d3d6abfc3218031d55ec400558fd336
173092_200w.jpg,200,280,portrait,none,24059,RGB,adf857bff1b17954eea64fdcebb640b5818982b6
173093_200w.jpg,200,280,portrait,none,21265,RGB,b5d591e182f7c73b38c776b7f8fdaf5deadc97ad
173094_200w.jpg,200,279,portrait,none,23450,RGB,b2c93e18af011dbc9747a17bc755c39852368a2d
173095_200w.jpg,200,281,portrait,none,20493,RGB,b1d5708e8f4b74afd5e3449a00050c85879ba5d1
173096_200w.jpg,200,279,portrait,none,21732,RGB,b60b75df394d2d8362a000777b2f4fa38921e967
173098_200w.jpg,200,280,portrait,none,26130,RGB,abe8b02814d7d5e5d868bce5475a87c4ef1b0028
173099_200w.jpg,200,279,portrait,none,26337,RGB,1df150cc99b045e981d534682b886a365f5a4a53
173100_200w.jpg,200,279,portrait,none,23487,RGB,47d7c20724d618952d47dde8142d14c5f10f54b1
173101_200w.jpg,200,279,portrait,none,19211,RGB,8c34cd220b97818bfc07115505273fb7aa6f8a43
173102_200w.jpg,200,279,portrait,none,22052,RGB,686fb0ae1b687000bc2a1ef0cbc4da1a6a5337e8
173103_200w.jpg,200,278,portrait,none,21807,RGB,b3dced6bf896c32363fc3082e288dfd866337552
173104_200w.jpg,200,279,portrait,none,21150,RGB,af3d1ecc72dc0b6c8d5e5d099ae1d1d76eb03e4e
173105_200w.jpg,200,279,portrait,none,23816,RGB,b066318aa93af1794b4028bf2d794b776be8b52d
173106_200w.jpg,200,279,portrait,none,21490,RGB,bd0da953086acdf32b4bf09ce31591fb96904042
173107_200w.jpg,200,279,portrait,none,20431,RGB,e76c4926ead5a87fdcf7029371f0c484aa5bd188
173108_200w.jpg,200,279,portrait,none,23297,RGB,a340ecf8a6686607981bc115ed4c59bb313e1507
173109_200w.jpg,200,279,portrait,none,21929,RGB,88e4628e61b676ce89fddef60a04ec65ebe0f93b
173111_200w.jpg,200,279,portrait,none,22350,RGB,71fd8f3f75ecb33a46062d108f398ce00f16972e
173112_200w.jpg,200,279,portrait,none,23528,RGB,4acd7ab0ae72ff8d1fcac86b17f44f87178f8e9b
173114_200w.jpg,200,277,portrait,none,24869,RGB,00e006dc9b03ab56dff27a8e533341425ffcc57b
173115_200w.jpg,200,279,portrait,none,26209,RGB,c1a461f36bd17e74143269b77563b825d7eef622
173116_200w.jpg,200,279,portrait,none,22026,RGB,c648f19d2821f8529d72f674e1f0bd119a1489b8
173255_200w.jpg,200,279,portrait,none,22997,RGB,9b44df3c5eae72d15fdeb041c3490848b83b7845
173381_200w.jpg,200,278,portrait,none,21893,RGB,bf77b08d6226bc0552a6d972bc25c34a5d52ff1a
173382_200w.jpg,200,279,portrait,none,22702,RGB,dba9dfe85dfdeb909367507f2039b9f406c8dc9c
173383_200w.jpg,200,279,portrait,none,16010,RGB,f3178b010a3cd7faa8c745ecd2a345a9ef0d8e55
173384_200w.jpg,200,277,portrait,none,25441,RGB,b1ee5ccdbd5cea35641ef38647b6058130083a2c
173399_200w.jpg,200,279,portrait,none,23245,RGB,748b991fabcc6f37289ba0d80c8b5dd27e91b522
173641_200w.jpg,200,278,portrait,none,22011,RGB,f2a1359bbca939c7d98f95f3eb7c36466524ca5b
173642_200w.jpg,200,278,portrait,none,21840,RGB,a046ebf0a4dd5581f4481f84d736349e372cffda
174062_200w.jpg,200,279,portrait,none,22085,RGB,9cb1d2728e7bc792a3246337647f40f01898be58
174129_200w.jpg,200,282,portrait,none,23482,RGB,fec596a108655798feec23a0a24a04daafec28c7
174430_200w.jpg,200,280,portrait,none,25398,RGB,1007a5283ed1a8c464bb20d0dfdf8e919ecbdd3f
174486_200w.jpg,200,277,portrait,none,17884,RGB,9c4c313b95414506fa9fa6e2957e708ccbe19840
174487_200w.jpg,200,280,portrait,none,22563,RGB,5ea05792d930863069a6285d0a827e8191fb5b17
174488_200w.jpg,200,281,portrait,none,22292,RGB,e724afc69c37564ecba812bc2e4cd2d8b538b4ca
174489_200w.jpg,200,279,portrait,none,25054,RGB,b5117e73f5a3cc56a50a9f6fc03ca5c92fa26a36
174490_200w.jpg,200,278,portrait,none,24882,RGB,cb9417aab8ba9f9e63910aaae7f1a3c7e3718f52
174491_200w.jpg,200,280,portrait,none,27850,RGB,91a1510f6d2a6de401c68206f4141a78d6acba8b
174492_200w.jpg,200,281,portrait,none,24225,RGB,0102a00bae2ec29edbf9edba0711ce127feb8213
174493_200w.jpg,200,279,portrait,none,24750,RGB,68f53c475773b66654b62b8ed2ea1fdd463c8520
174494_200w.jpg,200,281,portrait,none,23753,RGB,3d6b090dacbd273d8c4bf213dc601c14f88be06f
174495_200w.jpg,200,280,portrait,none,28747,RGB,e3efe2e22878503a6ae2df4d5181e30c2917b845
174502_200w.jpg,200,290,portrait,none,22305,RGB,5a3a30cd1dc645c8b8d5ae0993629138225b74a4
174503_200w.jpg,200,278,portrait,none,20857,RGB,fd11d9b1e979c2c9f7c82db0742e6c7155ad5b00
174504_200w.jpg,200,276,portrait,none,21559,RGB,2e3a7dcdfba4885d52c03267f56f8f13c0692dfd
174505_200w.jpg,200,280,portrait,none,20586,RGB,6f047033eb2665c9bc9f8f5f04f826df9031e325
174506_200w.jpg,200,278,portrait,none,20558,RGB,a409ef7e2fc2f085b2309d9462c990f178423fe2
174507_200w.jpg,200,278,portrait,none,21479,RGB,cc98fee0431e33968d6885c168c348926ea4e963
174508_200w.jpg,200,278,portrait,none,21498,RGB,e8205a1ed4ba4317b361c6de30f439f1e11b8deb
175064_200w.jpg,200,279,portrait,none,23657,RGB,51df8b629fa65bd2c1114d1cefed8084af04f0a5
175169_200w.jpg,200,280,portrait,none,24666,RGB,f920354ab1c7e931d1a61d96b9ea79e9add64273
175263_200w.jpg,200,279,portrait,none,22578,RGB,f37db5d25a56114fea4c632c94250c953d594ed5
175269_200w.jpg,200,279,portrait,none,23662,RGB,93953040c5525402e267b76afaea15f0db246fee
175270_200w.jpg,200,279,portrait,none,23568,RGB,b80a475cc0c81d22277994ad7b5a5e61ad6cc339
175271_200w.jpg,200,279,portrait,none,23170,RGB,79133c5fc1e8c284af8c3e39bc4830597110b69f
175272_200w.jpg,200,279,portrait,none,20433,RGB,a0460802db43d057ecdae825c0fb8b236fc9b358
175273_200w.jpg,200,279,portrait,none,22226,RGB,02a31cf0991562cb7e2ace5464f9487b2ee47f1c
175274_200w.jpg,200,279,portrait,none,24506,RGB,e0ff4647edcccc079503a7f01adfec1d7ed294f6
175275_200w.jpg,200,279,portrait,none,24550,RGB,24e25fd21d2b079f8f6bdfde43a91ba721be4977
175276_200w.jpg,200,279,portrait,none,20053,RGB,21868f204386f1d43510101251e1c0e07a050b39
175277_200w.jpg,200,279,portrait,none,23913,RGB,aa300b0d91f4e24f44df5c338be8e283ae6ee48c
175279_200w.jpg,200,279,portrait,none,25436,RGB,25bfcc7c895485ef4309bee49a2f4b838b6bcb6f
175312_200w.jpg,200,279,portrait,none,22012,RGB,9facedfb0868a30c784b067da638c416a5f824cd
175347_200w.jpg,200,279,portrait,none,29185,RGB,b7ee4dabe3f2d8c46e62755a44d27689e76bc70a
175348_200w.jpg,200,279,portrait,none,21119,RGB,a9e9bf3ab307ed80c8d4947f4b429bdc990e9b54
175365_200w.jpg,200,279,portrait,none,21684,RGB,6d163dba9ce92e62d57a3721f9e6419cb8858e37
175366_200w.jpg,200,279,portrait,none,23356,RGB,581d82ab050da983e33457edb4aebfe1011bdee1
175369_200w.jpg,200,279,portrait,none,24473,RGB,1185c9b19405d7691a154f1cb899d6766eba9b95
175371_200w.jpg,200,279,portrait,none,22450,RGB,d7b01efc8e443e55790753713bca5fbaf4c2beb3
175379_200w.jpg,200,279,portrait,none,22559,RGB,51d2417a472b95f4825192e6a29fe85023feec48
175380_200w.jpg,200,279,portrait,none,30049,RGB,ebfb6562f9d08d11c051bec61f080e976db67fdb
175381_200w.jpg,200,279,portrait,none,20557,RGB,e087356c6702e3d096270aa78903e7455bda12ce
175382_200w.jpg,200,279,portrait,none,25100,RGB,096ea94dfb59797271b13f4923b592a153d39294
175383_200w.jpg,200,279,portrait,none,22756,RGB,926076f23251b8c1fb4c8c7aa5182c5d22aabbb0
175384_200w.jpg,200,279,portrait,none,21857,RGB,f848262204232329bd1e4ef4a9682f1bf1fec284
175386_200w.jpg,200,279,portrait,none,24217,RGB,9ede889e6b6808760aadd71c6c12b3c58434d2f9
175387_200w.jpg,200,279,portrait,none,22180,RGB,307529f22402936064120660384bc6a288b29235
175392_200w.jpg,200,279,portrait,none,23912,RGB,ec5672986ce823090bc8bd7f3e030c81236cad1e
175400_200w.jpg,200,279,portrait,none,24174,RGB,7a3c18ef4eeb5f606f5b4856348c394f9a9c429c
175403_200w.jpg,200,279,portrait,none,21490,RGB,7b792d909556849c6f3fc2eb53ae8323add62bfd
175412_200w.jpg,200,279,portrait,none,25193,RGB,1d76f006902d89f05ecb94361cd87d5b921ca3f3
175416_200w.jpg,200,279,portrait,none,24169,RGB,b90164232534a45d783b252eedab3b541e9bc4be
175417_200w.jpg,200,279,portrait,none,21344,RGB,ae3eacd480069c43cc67e592cae839aab5d4d7d7
175431_200w.jpg,200,279,portrait,none,27150,RGB,94e612b5b0d60a9fb7fe51876865236a4d8e9c3b
175438_200w.jpg,200,279,portrait,none,20276,RGB,e560317d2b4b7bf97f6b3ea51cb69c8071a03ba7
175439_200w.jpg,200,279,portrait,none,21211,RGB,bad9c5b71b1cf12e60fed7d36029b2d2c0c17145
175441_200w.jpg,200,279,portrait,none,23573,RGB,a1734ef259a822262a8e654213f38c08a306dc41
175450_200w.jpg,200,279,portrait,none,25043,RGB,21c464a37ba7a88a3a197b3ac8a3b7205b3a2f01
175451_200w.jpg,200,279,portrait,none,21949,RGB,872de97036dba6f393e6c51a095d0af1d44f4300
175456_200w.jpg,200,279,portrait,none,23255,RGB,e4e4daccfe6fc8cb4d59c6590931ead63527500e
175467_200w.jpg,200,279,portrait,none,28068,RGB,a8239fe0ac6e1a9e3ba5c654c79ccdc1851b39a1
175468_200w.jpg,200,279,portrait,none,21637,RGB,6ff5dba7671059afe1ef37795280beab03941200
175469_200w.jpg,200,279,portrait,none,20869,RGB,a62397e3f26e98a03943fc1ea79b6e663d8ab1e0
175472_200w.jpg,200,279,portrait,none,28481,RGB,7f240d1e7b6ab831aadf1fb9cea300d5a6804874
175473_200w.jpg,200,279,portrait,none,23473,RGB,7d5ed4fffc3b6491810737e007441459e68bef85
175476_200w.jpg,200,279,portrait,none,24799,RGB,ada362fc9913270e26165b561597f4c7cbb987a8
175477_200w.jpg,200,279,portrait,none,25857,RGB,b766bbeed2716712df1b4c87cc2da134abc3edd5
175478_200w.jpg,200,279,portrait,none,29784,RGB,fddf06b8f419b92d9185205fc057622f55ae8c2c
175479_200w.jpg,200,279,portrait,none,22803,RGB,b8916e34fc3ca634f1a5ed8d4b3c7cb393cfc1b7
175480_200w.jpg,200,279,portrait,none,20615,RGB,7e8c73bcb540fad3018ddd5c3c0e240a2cd58869
175482_200w.jpg,200,279,portrait,none,20385,RGB,da537b49a2c9bd7dd9436b47b3714218a5981e1f
175483_200w.jpg,200,279,portrait,none,23936,RGB,05bba096166c534fdc6ec6a0a2ce7b9b2a2c040c
175484_200w.jpg,200,279,portrait,none,25428,RGB,62833d171c0caa6dd355fa8c9c7374f6af2a707d
175485_200w.jpg,200,279,portrait,none,20184,RGB,30c9a23db5ff740fa495fa702aaef391084bf3c4
175487_200w.jpg,200,279,portrait,none,21238,RGB,090cdd82ec913e8cd7b73f8e175c23162b3d9a5f
175488_200w.jpg,200,279,portrait,none,18939,RGB,d64364de21b5eb777f911d4b68b98e35fda98aac
175489_200w.jpg,200,279,portrait,none,19465,RGB,9ecd345de9b71222e52079dacc0af8f665824cce
175491_200w.jpg,200,279,portrait,none,24078,RGB,b8e5bf45b61666a3c9173cb6889351bc553d82e3
175492_200w.jpg,200,279,portrait,none,19958,RGB,54093b746ce1cd41edbaa674f1421742bb8acbf6
175493_200w.jpg,200,279,portrait,none,19818,RGB,de23db8ea071ed5ddc786bb1b08102cc5e15436b
175494_200w.jpg,200,279,portrait,none,19271,RGB,583f6dfb18b48ba74075d40c0bb6c1dca5c6faf7
175497_200w.jpg,200,279,portrait,none,25017,RGB,7caa6619912b7551fe95cdf7f4ec214d8a5be00e
175498_200w.jpg,200,279,portrait,none,26145,RGB,467717fe7278410adf40e938ee2991ce52cc5f7d
175499_200w.jpg,200,279,portrait,none,20652,RGB,d8c74903a469f2d8253fef417b3cad772dd44755
175500_200w.jpg,200,279,portrait,none,24440,RGB,16695f5c2ace65b34b13ee66d97f3c7fe125a7c6
175501_200w.jpg,200,279,portrait,none,26787,RGB,081c64eeab274629b62f29db0bf13d947977a57f
175502_200w.jpg,200,279,portrait,none,25272,RGB,0685d31b57a08a8f28803ce50669158b7cad9e28
175503_200w.jpg,200,279,portrait,none,24930,RGB,879c2cab67ee0a3d67ad340d4a1a9ffe7d56634a
175504_200w.jpg,200,279,portrait,none,27180,RGB,514b92192bbe50eb089c7828e57a4c6b1325ad0b
175505_200w.jpg,200,279,portrait,none,24057,RGB,d27eb00559e333be65e8eebb478bd0258dce19f5
175506_200w.jpg,200,279,portrait,none,25415,RGB,6a498a886baf5131ab6c05dde077a2d78df7c34b
175507_200w.jpg,200,279,portrait,none,22722,RGB,1e46e7c384716bbedd06a25aaf0931fc980f31ce
175508_200w.jpg,200,279,portrait,none,27569,RGB,c5b96c106cbad787053b5ad1804586951f0b03ec
175564_200w.jpg,200,279,portrait,none,23414,RGB,828c32335abf2f154ade04959a95ce86e8e2f2f6
176626_200w.jpg,200,278,portrait,none,15251,RGB,5292b3e136954aad52c3103b81c82b047a397d16
176627_200w.jpg,200,280,portrait,none,17311,RGB,0064dde2ab9263536114091855e0896ffe68cb9b
176628_200w.jpg,200,278,portrait,none,13143,RGB,e6ac7681551d3f8ff7e50cf5e043ca01bf22ecc1
176629_200w.jpg,200,280,portrait,none,22066,RGB,bdf04a09ecaf0be2f7557ff1ea31f3472065a6e1
176630_200w.jpg,200,276,portrait,none,22545,RGB,141c42eee30090585366a7d17952fb597236be5f
176631_200w.jpg,200,282,portrait,none,18127,RGB,4abd2ed2b82f0732126bcee067a58b2dbe22fbaa
176632_200w.jpg,200,279,portrait,none,26693,RGB,1448933277381eadf36ef00dbf3187b6024ad17e
176633_200w.jpg,200,280,portrait,none,25474,RGB,153be9bbf555cd4d9ac383ad82ce42966e760458
176634_200w.jpg,200,280,portrait,none,19725,RGB,6934c806f8fd1ecc68f7b3531359f09bcb921235
176636_200w.jpg,200,279,portrait,none,15471,RGB,7c7ddef977e5e8173436beb5b4e1427b20298a41
176637_200w.jpg,200,281,portrait,none,13724,RGB,6e1fe359dd111690fa2f22fc5b92cb9dddbe50e7
176638_200w.jpg,200,278,portrait,none,25346,RGB,31a462b7da0c60f92d156839ab27243d8ceed602
176639_200w.jpg,200,280,portrait,none,21989,RGB,754a4e38dc7c77438dab28d4d6ca08b65c009fbd
176944_200w.jpg,200,279,portrait,none,29334,RGB,2123ceb946e858d5c94cbb2c5e1ed950eafaa2f9
177110_200w.jpg,200,279,portrait,none,28381,RGB,1b636f39167876b5a0829a634644500c4595284d
177111_200w.jpg,200,279,portrait,none,28911,RGB,fcf7c466f96ec6dee4de343b287e9217ede61342
177112_200w.jpg,200,279,portrait,none,27466,RGB,3e708a3b1fa4ca7fb5ba8154efc073765155cd70
177113_200w.jpg,200,277,portrait,none,28664,RGB,634844e25a9d584ec29a62127a959ac2fbf7d16c
177120_200w.jpg,200,281,portrait,none,23439,RGB,5538180b528cfc7b5811322857eb3d3052ec8b97
177121_200w.jpg,200,280,portrait,none,21976,RGB,8519de83dfc9de07ba5bb4c4b0550f2540d2eaef
177122_200w.jpg,200,279,portrait,none,24493,RGB,add8cafcde7af650ec60d41ab16348eb226c9b84
177123_200w.jpg,200,278,portrait,none,25092,RGB,73afbab7bae261d171dfdd575d8d68888ed4aa71
177124_200w.jpg,200,278,portrait,none,24958,RGB,6de30eacfbf5ad9302ebe38235ee02e350f04900
177125_200w.jpg,200,282,portrait,none,23920,RGB,e2caac9d69eb708bac9eb0d609a83d6854f72fb8
177126_200w.jpg,200,278,portrait,none,23873,RGB,39011b91d92e58bd31fa13762ef186b3ad1cff90
177127_200w.jpg,200,278,portrait,none,21973,RGB,e9477a2b628c1bbb5e294bfeaf85685e62c2b9bd
177128_200w.jpg,200,279,portrait,none,23999,RGB,2f2d9e782c31f8500fd86dd407519723c6e00c6d
177129_200w.jpg,200,278,portrait,none,28792,RGB,76aaabbaaf05a14a12384a825ad24170766a6a41
177130_200w.jpg,200,282,portrait,none,24943,RGB,74b9810d8ae6a29b1f21aafa9f6c54e1b78198b7
177131_200w.jpg,200,278,portrait,none,26855,RGB,601563012d67f95a158b84448ece69ecfd2d9aa4
177162_200w.jpg,200,279,portrait,none,22406,RGB,78aab340512a2b42d9e13a0d5161321aa7e2eddc
177163_200w.jpg,200,279,portrait,none,25481,RGB,336c6827fd4b0c76b42a43d515fc652c2ef56ac9
177164_200w.jpg,200,279,portrait,none,21712,RGB,bd14fe93046e0a54426b3912083c34fa3a4b8b1e
177165_200w.jpg,200,279,portrait,none,20435,RGB,176d14b5c880a3487079ac794eb5d4307ee1dff1
177166_200w.jpg,200,279,portrait,none,22035,RGB,282a6a18d97caeecd6877f10d70604b9d6231f98
177167_200w.jpg,200,281,portrait,none,23081,RGB,18ac2168b8fc711bf44208c1a53a260fe295af40
177707_200w.jpg,200,279,portrait,none,21931,RGB,a052509b334cc29658a7af0e4ac9c0c3f5523d67
177708_200w.jpg,200,279,portrait,none,22975,RGB,487924fbc0a3fca692ae203d65273e70667585a3
177709_200w.jpg,200,276,portrait,none,31215,RGB,89e3a2ced10df66c3633e384d0b296e4a0112d1e
177710_200w.jpg,200,279,portrait,none,28149,RGB,b42467bf8654818adb88ca0e7740b2b96f6a037a
177866_200w.jpg,200,280,portrait,none,23092,RGB,a21848c67797b6f43315e6a11c8c045ddf151a14
177900_200w.jpg,200,279,portrait,none,29896,RGB,482aca0a434f0753841e27cc0b1740b27cc6c5a3
177901_200w.jpg,200,282,portrait,none,32040,RGB,f5eda4da9e59423608583e95159f5b8e0725bdae
177903_200w.jpg,200,279,portrait,none,26070,RGB,73a7af7dc5ed33c403e8ed819c609e68e8850242
178007_200w.jpg,200,280,portrait,none,22275,RGB,5fcc920c8fcc4bbbf71276e35895f08545eed03d
178008_200w.jpg,200,280,portrait,none,24895,RGB,c73ac4fb86782ad6501c2746b09e2098cd36acde
178009_200w.jpg,200,278,portrait,none,21918,RGB,4596442a87853d0b62e65cd9afaf1b0bce86b71b
178010_200w.jpg,200,279,portrait,none,22050,RGB,d9ab27700cf70cae017af03f7998a3de70c193de
178011_200w.jpg,200,278,portrait,none,22037,RGB,e0ddc3679b2a0b38596127c3a0d8d9b5d9c75f5b
178489_200w.jpg,200,284,portrait,none,16321,RGB,815a567747f0b41d11921b3bea17ccaa46267699
178490_200w.jpg,200,279,portrait,none,15341,RGB,b32069242e4f91a59631b5463bf26d51313f2e78
178491_200w.jpg,200,272,portrait,none,14435,RGB,bd16db0fcef11749dd31e09913d572ebc7cb5c17
178492_200w.jpg,200,279,portrait,none,13012,RGB,d340b337cbb43ec5b91e27e092c2ffe11f6e53fa
178493_200w.jpg,200,279,portrait,none,14744,RGB,abf6609acc1ab243b4d612057961423063a2e775
178692_200w.jpg,200,279,portrait,none,23963,RGB,19cc575e423dee5670342124f5e2c6d619727573
178693_200w.jpg,200,279,portrait,none,24008,RGB,558566753f23326e6d6c9617c401bafbccd2c5d3
178755_200w.jpg,200,272,portrait,none,24250,RGB,74b0bea614d9183a6f091c9e5f425b340368c94f
178761_200w.jpg,200,280,portrait,none,22653,RGB,74d72e1cb8be67cd2f79295237dee48888e4c1ff
178762_200w.jpg,200,281,portrait,none,21396,RGB,f8959a2debd2d8fc149ddf4ec55a6eeecea674e0
178793_200w.jpg,200,279,portrait,none,22845,RGB,66301e3e20a30518ef458c28ef65b870ab9ec99d
178794_200w.jpg,200,279,portrait,none,21960,RGB,d2261c95a09cd93d8aa23314406186cbc3315a9e
178795_200w.jpg,200,279,portrait,none,24328,RGB,3e791c3bc56aed3f6dd3cc51c7ef52361356d813
178796_200w.jpg,200,279,portrait,none,24124,RGB,7ee6ef84573666726ae634be5451d34e37a69c6f
178797_200w.jpg,200,279,portrait,none,22209,RGB,94c6255a30609d3243f415a04e6988975d7e988a
178798_200w.jpg,200,279,portrait,none,21103,RGB,42200c33de09f1884a033c24e31871dd6f7f2edd
178799_200w.jpg,200,279,portrait,none,20129,RGB,3858784062e466ada090fd3ab0b0830cee9252e8
178800_200w.jpg,200,279,portrait,none,20388,RGB,58834e71450337a2df96f493313179bba2336346
178801_200w.jpg,200,279,portrait,none,20352,RGB,256047732c29a7dc16e0677980e9b48c9cfac989
178802_200w.jpg,200,279,portrait,none,19785,RGB,37e9a8c8c0b658c0c6df66cee67515bfcab0bff4
178803_200w.jpg,200,279,portrait,none,18792,RGB,21bc1f31d61c80b42618478e40e3fce39731a07a
178804_200w.jpg,200,279,portrait,none,21110,RGB,22fc831f7f515ab2c5acbdcc6ccdaddfa0d6c877
178805_200w.jpg,200,279,portrait,none,25403,RGB,13df0cc8041201735f3fc7fea25558934e2c01fe
178806_200w.jpg,200,279,portrait,none,21713,RGB,39a8bffae9cf20f5d5bd46b08cc25c670053739e
178807_200w.jpg,200,279,portrait,none,20596,RGB,0e15c806ad38304e24f40bbdd70877eaafe9f893
178808_200w.jpg,200,279,portrait,none,18199,RGB,8770da651d561262830853c533f1c47f90b76eaf
178809_200w.jpg,200,279,portrait,none,19980,RGB,ce045f59d881021a8bb902b464e465be87cec977
178810_200w.jpg,200,279,portrait,none,21850,RGB,7d6c24c46b3885885ddc9dadab35b65d5f51763b
178811_200w.jpg,200,279,portrait,none,20260,RGB,b4ae227ba40f792dd4db4ee6801b881c859e4868
178812_200w.jpg,200,279,portrait,none,20470,RGB,16e8ad86051590f86798cae6a778d65422652ec1
178813_200w.jpg,200,279,portrait,none,23847,RGB,b2464c52c24ad3fc7e66fef8845b2b59621f6094
178814_200w.jpg,200,279,portrait,none,27194,RGB,20e89638347347565c697f91e190b92792fee6fb
178815_200w.jpg,200,279,portrait,none,23369,RGB,ab7324c13d57ed04387fb0c63f079dd4df8a70f7
178816_200w.jpg,200,279,portrait,none,22339,RGB,48d580471a4e083df5db00b634337bfaab3875a6
178817_200w.jpg,200,279,portrait,none,20256,RGB,a73d39cad7a93a0214d85ff1c87bfbc54ba63f60
178818_200w.jpg,200,279,portrait,none,25093,RGB,5fab94de423d8af9f63f73aa2fde8a30505e65e7
178819_200w.jpg,200,279,portrait,none,20338,RGB,4829c43ded56a837ee3952cc7ec7faf8151b6a0d
178820_200w.jpg,200,279,portrait,none,22688,RGB,47830d388213e2f81a5ee4df8ea8aac6994459e8
178821_200w.jpg,200,279,portrait,none,26388,RGB,cdedcda8d2dd48b6b23fa8eb976f240154bd8c89
178822_200w.jpg,200,279,portrait,none,26449,RGB,1eed5ea56ec71dc2aa2b26eed60c68bd758ecb9b
178823_200w.jpg,200,279,portrait,none,25353,RGB,5f196dba1ea739252d71e259c6889fec62e5db11
178824_200w.jpg,200,279,portrait,none,19015,RGB,693b31ae408a984609055278c01fc0d697d70ae8
178825_200w.jpg,200,279,portrait,none,19327,RGB,208407f8d877b27c417686804151903bae3335ae
178826_200w.jpg,200,279,portrait,none,21673,RGB,971db274d9e5df97359b996f0d637baec9ddc0c4
178827_200w.jpg,200,279,portrait,none,24121,RGB,cb79cf0d1ef66092a960f3adfc12322c55b66411
178828_200w.jpg,200,279,portrait,none,19118,RGB,bd8adcc7e6929719ed1183f5b1500d9ce3d1077d
178829_200w.jpg,200,279,portrait,none,23438,RGB,33b57999f879b562681c1a910b323928e620cb8b
178830_200w.jpg,200,279,portrait,none,18707,RGB,cb2fd190d9ba1f730f2b0cbec441389784d605fe
178831_200w.jpg,200,279,portrait,none,21770,RGB,0a33064b945e2c1ad7fd305472f68f20db65c951
178832_200w.jpg,200,279,portrait,none,22427,RGB,cd7a896e3c33901230fa8a1a1cf2e2722cdbed0e
178833_200w.jpg,200,279,portrait,none,22515,RGB,f25f393f5ac800920c6990d9e8b04acf101f10ea
178834_200w.jpg,200,279,portrait,none,21102,RGB,098e3d68363a84e9a99f2fe423be12b57a2ca2b1
178835_200w.jpg,200,279,portrait,none,26112,RGB,ae022634b6051af7640f848831eae6b9652d2225
178836_200w.jpg,200,279,portrait,none,24465,RGB,01b1b8af996f86fe097f150c019faf4f8815a585
178837_200w.jpg,200,279,portrait,none,23104,RGB,3b1706ac0873a77281ab1739cf273e9182ce5ec5
178838_200w.jpg,200,279,portrait,none,18508,RGB,7f737f3c07299077da80c8d26201e7813c878d49
178839_200w.jpg,200,279,portrait,none,22332,RGB,35d89bf5e7cbc76fad621fc5497417a1d72cd2b5
178840_200w.jpg,200,279,portrait,none,22796,RGB,e0553a663f0c7d681cbda2436a1192e1862aa36d
178842_200w.jpg,200,279,portrait,none,21503,RGB,652cdb7684eb15ca9758dc9af48c1cff54cc621c
178843_200w.jpg,200,279,portrait,none,20584,RGB,5956ba32c066f611c4d4615690f9a71539dbe8a4
178844_200w.jpg,200,279,portrait,none,20652,RGB,8c3cbd767b64b5f14946232ac88e82dd1be68567
178845_200w.jpg,200,279,portrait,none,24388,RGB,e2fef5ff8b11212c6d3e4201e4140e521fd861a6
178846_200w.jpg,200,279,portrait,none,20318,RGB,f8dfcc4ee0645dcd619ddb551a676045332b992c
178847_200w.jpg,200,279,portrait,none,28812,RGB,5a43cc868ccf95952213d9c156242c33cc980816
178849_200w.jpg,200,279,portrait,none,26388,RGB,84bcbecaaa45d04275c046f674c2492123cbb51b
178850_200w.jpg,200,279,portrait,none,19161,RGB,8d633d8b170dbc2b4529c77d9a8e0fea4e70c810
178851_200w.jpg,200,279,portrait,none,22906,RGB,127c2fa5b7a90967cc8de9032d2774b00e0b60ca
178852_200w.jpg,200,279,portrait,none,24368,RGB,f8e8f474fce68661959066b2415575bea85d7e45
178853_200w.jpg,200,279,portrait,none,23905,RGB,f2e9789e1ede45bf05da6ca7056f17112fd2eaa8
178854_200w.jpg,200,279,portrait,none,20497,RGB,b3d09b5db9eab0ee01aa1d52a0cf4932d79437eb
178855_200w.jpg,200,279,portrait,none,23639,RGB,ddf6ec6ae5b3e4cd0b6bf59b081338836a0c4be9
178856_200w.jpg,200,279,portrait,none,21631,RGB,746256d30b30fba8f7a763270bc0c86380c5d0da
178857_200w.jpg,200,279,portrait,none,29170,RGB,1300488da37d6c9c519c440b75e7f1712bc22354
178858_200w.jpg,200,279,portrait,none,28812,RGB,420fee9076f5bd633b257d77fd88839ea6dcd91f
178859_200w.jpg,200,279,portrait,none,26481,RGB,519ef1fa6d318894b437fec776059c1b4364cb4e
178860_200w.jpg,200,279,portrait,none,21217,RGB,2d783b0e16b201835514f038d38fd13a3ca35dd2
178861_200w.jpg,200,279,portrait,none,22441,RGB,a93afe31513224d49bdf313ed374bac443273804
178862_200w.jpg,200,279,portrait,none,23843,RGB,4e0fff65f2eaf6249727e1e6d458308b5ae05e11
178863_200w.jpg,200,279,portrait,none,23248,RGB,10100b9a664fd101eeb9f6561b2724b65c1cd7c4
178864_200w.jpg,200,279,portrait,none,22510,RGB,57ca18cd701770875a9474ee0f7515c516df8db5
178865_200w.jpg,200,279,portrait,none,24401,RGB,b7bb9c5239d7481e02ea712d5ea8ef9e5a1c6cf5
178866_200w.jpg,200,279,portrait,none,24799,RGB,4c94e64fa31fe8a61b52ab927384def4a20edf44
178867_200w.jpg,200,279,portrait,none,30458,RGB,21d5e676fd99049e1e65ba28efdb55bfd5ab79e9
178868_200w.jpg,200,279,portrait,none,28425,RGB,ca607350a9377c7584136a80f64e7cf96b0fce33
178869_200w.jpg,200,279,portrait,none,26981,RGB,058a837e22a41877d4dd4b5ae5c464b76a5564a2
178870_200w.jpg,200,279,portrait,none,23006,RGB,0e3d87fbf0f9efda5605be48388bb5cd3c527264
178871_200w.jpg,200,279,portrait,none,21934,RGB,bf835477e68319ece07d056fac869ef355852c05
178872_200w.jpg,200,279,portrait,none,25186,RGB,81110a1204a713fe555b360c8418febeee07056f
178873_200w.jpg,200,279,portrait,none,21499,RGB,64c777d6733e14ecac01974f0a39e22147d1161f
178874_200w.jpg,200,279,portrait,none,22385,RGB,b98d52f9e4939fadd8bcfbcafd7dd5c0af50f961
178875_200w.jpg,200,279,portrait,none,19844,RGB,4bf4091b7c228a86e7583b9547a547b715b88b75
178876_200w.jpg,200,279,portrait,none,24323,RGB,5f99eb651e923c86a91ff5e911cb80d57709a2b9
178877_200w.jpg,200,279,portrait,none,19184,RGB,cd7c04fa8e8ba4db6fb7395d182eca79f9a2a59e
178878_200w.jpg,200,279,portrait,none,23627,RGB,102d043ea5fb6253c0ed5c4e5685a21222013133
178879_200w.jpg,200,279,portrait,none,24649,RGB,fbca2d4a492b2dad245a094f4afd88659ddc5cf9
178880_200w.jpg,200,279,portrait,none,20920,RGB,eb752e9e9af418e97497b231f8a212ee89b20c71
178881_200w.jpg,200,279,portrait,none,25755,RGB,87a3ebf054fa1d4956c3eac4337551d3742be864
178882_200w.jpg,200,279,portrait,none,21850,RGB,e35e08e4150b6be42176fb7e97099cb56a444cfb
178883_200w.jpg,200,279,portrait,none,21628,RGB,3232377dd66761a69b50a1c7e4f383bd2179d8ba
178884_200w.jpg,200,279,portrait,none,20832,RGB,06c87e5d92c624ddac524fdda4e9b03ca7ad45cb
178885_200w.jpg,200,279,portrait,none,18818,RGB,8118caa4cc4b52c2846c1a86f2f947f605ce0537
178886_200w.jpg,200,279,portrait,none,17681,RGB,ba2bd7c7516aa34bc145ec22f58c7b6a67aab671
178887_200w.jpg,200,279,portrait,none,24585,RGB,656d5cec5b0dd99705205968071e61b7120b4fe3
178888_200w.jpg,200,279,portrait,none,21263,RGB,469a30af03523807707a9414ff9f2f6c34ba118a
178889_200w.jpg,200,279,portrait,none,23243,RGB,679fa23978c413e3eef14eb6fdc0ca5de8037039
178890_200w.jpg,200,279,portrait,none,17072,RGB,c02b24ddc94637997a64b4d675d520708ee5c288
178891_200w.jpg,200,279,portrait,none,21513,RGB,281177255a6b2a39fd6a3726e151a15a0a868eda
178892_200w.jpg,200,279,portrait,none,22108,RGB,1c5600a5fd85edb698c5bdd1dad0176ce5396179
178893_200w.jpg,200,279,portrait,none,22421,RGB,6c11dec62367af953a16c701aa7e26f1f2203124
178894_200w.jpg,200,279,portrait,none,22465,RGB,b5977c0083bd2945c24ae617e6e1d00d7b1de8d4
178895_200w.jpg,200,279,portrait,none,30316,RGB,49a2b812dd5e0638e5822cf82048f5dc6527e246
178896_200w.jpg,200,279,portrait,none,31408,RGB,bfd94e9e3214d62c5810a6c42bb0a1865b7f6c85
178898_200w.jpg,200,279,portrait,none,21177,RGB,0d06aae19453b8b7f4b37f5e0714dd8ef98446ef
178899_200w.jpg,200,279,portrait,none,18748,RGB,fc4b6460b3f1e121cd1991741debbfe542ce2658
178900_200w.jpg,200,279,portrait,none,20235,RGB,fc46fc0d6dddb3687741df05d9be775b02ef9457
178901_200w.jpg,200,279,portrait,none,22838,RGB,8bde4f77dd315aff3489e157225dca56fffa8e12
178902_200w.jpg,200,279,portrait,none,21008,RGB,7c8433352a32018e21ec728e6cbcbb583ce5ee1f
178903_200w.jpg,200,279,portrait,none,21437,RGB,cf1dd595093a11cc88f643e486987e871269bf0c
178904_200w.jpg,200,279,portrait,none,21615,RGB,f209bb8428422348f48db8a490d2779fe2e064f8
178905_200w.jpg,200,279,portrait,none,21121,RGB,260458776b9bd8c40cc8c18d26c9540562127cfb
178906_200w.jpg,200,279,portrait,none,21950,RGB,bfad50a9bfe4e6cd48deee340089bf6066621e0a
178907_200w.jpg,200,279,portrait,none,19798,RGB,4f7d283e8ec9ee5ff0f85e8005417dbf0ecd73a5
178908_200w.jpg,200,279,portrait,none,24197,RGB,ed2d3c65e08ee231add4ce1c87ee2d2d2513881f
178909_200w.jpg,200,279,portrait,none,28871,RGB,834125f434c26c07e50f8e56d6d32ac03a52ccbc
178910_200w.jpg,200,279,portrait,none,27726,RGB,d158d3bd52885b6a0d0e65421fbc1d40bc51e9cc
178911_200w.jpg,200,279,portrait,none,27043,RGB,e43a1b8f92a53ce4998f53c92b8d3f67e98d1f71
178912_200w.jpg,200,279,portrait,none,19669,RGB,b4fdafdb695666e0642185d08cf7900e27571665
178913_200w.jpg,200,279,portrait,none,23163,RGB,65d77381d4c28f4b1791985dd5a4e489f35b7c13
178914_200w.jpg,200,279,portrait,none,17114,RGB,956417d4c428b44fcbb3bcf85e727ca3e389b853
178915_200w.jpg,200,279,portrait,none,17785,RGB,3af9cd7b3dcf9bfe2890eee2636d355025f5cffd
178916_200w.jpg,200,279,portrait,none,23304,RGB,80b4382727b5f7578c062a3008e69ada344fd52c
178917_200w.jpg,200,279,portrait,none,22121,RGB,3fd801a3e260d957fecf83f7b8696636515d22d9
178918_200w.jpg,200,279,portrait,none,21325,RGB,889ee11640488bd9079e48148df76016c677ab20
178919_200w.jpg,200,279,portrait,none,21372,RGB,b85822c55e2391967f1a73ecc881337f377fc63c
178920_200w.jpg,200,279,portrait,none,20712,RGB,8e9ffc171b3942b1dc4c05964f3067c3369fcd45
178921_200w.jpg,200,279,portrait,none,23689,RGB,61b4fa369d8a6296882b32221b3b0d71aa09b406
178922_200w.jpg,200,279,portrait,none,22866,RGB,5c28ea1c232b98a8c650ec5e74a3110447218e3d
178923_200w.jpg,200,279,portrait,none,23330,RGB,d9d43f99c96204905c438a4a67771077684f61ae
178924_200w.jpg,200,279,portrait,none,19106,RGB,b2fc8548bdc25ba5061882f352bc857e120df1d3
178925_200w.jpg,200,279,portrait,none,23758,RGB,8533bc4237e4e622d9fce8d37ca015d5b55ba3ad
178926_200w.jpg,200,279,portrait,none,23643,RGB,c9a21b16aba7058739926ae4c0507e0166b8b588
178927_200w.jpg,200,279,portrait,none,20558,RGB,e8fdf00e3ead44523f642bcec8fc10824cef0986
178928_200w.jpg,200,279,portrait,none,19252,RGB,6692ce960f7c3769db7b140dc5cb95ecf555b22c
178929_200w.jpg,200,279,portrait,none,23603,RGB,15bbe96786467a663f4fa0a49680db1c2a09243c
178930_200w.jpg,200,279,portrait,none,25728,RGB,a89aad3d68fefc6a81bdb5e999fd934c6a5b13b1
178931_200w.jpg,200,279,portrait,none,24367,RGB,f6aa300dd37f7dc312b9860ea2a9912523f012ce
178932_200w.jpg,200,279,portrait,none,24412,RGB,18e9bee6902579c37cf4e0fb6a4a4715b1144bdb
178933_200w.jpg,200,279,portrait,none,23608,RGB,6fcf8deefdca6c5c0c80d76e88eae7a2271efced
178934_200w.jpg,200,279,portrait,none,28564,RGB,587f907e8fb3472c710d02602d84f5260f8df97f
178935_200w.jpg,200,279,portrait,none,28421,RGB,004cd732a3fae4bf201d7abd3b34709c06211166
178936_200w.jpg,200,279,portrait,none,26440,RGB,bd482aba199c634889acf84c7aa11169f29f5fc1
178937_200w.jpg,200,279,portrait,none,21274,RGB,ec8fe64ef8054ad58920f3745984ae2be397397c
178938_200w.jpg,200,279,portrait,none,22101,RGB,409004ab1e6823bfe2c5b50e5d1162ea3fc6da5e
178939_200w.jpg,200,279,portrait,none,25783,RGB,fd56664de3164d4ea24c7c65b2e32df627d5d4f1
178940_200w.jpg,200,279,portrait,none,23603,RGB,6aef4800002c105c6cbaed47cba0662c2a902f83
178941_200w.jpg,200,279,portrait,none,24501,RGB,63a88a9e55243f22f2ec4844c1509c9c836b26b6
178942_200w.jpg,200,279,portrait,none,24670,RGB,a999241cca8c2ce4f0c1b0f0f4a1a66956554488
178943_200w.jpg,200,279,portrait,none,22704,RGB,7f495e41b5207f32f3259c329533fe23fa0025d3
178944_200w.jpg,200,279,portrait,none,22959,RGB,839a8e15925960f8ed877e3bb9276bc65afaaa49
178945_200w.jpg,200,279,portrait,none,24806,RGB,3b94f2d32780add8cf9fbbaa151d64d836d06f29
178946_200w.jpg,200,279,portrait,none,24486,RGB,7c8d63f7e4dd4f4759135773eb3c3596e697f87d
178947_200w.jpg,200,279,portrait,none,24176,RGB,d1a8e920c332280fae7cd24998b72cdf80a1f9f2
178948_200w.jpg,200,279,portrait,none,24413,RGB,631748a1d2634b7eb5b0d16a0b5ca03eab7559d2
178949_200w.jpg,200,279,portrait,none,30332,RGB,59125d15ab5eeff6db81ab722bfe557cd7ba22de
178950_200w.jpg,200,279,portrait,none,30685,RGB,e19e81aaec0a03668938fedf3cea0c04fceb1b17
178951_200w.jpg,200,279,portrait,none,28891,RGB,4135a055b4f3ed8474ae18679f5ed06c59266787
178952_200w.jpg,200,279,portrait,none,20340,RGB,6ef544ce8e068a6c90f43fdca02fa0fc41c673b6
178953_200w.jpg,200,279,portrait,none,23321,RGB,30ff74b801903070c6b6240dd50a725b2ff2bace
178954_200w.jpg,200,279,portrait,none,21648,RGB,7a39bbda3aabb378cece84e0a38338d5e568c93d
178955_200w.jpg,200,279,portrait,none,22990,RGB,716a5516459286d667489dde9e958ea8543a0495
178956_200w.jpg,200,279,portrait,none,22682,RGB,7cd81b01b66f2023422fb3ee3bf10a34c49e5cf9
178957_200w.jpg,200,279,portrait,none,21037,RGB,d754a265bb1ed37c3c5ab00a39a7740f739559cc
178958_200w.jpg,200,279,portrait,none,21172,RGB,c3fe047ec787a376497d280e3b09f32fa213fdf6
178959_200w.jpg,200,279,portrait,none,20471,RGB,cf986b35861dd972ece958bc4e5460b25aa475b8
178960_200w.jpg,200,279,portrait,none,22194,RGB,cdc2d7770d4d31263b4a262e6002c050bd331ccc
178961_200w.jpg,200,279,portrait,none,20911,RGB,9612ab1325edd2a1492001feb672dccac7a8db45
178962_200w.jpg,200,279,portrait,none,20877,RGB,baf095ac7ee06ea78ebefaa732923737c846f7a9
178963_200w.jpg,200,279,portrait,none,26033,RGB,c4b8e6e4db4dbed38caeda9ba7fc13050497f545
178964_200w.jpg,200,279,portrait,none,20668,RGB,a4a41ba6fadc83abeab6601c179de8546017abb0
178965_200w.jpg,200,279,portrait,none,21993,RGB,dd30ed9ddd02e05213a10a95600c4ab4b0c60fbf
178966_200w.jpg,200,279,portrait,none,19413,RGB,1d44e6af87bacba0374429d7b4aab5fdea7a4c73
178967_200w.jpg,200,279,portrait,none,22520,RGB,0790287a3e7b5fe42d0ef2bd4b6cd5a96284efbe
178968_200w.jpg,200,279,portrait,none,28074,RGB,44654d99d7afcf1284e9ddec6803b076a2cacc47
178969_200w.jpg,200,279,portrait,none,24220,RGB,72f6870ceb052a158fc6948cd84819c0f6e519d5
178970_200w.jpg,200,279,portrait,none,22851,RGB,6ae7474c5be650d98860a7c9e36824fc56559a9b
178971_200w.jpg,200,279,portrait,none,21299,RGB,09ba25028c4eff6ce7bd488a54bea2389777e3ab
178972_200w.jpg,200,279,portrait,none,24963,RGB,7423eaf93afe8ff2447b74082239b3bd38ad5c51
178973_200w.jpg,200,279,portrait,none,20496,RGB,ab5fac0b2774178e880a6dbbfc32f6cb373ede48
178974_200w.jpg,200,279,portrait,none,22466,RGB,94031a8fef9e1f939a7f25c763863062ce49b760
178975_200w.jpg,200,279,portrait,none,22498,RGB,28e2382004ef12ac63f34e93313cc8b2e9553f23
178976_200w.jpg,200,279,portrait,none,18170,RGB,66fd5beb871fe692014d18a33cf71456bb8cea3b
178977_200w.jpg,200,279,portrait,none,22069,RGB,c7caedf80462c088c1326eeb023bd46585bc3767
178978_200w.jpg,200,279,portrait,none,21062,RGB,fe546ce918c70e008e7900de7b62ce725438ad3a
178979_200w.jpg,200,279,portrait,none,21849,RGB,ec2569b900b995ae874ba4fa374dccb4fe7ba5f9
178980_200w.jpg,200,279,portrait,none,28062,RGB,a549e2318ba6459d45e4033a28f5713808f991c4
178981_200w.jpg,200,279,portrait,none,25677,RGB,dcc7b77df265df7d719907c5cc9f192c5d92cd64
178982_200w.jpg,200,279,portrait,none,24683,RGB,fb615812ecc5f9cdd43140a452552c434f7c1e11
178983_200w.jpg,200,279,portrait,none,22904,RGB,2f5e666b815f8a147bdf2990a1c14f93b1220759
178985_200w.jpg,200,279,portrait,none,23282,RGB,db7d108ed466fa2b9a767710bd0be76491d075db
178986_200w.jpg,200,279,portrait,none,21791,RGB,35834c82e65cf84cc63d677922a1024e11d329f6
178987_200w.jpg,200,279,portrait,none,18851,RGB,d0f7efacafb1a02dc0c646d2bbbf633f11793c26
178988_200w.jpg,200,279,portrait,none,23458,RGB,4ad0977fb81dc40325d875ec09620774d7d93123
178989_200w.jpg,200,279,portrait,none,21378,RGB,e54ab60e1a660aef289b2169a25fcfebbbe41738
178990_200w.jpg,200,279,portrait,none,18600,RGB,379ea3f5c8dbafd4887b7ec82a8de672f476d70b
178991_200w.jpg,200,279,portrait,none,20219,RGB,5bedf9d7ed3390867c80984a84459255f25cb80f
178992_200w.jpg,200,279,portrait,none,23672,RGB,40b56b8b538e638d304d7a7447ad319545132cf6
178993_200w.jpg,200,279,portrait,none,20280,RGB,4e67321cabf1bfcb8b51c1c56d170cb8c3b03b08
178994_200w.jpg,200,279,portrait,none,24920,RGB,3ac36e6d35ed2d3ef573f2053ae0911741fd953e
178995_200w.jpg,200,279,portrait,none,20229,RGB,6f9a62baffe5c53852f3ba33baf6cd512a067125
178996_200w.jpg,200,279,portrait,none,24325,RGB,34a39b9da941c82e14d9b8236524a300bfe19f5b
178998_200w.jpg,200,279,portrait,none,25476,RGB,daa292dabafe6e11f27cece6278ce6e3dafe6e88
178999_200w.jpg,200,279,portrait,none,18922,RGB,9f2af011ba88369404e7d73cf1cd934f385f00df
179000_200w.jpg,200,279,portrait,none,23922,RGB,e1ea39e8f362a3f839bb46b12f5eadb04ee185a1
179001_200w.jpg,200,279,portrait,none,18646,RGB,69b16478a699eb3c178df3a507d083e79d040b12
179002_200w.jpg,200,279,portrait,none,23542,RGB,d6668800f2f0582a829d03a22cb18418daff2241
179003_200w.jpg,200,279,portrait,none,20071,RGB,344fa16a880cf28e06bf53c9a5a97a37740fb07c
179004_200w.jpg,200,279,portrait,none,19878,RGB,77a5e774a53db673fbc9887e322fa95ffa948c3e
179005_200w.jpg,200,279,portrait,none,20086,RGB,ff4000253c618e15dcb2054f68e5dc8a9eecf58e
179006_200w.jpg,200,279,portrait,none,19885,RGB,10ebe225aa92d593702ebfb3649b95ad952f2744
179007_200w.jpg,200,279,portrait,none,24093,RGB,4ef12be872f792ac4b5427da94c8a477dde00e48
179008_200w.jpg,200,279,portrait,none,19972,RGB,3bd2ff0d36298b301ded14dda4244e79be448b9e
179009_200w.jpg,200,279,portrait,none,23819,RGB,9aa9ceb549ec28749ce91725d4f595907f920146
179010_200w.jpg,200,279,portrait,none,26315,RGB,0e800fc6ad82b1a8a1f9ea37a9bc4c98d4d34a66
179011_200w.jpg,200,279,portrait,none,24175,RGB,e76d8c202fcbec69c03e10588da77e75b9a01e89
179012_200w.jpg,200,279,portrait,none,18161,RGB,2d01aeeb86cd3d0e9e19111b176a93e4c3d1b6fd
179013_200w.jpg,200,279,portrait,none,22773,RGB,43fa4cc091194ed9ed9118aeedccf6c92941ef0e
179014_200w.jpg,200,279,portrait,none,22802,RGB,1a768f65516f3c0c650a8f4d4fe91cdfc6b9eaec
179015_200w.jpg,200,279,portrait,none,17245,RGB,0b6193e760ddb1ca89717e93eca6be493a51af76
179016_200w.jpg,200,279,portrait,none,23753,RGB,73fe812545c372cc997dcea3cc41d85e377b9ec7
179017_200w.jpg,200,279,portrait,none,21847,RGB,f3ee60582f707ee71e5925a6ddd5ab40148d85ac
179018_200w.jpg,200,279,portrait,none,17579,RGB,2ac3437d3d9bd1feed94bef7d4cd1fa83cd4507c
179019_200w.jpg,200,279,portrait,none,18231,RGB,598bea8c0af590346516740397ffd0f26572f859
179020_200w.jpg,200,279,portrait,none,24334,RGB,f8c364b46dcc8e7f69a0ffcb6d6839d7dd10775d
179021_200w.jpg,200,279,portrait,none,17163,RGB,7946e1871c444b968c810c936703868210ae0471
179022_200w.jpg,200,279,portrait,none,22833,RGB,97416e2d84c10433d7deee833628f2e060e11bb0
179023_200w.jpg,200,279,portrait,none,20994,RGB,b517d67cb4b7b829c9fefd967ccb46c1917dc745
179024_200w.jpg,200,279,portrait,none,27282,RGB,0b21d4f24229fe35e6606175d63a77d13b90df03
179025_200w.jpg,200,279,portrait,none,20399,RGB,6989eee608a03ac646415f80f3ab5faf0ddd332c
179028_200w.jpg,200,279,portrait,none,24185,RGB,8d3c101766f3c1c41c75e1249ad31a453bad02bc
179029_200w.jpg,200,279,portrait,none,20167,RGB,b8cad321df9b7660cb7e33e8ecbe7be1db62bda9
179030_200w.jpg,200,279,portrait,none,18278,RGB,0c530358820198991999c02fb46f152563fa3939
179031_200w.jpg,200,279,portrait,none,25397,RGB,d3c747f91a47c15483d8df63072ad12e73d9b8dc
179032_200w.jpg,200,279,portrait,none,20437,RGB,a7b30f010cb2167832063df6866edc27da98c5fa
179034_200w.jpg,200,279,portrait,none,30400,RGB,87ccb6aab83241d631ef650e4142ec71ede26602
179035_200w.jpg,200,279,portrait,none,31642,RGB,8f6878d81c8114342217a86037a3cafc8dcf6ad5
179036_200w.jpg,200,284,portrait,none,25360,RGB,4b42b8ed802def16c7818fe443402111aa7809c9
179039_200w.jpg,200,279,portrait,none,29697,RGB,c19e07ad8d579f11b8b5e1ce59f117f246425588
179068_200w.jpg,200,279,portrait,none,23890,RGB,1744a3f490b3cdea96c2dd5fe36e1b26d8762ae1
179079_200w.jpg,200,286,portrait,none,27326,RGB,04254793640ca3c885be4d0eb07ab8cdd2ff00dd
179081_200w.jpg,200,277,portrait,none,25181,RGB,f1be15b73da7e8a0bb254ae6fa637d345a5e1459
179082_200w.jpg,200,280,portrait,none,23824,RGB,283a8a3c3612181cf09ff11c753029db599d6b32
179367_200w.jpg,200,280,portrait,none,32060,RGB,b2142cb21d3135d184d50160c3515eaaab85bbfb
179368_200w.jpg,200,280,portrait,none,32484,RGB,bf211ba31682ae4ff7d24c398200b9547ced8e66
179371_200w.jpg,200,278,portrait,none,32614,RGB,8f8403724fe410a9eb8315c554945b6ec762b30c
179377_200w.jpg,200,279,portrait,none,20071,RGB,43149014eb654e1d93ebbcfd8004f021c00ce2d0
179428_200w.jpg,200,277,portrait,none,21777,RGB,f30c56d863dcfdeaec71148f03bd8f49d52d25a8
179429_200w.jpg,200,279,portrait,none,23671,RGB,d269e1d64c4efa76c182efc907c2f72c96bdad13
179430_200w.jpg,200,277,portrait,none,22403,RGB,c3ecfdb5ee481608f8dd1d5fe5fe597af3f659f8
179431_200w.jpg,200,277,portrait,none,22176,RGB,c7c6df7aeb6629e02bff8f9151150f3cb75f64fb
179433_200w.jpg,200,280,portrait,none,23820,RGB,a26c067d2f12ba96b931783c76d17f316e3d55df
179434_200w.jpg,200,280,portrait,none,23406,RGB,b5fcbc13e66d6f1c37d1d3ecb5469d02f2bfc8c0
179436_200w.jpg,200,279,portrait,none,22788,RGB,ae445be26f23fe2045b90decedfc9b0be4245775
179437_200w.jpg,200,278,portrait,none,23483,RGB,74a12a13d079325e16a95d9e1f96fd8402b3f21d
179438_200w.jpg,200,279,portrait,none,19605,RGB,8f7a9d601ee2df8d2b12d7e18273cf74ec6dc3b1
179439_200w.jpg,200,279,portrait,none,22561,RGB,255a5bc0dcae0753944bf03c257bdc7a1803b658
179440_200w.jpg,200,279,portrait,none,22752,RGB,bd12c17cadf1e6201b4ce9d657b1dd757c855fe2
179683_200w.jpg,200,280,portrait,none,23501,RGB,8c0c4c3e366ae18a06100e85f6b771ea4da7f879
179850_200w.jpg,200,279,portrait,none,25713,RGB,a00ce2d9896175cb336b45dd40bee891123083a1
180262_200w.jpg,200,279,portrait,none,26533,RGB,731f05e0c6666a040ff2b887afd57f344590bbe4
180263_200w.jpg,200,279,portrait,none,22737,RGB,fc9e7eae5e9a691ffb3f3e61baea94396336d012
180264_200w.jpg,200,279,portrait,none,25086,RGB,592befcfb89ea03222ded93f0b44c4b9eb15ee9b
180301_200w.jpg,200,278,portrait,none,19680,RGB,dcfb32da021b9467ad33cb4433a6652d6078f028
180449_200w.jpg,200,278,portrait,none,24386,RGB,7ae2a5332154caa6150a7a4d9eb2a1afd5b0dc2b
180450_200w.jpg,200,277,portrait,none,24203,RGB,d426d5d669787c08a478bd7938932762fc2ab9b5
180451_200w.jpg,200,280,portrait,none,24227,RGB,2f691f91f9d9fffe02b06b29fcc22ba9463e9b6c
180452_200w.jpg,200,280,portrait,none,21953,RGB,8240269670bad3a1184ce542d9ccf963ed61bc97
180453_200w.jpg,200,280,portrait,none,21752,RGB,d92bcd977cfe57bdff709953a8ae8fd14e00bcf3
180454_200w.jpg,200,276,portrait,none,20522,RGB,6dff2dee6a604822c225d80da3be1543349a4504
180455_200w.jpg,200,278,portrait,none,23585,RGB,823fdc26b8534857b6355fc947fc2cd5724fd9f6
180456_200w.jpg,200,284,portrait,none,26420,RGB,f274e798cdc033353d86001cfc2a9c3d70c3d8e7
180457_200w.jpg,200,279,portrait,none,20741,RGB,fd4a5850bfb916dce1c56c98d5c2a171157d0e6d
180458_200w.jpg,200,278,portrait,none,19590,RGB,2d2d5e93c255e2dadf3376cb46a44c7dd9976560
180459_200w.jpg,200,281,portrait,none,27324,RGB,b1d4e9c16a4b5e198644d99a8c692f904cbe226a
180460_200w.jpg,200,279,portrait,none,22012,RGB,da381a323da510a0b8e0886182b942d09cf66b3a
180514_200w.jpg,200,280,portrait,none,22855,RGB,56062521839a4917926b968328218f0d3108b49a
180519_200w.jpg,200,279,portrait,none,21883,RGB,68d782e1863b0a5682a2ed4e163ea3fd69a5f67c
180520_200w.jpg,200,279,portrait,none,23069,RGB,b8ff4a5b17e267733abc36c6b0a876a503c11ae4
180521_200w.jpg,200,279,portrait,none,23215,RGB,787636cd57fa86201d5a79eae96b2179a7e5093c
180528_200w.jpg,200,279,portrait,none,24705,RGB,71b3c19021cfb96f72d89bbbb06200b16042d321
180529_200w.jpg,200,279,portrait,none,25671,RGB,f341e17d414514f34b0ea2498f106e5789868e3e
180530_200w.jpg,200,279,portrait,none,23199,RGB,5857484c84a4c3162c89e427ff1a158b0cde1370
180531_200w.jpg,200,279,portrait,none,30011,RGB,02bee0c6058ca14561528480b0e98c991a5dc148
180715_200w.jpg,200,279,portrait,none,30886,RGB,d4b3e1979f7205b929d79bb73a5d247720af9020
180716_200w.jpg,200,279,portrait,none,32940,RGB,2e85a2432369224453e202f1e4019a00c4b1508a
180717_200w.jpg,200,279,portrait,none,25877,RGB,a7424fa4f76f4e95c05c3badf2d6b8e28485598a
180718_200w.jpg,200,280,portrait,none,22073,RGB,f8eacaee09dc2dcacc970dce90085674a3db889d
180720_200w.jpg,200,280,portrait,none,19007,RGB,dffae6c523b47171a323ef85fb03202b14d30dcf
180721_200w.jpg,200,280,portrait,none,26718,RGB,d7034f379acb8beb00616a8839fcadc1a6b99a41
180722_200w.jpg,200,280,portrait,none,22969,RGB,930c6ee564e8e780243a61a551ea6080dba7545f
180834_200w.jpg,200,280,portrait,none,25489,RGB,05f344cc48629b5e609a3814b655a34d1c78897a
181000_200w.jpg,200,279,portrait,none,21727,RGB,37d7a8491ba05a72d36ef8d82763fcdf85c8c53f
181193_200w.jpg,200,283,portrait,none,21947,RGB,580b8f0083d279e346581b33d12d6aff05174fe6
181194_200w.jpg,200,280,portrait,none,20448,RGB,baf78fb80cac3ad4aea4abd404dce718bb4ea481
181195_200w.jpg,200,282,portrait,none,21542,RGB,b6a6bef6cc66d8885ad6054646bda9823259894f
181196_200w.jpg,200,280,portrait,none,21369,RGB,8ab70db37493fc89b2dea00b58f1193dc9588bcc
181262_200w.jpg,200,282,portrait,none,23087,RGB,fbf517dffd0d580244d1d729f517f43385b1deb4
181263_200w.jpg,200,282,portrait,none,23091,RGB,3f19f6594bca3c7c44fd9411110f188455d386f1
181559_200w.jpg,200,278,portrait,none,24958,RGB,dc5b12a2e0c70e59d8ac288bce2835d4590e1c03
181560_200w.jpg,200,279,portrait,none,22609,RGB,aa58fd250fecef4020c3e0b2d7da8c05d0f8130e
181682_200w.jpg,200,279,portrait,none,21870,RGB,506f856a6711aaf96603f17814e834d0060e34d0
181694_200w.jpg,200,279,portrait,none,30548,RGB,d0e97430721a348f85017b6d28434cf7b47b8b2f
181786_200w.jpg,200,280,portrait,none,22194,RGB,fafe3432e79120e76a68221e33c08f2ae1c43578
181787_200w.jpg,200,280,portrait,none,21327,RGB,696f88a16d22c2c5e8569cfc4a52b4d45d0f674c
181804_200w.jpg,200,279,portrait,none,31027,RGB,4721801c4fc2889394cc52a043c7c1c43511df33
182818_200w.jpg,200,280,portrait,none,19739,RGB,32a98adbc5ed0cfc80f3bb9ea60a3de2acc37d9b
182819_200w.jpg,200,280,portrait,none,19872,RGB,63236dc9730bb03277b094e8d58eaca5379dddc7
182886_200w.jpg,200,285,portrait,none,18987,RGB,4947c037fef3b33aa4bce8f50616d9101a1aa195
183194_200w.jpg,200,280,portrait,none,24345,RGB,bbb2b65ac4625f8dad8683cd668670cf39788bd1
183195_200w.jpg,200,277,portrait,none,23899,RGB,f2ff0d8cf40496670598733a050a1a58cca70dda
183196_200w.jpg,200,280,portrait,none,24834,RGB,42af4f1bf65c6b2806889e78615f66280fa9fcfa
183199_200w.jpg,200,280,portrait,none,28246,RGB,582f3cff51f345da83cd281f89d9096eb4513be3
183200_200w.jpg,200,284,portrait,none,17667,RGB,76abed90ec5b891d6e69d23678ed7ec095ad4af3
183560_200w.jpg,200,279,portrait,none,27749,RGB,ecad7e2d305f72086d6e80d275a800dc84f61b22
183561_200w.jpg,200,279,portrait,none,27582,RGB,767b415759c355a08e5a1d137be1a4d86c2f5d94
183562_200w.jpg,200,279,portrait,none,27146,RGB,be605999c3b7c96c9f7b5b370ffd1c2db339a62f
183563_200w.jpg,200,279,portrait,none,29122,RGB,da7faff7475a52cc76f7222ea845b0c9e07cd2b3
183564_200w.jpg,200,279,portrait,none,29265,RGB,7c32b7f4048b1e11d676f00ae140bafa3cdcf11c
183566_200w.jpg,200,279,portrait,none,29925,RGB,ac5d5edee5b8963a31226b6b34e6abc9e92b6990
183567_200w.jpg,200,279,portrait,none,28861,RGB,1fb3e3404836dcd2577a2ba7d20a3085f3f43090
183770_200w.jpg,200,279,portrait,none,29127,RGB,2db8932bedbf723dd611c505650689efd98547a6
183771_200w.jpg,200,279,portrait,none,29944,RGB,6784cf2ae538c4abfb18ce64b699b9beaf893c90
183772_200w.jpg,200,279,portrait,none,28166,RGB,50b533374080f6d714538218aea7539bfd5754a8
183773_200w.jpg,200,279,portrait,none,20555,RGB,fbb88578107c3d11214235240245c12c59309a92
183774_200w.jpg,200,279,portrait,none,18895,RGB,0a950bf0f3b6ebd06135063e076b49581faf122c
183775_200w.jpg,200,279,portrait,none,22134,RGB,e5b40ea2de6728239a60ffcb3b6947c5febc73e4
183776_200w.jpg,200,279,portrait,none,22532,RGB,7f17074f75f07f4e9be7a5ab79b2bda40c9969be
183777_200w.jpg,200,279,portrait,none,20223,RGB,235b8ca2255116f26ff89bfcb5896267e9ee28c8
183778_200w.jpg,200,279,portrait,none,21500,RGB,61c4dec32787e3014e2a0c742f9518562bf1ff8e
183779_200w.jpg,200,279,portrait,none,20008,RGB,8256993d9a0550a770c08388c17ab06da5bdba15
183780_200w.jpg,200,279,portrait,none,23187,RGB,9b9ea90439dfa96fddb100473b6d4a789993c120
183781_200w.jpg,200,279,portrait,none,21942,RGB,5d14b6455b1a1f8b474c38aa4d20ef7996da3e10
183782_200w.jpg,200,279,portrait,none,21574,RGB,abc130531ec082971664c2a075b00d13b5cdce83
183783_200w.jpg,200,279,portrait,none,18153,RGB,df95ca0a2b26563c97a2f9608079dfb6d86db015
183784_200w.jpg,200,279,portrait,none,21416,RGB,ac8a33f6a3fe1d052b38f76f808ba5e21c67db10
183785_200w.jpg,200,279,portrait,none,26407,RGB,7230dfd51a068b066889f5310dd3b707c6e72a95
183786_200w.jpg,200,279,portrait,none,21813,RGB,21f3aa51bf90eed5dd49d22d34bd89df89b291bf
183787_200w.jpg,200,279,portrait,none,22886,RGB,540173e90608be39649660a90d596b1f058a6ab7
183788_200w.jpg,200,279,portrait,none,20110,RGB,6d5cf1b2f7f6f612f4de47fb0f1d8bb9a252be8d
183789_200w.jpg,200,279,portrait,none,25426,RGB,92bc35a672d210909d12d84f8b535912bf3dba6c
183790_200w.jpg,200,279,portrait,none,24456,RGB,e084fc0185a28a9efc389258c6c8cd8fac6ef7a0
183791_200w.jpg,200,279,portrait,none,20284,RGB,7ef57fcd8a62684bd3ef0278a926dea7b17b36a3
183792_200w.jpg,200,279,portrait,none,22135,RGB,7a12ba15897a3c075771e499e0dede79e48f987c
183793_200w.jpg,200,279,portrait,none,21176,RGB,82d8e27166490faf9aeab9ee00821d3c3f1351b1
183794_200w.jpg,200,279,portrait,none,20340,RGB,762ef4136da78cabc4738d23f2a3d63391e61522
183795_200w.jpg,200,279,portrait,none,23805,RGB,3349adf68bd48e6ffe7daf183692e4b5a1fd8830
183796_200w.jpg,200,279,portrait,none,26159,RGB,48e1110f9e888c378f5f5f004141b52252f79f69
183797_200w.jpg,200,279,portrait,none,20993,RGB,0d23911a2aa9a32dca65f6d2dc591fb029bfbc3c
183798_200w.jpg,200,279,portrait,none,25238,RGB,c2bcb5659401aaf87d16cd1f0ee221be6cf81b05
183799_200w.jpg,200,279,portrait,none,21398,RGB,0477876dfab2f8795ce3a775688db05ae3471c3c
183800_200w.jpg,200,279,portrait,none,21490,RGB,bd4fee0a79a60dc5f8506c6ba1ac72da2f610e1a
183801_200w.jpg,200,279,portrait,none,25312,RGB,ddd6e3b30d042fee0ebbbef8ee54214f4ae617e1
183802_200w.jpg,200,279,portrait,none,22636,RGB,3802783455e10ca35ed3549b4bc9120b95ba67bd
183803_200w.jpg,200,279,portrait,none,24478,RGB,05cf3b67ddd18cba37420c28c1cfb6f6d4da8bb2
183804_200w.jpg,200,279,portrait,none,28420,RGB,5b5de645b90a8571a77381554300043f36f16d01
183805_200w.jpg,200,279,portrait,none,31852,RGB,f394ac17a87bfd7122609923dadb7aaa1d0def58
183806_200w.jpg,200,279,portrait,none,28021,RGB,64eb2ae4633ad597e64c12fe68e32b504e35b373
183807_200w.jpg,200,279,portrait,none,21452,RGB,70b43e2b6c804103564e0e10c490b868fb1d43d1
183808_200w.jpg,200,279,portrait,none,23976,RGB,d652164ec26302150f26e009641072af74217f3a
183809_200w.jpg,200,279,portrait,none,21128,RGB,fcf42dd78c7c28096338242e14c3f2a8a0728503
183810_200w.jpg,200,279,portrait,none,24118,RGB,e167c6c8e636ba917e0bb05997917523d76e7b6e
183811_200w.jpg,200,279,portrait,none,18012,RGB,0639d5580b5a413fe2ee8f04998628b65cf9495b
183812_200w.jpg,200,279,portrait,none,21118,RGB,addf9a26496e60de546752e85f491bb67a9d3241
183814_200w.jpg,200,279,portrait,none,20080,RGB,03413b3d57209b86ca1ee203389429c52bb86eea
183815_200w.jpg,200,279,portrait,none,20378,RGB,ff2754056e1672c0395364ca75ff7797eb3db6c5
183816_200w.jpg,200,279,portrait,none,31184,RGB,737eb11c61d2531a1f14042585084c3a568c24b1
183817_200w.jpg,200,279,portrait,none,25956,RGB,eb3df9b58bf8c653692c1bf6aa05e9448cfc1579
183818_200w.jpg,200,279,portrait,none,23136,RGB,8193301635fff11da9d35abfa7a7448c3c057d30
183819_200w.jpg,200,279,portrait,none,23345,RGB,8aabd47893c13331ef24f4b805700c3dce7f2b6f
183820_200w.jpg,200,279,portrait,none,23597,RGB,ba8bb0547e4489bd2431194d07d15812ebc1e8df
183821_200w.jpg,200,279,portrait,none,23085,RGB,0f08c8b4f2992d3a0b026c3c6a34cea16e0c271f
183822_200w.jpg,200,279,portrait,none,21456,RGB,0af4d26dec75765b1e14c77d1394742461464417
183823_200w.jpg,200,279,portrait,none,23529,RGB,942c05d7c644b3e3f4951993c81f3be848117d47
183824_200w.jpg,200,279,portrait,none,19885,RGB,6235815376c2fefa64b0ab96c47ee084451e7c37
183825_200w.jpg,200,279,portrait,none,22130,RGB,59fa17268185d091c37de5d2813df5aadbfb34aa
183826_200w.jpg,200,279,portrait,none,26630,RGB,a0d0d8cd512d83700dc6d1954ac96f6ef0c1b719
183827_200w.jpg,200,279,portrait,none,21244,RGB,ab827fba8e3409de0edd05aebf0faee884acadd4
183828_200w.jpg,200,279,portrait,none,27395,RGB,6eb8573e5bbe74838a29849334d9f4c386297dbb
183829_200w.jpg,200,279,portrait,none,26444,RGB,8b96a7fdf3ce56823ca79ea871ae035093b21f67
183830_200w.jpg,200,279,portrait,none,26835,RGB,92c3bc46d7c94ab909045058438cf8a5da9e1282
183831_200w.jpg,200,279,portrait,none,25962,RGB,2523cf0b16e1fd8ebae249748f66ee9644d48d62
183832_200w.jpg,200,279,portrait,none,20063,RGB,5960f0a02ce0d34da8bf34e932083affac9fa3f3
183833_200w.jpg,200,279,portrait,none,19638,RGB,3b1ec1df7ef3cf093e09bc453dc8d14c2bc634e4
183834_200w.jpg,200,279,portrait,none,24421,RGB,530a8bb04ed40edb4498cb7d9bd379f0571ae7ca
183835_200w.jpg,200,279,portrait,none,19935,RGB,e8694e9e13183ce78ae009bb6e99452112fb5baa
183836_200w.jpg,200,279,portrait,none,20237,RGB,17a6600c3011cafe4e059674da656f08ba6c40a0
183837_200w.jpg,200,279,portrait,none,21414,RGB,a5272398b64ec72d44df26dee1497dc12831d84a
183838_200w.jpg,200,279,portrait,none,22357,RGB,3a3605240a8e01b3c78bd72ec904de5d1a65efcf
183839_200w.jpg,200,279,portrait,none,22405,RGB,56f2d3140d1a78691a27f5fd625b6090b496dabf
183840_200w.jpg,200,279,portrait,none,18118,RGB,ba665757e8c9f3fa7d40822bc189f9b76c07f8bf
183841_200w.jpg,200,279,portrait,none,22115,RGB,4fdfb2595d407d5fa32f7e80378f5063553320a2
183842_200w.jpg,200,279,portrait,none,21538,RGB,74fa6421e5dbdb7a03743e1eab9d85dcac393680
183843_200w.jpg,200,279,portrait,none,19233,RGB,2ec0cc11c2eff075474cdac896dae83a8530c47a
183844_200w.jpg,200,279,portrait,none,20571,RGB,1490b62f56175b72b179e6b9c08efd1fd3570aa7
183845_200w.jpg,200,279,portrait,none,27091,RGB,bbc9ae48456f5605b67e99c57a8f7c0c65298184
183846_200w.jpg,200,279,portrait,none,21340,RGB,0176623356aace7f8f42d139ad13f1b01cbcfe9b
183847_200w.jpg,200,279,portrait,none,20126,RGB,62942827f6752626c79edb1fc1714ff6a172bfaa
183848_200w.jpg,200,279,portrait,none,18838,RGB,e6eabee25593353ccd683a7ab4b7aeafb17db144
183850_200w.jpg,200,279,portrait,none,22896,RGB,3cfe45c859e482f9e1476db337106d056c444ac3
183851_200w.jpg,200,279,portrait,none,25066,RGB,f86a9a9eed39d74673084755253506ef0151d0de
183852_200w.jpg,200,279,portrait,none,24439,RGB,83700b2f3b8f36a37467df2eeadd2f411ab6f615
183853_200w.jpg,200,279,portrait,none,20471,RGB,38246df0662a8869eca0661ebebf10c826f2a62f
183854_200w.jpg,200,279,portrait,none,22009,RGB,6a5fa032917cf6e0fb86964793445142b899dc1c
183855_200w.jpg,200,279,portrait,none,20163,RGB,eac4269b942c7dfff0b2cfb649057a1177b52e45
183856_200w.jpg,200,279,portrait,none,23791,RGB,711b6a27554ebfa7a6d3d76783629b7bfa87ae8c
183859_200w.jpg,200,279,portrait,none,22666,RGB,03a16a3992545dba4c8a75953010f362d1d74012
183860_200w.jpg,200,279,portrait,none,29204,RGB,f7b69118c5329eefad45e4f70c9da7ce69785764
183861_200w.jpg,200,279,portrait,none,23295,RGB,5b067215be4cb7ec42e078720030dda58b9ebac1
183862_200w.jpg,200,279,portrait,none,25682,RGB,56ff68996841540be8740b16e64677afebb5b69c
183863_200w.jpg,200,279,portrait,none,24756,RGB,9d2f937c0738e0f6669dacaf2b35fb42129019b5
183864_200w.jpg,200,279,portrait,none,23275,RGB,e3cf99911164a0984e9bdae6ef92e35f6307be97
183865_200w.jpg,200,279,portrait,none,23299,RGB,88d6c54cd672c34153622e72174a5ba7f09f8c2e
183866_200w.jpg,200,279,portrait,none,25723,RGB,bb520520d677316bffff86a9adecfa95fab9b625
183867_200w.jpg,200,279,portrait,none,24075,RGB,a7abcfba45fb93cae7eae3b7c9b053292287e499
183868_200w.jpg,200,279,portrait,none,21838,RGB,1ab7720a3dbb0848c7f38b5de39024d212629a85
183869_200w.jpg,200,279,portrait,none,25830,RGB,71651b9e12bf7b191158fecc87ca9f54a02a608f
183870_200w.jpg,200,279,portrait,none,21178,RGB,78ebac56a3980d104c3979c3db4c5e3255c26a51
183871_200w.jpg,200,279,portrait,none,24506,RGB,eeea8621eef8bb588124e48a97345954180bb083
183872_200w.jpg,200,279,portrait,none,23103,RGB,173dc03790b023b6a19ca84e3f521c88d27af831
183873_200w.jpg,200,279,portrait,none,25247,RGB,b8d3e2528dfe6f013f8b21118b7aa6a2042ca73e
183875_200w.jpg,200,279,portrait,none,30581,RGB,36d160c01dbc6d1c8bf277251a70b48b94aa480a
183876_200w.jpg,200,279,portrait,none,28496,RGB,8a90f6132a961d68003483abed460a19aa7c9a8d
183877_200w.jpg,200,279,portrait,none,29964,RGB,5e1ce9fd9ab157870590e397415b9f372c515f8d
183878_200w.jpg,200,279,portrait,none,29764,RGB,23a1832655a9f8f4234e283ecd5d9105dbf1c27c
183879_200w.jpg,200,279,portrait,none,27574,RGB,c9d06af2827823b26851ba425c1e1772b31ad612
183880_200w.jpg,200,279,portrait,none,23326,RGB,286a09a0f478ec39901a1fefd8bfec5a66092cc3
183881_200w.jpg,200,279,portrait,none,22908,RGB,19e0d2b5d1c7314b92b193b5ae9f6ff23e03b62b
183882_200w.jpg,200,279,portrait,none,21082,RGB,4c1f34bfdafe43be851764807673b296ff3430b8
183883_200w.jpg,200,279,portrait,none,23197,RGB,2eb14bdd43d3132f898d37b0c8e5a38f6d3b58f0
183884_200w.jpg,200,279,portrait,none,25061,RGB,d44d8f22a37e54a821209f36881ab6b57ea3d83d
183886_200w.jpg,200,279,portrait,none,23583,RGB,baf2c3a8173fc69b08d320db3a2cf647fe712265
183887_200w.jpg,200,279,portrait,none,24462,RGB,dd15fd04f11c4f26d97ebdfc33d836629116807b
183888_200w.jpg,200,279,portrait,none,26437,RGB,0724593d340c6a7bce0372483516dcb85db39c4c
183889_200w.jpg,200,279,portrait,none,25543,RGB,8e166a98ee8f47d47dd1b01a53760ce1aa4a6cb5
183890_200w.jpg,200,279,portrait,none,25201,RGB,fc2b116ca1231f7ff8e93c223a16c68b55df0f7a
183891_200w.jpg,200,279,portrait,none,20984,RGB,e7d00f79195962cba93f280cd7e91a65230e06a7
183892_200w.jpg,200,279,portrait,none,22785,RGB,0733482bef5ebda52347677060ee075b993b158f
183893_200w.jpg,200,279,portrait,none,25509,RGB,daeb9ca419ae9cbc35be9edcb051e96102559e42
183894_200w.jpg,200,279,portrait,none,24994,RGB,42be5c6f93f9c7da93db1799380c23021aab0fa9
183895_200w.jpg,200,279,portrait,none,22945,RGB,e25fb7b7353a976b259beed96c28f0bf9c609d59
183896_200w.jpg,200,279,portrait,none,21441,RGB,c03c7f4add6d956de43ad66d3f6ea693a23d4d19
183897_200w.jpg,200,279,portrait,none,26375,RGB,050c5e236c248a2d901eac5cc1693af54067dcc0
183898_200w.jpg,200,279,portrait,none,25898,RGB,3ba2ae1aa70360847a1f5f084989a56dd15b1e20
183899_200w.jpg,200,279,portrait,none,27375,RGB,a345bc7e36de993d51a12515c3b5736eb730b198
183902_200w.jpg,200,279,portrait,none,23390,RGB,0551c519b4a2b3e7f9d182984abe07a0c72bf752
183903_200w.jpg,200,279,portrait,none,19613,RGB,d7fae5d537e36fdf27300df318af07e4ff9fd870
183904_200w.jpg,200,279,portrait,none,20760,RGB,a6d5a6b324131d907f134261b9834beed7d6f991
183905_200w.jpg,200,279,portrait,none,22536,RGB,02b2ad63de70f368623c65618c9a48483621addf
183906_200w.jpg,200,279,portrait,none,22131,RGB,845ec020acfeafa3505b6834e6c1b49293731be8
183907_200w.jpg,200,279,portrait,none,28296,RGB,e703db143783ec5beee32b9cf9bb63373f9bac10
183908_200w.jpg,200,279,portrait,none,28824,RGB,ce75e8613370fc3258d1b2f0fc5dc3e7e21a9558
183909_200w.jpg,200,279,portrait,none,26447,RGB,93354e26461f4e9a46b01767e5ea72f5707ab914
183910_200w.jpg,200,279,portrait,none,20579,RGB,2e8da25e7f0af47836b3a94a3b54801eb1f11aa1
183911_200w.jpg,200,279,portrait,none,19173,RGB,614b7f525a5b51eb32f0a496685545f618f06896
183912_200w.jpg,200,279,portrait,none,20376,RGB,43dfa4f860c72e8f81f089044e596293040792f9
183913_200w.jpg,200,279,portrait,none,24447,RGB,044680038d7247ec82e5d5f366cf9501f806916e
183914_200w.jpg,200,279,portrait,none,18800,RGB,6c35c9666a035950fea49c3bc13638c1c612ad30
183915_200w.jpg,200,279,portrait,none,23912,RGB,afcc781354ddcb052b738d6ce5199f5cb80f3ed3
183916_200w.jpg,200,279,portrait,none,22742,RGB,e6e0cfa2f876fc5414e2483c7d027cdf71f204df
183917_200w.jpg,200,279,portrait,none,19518,RGB,f4e2e8920c063a1263c531f70d22282bf5f1efc3
183918_200w.jpg,200,279,portrait,none,20815,RGB,ebffbc9253bef92835abb30dd1f7c506a86f2e3f
183919_200w.jpg,200,279,portrait,none,21994,RGB,22299c4288420bbbf8cb6b1a376d8893c651ac38
183920_200w.jpg,200,279,portrait,none,22636,RGB,006f6495110a414a3dea2aac16e06f0305c95813
183921_200w.jpg,200,279,portrait,none,21075,RGB,d3a3d6b5d232de05117687046559c184ac8508c5
183922_200w.jpg,200,279,portrait,none,19915,RGB,e922d242bf44a3515561a0091d82af3e7824907e
183923_200w.jpg,200,279,portrait,none,23784,RGB,063067ebace54df6c25640b2224f72a7b1f12485
183924_200w.jpg,200,279,portrait,none,17668,RGB,635e79502ed1b42aa1ebbc18d7f713c4f8836ceb
183925_200w.jpg,200,279,portrait,none,23883,RGB,edf3e1b7902f12b856ed491b3ff28b3dce90256b
183927_200w.jpg,200,279,portrait,none,21743,RGB,32fc068c901a1ef07363a3b57735571f89ef727c
183928_200w.jpg,200,279,portrait,none,25435,RGB,621922901fc4c29f1fed78ff1440f44e534e685c
183930_200w.jpg,200,279,portrait,none,20361,RGB,0645190de19b1ddd2bc8c7395d608f5a588b3d16
183931_200w.jpg,200,279,portrait,none,18635,RGB,6dd3511ed0ea236fd9d5b59e8a96b28106909e40
183932_200w.jpg,200,279,portrait,none,25775,RGB,7462a968319f2d53537154fb15e6d80733d5c54c
183933_200w.jpg,200,279,portrait,none,26453,RGB,cd09a2794a7f25f33f7c9d2f65067c351766025f
183934_200w.jpg,200,279,portrait,none,21736,RGB,4364e4e25717cbe7affaaa28cfdce00077af70b3
183935_200w.jpg,200,279,portrait,none,19201,RGB,e188343f47ee18c5ab137c3ffe82b12a350b1fd6
183936_200w.jpg,200,279,portrait,none,23981,RGB,aba7a29660ac91b5e1300a11b0aab7fd576aa7be
183937_200w.jpg,200,279,portrait,none,20948,RGB,dacbe29da2dbd33c07db725629598b66bec9fc7f
183938_200w.jpg,200,279,portrait,none,20386,RGB,02f9d0e7493f7de378c9766440212fb2bac1e3db
183939_200w.jpg,200,279,portrait,none,20940,RGB,dcdef1fee956b89d195fc1e886140b982f5e930f
183940_200w.jpg,200,279,portrait,none,24968,RGB,a347619393c4e8b4cbb5c2c809102acefb6dc020
183941_200w.jpg,200,279,portrait,none,24278,RGB,653b1663725ae1c9345e88b5331e0938fe0259a9
183942_200w.jpg,200,279,portrait,none,19007,RGB,cd46b8b85e141314889061c7bb7ac901b4ed94b1
183943_200w.jpg,200,279,portrait,none,18846,RGB,29e104265b461c06fa3a002fcf7c876b7d44a3fc
183944_200w.jpg,200,279,portrait,none,24146,RGB,bafa80818cecff2183dca00e5762b2571038e717
183945_200w.jpg,200,279,portrait,none,17437,RGB,e2555cbaa095a2bab0eca85889f78b2c2e8db527
183946_200w.jpg,200,279,portrait,none,21993,RGB,1d4fea3edbc9a62d494a3a8a9e5aaaa78c959270
183947_200w.jpg,200,279,portrait,none,26198,RGB,09263649dcb65491122cd5377856ac61e0a9aaec
183948_200w.jpg,200,279,portrait,none,25464,RGB,503021d1a4bc03bc5ac95882ca9fb502c2aa5aec
183949_200w.jpg,200,279,portrait,none,22793,RGB,a33d3f79c99de6718f5fb8201e9f849e9f017ff2
183950_200w.jpg,200,279,portrait,none,18831,RGB,8cb25e101b02c82ef1a43a56c20d44329ba1c51a
183951_200w.jpg,200,279,portrait,none,23554,RGB,9dfe683022206994de6acc847eaa88ac64fef827
183952_200w.jpg,200,279,portrait,none,25684,RGB,8e0fb746fdea05bf7d9549c76f8e30a86519dd1d
183953_200w.jpg,200,279,portrait,none,20913,RGB,09b87d1119e7d18035254f05c8ae484de80b08e4
183954_200w.jpg,200,279,portrait,none,19032,RGB,b97eb931e4ad2496203cf1a6d26d3cb9e19b62d3
183955_200w.jpg,200,279,portrait,none,23459,RGB,f0c8e680730f122cf3133d6d5ca8b0309cfc4884
183956_200w.jpg,200,279,portrait,none,17532,RGB,c8c86d78e93da557eb6b5b47b505fdb2cc08f1a4
183957_200w.jpg,200,279,portrait,none,20535,RGB,7b9d9ec318112608a01a8c1268120fe54f2b531b
183958_200w.jpg,200,279,portrait,none,23277,RGB,6938316c2215ab1168730c1b42580420346402f7
183959_200w.jpg,200,279,portrait,none,19361,RGB,3a7988bba0a3b4212256a41716f43f30638d994f
183960_200w.jpg,200,279,portrait,none,21190,RGB,6522e54cc3531f566cc59aac2a15a84c610da39c
183961_200w.jpg,200,279,portrait,none,20857,RGB,4b5eebad3e7b90c33b3822a9c841846b243b0b42
183962_200w.jpg,200,279,portrait,none,24190,RGB,2cc2f13776fcea60adad6b59cf2770b030906ab2
183963_200w.jpg,200,279,portrait,none,26435,RGB,5f85233ab994ac429b0cac0abee5d94af514c391
183964_200w.jpg,200,279,portrait,none,32420,RGB,08ef4ed8f17f2b36618cef9cdf9d9032c26eb1cf
183965_200w.jpg,200,279,portrait,none,25396,RGB,7214ff62635059c219715ce7be99fa5e9a8bf490
183966_200w.jpg,200,279,portrait,none,26880,RGB,2ea4175e8ddf9995aa9401d76078fb2d757392c5
183967_200w.jpg,200,279,portrait,none,24938,RGB,f1879084cb1a8aa49536c5be8b99bea0c4ffb9aa
183968_200w.jpg,200,279,portrait,none,23408,RGB,a7a3950dfc70d3075118ea4ad554991fc19e1200
183969_200w.jpg,200,279,portrait,none,21614,RGB,b9596fba20df9b7285656e9a8bb30525cab9cefa
183970_200w.jpg,200,279,portrait,none,23457,RGB,37bf2ca9d60ed4f197c053f8ab727d0e9464267c
183971_200w.jpg,200,279,portrait,none,22189,RGB,7c31765ffc2d068d36509a9d040931203839ff1f
183972_200w.jpg,200,279,portrait,none,23362,RGB,92bbf9933334763355ad5d617a09ad0f64e3fd45
183973_200w.jpg,200,279,portrait,none,21487,RGB,580d765110f51f5cb0b51af2afc277072f311a16
184216_200w.jpg,200,284,portrait,none,25462,RGB,eeec86cddfe768eab4360fa5c5c01f5b8dec1e0f
184217_200w.jpg,200,279,portrait,none,24612,RGB,5f596264de5e4987355bb559c0459c809e3de27f
184218_200w.jpg,200,279,portrait,none,24304,RGB,9dbd86e9604372450134fa16d969f0f81ff66d63
184219_200w.jpg,200,279,portrait,none,22873,RGB,ca1c21e448a22516eb03617624c974c81b4311d2
184424_200w.jpg,200,279,portrait,none,14155,RGB,0138ba5c875259de5fdcba947cc8b9ea3c1a7528
184425_200w.jpg,200,279,portrait,none,13671,RGB,500daa8834cd612b6db356807593de47e43e9448
184426_200w.jpg,200,279,portrait,none,14377,RGB,dc14adbac912319327ff0bc25a7af560c6026d02
184427_200w.jpg,200,279,portrait,none,14326,RGB,1150a700bd8144bc3216ad0a5d7d1b5d695cd434
184428_200w.jpg,200,279,portrait,none,14441,RGB,643b2a24ed0ceaef62d00bc048f334785851acc9
184429_200w.jpg,200,279,portrait,none,14814,RGB,7b81d3b37a8dfa973c4db4a77e74bf74f9354ab8
184430_200w.jpg,200,279,portrait,none,13423,RGB,a0f6db2e175fbc627d444656b2e92a51a8f47d4e
184431_200w.jpg,200,279,portrait,none,13695,RGB,4bef753db6bacd90dd41bae189d901753bbc5a54
184432_200w.jpg,200,279,portrait,none,13711,RGB,0ddab2dcb334e2c8ca6caf9e38bf186c7aa66e47
184469_200w.jpg,200,279,portrait,none,20253,RGB,e868b349fb4c0ee03a62f194b8c41d7f68273eb3
184483_200w.jpg,200,279,portrait,none,20880,RGB,abc2d3f6249c63aca0096e438d8db2bcb79365ef
184487_200w.jpg,200,279,portrait,none,22330,RGB,24940f3271f1c12938c0d775bb4f05f906bbc7c7
184493_200w.jpg,200,279,portrait,none,22514,RGB,49cef828e0fbd4da3cc9838b5bfe517900cf2290
184495_200w.jpg,200,279,portrait,none,24791,RGB,7295ec993b3f0d16117793c002ebcf8ec467a822
185033_200w.jpg,200,286,portrait,none,23908,RGB,faa3b4fde9e621bb6d5403d280a4b1a6e990aae5
185133_200w.jpg,200,276,portrait,none,20876,RGB,e1e588e9f56d6d4ec33aa88ead54d459068cce73
185134_200w.jpg,200,276,portrait,none,20528,RGB,011ef5949a7188580d8597c1364c9220c3d5ca9f
185135_200w.jpg,200,276,portrait,none,21091,RGB,3fc3ff83aa1de699305106bfd577f482d86cfff7
185136_200w.jpg,200,276,portrait,none,21272,RGB,b56ca047424bbc2c982e36f1e9cf8e27433e0cb0
185137_200w.jpg,200,276,portrait,none,23787,RGB,54077480f1e7c8d42ee9a4b6ec66bbb27f2c9589
185247_200w.jpg,200,279,portrait,none,20684,RGB,f994b487fcec16d54af3edfc4d10d6faff55fabc
185248_200w.jpg,200,279,portrait,none,27072,RGB,d6acb4d81ee00ab6a55e0e4e3bd0bc9420367dc4
185249_200w.jpg,200,279,portrait,none,32245,RGB,6e6f61649a229b02a2b5338e5ae1d2dedd4c8b50
185250_200w.jpg,200,279,portrait,none,31708,RGB,b5c3245d18bc65737cc3d035a72d446d56dca70b
185251_200w.jpg,200,279,portrait,none,30905,RGB,4613936aa0fa0a97b24d2def1b502e95c888f70c
185252_200w.jpg,200,280,portrait,none,31396,RGB,31bc39159857e161729d93db9c1733ea13da5e5c
185253_200w.jpg,200,279,portrait,none,30666,RGB,5fc892259b9baf1215d9f9c520b64bfa912c0834
185254_200w.jpg,200,279,portrait,none,19648,RGB,8ac9b1c19ff22b72e772002c75e084a7cd8088bc
185721_200w.jpg,200,280,portrait,none,19242,RGB,ae4560ee23302448cbadd7a073486bc6344b758d
185983_200w.jpg,200,280,portrait,none,19481,RGB,8276df3027e2c84870ccaf857150187840a7b42a
185984_200w.jpg,200,279,portrait,none,30923,RGB,41b8c11d45d57b10736292d31dc4dea18f26be56
185985_200w.jpg,200,279,portrait,none,30802,RGB,142c21d27b0abd82837d29100ecf2a283564a637
185986_200w.jpg,200,279,portrait,none,31243,RGB,2f9debc5ee422a14b66a91434b44204cf521a90e
185987_200w.jpg,200,279,portrait,none,28153,RGB,8071604ae3e23ab0097a9d570e1fe8f8f693e48a
185988_200w.jpg,200,279,portrait,none,28648,RGB,6352c9a788155c81160e6fe70b69fca2baf49d18
186001_200w.jpg,200,280,portrait,none,19023,RGB,0c7056bbe03a847b31dda19b20c17204914f0d2f
186003_200w.jpg,200,278,portrait,none,21125,RGB,d8640225d82cb0bd76bfb560226839fb243a040d
186004_200w.jpg,200,278,portrait,none,18505,RGB,bb780fea76a2b184d31ed5e026c2d396d54dec83
186005_200w.jpg,200,280,portrait,none,20119,RGB,464ddc310974b8cbcfff55b6a6c80de2c4b6d24a
186007_200w.jpg,200,279,portrait,none,21644,RGB,dca57ad4c6b38d41be1965c94b25e2b3c0e1312f
186009_200w.jpg,200,280,portrait,none,22247,RGB,53979e3441682092b6fceb436bef48a7d28a26be
186010_200w.jpg,200,278,portrait,none,19274,RGB,3d568a231bf28ae83aa852e19bdf603391b7907d
186012_200w.jpg,200,279,portrait,none,19325,RGB,5871473eddcb7de6c79536c266e141733026c55b
186013_200w.jpg,200,280,portrait,none,24801,RGB,fc064372b36de8ed756fbd268b5ffc6ac4a75d0b
186015_200w.jpg,200,279,portrait,none,19581,RGB,ac53988cb4101a6dc1b02e809fb5fc2234fdbe5b
186019_200w.jpg,200,279,portrait,none,20027,RGB,5a79a21b5c4ed6acd0eaccab9f9a640a2e527ac3
186020_200w.jpg,200,278,portrait,none,21193,RGB,c47f4dc6209ea930e75b0f7d25b280e66161eaff
186021_200w.jpg,200,280,portrait,none,21198,RGB,ccc2540a5a0151818c64ad2a70714d8d987f4ba0
186023_200w.jpg,200,280,portrait,none,18681,RGB,54a4fb56088a7775e731ce3d1e6c66f71a038759
186024_200w.jpg,200,280,portrait,none,19111,RGB,d1cc2e876e1f791620f6a06276818bf76f18de4e
186025_200w.jpg,200,280,portrait,none,18198,RGB,663b0366500954b88bc0841415df420258c3aac3
186026_200w.jpg,200,278,portrait,none,17840,RGB,c3633af1ce9020a599396699378abc1112b83893
186106_200w.jpg,200,280,portrait,none,21324,RGB,f3e0bd86647dc88bed6a2826cfc33d18afdb3c6f
186318_200w.jpg,200,280,portrait,none,23765,RGB,479bf92101ddba62f1d36ff38881b9cfbd98e7ac
186319_200w.jpg,200,279,portrait,none,20321,RGB,951c8ae61742006fe1d468e7ad7d9e058ef55e13
186320_200w.jpg,200,280,portrait,none,21352,RGB,83d1bbdb1ccb43cf8f68c65b6a8afd8a7c4e14cd
186321_200w.jpg,200,281,portrait,none,23859,RGB,492f4e1da6fb38cb73f066d3923033bdbd5d77dd
186322_200w.jpg,200,281,portrait,none,23415,RGB,cfd9af3ad59cbaa6f2a96ad8af6c142a111f16ce
186524_200w.jpg,200,280,portrait,none,24086,RGB,c0e3d0c6563c6e0f7877c979f2120be2af49b1fc
186572_200w.jpg,200,270,portrait,none,26042,RGB,70f14bd0d2ea0276f5583ad9221543c38e1ff3d9
186825_200w.jpg,200,280,portrait,none,21226,RGB,8789fc63bdaf9d2a11c9f2488ec02069283c7433
186826_200w.jpg,200,276,portrait,none,24416,RGB,eceea69b0bda69c02ec19b27dd806445c881a3c1
186827_200w.jpg,200,273,portrait,none,24157,RGB,f99d5b2b2b0d8ae3753cf6cea89bdbe689deb940
186828_200w.jpg,200,282,portrait,none,24843,RGB,141cb99eac30193b9f351a428db560cd5f0d3fe6
186829_200w.jpg,200,282,portrait,none,24682,RGB,d8b0e794e4255d257654c2160ed09840671a8d01
186833_200w.jpg,200,273,portrait,none,24210,RGB,cbae28327a348c03f2007b443e974a7f6b60dfbd
186915_200w.jpg,200,282,portrait,none,25548,RGB,b09aa288f535dc6eb24f39f940c80f095e24e9c8
187215_200w.jpg,200,277,portrait,none,22380,RGB,6ce1ccd61be22c41bc4b978314cf7ff668f27b9e
187216_200w.jpg,200,278,portrait,none,22712,RGB,990c86e7d16e01dec4ec6f73dedc9a9dcf6b3fd7
187217_200w.jpg,200,276,portrait,none,20806,RGB,69660c095aba8581ce177b1db785f1e16e00f886
187218_200w.jpg,200,276,portrait,none,22009,RGB,5a1214b4665396781c2f6a204b623771709ddcc2
187219_200w.jpg,200,280,portrait,none,23663,RGB,89762a1d9663914ead3fd2092959f8c0c493b3ff
188126_200w.jpg,200,278,portrait,none,22055,RGB,009367d9030d1af4ba6dc90bd3d9622b9920a178
188132_200w.jpg,200,282,portrait,none,22219,RGB,232eee42633f531b6fc13e1c3bb81d5264faff1c
188165_200w.jpg,200,279,portrait,none,27267,RGB,9ddeb5eacf2a24d5aae1dd34e92e3a27ebf3d0d4
188321_200w.jpg,200,278,portrait,none,18050,RGB,2e5665b49283f8efd2c47ca9b8ad16ad842328d3
188322_200w.jpg,200,279,portrait,none,20154,RGB,4109e94918fdd2fec0432db6f2850e0cf38f74ac
188354_200w.jpg,200,279,portrait,none,22614,RGB,507af0e60a1216362173ccd9952f07f8f5cb13e5
188355_200w.jpg,200,280,portrait,none,24423,RGB,9b589c653ff470a0103d4e45bbd5005b31e0f3c4
188401_200w.jpg,200,279,portrait,none,32485,RGB,613253e8c6cf124ea0238bee0d2f386a6a8a8bf8
188402_200w.jpg,200,279,portrait,none,21210,RGB,242d4f96ac8e41f52e676c21b63c0a31bb17254a
188403_200w.jpg,200,279,portrait,none,29474,RGB,94ce66661213b4819e15fa7de544e2b2c692c663
188404_200w.jpg,200,279,portrait,none,32331,RGB,f0e0932356e6c61cffc26d9d07fc819732349978
188405_200w.jpg,200,279,portrait,none,32137,RGB,e5427580d466c08e680e402a1e10c2172caea243
188406_200w.jpg,200,279,portrait,none,30967,RGB,40d0d9691f8db3b11d1c63456895955b2d6a3e20
188407_200w.jpg,200,279,portrait,none,32134,RGB,b02686c5a09651558a94ff66e36f168dcaf91659
188408_200w.jpg,200,279,portrait,none,29547,RGB,80f6766ce362f174e1158c2564dcd6f74ee73ccf
188409_200w.jpg,200,279,portrait,none,30636,RGB,909bc0f3906e57d65edb9feeec2cb90e99f38919
188634_200w.jpg,200,280,portrait,none,24452,RGB,1334501ca8dc8fa355be343edd0b2aef89058afa
188910_200w.jpg,200,279,portrait,none,22815,RGB,ce64c28bcf0805d2a2dc90d059c4a8b854f73320
189010_200w.jpg,200,279,portrait,none,25618,RGB,e42af1ade8c9bc5d78539077fa723428d74cf739
189012_200w.jpg,200,279,portrait,none,24846,RGB,2af84fe7074a018ddaee5aba2acffe63260389be
189021_200w.jpg,200,279,portrait,none,24952,RGB,b80983dbf7138fda592a686a72c5797cb82a7f50
189022_200w.jpg,200,279,portrait,none,22325,RGB,2c763de952cf57499c1f793a911b619dcc6c8087
189040_200w.jpg,200,279,portrait,none,23966,RGB,4fee56615f558fbb63f198a19d5fe8c43fd6f974
189041_200w.jpg,200,279,portrait,none,23512,RGB,f6377f7b31f3f26c3289c1a623ef0b999b6e0c6f
189042_200w.jpg,200,279,portrait,none,23420,RGB,9dac4f19876fd12e1a297405c651a1af423e645d
189043_200w.jpg,200,279,portrait,none,21855,RGB,f40f2dc55031106394bf6c5c313bbe217cf9c89d
189044_200w.jpg,200,279,portrait,none,17079,RGB,3120620aec849dd36c114abeeb9a852c03036412
189045_200w.jpg,200,279,portrait,none,23367,RGB,c3027e71373e29f5780c788f7572e3d285fec552
189046_200w.jpg,200,279,portrait,none,22532,RGB,a9ad675f9ed8abfa0b7e7b1531b5385ffd56afd2
189047_200w.jpg,200,279,portrait,none,20431,RGB,7e5f41f546ce4f34eb74a963d44240dee3025b47
189048_200w.jpg,200,279,portrait,none,20410,RGB,f653ece3cd6af42fee3128628b6af126fcd7c5b4
189049_200w.jpg,200,279,portrait,none,21527,RGB,8acff32b929a9ad9b3d542be375c03927200d9b7
189050_200w.jpg,200,279,portrait,none,27131,RGB,aa3d7671e52a52469f1e71cf144361fdaf4b59f6
189051_200w.jpg,200,279,portrait,none,24852,RGB,9870ca6d217ef7634c221ba43398b70f06d11ae5
189052_200w.jpg,200,279,portrait,none,25051,RGB,94cd1011f47f70f26946d42fc57c4b8a63f88e25
189054_200w.jpg,200,279,portrait,none,20365,RGB,709f75a89ad40ee9187ab9a91d7d1118b690aba3
189055_200w.jpg,200,279,portrait,none,23626,RGB,614d5ac3ca1624670d7900665cc61922664de845
189058_200w.jpg,200,279,portrait,none,22344,RGB,f3c7954e8ca1ae45a238571445089e9b928d268f
189059_200w.jpg,200,279,portrait,none,22299,RGB,25d6a9e93981599f6abd6678eb59b60e846429fb
189060_200w.jpg,200,279,portrait,none,20299,RGB,9c27562c4c4c4957b7d75511f70497b15614e1be
189061_200w.jpg,200,279,portrait,none,21786,RGB,74af4adaabcef66d07664c3e4c60116cd524c2f2
189062_200w.jpg,200,279,portrait,none,22242,RGB,87ccc771501de483d6b5ccb5f6ec08f447141d68
189063_200w.jpg,200,279,portrait,none,23938,RGB,8f5554e2a9f3ec43b750e529e5e4fa5f37a25a48
189066_200w.jpg,200,279,portrait,none,23349,RGB,679eddc3f064ddfb7d2abe06366ce0a42df38d8d
189068_200w.jpg,200,279,portrait,none,23802,RGB,056c17fd73cdd0223bef9759211bcea5d06db16b
189070_200w.jpg,200,279,portrait,none,25184,RGB,9b526c47561a1db2106e4ea733023103da4b1d9e
189071_200w.jpg,200,279,portrait,none,20549,RGB,cfd840cae1500c962fcdfe84297168b24f315674
189073_200w.jpg,200,279,portrait,none,20984,RGB,6214806dbddc9506b9b688d281297c476c1cddb5
189075_200w.jpg,200,279,portrait,none,22711,RGB,3bdbf1c2e38978f9bf29d9be445f1be4c9db8e17
189078_200w.jpg,200,279,portrait,none,25220,RGB,f55d30493b1d5cdefef2affa9df78fa27caff14b
189079_200w.jpg,200,279,portrait,none,19911,RGB,98fc604f34ebfe2b236c0ef1252ae58af913b46b
189082_200w.jpg,200,279,portrait,none,23253,RGB,b610c832411046985da892986fb74d525c3a78e7
189084_200w.jpg,200,279,portrait,none,24584,RGB,727c96c56ea8812f39658931fffb16e788f260a6
189088_200w.jpg,200,279,portrait,none,22384,RGB,d0f3de07fadf2ac408d0a8d846ad79f26c03fe4d
189094_200w.jpg,200,279,portrait,none,23331,RGB,23e860a4035f007e2fb756efd3604e0075ada12b
189097_200w.jpg,200,279,portrait,none,28894,RGB,f6889822d9570065bf67d0ddd25efdf2a9524d0a
189100_200w.jpg,200,279,portrait,none,27262,RGB,4649d11d7dcc2cdba1f595efe3d1a494407f24f1
189109_200w.jpg,200,279,portrait,none,24392,RGB,e9e868d2da2b9bc11ef7e2e75e6caebb91b05ddb
189111_200w.jpg,200,279,portrait,none,23232,RGB,afddb6b54104a1a6e88ca2f20a8fb20e9c122c9d
189112_200w.jpg,200,279,portrait,none,24720,RGB,b0a027949fbe49592cc7d329ba1a1eefcd8d0e96
189114_200w.jpg,200,279,portrait,none,24815,RGB,7ce0041014e9df811317f3dfd8f67660f7421235
189116_200w.jpg,200,279,portrait,none,21747,RGB,8416744434e113ca0211b332939ff3ac8c6565f7
189120_200w.jpg,200,279,portrait,none,24732,RGB,23cf14c2e7830ac8aee535a3c03bb357203fc01a
189122_200w.jpg,200,279,portrait,none,22219,RGB,a6ffb446fbb716b1d29f64b590659722bfc16e5c
189142_200w.jpg,200,279,portrait,none,22786,RGB,2d787115ac878bb106a622276ab108d8b768cb94
189143_200w.jpg,200,279,portrait,none,17772,RGB,488815c72112955208b84fca849efcc24fb2e9fa
189144_200w.jpg,200,279,portrait,none,22659,RGB,3e7e4c03091e8e0016bd160ecadd6985c5257560
189145_200w.jpg,200,279,portrait,none,22024,RGB,c7204776053ec4dc8632087e7b5bff9a9088604a
189146_200w.jpg,200,279,portrait,none,25480,RGB,f48267cdfcca3b64c92d573f2c690b7555b342b0
189147_200w.jpg,200,279,portrait,none,21115,RGB,6f1b09d3dbb3bd4f449dca0dcf08f651810589d7
189148_200w.jpg,200,279,portrait,none,23791,RGB,a5056c5da4ebcdcb934db87e326c49879dc318a3
189149_200w.jpg,200,279,portrait,none,24314,RGB,dd5a7b535bb23dba69aa6177fc26c7616dad26d3
189150_200w.jpg,200,279,portrait,none,23699,RGB,4454c03ba8fe0ed1564ea824a17908a27c489854
189151_200w.jpg,200,279,portrait,none,22336,RGB,536ce02733429814607fb6d4377a7094791967c0
189152_200w.jpg,200,279,portrait,none,21080,RGB,eae9041914d088586f3ea5c75ff6efb0ef189d4f
189153_200w.jpg,200,279,portrait,none,19690,RGB,ad86df646a790ffa5e2038b5a0f1275dbdf9e892
189154_200w.jpg,200,279,portrait,none,23875,RGB,f48d51a4a6aeccbe2a6e83d2cb12d0557579386f
189155_200w.jpg,200,279,portrait,none,24249,RGB,f937fcbae932ac2b661c427b5e39d089562819ba
189156_200w.jpg,200,279,portrait,none,29421,RGB,29f8a6ecdbc04e6e4d44de20a6eb4301eae7971d
189158_200w.jpg,200,279,portrait,none,30514,RGB,ae062999af50b6b61ed8c6a8b1c3ab6442a45b48
189159_200w.jpg,200,279,portrait,none,22281,RGB,85f95a2dd54c709bec2544a2672680a6cc26b0fc
189160_200w.jpg,200,279,portrait,none,23484,RGB,591e9d5380aafe30a60b12841095fa61dafedc8d
189161_200w.jpg,200,279,portrait,none,23772,RGB,8a3ad5f390d809ded428134b120d2486e691ccd6
189162_200w.jpg,200,279,portrait,none,21033,RGB,7559a86a11e426253b101e89f66cf257e620f311
189163_200w.jpg,200,279,portrait,none,22729,RGB,086435a289822b661b1dae652be95c42ffdadc66
189164_200w.jpg,200,279,portrait,none,21677,RGB,e999ad62f69a61c0f4cc2bde5ea2694965738509
189165_200w.jpg,200,279,portrait,none,20041,RGB,a35bd1d69bac4f618d9b02e5d6723b7b3e14ce52
189166_200w.jpg,200,279,portrait,none,21649,RGB,c964671b79706394451356082b40bb35c9334b70
189167_200w.jpg,200,279,portrait,none,20915,RGB,213efa07f4c73cf55773a98737adf2e1155df221
189168_200w.jpg,200,279,portrait,none,18543,RGB,8c6c4bc4ac04c0860e7e7d3d0c4dcd9f02441fea
189169_200w.jpg,200,279,portrait,none,19053,RGB,120dd23e01e3e56027a6d29ea9fbc54d08673eb6
189170_200w.jpg,200,279,portrait,none,21130,RGB,cb0248b21cb6744c4e38aa1099695bf51467d4dd
189171_200w.jpg,200,279,portrait,none,19801,RGB,c5391c88cd0d22ad044a012ff486994b139d2a1a
189172_200w.jpg,200,279,portrait,none,20931,RGB,7cacf0ecdb2eb16c5ce02f53897abd8cce00bf58
189173_200w.jpg,200,279,portrait,none,18650,RGB,430a7fc3ab76e76726d5d9c1e0c30cfb4f690a81
189174_200w.jpg,200,279,portrait,none,24691,RGB,006eb277288ef0d12fb94accc19dfcb658e9936e
189175_200w.jpg,200,279,portrait,none,21443,RGB,c844ce0e5a76eb0f42a7197714972477b864b895
189176_200w.jpg,200,279,portrait,none,18974,RGB,6c97354f0ef19fd2c39d532968353c8d5d84e2eb
189177_200w.jpg,200,279,portrait,none,17978,RGB,31e4f356ddf1a67ddae8f895337a4aa5eeb8116c
189178_200w.jpg,200,279,portrait,none,20997,RGB,22e22f7bee614de443f3fc89fdaaa0933309cf5d
189179_200w.jpg,200,279,portrait,none,20638,RGB,c6c8e2886fbb2cf908db8d887d452b67ee086692
189180_200w.jpg,200,279,portrait,none,21204,RGB,e44c9b579598c64205f0754de8baf37c13f3c336
189181_200w.jpg,200,279,portrait,none,23569,RGB,3edbc468e4bebfd813cdeadf4825f25c5a384af4
189182_200w.jpg,200,279,portrait,none,20105,RGB,e413785a4909caaba3a259d5693d1261f77eeaac
189183_200w.jpg,200,279,portrait,none,25679,RGB,ec64515dd93fadfa0c255d91cc91335602a4b762
189184_200w.jpg,200,279,portrait,none,20185,RGB,6d8c8882b22c37f1b78403e902b6463bc89fbef9
189185_200w.jpg,200,279,portrait,none,21344,RGB,6d6953e045c40915f6a8a678d320a7784f7c7b6c
189186_200w.jpg,200,279,portrait,none,19645,RGB,9a162dc28c8c16be1ec14348bc0248a651c8b037
189187_200w.jpg,200,279,portrait,none,20934,RGB,766abbd363e02195b917923bdf48e1a7e6803df6
189188_200w.jpg,200,279,portrait,none,23809,RGB,6002fe135f6481e4ad91466aaec60dba190796a5
189189_200w.jpg,200,279,portrait,none,19884,RGB,a15231463a1f168c31fdde2e2d6632c6ffb0bdae
189190_200w.jpg,200,279,portrait,none,23181,RGB,e08b22943c444d585507f12f788f680b1237c968
189191_200w.jpg,200,279,portrait,none,20973,RGB,82d469d74998f626cf5b69a26e2b5e7dbf5f8159
189192_200w.jpg,200,279,portrait,none,19988,RGB,3c0ec1323451eedcfa39a147f63780c9c5b15da4
189193_200w.jpg,200,279,portrait,none,23230,RGB,3a407d3ccbb380a97d5e60717c0756bf37323316
189194_200w.jpg,200,279,portrait,none,25136,RGB,278d2aad1eb87afd90092cd1565506d7d23b79f4
189195_200w.jpg,200,279,portrait,none,21458,RGB,48fd17d05f3947b4be734a32cb30a4db76d534db
189196_200w.jpg,200,279,portrait,none,20168,RGB,a540c6d0dcf984130141215a607b11e2800a0e42
189197_200w.jpg,200,279,portrait,none,22240,RGB,c933d7671c0817a84fcb0d5d86ac2bea1d7ec9f2
189198_200w.jpg,200,279,portrait,none,20293,RGB,c854ebd9b4836b447a5ad312872f3c226f3c5062
189199_200w.jpg,200,279,portrait,none,20467,RGB,0a4b572c5f0d8bea7b4f02bf05c3927836990a05
189200_200w.jpg,200,279,portrait,none,26253,RGB,957678a5b539c7a2fcbe4331de122c67c0293c66
189201_200w.jpg,200,279,portrait,none,19255,RGB,ab68f3415a472749391508d9b5294ccb7178a355
189202_200w.jpg,200,279,portrait,none,24274,RGB,676af1f44f1c31876d81b7738b326a93d8c40992
189203_200w.jpg,200,279,portrait,none,24889,RGB,89f5757bcd99cadff8808515c689e7f7e3336ce3
189204_200w.jpg,200,279,portrait,none,24982,RGB,e590c32c450be4717c45f85e08f7beaad98c81d1
189205_200w.jpg,200,279,portrait,none,25621,RGB,bb2b0c02a33697b3c3be92ab8785659566df6059
189206_200w.jpg,200,279,portrait,none,23334,RGB,5ee935f49d365e7624192c83d7d1d94a29705874
189207_200w.jpg,200,279,portrait,none,28820,RGB,7fad4d9eb105922d364a9d83505bc009ae0f871d
189208_200w.jpg,200,279,portrait,none,26309,RGB,f69ce8b4f7ab7a34d1971988c1b5bfdd0be61651
189209_200w.jpg,200,279,portrait,none,25580,RGB,db25f246a2ff39e2603bcd495f52e1b271a7be63
189210_200w.jpg,200,279,portrait,none,20465,RGB,ea741ee7b46a0bed824b70ca9e91a6ecb6dac943
189211_200w.jpg,200,279,portrait,none,28268,RGB,388bd88ec556256686995d9f1877bd7b026f4777
189212_200w.jpg,200,279,portrait,none,23009,RGB,8abc6773d26fa9553c7b58b672e7154b7bc622f9
189213_200w.jpg,200,279,portrait,none,23979,RGB,49323610bb2b05d21a6474b638c1acc7853cb4bc
189214_200w.jpg,200,279,portrait,none,26039,RGB,bbc2353055c81e17c6e3f7f01297b820505c809c
189215_200w.jpg,200,279,portrait,none,22067,RGB,34dbeb00c9606747bbc3e521c3b022ed68071fa6
189216_200w.jpg,200,279,portrait,none,24852,RGB,df9639ac71dc1255f92cec15ca5d8e57d8b1b655
189217_200w.jpg,200,279,portrait,none,24388,RGB,aac5fd1ff5d47522e47527ceab15d76ebda5787d
189218_200w.jpg,200,279,portrait,none,22349,RGB,078e76621dacddf8fee3fdc70b20a929dd43aad8
189219_200w.jpg,200,279,portrait,none,25407,RGB,8c2886c5575a2a84d2e1229e6366271356df4e24
189220_200w.jpg,200,279,portrait,none,18966,RGB,15122d9a35e3559063c4eaa8478491f31a038f0e
189221_200w.jpg,200,279,portrait,none,22489,RGB,8946dba06ad368f957a205c18653e2e4a7086718
189222_200w.jpg,200,279,portrait,none,22524,RGB,bd119cb87da5ca02329ae84abf3df8e5b3178410
189223_200w.jpg,200,279,portrait,none,21735,RGB,7c32f821bf8bdbc9fb1799548f0f18e04e284d77
189224_200w.jpg,200,279,portrait,none,23681,RGB,8c167bd80c4f7907864cb7d30827ab33cdf59588
189225_200w.jpg,200,279,portrait,none,24122,RGB,cf1e38b770264aab451df442fd9888bbff79896a
189226_200w.jpg,200,279,portrait,none,23704,RGB,95d610d13e281fabd2786e0ef02fd1a970ce1703
189227_200w.jpg,200,279,portrait,none,20759,RGB,b70fe914f3f83412efec449d86d2ae3b49ebee20
189228_200w.jpg,200,279,portrait,none,23525,RGB,65bc89d12c69f5721eb1f38332f94cd9c49ed760
189229_200w.jpg,200,279,portrait,none,21866,RGB,5dfece19f4bb4cbf043ac04cffa5136653864224
189230_200w.jpg,200,279,portrait,none,21044,RGB,b2df313a263e38994abe22d0be68fcdff61c7a2b
189231_200w.jpg,200,279,portrait,none,20404,RGB,4cee5bfcdaaf94d94c9b266f454e7f5c79671e88
189232_200w.jpg,200,279,portrait,none,22559,RGB,96b2c8f5032ccdc0fad2efb1345e93655a61801c
189233_200w.jpg,200,279,portrait,none,21052,RGB,82ab8392bf6ddd7d2b57995776a566e23c062492
189234_200w.jpg,200,279,portrait,none,21820,RGB,73b890b137ea6934201fb613faf26f23fac719fc
189235_200w.jpg,200,279,portrait,none,20305,RGB,e262d9cbd33fda4c197b9c1e34b1f195acb372c5
189236_200w.jpg,200,279,portrait,none,20897,RGB,6deb378b2ce12edfbe8b09dba077fe2d4487fe51
189237_200w.jpg,200,279,portrait,none,19890,RGB,69e79c3cfdea7392732e7a9df36c13269ce254a0
189238_200w.jpg,200,279,portrait,none,26294,RGB,a51d78f887c898dc1bf86222cbb95862849aa00f
189239_200w.jpg,200,279,portrait,none,26579,RGB,b765f19481429e6fc87c584d0699c0971359a39b
189240_200w.jpg,200,279,portrait,none,24548,RGB,65c002fe5620dd202bac771ec95bfcc288399cde
189241_200w.jpg,200,279,portrait,none,20575,RGB,059d6354afa8e3180f617a24b7a7c22fc8659bc7
189242_200w.jpg,200,279,portrait,none,25078,RGB,584f4857ce330a2adb860e4c7cfadd2be1b1cee5
189243_200w.jpg,200,279,portrait,none,19233,RGB,745a3f298ab951eb034327806906f837b0544e7d
189244_200w.jpg,200,279,portrait,none,21198,RGB,4741fa7f453f4b4f070c4893107915b88ac1804b
189245_200w.jpg,200,279,portrait,none,20727,RGB,7126d97bab5ab6395022048b84e7359385fb351d
189246_200w.jpg,200,279,portrait,none,20354,RGB,e63a82fd4dc8ba314337189191e0d2f0831faefa
189247_200w.jpg,200,279,portrait,none,20283,RGB,da3eb820d056aae71bf21b6e1f2f0b9844afae3a
189248_200w.jpg,200,279,portrait,none,22096,RGB,0e997eb9e1bf8558abba37db682cbce42bc77a08
189249_200w.jpg,200,279,portrait,none,28552,RGB,937e5313b66971663ea0b396a32cc4ac9706205c
189250_200w.jpg,200,279,portrait,none,27126,RGB,3d1b9614e337dc4516167c505f6cc55371465882
189251_200w.jpg,200,279,portrait,none,26047,RGB,bd158e558ba6b3f2f7833154c85dec9d59d364e5
189252_200w.jpg,200,279,portrait,none,19614,RGB,0c9e5d834ec2ea09337339034b6aaa35ef0ef644
189253_200w.jpg,200,279,portrait,none,22458,RGB,d3665f2310671e28a90ab3619ffe5484e7b258df
189254_200w.jpg,200,279,portrait,none,21611,RGB,a0df052028f6ef75dbcc8339b202be21e14bf918
189255_200w.jpg,200,279,portrait,none,20764,RGB,aedd1a1dcc3a1fad5cb217e67ac6c29e8b102f95
189256_200w.jpg,200,279,portrait,none,20586,RGB,b6124e30d0958833ba73081dbd22270c54e0ed13
189257_200w.jpg,200,279,portrait,none,17752,RGB,7e178c6ac16659911330f624e48fe279ba7ef6e7
189258_200w.jpg,200,279,portrait,none,20941,RGB,b07361137ce882249c6ccf6062873cb0c5f8700c
189259_200w.jpg,200,279,portrait,none,23208,RGB,ae0756ed7ddd779324628aa1ebb427a25c55054a
189260_200w.jpg,200,279,portrait,none,21745,RGB,78c479503b49987a6cc913a6834a84d6284292a3
189261_200w.jpg,200,279,portrait,none,23368,RGB,3edcd4d551482e09ff7935338f137d33ae506a6a
189262_200w.jpg,200,279,portrait,none,24586,RGB,c7adecd279b25cd1a3c4ce141b933b2fc105dfc6
189263_200w.jpg,200,279,portrait,none,21005,RGB,5b25432c89fb59dcbbbc24e7b1c62e5b6c31c066
189264_200w.jpg,200,279,portrait,none,21073,RGB,a029f37518fb6214dc727efd5397e85cd2ffaa7f
189265_200w.jpg,200,279,portrait,none,19756,RGB,c71a6c6a9e79dcb1076b7ca0de31f20e46b47db9
189266_200w.jpg,200,279,portrait,none,20386,RGB,99d2c965732bd293dff9bb9b512e9bbc34637918
189267_200w.jpg,200,279,portrait,none,19302,RGB,270c94ad02e989f46a55dfd64d7f908604516f6b
189268_200w.jpg,200,279,portrait,none,19755,RGB,3872b03955012733e082b72777c24235b64cd9e1
189269_200w.jpg,200,279,portrait,none,20548,RGB,cdc759c562ba8c063158aecc8cf47605c6807fae
189270_200w.jpg,200,279,portrait,none,26283,RGB,d25f51e69e83fab019a0f83b9177b8ba88777fa6
189271_200w.jpg,200,279,portrait,none,20913,RGB,dc3bca90cdd55d92a9267daf68364c77444a22eb
189272_200w.jpg,200,279,portrait,none,21109,RGB,de3d879ed3ca838cfb11ef546007160401832784
189273_200w.jpg,200,279,portrait,none,20532,RGB,61f3350a950a93efd352531db59d9530793771db
189274_200w.jpg,200,279,portrait,none,19127,RGB,78573f78941950c75218ad0ba98bb7d79d23ec3d
189275_200w.jpg,200,279,portrait,none,24160,RGB,d238d69c94e00f4f1f65e06fc8deea405f2e6d0c
189276_200w.jpg,200,279,portrait,none,17691,RGB,8d5a97a627bb18aa06c61521e55cea00f0a1eeb0
189277_200w.jpg,200,279,portrait,none,21560,RGB,acfb6d590c5554188ea161b641d1aa302d9c3fe3
189278_200w.jpg,200,279,portrait,none,25055,RGB,a4a74dc3591f72b7bfd96606e44102b2ab7f5cb3
189279_200w.jpg,200,279,portrait,none,23320,RGB,7216ee54be3ea8065951a52f28546498be6c2ae6
189280_200w.jpg,200,279,portrait,none,19814,RGB,ac5b9ac7037c377daf0ca87aab02fc2dec72e2f3
189281_200w.jpg,200,279,portrait,none,17438,RGB,e0a92f2e0218d5f7a7981690a68a697a0d19de1d
189282_200w.jpg,200,279,portrait,none,25574,RGB,4401a2d3eaefc9240ba9f6e4f82cd7d2dd62be72
189283_200w.jpg,200,279,portrait,none,21290,RGB,fb8f0285b2b02e5f11c55e7603cdb84b35b0d34b
189284_200w.jpg,200,279,portrait,none,21236,RGB,7c08a986933ec3d30bbc74c474d0c2f2cddd031a
189285_200w.jpg,200,279,portrait,none,20530,RGB,9a9ad78ce92003ac81314d77f79ec72a31e99a92
189286_200w.jpg,200,279,portrait,none,24294,RGB,26abc20d2c42dde9b725892b1cced5c4cf076521
189287_200w.jpg,200,279,portrait,none,18711,RGB,eae5db6436a49e4f37a794082c1725e723d0f82e
189288_200w.jpg,200,279,portrait,none,23030,RGB,d4dec576bcdc5953692265fe3f8756b5a6c302ff
189289_200w.jpg,200,279,portrait,none,20197,RGB,b403fad369c8c2255279cb30c9e478d6aef556d2
189290_200w.jpg,200,279,portrait,none,25715,RGB,7f565abf02ae7479decc993d10254bd1f3855e68
189291_200w.jpg,200,279,portrait,none,17400,RGB,8b663cb6f17a8dfbf653608ea32661a926a7fef0
189292_200w.jpg,200,279,portrait,none,20965,RGB,35a2f07f6f078808a470eb89100ec821519f5e51
189293_200w.jpg,200,279,portrait,none,24935,RGB,ec19200cea1c0b4e11892917ab3a3ac59b3806a6
189294_200w.jpg,200,279,portrait,none,19974,RGB,6b8a4de9eb799f47a8fec3f75b58d5988f3e6ce8
189295_200w.jpg,200,279,portrait,none,18390,RGB,595a27ab986cc0aa9fa17cfa03eba30e060a95ac
189296_200w.jpg,200,279,portrait,none,19560,RGB,75025fbcce68267a97e06f26411dfef54f8c7dd5
189297_200w.jpg,200,279,portrait,none,19737,RGB,ac0fe2bc64fe510831c365288170f9d7e1d46cd9
189298_200w.jpg,200,279,portrait,none,20417,RGB,f7f0b367d2b340af6d30d1f7775b3d7e1e2256ca
189299_200w.jpg,200,279,portrait,none,22971,RGB,597202f37bb2b59ee8d6ceeca0ed73abd9dde975
189300_200w.jpg,200,279,portrait,none,24145,RGB,8b78b0b6e52df9b0a957bd1f70aad09d0af43284
189301_200w.jpg,200,279,portrait,none,22266,RGB,8d7be78ea10cd3e6df09a9fb4a6ef28fb54a1627
189303_200w.jpg,200,279,portrait,none,33147,RGB,1bb1c6f38b91affac9685f0992d23440ecb627e9
189305_200w.jpg,200,279,portrait,none,30039,RGB,a69903760ef82661b8c057b7234e3e773f627ee1
189306_200w.jpg,200,279,portrait,none,30412,RGB,0e13da19ec62bdba924fc627a492850658438460
189307_200w.jpg,200,279,portrait,none,32242,RGB,ad5bd42910c7f83f5fb19355803ddfbcc1430c84
189308_200w.jpg,200,279,portrait,none,27306,RGB,1a51d0f89f7e1d20517a682a685faef175dde25c
189309_200w.jpg,200,279,portrait,none,30245,RGB,8267c01dbf2de36d5d5832ae5d7b92ff3499e652
189310_200w.jpg,200,279,portrait,none,28531,RGB,6c86898a8f47f9e706d79fe97ae7558e688d6a87
189312_200w.jpg,200,279,portrait,none,28662,RGB,93e2c36a328ee5ffe09ee8165d81f0497126ad26
189313_200w.jpg,200,279,portrait,none,31065,RGB,40a329be0a29b89a13d2e293ee5430a589f6a6b9
189314_200w.jpg,200,279,portrait,none,28553,RGB,238e6129268371aa70c83ca36386a31eff81e078
189315_200w.jpg,200,279,portrait,none,29674,RGB,c40678b35fbb21ff8ba392c74f4eeae44474a79a
189316_200w.jpg,200,279,portrait,none,27518,RGB,104010d6e1212da9a7e60d4afeb82288e80431fa
189317_200w.jpg,200,279,portrait,none,29203,RGB,aedd00301cfbedaad7fce16a2caf8ba8c20d95ff
189318_200w.jpg,200,279,portrait,none,32115,RGB,009f85398c3bdcb1af16a9e7cf2e920efbdf3e46
189319_200w.jpg,200,279,portrait,none,28950,RGB,4cdcd8acc41b0cae6b19ce4df6de97fb5c3fb771
189320_200w.jpg,200,279,portrait,none,29183,RGB,5c3667875c9b0e413494e396e083965d4d3b5d79
189321_200w.jpg,200,279,portrait,none,30118,RGB,584a0eba40c62960d825a3b2391d5c6a063881fc
189322_200w.jpg,200,279,portrait,none,29770,RGB,b6ea6cf9fc5e3a8493c5c172582df6986907dfa5
189323_200w.jpg,200,279,portrait,none,27705,RGB,1f679272d71a0d865decd84902c13f0d3ac6df95
189324_200w.jpg,200,279,portrait,none,24458,RGB,26704fe099376d05cad36901b5ed36b67457e356
189325_200w.jpg,200,279,portrait,none,28378,RGB,86f34db4cd754459d719b75ae657f7df620b4f95
189455_200w.jpg,200,279,portrait,none,23815,RGB,c40031ffa1b29e32c38f107457a4a5fc1802cab8
189456_200w.jpg,200,279,portrait,none,22947,RGB,717fff32760d4c0c937a877c4832154bec579eb7
189457_200w.jpg,200,279,portrait,none,23083,RGB,15a9f1fbbb238071d31599218e6692fe818cb1b7
189458_200w.jpg,200,280,portrait,none,23347,RGB,63c38c8d69214a163ec1930864212da8f534c47e
189659_200w.jpg,200,279,portrait,none,37300,RGB,0ffb7e9c0f89b2b79fbf474722ab2a340598d8a6
189749_200w.jpg,200,279,portrait,none,22078,RGB,f455c88cd174be971fae79a63f79367433b1ef35
189750_200w.jpg,200,279,portrait,none,19523,RGB,b14b1d2d999ec0810418bcf528b3ed9f26b8b0a2
189756_200w.jpg,200,279,portrait,none,18350,RGB,2502b21e56dbd32dc7396fe92b89a35ba14cebc5
189758_200w.jpg,200,279,portrait,none,23247,RGB,16d3c088e35b6434aa7f8a56b71c9c66bd9de4c1
189759_200w.jpg,200,279,portrait,none,21697,RGB,589ab6d7379474fa774e68c878b1100f16b6cd57
189760_200w.jpg,200,279,portrait,none,20211,RGB,1a4fe66dc01d7e36ad14425a6be0e605c785cf13
189761_200w.jpg,200,280,portrait,none,20263,RGB,0f42333717c0f14a92dfec52ea5dd69375e32790
189762_200w.jpg,200,278,portrait,none,23876,RGB,2efe676d5c6b18112763f135beb75fd026bf5705
189779_200w.jpg,200,280,portrait,none,22626,RGB,db9092217be3fc044d55a75b6e3508fa6bf0a3e9
189786_200w.jpg,200,279,portrait,none,25861,RGB,0e049e91060b99366ab7e8065a148be2a35a85e2
189805_200w.jpg,200,279,portrait,none,17991,RGB,bb3cbf3d0ec858d959ffbd0467fa3825b4fc2ce8
189838_200w.jpg,200,280,portrait,none,21869,RGB,fbcae1f6e537548ff27e61e01780cd715c290cd3
190380_200w.jpg,200,268,portrait,none,19483,RGB,16e8276d1389839c0bc185c36d023f44c370d3a5
190828_200w.jpg,200,279,portrait,none,20169,RGB,0fb65ce42c6390fd31db89fa18f54c552e4c5f26
190829_200w.jpg,200,279,portrait,none,21616,RGB,74e3130c7e66c6c7fec8d7d59bbd7c78a15af1e6
190937_200w.jpg,200,280,portrait,none,23009,RGB,6c415e0052a629307de3c47bba8ba85581004b03
190939_200w.jpg,200,279,portrait,none,16670,RGB,1dc4d73725dfac4cfa7f06e01773c650f6c3240b
190940_200w.jpg,200,279,portrait,none,21450,RGB,e017d300c55d9b12058609db5c405889dbfda230
191545_200w.jpg,200,280,portrait,none,27916,RGB,2c926534153aa461c5cbd6ee6e9cfb85492f6f25
191605_200w.jpg,200,279,portrait,none,33178,RGB,fddbda1c1a16e8b5234a2248af4d1e8c4913e2f2
191618_200w.jpg,200,279,portrait,none,31067,RGB,d812039045f931686b829b75f5952f6bc802d30c
191625_200w.jpg,200,279,portrait,none,27983,RGB,2261ecd291b8a7eac092120d491193c7106a603e
191901_200w.jpg,200,280,portrait,none,22844,RGB,1319e19862ef84d25722fa17d783717c216c8f75
191902_200w.jpg,200,278,portrait,none,22384,RGB,6f03d47fa281b08cea927f26bd2cb112af00b59f
191904_200w.jpg,200,278,portrait,none,19500,RGB,c72b635eb01a19d66cedbbe4197bdab4ae3deb0c
191905_200w.jpg,200,280,portrait,none,20937,RGB,2bb095c0bdc114e1afc27b1ad07aba538869a17d
191906_200w.jpg,200,286,portrait,none,23846,RGB,1426f6d48b7132824669c34790e4e4b42c05a982
191907_200w.jpg,200,279,portrait,none,22851,RGB,0c151ccca26098fc95fa5ec376219d33d19d2df8
191913_200w.jpg,200,278,portrait,none,21007,RGB,90840eb353138896ef5c23d0a5d09e5c8bdf7004
191916_200w.jpg,200,279,portrait,none,22536,RGB,0ad60728b3583624ea8d74ff3c5e4f4763f56d37
192084_200w.jpg,200,279,portrait,none,26747,RGB,6c475c4ffb43a299166a6e7839c82e72712e614b
192085_200w.jpg,200,279,portrait,none,27849,RGB,6efe105353f07f6f68372cc3ee16a89ab617598a
193264_200w.jpg,200,282,portrait,none,22711,RGB,6c2b2ba7fe24efdcf8657a70e4f0368217804108
193275_200w.jpg,200,278,portrait,none,22594,RGB,75cc17610b3d701cd078149f132f629d9e4ebc6a
193276_200w.jpg,200,278,portrait,none,23581,RGB,e90690f235e5470a6adeaa82a77154560b181d09
193277_200w.jpg,200,279,portrait,none,28639,RGB,4242f6a269b9ef70bdd230975cf3e673b7b5747d
193278_200w.jpg,200,279,portrait,none,29593,RGB,8befaac8b7855e4b796338ea48b08ca7f2ee60e4
193683_200w.jpg,200,280,portrait,none,22442,RGB,9cef9b4400e70af6f9c33a7aa49c75a6d2663e43
194915_200w.jpg,200,279,portrait,none,30987,RGB,4acd315d7344421b2287184dc6c1a00d4299c8be
194916_200w.jpg,200,279,portrait,none,31922,RGB,0756d4f10b5c60af1953cd3debfc8de7912eb74f
194917_200w.jpg,200,279,portrait,none,28460,RGB,fb065c789d10ede683bbde0e98231f9b5dd0c043
194918_200w.jpg,200,279,portrait,none,20213,RGB,fe90d37127e7a415acca5b381e4b4d586247cee5
194919_200w.jpg,200,279,portrait,none,21022,RGB,f1b480d56700e1fd06333e2d5bf8f15686a0735d
194920_200w.jpg,200,279,portrait,none,21226,RGB,7e3825e8ac81f446307209d26a65ff50db3f6785
194921_200w.jpg,200,279,portrait,none,18811,RGB,d5155cf4b3dd9d01884fe379a9c80d6db67b4ae2
194922_200w.jpg,200,279,portrait,none,20839,RGB,e14c080ccf9c4a27330975b0ece726cb70c562f2
194923_200w.jpg,200,279,portrait,none,24892,RGB,d88d283a7a3a9b3d6f3e5977c1e6b6de11125e3a
194924_200w.jpg,200,279,portrait,none,22963,RGB,f9a8390e5eb35112afb51c23389cda54ea9307a1
194925_200w.jpg,200,279,portrait,none,23366,RGB,77b34c8b7a1f913036e7e9fd10a98c8cb6739952
194926_200w.jpg,200,279,portrait,none,20005,RGB,0a04c3e81c6570ffb4f15d73cac93a0ca9d60d5d
194927_200w.jpg,200,279,portrait,none,23837,RGB,5a0cccad3391fa5cbc21cb73fb2f628122695b2b
194928_200w.jpg,200,279,portrait,none,19235,RGB,630abb50ecc17415902682a654ce171a86091737
194929_200w.jpg,200,279,portrait,none,18711,RGB,1d2cd1f61eeafb5df26bf4384fa4cc011d0f0249
194930_200w.jpg,200,279,portrait,none,22961,RGB,ed81cadc07a7f0a2ece053ddbc601e0e79442c07
194931_200w.jpg,200,279,portrait,none,20382,RGB,2bb95db7a3413b591112bfec73d4db705bf20a6a
194932_200w.jpg,200,279,portrait,none,23882,RGB,56728578b6746b8c9345cf97bb9bc71c88815471
194933_200w.jpg,200,279,portrait,none,21043,RGB,7b43e90333899ac4e5633c686c19ee817236d1dc
194934_200w.jpg,200,279,portrait,none,22184,RGB,7c560fc599832c96b702bfcecc80ebe51821494b
194935_200w.jpg,200,279,portrait,none,22739,RGB,a39c4d1c6af21261ff90c9b75bc636ba1649ea4d
194936_200w.jpg,200,279,portrait,none,24221,RGB,a1d71e77e12a81c899b95e445552537136c2e1ce
194937_200w.jpg,200,279,portrait,none,21758,RGB,61eacc3a9478ef29b4d8c1d39227f468426c8933
194938_200w.jpg,200,279,portrait,none,24307,RGB,288df0af1730a965ae3d66ac99264b31fec3a881
194939_200w.jpg,200,279,portrait,none,21354,RGB,67a04bb2794fe13c89e986f88aa81e53b08e9baf
194940_200w.jpg,200,279,portrait,none,21938,RGB,7b597f6fcb595a2d2bfbe56d845604c64d16dedc
194941_200w.jpg,200,279,portrait,none,29212,RGB,bdf6b3097ad44c56b3477f447f99b994d7b5e7e5
194942_200w.jpg,200,279,portrait,none,29744,RGB,99ec066758c85c5d1406767190f6fc78e08ddd3e
194943_200w.jpg,200,279,portrait,none,25323,RGB,90338760f6900780531ad135d19d0d97cef90277
194944_200w.jpg,200,279,portrait,none,21690,RGB,17b241e6ba8092477a7dead6f0887c197ca081e3
194946_200w.jpg,200,279,portrait,none,22071,RGB,98c80507dca929f8590e9330819d2f2835315840
194947_200w.jpg,200,279,portrait,none,20575,RGB,712179648b2336edf89e3e8b63c302bd8ed249c9
194948_200w.jpg,200,279,portrait,none,22112,RGB,666037758d0e4b7cf9f5bdc15a29a8d481dd151b
194949_200w.jpg,200,279,portrait,none,21451,RGB,4f5f3229ec11fb91d3afe9a32d3cfcd28c410c27
194950_200w.jpg,200,279,portrait,none,22733,RGB,ebc636721238f331c1bce65282aafca96d472d59
194951_200w.jpg,200,279,portrait,none,19387,RGB,6b14ec69829afc5e8c7428a56206ad7a07d688af
194952_200w.jpg,200,279,portrait,none,20116,RGB,fa76d22a0865bc2e72ec47a215fba4070ac0aed2
194953_200w.jpg,200,279,portrait,none,29347,RGB,ff17977cf22ccd209a7c9a1f033282fe43fbd734
194954_200w.jpg,200,279,portrait,none,28011,RGB,067aa10efcaf8eccc2fa1013514c9339c7df2694
194955_200w.jpg,200,279,portrait,none,28060,RGB,d973767dc768f679201c72094754c8b5abcb00be
194956_200w.jpg,200,279,portrait,none,26052,RGB,2aeec0bc522ed242bae0d10030e03b5041b94768
194957_200w.jpg,200,279,portrait,none,23452,RGB,4e9ab20674f3878d0a00fdf87936a2bea1b2d1a5
194958_200w.jpg,200,279,portrait,none,20581,RGB,b626679b6abd84dd55e0ae4beb24162893794ae9
194959_200w.jpg,200,279,portrait,none,22268,RGB,9d3f9c93357fe87dcdeea17d52ba8d5300c80237
194960_200w.jpg,200,279,portrait,none,20563,RGB,e0cbc0940229aa6cde01afecf0c5b70b03bc59cb
194961_200w.jpg,200,279,portrait,none,21976,RGB,0165d647360d07ac24dc1ed6dfad7f97ca861c4d
194962_200w.jpg,200,279,portrait,none,21215,RGB,91e27e8fa179c39717b408fef7430da966cf479f
194963_200w.jpg,200,279,portrait,none,23238,RGB,b64ddbc069a8f001bbc6ce18b736f75433614551
194964_200w.jpg,200,279,portrait,none,22270,RGB,27799872601a40fb187e05e9d375d7a1ca661be9
194965_200w.jpg,200,279,portrait,none,20547,RGB,92e3bdd2c347bdb38c63bc030a3fb8314157e46b
194966_200w.jpg,200,279,portrait,none,24435,RGB,30d7422608427db065fcbc3770de9e55dc912a9f
194967_200w.jpg,200,279,portrait,none,21759,RGB,c071d565887ce1ec4e71c7521817bccdf00c888f
194968_200w.jpg,200,279,portrait,none,30350,RGB,a6a1d4948ddbffdcd6157917fd7fe451aadfbe52
194969_200w.jpg,200,279,portrait,none,25884,RGB,f45e90859b80f9b01e3592eeb594463fbf4aefb3
194970_200w.jpg,200,279,portrait,none,24678,RGB,b9f0d240551fa8bc15ec1fd4758a5c205dec65e8
194971_200w.jpg,200,279,portrait,none,19582,RGB,ba673ab311a68cedb1a5e1d897726b9a30f049fb
194972_200w.jpg,200,279,portrait,none,25069,RGB,15b6bfa5909e98ddffa2cde5c5be352067a3d4ea
194973_200w.jpg,200,279,portrait,none,23339,RGB,b6c71c52be68794b2bc8e523a35d9234dc6594cf
194974_200w.jpg,200,279,portrait,none,26391,RGB,1640e9c98d3a3020d46fda7e1afcb74be65092ba
194975_200w.jpg,200,279,portrait,none,24076,RGB,268e01ae54587b27955993b88ef8fbf19a4b2dd9
194976_200w.jpg,200,279,portrait,none,24237,RGB,9d94b8b47bf5bdd6de02378e310f5f7410c1d9cd
194977_200w.jpg,200,279,portrait,none,30454,RGB,875a209917bda9aae5c2552bf4a93201de8845fb
194978_200w.jpg,200,279,portrait,none,30295,RGB,2955715af5b025a1fba5f430910a10fa13b60de2
194979_200w.jpg,200,279,portrait,none,30505,RGB,226ae10974c7c224da196e3360d83c3167f5db67
194980_200w.jpg,200,279,portrait,none,27327,RGB,14f4b5a1e7057ea6bf039dd4f146a4a85ee34eee
194981_200w.jpg,200,279,portrait,none,21588,RGB,9137fce78577b83208e9af855437d6958e48fd60
194982_200w.jpg,200,279,portrait,none,20215,RGB,6d35523ca4318588a98b4a672c9ade272f56cb35
194983_200w.jpg,200,279,portrait,none,23435,RGB,497f17b040e54f3f6049d7261f7e5c38abe0c174
194984_200w.jpg,200,279,portrait,none,19770,RGB,4ff969b214515b1e026b430054d8842f716c51f4
194985_200w.jpg,200,279,portrait,none,21943,RGB,f4c4571c692f7cff6cfd0f5f9bf0fc97a66a1c8d
194986_200w.jpg,200,279,portrait,none,21473,RGB,9b565b215415defbb286f05d973dd242d3208332
194987_200w.jpg,200,279,portrait,none,19750,RGB,aeafe064fa47a1a7859ecf49e2c58f79ae4c3377
194988_200w.jpg,200,279,portrait,none,22671,RGB,15096e14b4c2e6a5758fdce1d9b9910d77ec398f
194989_200w.jpg,200,279,portrait,none,17850,RGB,caa9f7717d6f542ded5b78ca20ed6ff87da9b1c3
194990_200w.jpg,200,279,portrait,none,18918,RGB,dc70abf8ceefbc89f20733cf72bfaf1498dda1d8
194991_200w.jpg,200,279,portrait,none,21693,RGB,6d064c6638d9affa8c77c3f35412e34628361de9
194992_200w.jpg,200,279,portrait,none,27267,RGB,e7ed5e099a5922f020955fc48e90af980f900eb2
194993_200w.jpg,200,279,portrait,none,20001,RGB,afd8af42eebe8b469b9989fc52414b2f13e38213
194994_200w.jpg,200,279,portrait,none,25398,RGB,b6cc3281d6fc53029de3e493ce4c41aad06aca8b
194995_200w.jpg,200,279,portrait,none,22705,RGB,9a48007417a403be817144d99b3d5a447636809f
194996_200w.jpg,200,279,portrait,none,25816,RGB,ec1b0d2dd03afd29e97c3fd032b3d6d9be7a6080
194997_200w.jpg,200,279,portrait,none,29042,RGB,a408495e464e63889e3f19e5f3f24265bf8ed776
194998_200w.jpg,200,279,portrait,none,26466,RGB,f3ef595d91c9048a68b2f141afbf1aaaedb8cd12
194999_200w.jpg,200,279,portrait,none,27038,RGB,e1814413d08ca385768da74125087ecee3450c70
195000_200w.jpg,200,279,portrait,none,28219,RGB,6b1c21b64a20596e4b251e8448a5f393634b0b17
195002_200w.jpg,200,279,portrait,none,20897,RGB,e07e7bbf37397a75bcca6252d373ea3d9a3a994c
195003_200w.jpg,200,279,portrait,none,22568,RGB,d99519f8efa5dfa349ca2757e0efb23610b3f23d
195004_200w.jpg,200,279,portrait,none,22642,RGB,2afbfd2c616935e3e58e539769498917bbc026c9
195005_200w.jpg,200,279,portrait,none,21875,RGB,c3029256909b9075984e6b1c937740b7b0f6cd9a
195006_200w.jpg,200,279,portrait,none,24286,RGB,f2cc5ae69f1ee915adf3b872f141f2e9937d6014
195007_200w.jpg,200,279,portrait,none,22963,RGB,8db0473419359d38d60132d77189a94b2ab9980f
195008_200w.jpg,200,279,portrait,none,23388,RGB,d6ad006372e3498a8114a7b5548940e0622a6fd5
195009_200w.jpg,200,279,portrait,none,26844,RGB,cdd55a8fa23b214881e39d201838998a7db018f4
195010_200w.jpg,200,279,portrait,none,19728,RGB,c716c052cf2e794291bd7a8e0377e6131d3b2db7
195011_200w.jpg,200,279,portrait,none,20082,RGB,4456283edfeab524713af41320ccb4f4be57f7ef
195012_200w.jpg,200,279,portrait,none,19341,RGB,3d69fd0f25ff5fec05fb4ee19822302e7139c880
195013_200w.jpg,200,279,portrait,none,19376,RGB,ba0e8ac748bc0cb346c5da45e989db86d7f5b1d4
195014_200w.jpg,200,279,portrait,none,21040,RGB,c084e60ccaa99be0cc352bbfb1be6ba498c42e3b
195015_200w.jpg,200,279,portrait,none,18248,RGB,c2032c36e6736362ab49c58af89a36a0619f04d9
195016_200w.jpg,200,279,portrait,none,24500,RGB,3ff6aaceaa425788e268cb0a28e21775354c674f
195019_200w.jpg,200,279,portrait,none,19720,RGB,b0c454b6dcaf0fa5fa6c1f731c82ec04be549d20
195020_200w.jpg,200,279,portrait,none,18595,RGB,ba1962b37d81b136bc233d1413a9824f9a0271af
195021_200w.jpg,200,279,portrait,none,21032,RGB,c51e1f0d3723092ca579902d17ecc6cdd202423f
195022_200w.jpg,200,279,portrait,none,18829,RGB,70c5975ae73928a8118f12dd31b39d6e9c40a482
195023_200w.jpg,200,279,portrait,none,22245,RGB,97a551e197278bc73e006bfd7ef03d770dfaf3f5
195024_200w.jpg,200,279,portrait,none,20416,RGB,b6caaf98bca102bb0096fbbe9dbbabdb06413b68
195025_200w.jpg,200,279,portrait,none,18023,RGB,2b9429d89d99ba145cd65a87c40fca68bc82505c
195026_200w.jpg,200,279,portrait,none,22324,RGB,8f6a1556180bbb2721807fd0dd3e9aa3f93b3284
195027_200w.jpg,200,279,portrait,none,22838,RGB,acab7824608c62bdf44f89a0667f293e33f9882c
195029_200w.jpg,200,279,portrait,none,19220,RGB,db72407688e1aee8669b3856679db7b9f84686f6
195030_200w.jpg,200,279,portrait,none,19515,RGB,55138d71df56845ba942eca6a684eed4b7542114
195032_200w.jpg,200,279,portrait,none,20761,RGB,cf5e5134b31b2759659216f483c8c52709bf6f5d
195033_200w.jpg,200,279,portrait,none,21105,RGB,5dc1cb91230780e2f2f22dec8ec2c2ddac32cc2d
195040_200w.jpg,200,279,portrait,none,21916,RGB,81032c62a3f45fc264e9576c091824bdb82ec12e
195041_200w.jpg,200,279,portrait,none,22725,RGB,f2aa958b07a3c412f3f06d4516f2e5dae38886bd
195042_200w.jpg,200,279,portrait,none,21736,RGB,f34cdc9b014f2812a219a60647ccdbb467bbfb35
195043_200w.jpg,200,279,portrait,none,21523,RGB,05800926d2b97a6c355d092fe0d080bf251d8456
195045_200w.jpg,200,279,portrait,none,21695,RGB,f3a88db73cbea6add15729c60bacbf5b11435e5c
195047_200w.jpg,200,279,portrait,none,21835,RGB,a79b42c361ed2e6eb461d780a24cbb59e9e0f3fb
195052_200w.jpg,200,279,portrait,none,27299,RGB,5e4b348c07999b4407b03f3037c5970d50794929
195053_200w.jpg,200,279,portrait,none,25201,RGB,3389f52c6eb0db7648650c8a4f47130f58134241
195054_200w.jpg,200,279,portrait,none,24260,RGB,db67f9e4a5f83e0fe08cc5fef4a93e0531a0cb24
195059_200w.jpg,200,279,portrait,none,23595,RGB,fce6552ef7fb5a5c651f8b542f1e6554e3965aab
195061_200w.jpg,200,279,portrait,none,20038,RGB,d195d71b479a119b9f044ae72e2d647edb940ab7
195062_200w.jpg,200,279,portrait,none,21769,RGB,f9ce63da0ad3794daf04c50805fb5616a294656e
195063_200w.jpg,200,279,portrait,none,23877,RGB,d8044ac9fe22f0e7d76c2ce94878989816b463d6
195064_200w.jpg,200,279,portrait,none,21220,RGB,ee2dd745f84e228842cd89f2375fc0efa11e6757
195065_200w.jpg,200,279,portrait,none,19472,RGB,453bbb08bdf9010245cba9aed7f5cd0b6e78cd1e
195066_200w.jpg,200,279,portrait,none,20358,RGB,8679bef4a72e466d3cad5a340918681e53165ed6
195068_200w.jpg,200,279,portrait,none,25399,RGB,97d96a2e77c73b069298cf9e7c7ea5ffdc24d117
195069_200w.jpg,200,279,portrait,none,22135,RGB,8f5fdd727ccf78516d7ad7647272d9c59f2a225b
195070_200w.jpg,200,279,portrait,none,20530,RGB,4be754b08388779a08b849c66ed18874bf6c5102
195072_200w.jpg,200,279,portrait,none,23488,RGB,010e454149badc64a7027f9acec8a48ec49fcf6d
195073_200w.jpg,200,279,portrait,none,20537,RGB,70bbf5c8b2ed94a972d257d240558981aaf40b64
195074_200w.jpg,200,279,portrait,none,21412,RGB,811cb1b70b408d662308f282091f52f83f2444d9
195075_200w.jpg,200,279,portrait,none,22492,RGB,6983da84f8bbc5d6ce59f849b21ed6c6284f85fa
195077_200w.jpg,200,279,portrait,none,22817,RGB,1f426a6f7f84219bb0e3addbbddd2108f1505b96
195078_200w.jpg,200,279,portrait,none,21650,RGB,db9e36e00cf738d11b834029d73cad376027ad71
195080_200w.jpg,200,279,portrait,none,22522,RGB,6f81919dd0801c7f914d6e3544651683300e1e25
195081_200w.jpg,200,279,portrait,none,24731,RGB,db5717572ee3252940adaea15ff765eae3b01002
195083_200w.jpg,200,279,portrait,none,28460,RGB,5edc611dca2ddfd701015568a1ee16fbf4e7b28d
195088_200w.jpg,200,279,portrait,none,28270,RGB,4ef3d9bde4155ba2260e1d77952f801ae4cb8bef
195089_200w.jpg,200,279,portrait,none,28886,RGB,436928a46fe865686bf7ae52ce44ee1846496eda
195090_200w.jpg,200,279,portrait,none,27364,RGB,bb388e4a43a24d228e64e40a75e1982a41285553
195091_200w.jpg,200,279,portrait,none,23404,RGB,53a047cd91417ab16b3b3b84eb0d1bd976969ffd
195094_200w.jpg,200,279,portrait,none,22599,RGB,13191a1af229187818d68bcd52ac35740698e961
195097_200w.jpg,200,279,portrait,none,21042,RGB,c202293692ec8576308a51b7cda9b3360abfeb46
195100_200w.jpg,200,279,portrait,none,25843,RGB,df1d9d966b80319fe65d29c33e3f6f17f850a3d4
195101_200w.jpg,200,279,portrait,none,20987,RGB,6231d7fa0a6a3bc5d40742b319de6567ed5581d8
195103_200w.jpg,200,279,portrait,none,28436,RGB,0c9a2f147afa12f09fd8043735fa927d9cda9e5e
195104_200w.jpg,200,279,portrait,none,21067,RGB,6d3e0c9ff505cdc555e93d679a85ca2670e066cb
195105_200w.jpg,200,279,portrait,none,24898,RGB,880a12e518d5a464bc3cf4e58f0bdaf7903aa0fe
195110_200w.jpg,200,279,portrait,none,23001,RGB,7bc25832f58073b0e0229096d9936eb644c3054a
195111_200w.jpg,200,279,portrait,none,23091,RGB,1e30be3890adbfec90e634292bd7e2ec50d47159
195113_200w.jpg,200,279,portrait,none,24191,RGB,cb87600eee8a2589f4bc00b60e9135789b54af62
195118_200w.jpg,200,279,portrait,none,23657,RGB,07330d0fd78eefb9578b08e5bf8138179a5db855
195119_200w.jpg,200,279,portrait,none,25683,RGB,d4c606f2a6fba9d02c4bd0e2a49a3a8ddff4601b
195122_200w.jpg,200,279,portrait,none,26257,RGB,039323ff78dbbd95c600e0717c329b2e6d71de18
195124_200w.jpg,200,279,portrait,none,26373,RGB,423d1386b57830a7740436ac6fa89d73e9d94f8d
195125_200w.jpg,200,279,portrait,none,25201,RGB,0f5065240e99fabb09c1ecbb4f0750a725b18a47
195126_200w.jpg,200,279,portrait,none,23444,RGB,e1263017e48f2b53671d400da5a32cdfb392116e
195131_200w.jpg,200,279,portrait,none,22809,RGB,d6210f2e7774e78baa8114f69a78c7af0af3a8e1
195132_200w.jpg,200,279,portrait,none,20403,RGB,503e3b5d07d172a8e42ef850075f7777ac197e63
195138_200w.jpg,200,279,portrait,none,28228,RGB,f6a9abdc696a456a2db3f9ed55c742c88512ebde
195139_200w.jpg,200,279,portrait,none,31641,RGB,30b49a971b2c9fb13f4f8a65e883513dcc786942
195140_200w.jpg,200,279,portrait,none,29151,RGB,bb2396b77bace91c78fab55076f2927823ef92f9
195142_200w.jpg,200,279,portrait,none,23204,RGB,dde495166d09f9bb487b58d3cd8c08e23b51b019
195143_200w.jpg,200,279,portrait,none,20791,RGB,e0d7ea57d53dd63150491563a5e256503c3e7a97
195144_200w.jpg,200,279,portrait,none,21865,RGB,6fe39df212d446ce15d5c71744e9aa6d4ed9657c
195145_200w.jpg,200,279,portrait,none,22407,RGB,ca21e9015ee0f6b81da7e782f337473877f8c9f3
195146_200w.jpg,200,279,portrait,none,24966,RGB,b06518351513b29100e20c28ef9259ad1801917c
195147_200w.jpg,200,279,portrait,none,27988,RGB,5fe91dd023061e88aa3becc71c84449f8669ea08
195149_200w.jpg,200,279,portrait,none,25755,RGB,002c2c8f1633b95d63fbc4bea65aa857d825af0c
195150_200w.jpg,200,279,portrait,none,24593,RGB,a61f28f8f1c93f5b67209bc80564a42d80b78f16
195151_200w.jpg,200,279,portrait,none,23020,RGB,9b17734c11d3f29c25d0181a3c1446a19dac5fa5
195152_200w.jpg,200,279,portrait,none,23889,RGB,eeeab69f2fd2e45f296f7a7411c17e8c27cb8f53
195153_200w.jpg,200,279,portrait,none,23101,RGB,20503808f0983185a0ce51c20a207976b0746f4e
195154_200w.jpg,200,279,portrait,none,24250,RGB,7fa497f64e14733fff48b6cf6a4efdfe94274ed1
195155_200w.jpg,200,279,portrait,none,23691,RGB,20d4dfecd716daf4715b107ab516c13f8ccdca27
195156_200w.jpg,200,279,portrait,none,21288,RGB,aaef7182b7755a9ad8f0ab47aa342f7856c220dd
195157_200w.jpg,200,279,portrait,none,23241,RGB,25fcb55ed8b6a17277959be5fcb87a99cd5a94d0
195158_200w.jpg,200,279,portrait,none,29294,RGB,4c77e8bb4298006574ffc7864f77d9965945e829
195159_200w.jpg,200,279,portrait,none,28643,RGB,67d4e0515becba09747ebd13da6ec655c1a56db3
195160_200w.jpg,200,279,portrait,none,27856,RGB,14edce598679547454a34721f1c9e76b7ea2b4a9
195161_200w.jpg,200,279,portrait,none,22295,RGB,9b13bf33debe2f8bb3c458ee41bba844a7318fdd
195162_200w.jpg,200,279,portrait,none,20411,RGB,272431ab1009b6413e4a6a704fd21c3c650a0f50
195163_200w.jpg,200,279,portrait,none,23650,RGB,0d9e8c72d5b71f7668dc3e6fab06b817f880fd75
195164_200w.jpg,200,279,portrait,none,23571,RGB,f8c25210f2d3fca87dbe1fb8bcaa7c76dfe0aeab
195165_200w.jpg,200,279,portrait,none,20595,RGB,5573d02824a4ccb57cfab1ad35797f3fac2d74a6
195166_200w.jpg,200,279,portrait,none,24846,RGB,876fbf825434f43e385541b174d936ac601cd4d3
195167_200w.jpg,200,279,portrait,none,20689,RGB,18064eef6942f78899cd7b0598be3c67630fcb70
195168_200w.jpg,200,279,portrait,none,22382,RGB,2373fe90973f667c3ebccd21309ad74418ca23f7
195169_200w.jpg,200,279,portrait,none,21969,RGB,ece1f42198aa5fb31a1109302375f8dd2182da9e
195170_200w.jpg,200,279,portrait,none,23786,RGB,192be99bee8178589e2bf4908f06c36d059a269b
195171_200w.jpg,200,279,portrait,none,19887,RGB,1bee8a8dede77911961b3df17bd13bf2f6c4fa89
195172_200w.jpg,200,279,portrait,none,22235,RGB,3f1f612058255e9536553018ccfc8fb4b7a1ebdd
195173_200w.jpg,200,279,portrait,none,21650,RGB,ac03d8d6ecacfab19111aacdd7365af13a3441c7
195174_200w.jpg,200,279,portrait,none,19603,RGB,c14defa8793c923cc21f319eb001021ff8f03f52
195175_200w.jpg,200,279,portrait,none,20544,RGB,1bc25bde1e18b205260f5ba3807402b32d971879
195176_200w.jpg,200,279,portrait,none,20513,RGB,472194043062f2cc48c81fe19c12a20cfec91c4c
195179_200w.jpg,200,279,portrait,none,20953,RGB,f9a7a7f2bfe53287c948b96d99698fb139c67153
195180_200w.jpg,200,279,portrait,none,23145,RGB,4de481f757fb20ed3bae1bca0b397ce2bf499798
195181_200w.jpg,200,279,portrait,none,18889,RGB,eb017111aec1137630450bef5f9c6c6b96370a81
195183_200w.jpg,200,279,portrait,none,21580,RGB,52f9fb6dd986eeaeede6555b6918fc9e79b8accb
195185_200w.jpg,200,279,portrait,none,20596,RGB,deabdfc14edf40fba6bfe3446ae6f298ccb0eeb0
195192_200w.jpg,200,279,portrait,none,23480,RGB,5d4ce21a4efd6f1391a2178dea28842397baaef0
195194_200w.jpg,200,279,portrait,none,18849,RGB,998c1d8cf46d5e7e30dbe262422e5e627e17b7de
195214_200w.jpg,200,279,portrait,none,21905,RGB,f76be367eb41ee5e704ba31a2290ff8a833a4e24
195215_200w.jpg,200,279,portrait,none,19077,RGB,ce7e453ba49ec80d73913114a74e88b80bc205d6
195216_200w.jpg,200,279,portrait,none,24342,RGB,5bd98b8a019d8718cb6384d8786d90234e8208b3
195217_200w.jpg,200,279,portrait,none,15690,RGB,83b56c069b74c6fdf90f819014676532ee94c442
195218_200w.jpg,200,279,portrait,none,19543,RGB,6b0e613850c32fb35b30800448a0027b0f1701ac
195219_200w.jpg,200,279,portrait,none,19250,RGB,55df687c1125f3656bbc379ff88e9d69462aab97
195220_200w.jpg,200,279,portrait,none,20466,RGB,a805cff411d79b62f292fb77e58cdc708d8387bc
195226_200w.jpg,200,279,portrait,none,19081,RGB,2394fef50b2fa00a425e79009558930619519ba3
195227_200w.jpg,200,279,portrait,none,21517,RGB,38483201418c7b6caf14c33db78624cdc8670d2d
195229_200w.jpg,200,279,portrait,none,18133,RGB,8f54571a0f96956c5450412b0a188ecfd2c42395
195231_200w.jpg,200,279,portrait,none,21757,RGB,b19c60c7de2746bb37450512d343347636929f64
195250_200w.jpg,200,279,portrait,none,24182,RGB,5f972b3c0dd5307a0721c7f3a1078ca17d88b727
195251_200w.jpg,200,279,portrait,none,22509,RGB,9346ed602d67879894f9188f7ee07f65b6704e46
195252_200w.jpg,200,279,portrait,none,19124,RGB,8c2c9ef6107138f7df4846e08a4acaa122d68549
195253_200w.jpg,200,279,portrait,none,17896,RGB,f9237a566cbccad32d9825186e48202596ba80e6
195254_200w.jpg,200,279,portrait,none,19006,RGB,0001bf6edb44d9e03c3e6fd50d76997ffe348123
195255_200w.jpg,200,279,portrait,none,18460,RGB,7da579d3d0e518d07683a0aa3e230f0aa0970925
195256_200w.jpg,200,279,portrait,none,20283,RGB,afe99410bc376a9e894dc867726c21b1ea142794
195257_200w.jpg,200,279,portrait,none,20507,RGB,1aa0cc46329ff69fa2fc376458249ac0f34f0fea
195258_200w.jpg,200,279,portrait,none,22870,RGB,c45a12049c8225c78a40af1dbc145a0ccc2763ca
195259_200w.jpg,200,279,portrait,none,20728,RGB,cac29ff2b6185a3eae401e0dc2e4dea5876a5543
195262_200w.jpg,200,279,portrait,none,21175,RGB,4fc769f7675f0c47c87afe91a3690e3d4565fbe3
195263_200w.jpg,200,279,portrait,none,19714,RGB,7fa88c8608af2bc52d08c4c04bce3c6ee9669a7a
195264_200w.jpg,200,279,portrait,none,18415,RGB,d5668f7c05cbe29866d0add2b6d3894f3cd8f7b4
195265_200w.jpg,200,279,portrait,none,18528,RGB,c0a46b8f50fb2dca6c5346676a7156bdaba5a2b3
195266_200w.jpg,200,279,portrait,none,19064,RGB,3110d824844666c4a3cde8d642f77372459eb374
195275_200w.jpg,200,279,portrait,none,19513,RGB,4c6f72243d8a7cc5b3fe3ee46bb48d30d8d451ca
195277_200w.jpg,200,279,portrait,none,19859,RGB,20b690083e7b666d9ffcff143b11622f7043c29d
195279_200w.jpg,200,279,portrait,none,18329,RGB,4285dba412fe52e051bbe4832434e12c411f3fad
195283_200w.jpg,200,279,portrait,none,18786,RGB,d8e0f5d0e1e43c60dd2ec60180f7249552d971f9
195290_200w.jpg,200,279,portrait,none,30227,RGB,436de61a5c06eb7fd1bd35e490f5b66322edfe82
195292_200w.jpg,200,279,portrait,none,26388,RGB,5f3674ba279e39c9b309406f2e2425320d76ae9e
195293_200w.jpg,200,279,portrait,none,25916,RGB,34e2bb0817ed5e71cc4f6ff6658938b82c7fe238
195294_200w.jpg,200,279,portrait,none,26046,RGB,89d8825da0913f7e893fd9578d2b066dc5ba9b85
195295_200w.jpg,200,279,portrait,none,23383,RGB,790b98d066c336fc248c52e0817c9a6718d34382
195296_200w.jpg,200,279,portrait,none,23322,RGB,3e7b2767c0f495a0995d4a4ae0f4dfefc5e8f8c9
195298_200w.jpg,200,279,portrait,none,26200,RGB,5f52e7d31326894d8c948737b6ba0847ba12128a
195314_200w.jpg,200,279,portrait,none,21507,RGB,a2cd0151b6aad8750f428b0ac4554bd8aa7b5259
195315_200w.jpg,200,279,portrait,none,26257,RGB,445b2c42ddd53ee5cec98dc1dda3eb82ed424405
195316_200w.jpg,200,279,portrait,none,23535,RGB,db1acbb9abaea7b2208f8564c012d33fd51071d6
195317_200w.jpg,200,279,portrait,none,23886,RGB,ffc98e0aa86dd7dd97581cb9355795b59a27d6fa
195320_200w.jpg,200,279,portrait,none,24174,RGB,24d3dcc4297fa9d4e5d273a8ca23b83b8cb22b99
195321_200w.jpg,200,279,portrait,none,25352,RGB,ad971f4f887dda2a2cee0396fd0f87600a176c1b
195330_200w.jpg,200,279,portrait,none,30252,RGB,41e039130f888f23aa439bb6cb1471b2574a2160
195332_200w.jpg,200,279,portrait,none,21165,RGB,ecc8828e4a14a17c7c3fcda4475861523004ef82
195333_200w.jpg,200,279,portrait,none,21328,RGB,232275dcec657785089599a9112801fd7a5ee207
195344_200w.jpg,200,279,portrait,none,30425,RGB,84e65ba2a8741ad574ea24fef56d9e051fd99032
195619_200w.jpg,200,279,portrait,none,26389,RGB,54176caef94b675393da06df10ac7820358670d8
196347_200w.jpg,200,279,portrait,none,31111,RGB,02ebcea66628afca95911c56f968eded1720c5d6
196348_200w.jpg,200,279,portrait,none,32037,RGB,694fec91546399918d9208957dcbd69bc0733484
196715_200w.jpg,200,279,portrait,none,25130,RGB,3fe49081cf2c57b053c83ebaf9a44b318251d868
196716_200w.jpg,200,279,portrait,none,24481,RGB,339d6db284db141118c4d28047f728251481bd5c
196717_200w.jpg,200,279,portrait,none,24804,RGB,084e5402cc6910c415e0ea73c86fc301aecd6cbc
196718_200w.jpg,200,279,portrait,none,24043,RGB,f1954d6c772aff1ca0d35ec06271dee313070901
196719_200w.jpg,200,279,portrait,none,20583,RGB,0adde80b07bc03fe832b57243b23aabcfe80d184
196721_200w.jpg,200,279,portrait,none,25971,RGB,5fb9f48c7c8afd3cdd120125545f0905690d447c
196723_200w.jpg,200,272,portrait,none,23708,RGB,11b9524cba1e78b0b66a4d479e45acfa9f0ba717
196724_200w.jpg,200,280,portrait,none,21115,RGB,92ace700622bf6574f04b3d02ba41da9ef49c4a1
196992_200w.jpg,200,279,portrait,none,20172,RGB,2cebb51747b6190c3fd903b369833d1565228b63
197643_200w.jpg,200,279,portrait,none,22012,RGB,83556c82988e1696d7de104aedce371601c61067
197644_200w.jpg,200,279,portrait,none,20209,RGB,fea4e520db4590af7b29580f350281b3a11445df
197645_200w.jpg,200,279,portrait,none,19826,RGB,4c1990014ef5b7c3ac89c12e7edba88c2b352a7f
197646_200w.jpg,200,279,portrait,none,21960,RGB,782d58945a2aa3f570bebb8fe303699712b71a78
197647_200w.jpg,200,279,portrait,none,20219,RGB,adb1a744eefdd87d49f03dff38069430a98bc19c
197648_200w.jpg,200,279,portrait,none,22396,RGB,9bfe1d66fc057413aae77d5ea4cf62c5ed184c2b
197649_200w.jpg,200,279,portrait,none,20259,RGB,d015318ee8bdf23f648d7abadd4ae34283a9ec89
197650_200w.jpg,200,279,portrait,none,21677,RGB,01eb97dea63e19acbc10e75585555bf31997f584
197651_200w.jpg,200,279,portrait,none,24620,RGB,83a0752d172ec1029fccc6e6b70ecf9df3ef2c93
197652_200w.jpg,200,279,portrait,none,20515,RGB,66aeb64283f1139fdb97c15631ed0bbce9cc0e4b
197653_200w.jpg,200,279,portrait,none,21560,RGB,e0258fe1d2b58fe1a4b875750763ad17f5f2ad77
197654_200w.jpg,200,279,portrait,none,21796,RGB,2210cb4967340c7f6ca8b585e99ab8b1da33414d
197657_200w.jpg,200,279,portrait,none,21407,RGB,2e47b8d4b5f0c8d3e7acdda649f01c132ec77cd3
197658_200w.jpg,200,279,portrait,none,26576,RGB,868986c2fcfae89dc32ff27d34c47c9114423dec
197659_200w.jpg,200,279,portrait,none,25355,RGB,d9a95a265edabe80ed6f3c8eb6a560a16ecbf8c4
197660_200w.jpg,200,279,portrait,none,29271,RGB,9699c8c31907a98a9b73822663eb9610939e118e
197661_200w.jpg,200,279,portrait,none,20438,RGB,118769cd6fe496077a7e97d984fdbb0cb9469c42
197662_200w.jpg,200,279,portrait,none,24478,RGB,1a755cba67aa1bb0706230679b9c68151a3b1d48
197663_200w.jpg,200,279,portrait,none,20998,RGB,43d5609d46d1f8dfcf40185f0a727e4ba305bb18
197664_200w.jpg,200,279,portrait,none,26567,RGB,a8f4af270fe892c289879c266c4055fb9845dea8
197665_200w.jpg,200,279,portrait,none,16677,RGB,52096d9bf09bd2f5e0808ae32ce5241cd726e0c4
197666_200w.jpg,200,279,portrait,none,22121,RGB,5e553261d84f285ef15ba067949579063d98c189
197667_200w.jpg,200,279,portrait,none,24042,RGB,2f94c20cf7f86e5e84695c8852e3a1e96a865fa9
197668_200w.jpg,200,279,portrait,none,24158,RGB,244ae5c8f02b1cfc1edb7e53e6ac2a5921fd8c53
197669_200w.jpg,200,279,portrait,none,19223,RGB,621e8f68a79c91f3e5ba38326621c54cdd5ede24
197670_200w.jpg,200,279,portrait,none,17775,RGB,fdf1a38e0e3554f12d2f2b4696753a001a051a7e
197671_200w.jpg,200,279,portrait,none,22047,RGB,3ecd622b6839a84d4b263284d4928d2ad549dc2b
197673_200w.jpg,200,279,portrait,none,21492,RGB,86be28481297fd0b6bffcb584f061c838d14bac4
197674_200w.jpg,200,279,portrait,none,18120,RGB,99777d80c0ebdea1ee77e199cadde0182d4f7b38
197675_200w.jpg,200,279,portrait,none,23258,RGB,259f9ffe143834b43e2363d891fa9d5730d93727
197676_200w.jpg,200,279,portrait,none,16063,RGB,01b9cc17d98874c1d3fb2393eb235b090946f4bc
197677_200w.jpg,200,279,portrait,none,20125,RGB,d82721fe69fcbf0336fc96586a7daccde87a535c
197678_200w.jpg,200,279,portrait,none,23121,RGB,593820da204419290f4213fa9a250b2521593cb4
197679_200w.jpg,200,279,portrait,none,22490,RGB,4e3cebddd1913d055f2aee09b71181377ea42656
197680_200w.jpg,200,279,portrait,none,25658,RGB,c1d9ec32e682eaf6dd108037f0f84ff9936ab38b
197681_200w.jpg,200,279,portrait,none,22383,RGB,b6203aa28ffa46009de8d98cbc3bd140b6bbad6a
197682_200w.jpg,200,279,portrait,none,21231,RGB,b61d30b3416436d8a407e924d3ee9e8f375afbb0
197683_200w.jpg,200,279,portrait,none,20111,RGB,7b55713ee02c89435741ddb9718ff827050fdad5
197684_200w.jpg,200,279,portrait,none,20655,RGB,1e592db67a75cdb11b19990f202be84f83d27f91
197685_200w.jpg,200,279,portrait,none,20886,RGB,91c18d819d686b946a08c73aecde10c3a63653b5
197686_200w.jpg,200,279,portrait,none,23396,RGB,b59b64b71b25396d09ca288b36f4d113843a25e7
197687_200w.jpg,200,279,portrait,none,22053,RGB,c831e74c580a444c1faffdf6c6244aaf141da431
197688_200w.jpg,200,279,portrait,none,29997,RGB,1c9184a4e6844a5ad1d949842967c711aa96ae2c
197689_200w.jpg,200,279,portrait,none,18394,RGB,91b3ac85c7fdfb585c63f72d0b698a183f21abb7
197691_200w.jpg,200,279,portrait,none,20542,RGB,09a368765eb9d82a8c1e30b6a27cc6d143c040c7
197692_200w.jpg,200,279,portrait,none,20893,RGB,3dc1ad8e5b45d64be01335410d2a6c97ecd1d8d8
197693_200w.jpg,200,279,portrait,none,22551,RGB,df31ddea7bc824e8f2e76a27b31aa63004bc536a
197694_200w.jpg,200,279,portrait,none,19283,RGB,036b25e65c1accda01158df776bdd74eeecaa8a2
197696_200w.jpg,200,279,portrait,none,20388,RGB,00957a95522bcf7c19c69431b74bb573130a3c94
197697_200w.jpg,200,279,portrait,none,19966,RGB,2b094982cc32d676509747ba734f24e46a3021b6
197699_200w.jpg,200,279,portrait,none,18925,RGB,87c7ba747650d49b5bbaf2dfda4c895bc3223b10
197700_200w.jpg,200,279,portrait,none,19046,RGB,050b5361c6768ff583f03b10b83705786defd954
197702_200w.jpg,200,279,portrait,none,18929,RGB,c12d776fcb0cfc8b6f7edf11205aec5543165f32
197704_200w.jpg,200,279,portrait,none,20985,RGB,6bfd5319b16d4933f0f8aa714ae3c92fbe4c369c
197706_200w.jpg,200,279,portrait,none,21781,RGB,5ad4f458cd1ba502f27e88a44b7a5331ebd0be55
197709_200w.jpg,200,279,portrait,none,17713,RGB,4db14c9da18d602a7a65d46ffcb60c991a8486a2
197711_200w.jpg,200,279,portrait,none,18597,RGB,beded35286464afc0dad86e2861ffebe97cee332
197712_200w.jpg,200,279,portrait,none,17473,RGB,9db166aac64afea12620826344c05bb34fbdcfbf
197714_200w.jpg,200,279,portrait,none,21301,RGB,7223e5ea97b86c2b1903c3fa7077f9179701f365
197716_200w.jpg,200,279,portrait,none,20570,RGB,9464809b24e527d001db4e38e411c72faedf6609
197717_200w.jpg,200,279,portrait,none,22037,RGB,45c09e1880d652e5e0f3413ee4ec71c52db8d654
197720_200w.jpg,200,279,portrait,none,23297,RGB,8944d6c38ddc607f9ec6ee944685cbb60ae4403e
197724_200w.jpg,200,279,portrait,none,20196,RGB,37be769fa06345af6c5f63439e0965a8cac44cf2
197725_200w.jpg,200,279,portrait,none,20517,RGB,3fc04431dbaa5d3b2913c4e5eb2d638d51d3db8e
197726_200w.jpg,200,279,portrait,none,31296,RGB,f8c6364b1985502585f7fc56031cbcfceb5d6cae
197728_200w.jpg,200,279,portrait,none,28450,RGB,0b672893c8b8fec219de4724616567c75e57fb30
197732_200w.jpg,200,279,portrait,none,25219,RGB,c0ee18448833771323314df267ff50879475c035
197738_200w.jpg,200,279,portrait,none,20826,RGB,e9bd955dea4ec721ec984b5e2594cf55ac3c5f80
197739_200w.jpg,200,279,portrait,none,18641,RGB,2650ef34282ed750f62b6fc443d8ff9810c35d10
197740_200w.jpg,200,279,portrait,none,22347,RGB,3c2e6c06f35d1d723afd76fa9e6c09be637278f7
197741_200w.jpg,200,279,portrait,none,18816,RGB,3d05222ce95ec73014107586a425e81230852c3d
197743_200w.jpg,200,279,portrait,none,19400,RGB,4584adbb81431a4fdd954903fd53b62ffa7cf737
197744_200w.jpg,200,279,portrait,none,19171,RGB,bb6f32e8c63100404b5bab50930717e9bf9f7602
197745_200w.jpg,200,279,portrait,none,23707,RGB,487ae7f7d28eefa11f7e12ac4f36a4c4511af016
197762_200w.jpg,200,279,portrait,none,20017,RGB,04981350ffb392eefe1f0e0cf8ba3bd2f9861508
197763_200w.jpg,200,279,portrait,none,18700,RGB,5ffed73c63b3ef778692b8d7e70a1cb7a8428bf8
197764_200w.jpg,200,279,portrait,none,22146,RGB,fe5e44f313c99c4fd93c86f5793fa53a83c08036
197765_200w.jpg,200,279,portrait,none,20436,RGB,3c674d53f49fd53321c576305fadc86890797c3e
197766_200w.jpg,200,279,portrait,none,22758,RGB,4ba51c9fc4e8522f872ba99b507817b3d0fe534e
197767_200w.jpg,200,279,portrait,none,19206,RGB,f2d17c28d1d1b34958c7bdfdbe5a56961c9cfe51
197768_200w.jpg,200,279,portrait,none,24600,RGB,5db4bd2792cdce939fdca6a3d82a56101839dff1
197769_200w.jpg,200,279,portrait,none,19622,RGB,4c2430918a9d59b7cd277070e0f9992ad87fe254
197770_200w.jpg,200,279,portrait,none,28631,RGB,1de9956787349a6a56acde44721893539dc47fee
197771_200w.jpg,200,279,portrait,none,17078,RGB,45efecf9e26a9ab00fbce6ecddf62482c8d78e4d
197772_200w.jpg,200,279,portrait,none,17394,RGB,2b704a05042681251ac618c09816c6bde380508d
197773_200w.jpg,200,279,portrait,none,20160,RGB,c93acf3b1092cf84be7aaf2218c0cbb7c0f186c5
197774_200w.jpg,200,279,portrait,none,27751,RGB,c31b4d7b84da04b452ddb18c07b7c069e5b6651c
197775_200w.jpg,200,279,portrait,none,19243,RGB,1361dadd55db3f0e96c00aa665b5ed948c821646
197776_200w.jpg,200,279,portrait,none,30012,RGB,f69669ca9501559e6c00276d3d3afc782858f9fd
197777_200w.jpg,200,279,portrait,none,22972,RGB,82abe7c17f254b906f37798e5b640bdd16e93816
197778_200w.jpg,200,279,portrait,none,19807,RGB,5fe6db0def9e90cfbc5a525de4826c43509c030c
197779_200w.jpg,200,279,portrait,none,21605,RGB,bee3d7278c695b8c9bae55f4e18b041f933c6aba
197780_200w.jpg,200,279,portrait,none,28451,RGB,3faded80715d600dd53378c311e9b498635abefe
197781_200w.jpg,200,279,portrait,none,20548,RGB,70f3c5c0b7cfb1664005b7b60bf2c834edd4043d
197782_200w.jpg,200,279,portrait,none,29480,RGB,64d94452ebaf566f3dd317ff2e2c171802176731
197783_200w.jpg,200,279,portrait,none,23064,RGB,e7ae3500acff6ab96cfe9401df6b4c0967e78331
197784_200w.jpg,200,279,portrait,none,19579,RGB,cf1f4f171f2ba6c069386f4e7e436e80a4d97bee
197785_200w.jpg,200,279,portrait,none,29545,RGB,292dd0730f3dcf63bbb192171ea43ef8ae9fef83
197786_200w.jpg,200,279,portrait,none,24962,RGB,18a6f2d7f26dd87671a873e6c40bb4b86e70855d
197787_200w.jpg,200,279,portrait,none,30015,RGB,649085bc2665cc6ebc21664f812dfe3be2f9293c
197788_200w.jpg,200,279,portrait,none,20264,RGB,a54948f705975eccd025399934c553b5eb19b4f5
197789_200w.jpg,200,279,portrait,none,30104,RGB,b00351146614e6a5b8ac1ce77e1cc48c9b771981
197790_200w.jpg,200,279,portrait,none,23045,RGB,839213210260282706aaa9d319c1ea9f77d0fe23
197791_200w.jpg,200,279,portrait,none,27590,RGB,5a878a0eac15fb9a53aab9b0190e6dae1b9038b8
197792_200w.jpg,200,279,portrait,none,23208,RGB,336d617313c25cf6d5e7a045f6119572a426850b
197793_200w.jpg,200,279,portrait,none,18368,RGB,cb6a9b0b1a96f767daf5c689f7e12c185e8e2dce
197794_200w.jpg,200,279,portrait,none,20369,RGB,38b586947faa6187a6100b1a1f808dc17a048630
197795_200w.jpg,200,279,portrait,none,29267,RGB,e9f604f2778c38e1e83187c188bc0b441708938c
197796_200w.jpg,200,279,portrait,none,23740,RGB,16653d1280a03fb00bcdb92acb2fa0503fc3c71a
197797_200w.jpg,200,279,portrait,none,31498,RGB,2571d798a694b0360e38f18a4f43cf1ab56cc147
197798_200w.jpg,200,279,portrait,none,20667,RGB,dae9d6447b6131f03ff0205f3d7488a93f4d44ee
197799_200w.jpg,200,279,portrait,none,18906,RGB,a0d3b1981180abcb7b540697cfac55d7f461de2e
197800_200w.jpg,200,279,portrait,none,26078,RGB,8d8c092c59d06e8086c210527441aa937448ae0b
197801_200w.jpg,200,279,portrait,none,18392,RGB,58346886e9266aadeddafbd75de5057732a2db31
197802_200w.jpg,200,279,portrait,none,20197,RGB,7a8f34a5f9efcc66c19451610524cdc314d5db4f
197803_200w.jpg,200,279,portrait,none,32243,RGB,462c31470889fa5aeacd8d77046414b60ca519ea
197804_200w.jpg,200,279,portrait,none,20121,RGB,f9e9fb07c508ce414e16797cb31eb7d1258961e7
197805_200w.jpg,200,279,portrait,none,19024,RGB,76f2f8f118e20184c55c58a5f2c0854afa241556
197806_200w.jpg,200,279,portrait,none,26730,RGB,c00c4f93fb33898963d9d1b9b5d0e59e49a79cdc
197807_200w.jpg,200,279,portrait,none,22293,RGB,e24264008dc36b7715bec8ef6c58312067f1d027
197808_200w.jpg,200,279,portrait,none,26242,RGB,699e3e3f33186b1d05c9a76423c279db9cf400a5
197809_200w.jpg,200,279,portrait,none,22734,RGB,07aae4f9868857211388369ba1c8c765912668cf
197810_200w.jpg,200,279,portrait,none,28311,RGB,689bf336a2a564f42bc15607f1aa27ab5bdd7dd1
197811_200w.jpg,200,279,portrait,none,20776,RGB,da3ca6bfca48a4ac908bd237509b65b4f4806863
197812_200w.jpg,200,279,portrait,none,28097,RGB,def4d0eba06e11ca8b80c7e01d4a85cffadcece8
197813_200w.jpg,200,279,portrait,none,18788,RGB,0e7056b84c402eb9fbaa74f818d3e563e3243be4
197814_200w.jpg,200,279,portrait,none,30249,RGB,96bde0d618c31423d0ee25b450201e8b07a9d51e
197815_200w.jpg,200,279,portrait,none,17844,RGB,b4237967584d8664418c00395e155b5ed22782fa
197816_200w.jpg,200,279,portrait,none,27619,RGB,de637bc2d250d5745f08e3d501f8ee0afea6401b
197818_200w.jpg,200,279,portrait,none,31294,RGB,30b0a11eaefd0acbeab6c891a35126b859efb1f0
197819_200w.jpg,200,279,portrait,none,21296,RGB,d925a1c946fa275037a6f877f29a44759b42bff2
197820_200w.jpg,200,279,portrait,none,28662,RGB,63dc0d34a9e13c6025b103c930c5374c964a4b7f
197821_200w.jpg,200,279,portrait,none,28353,RGB,bc87f0f90cd16f81825c5a8efd602b4d7383720a
197822_200w.jpg,200,279,portrait,none,30542,RGB,ccfec6853bd95fcf515b8c696fff51a13145eb54
197823_200w.jpg,200,279,portrait,none,26690,RGB,09f4bf82d753dfc7315c57bae23e49b1b54edf89
197824_200w.jpg,200,279,portrait,none,30670,RGB,4236c9dd6a639b7d8142c6e22c28f7379d9cf669
197825_200w.jpg,200,279,portrait,none,32090,RGB,f41d309c4ec4f8a1b83c48530e1f51822de85d2f
197826_200w.jpg,200,279,portrait,none,29532,RGB,d0bd2d119fe3c339dd6b2ccb5154224c92583e2c
197827_200w.jpg,200,279,portrait,none,27637,RGB,607fbbe1b2e872701cb5148291cbf35708d06fc5
197828_200w.jpg,200,279,portrait,none,28178,RGB,b79688572e2cea9a9f6d5add687de4d6d596b86b
197829_200w.jpg,200,279,portrait,none,29459,RGB,0103eb167c8bca4b8c80e034d5634bfd401c83b9
197830_200w.jpg,200,279,portrait,none,28823,RGB,a8617ab1ac00416daca6529b7f881a92b04dc8a9
197831_200w.jpg,200,279,portrait,none,28471,RGB,84ceba71fd008f502fbdf3ee21a07ff386d8d05e
197832_200w.jpg,200,279,portrait,none,30100,RGB,ce3555cd7a4a75e463d7a0379a1d1a8de986c209
197833_200w.jpg,200,279,portrait,none,30005,RGB,9c9a421b15c2490d2fad342694b0ed1375343307
197834_200w.jpg,200,279,portrait,none,28703,RGB,be652b7a94f3ef2d84acba60568a83600c68adb6
197835_200w.jpg,200,279,portrait,none,27275,RGB,5bf1b873bf0f74ff1dae5e0ac430f61d55fcd4c6
197836_200w.jpg,200,279,portrait,none,23705,RGB,84b79501962b0d9df2df623f06feb85b0c85c1d9
197837_200w.jpg,200,279,portrait,none,26583,RGB,00fa84dab78ffdb3c433bf6de240182f8eb7f388
197838_200w.jpg,200,279,portrait,none,23362,RGB,852cd8d8e02e43b915812c1666e47f459703aa67
197839_200w.jpg,200,279,portrait,none,24442,RGB,cbca5148eed0b1b3ecd9c01816187b9411a81d06
197840_200w.jpg,200,279,portrait,none,23953,RGB,a5c9da87ad1abf15c07fc8484e74cfa620e93020
197841_200w.jpg,200,279,portrait,none,29507,RGB,dd07b517ae3b6c4639af26a28f2136ac47c8d78c
197842_200w.jpg,200,279,portrait,none,27111,RGB,837e1de5bf2549d21e97ec6a54d7311f8bf1802d
197843_200w.jpg,200,279,portrait,none,27477,RGB,b7ecc109f93175a24b08bf767aade0b0fe80fe05
197844_200w.jpg,200,279,portrait,none,28533,RGB,df5ca1dd90aee1d08a1267ce06af9104f03dc508
197845_200w.jpg,200,279,portrait,none,27571,RGB,9fd74840b7c7c157d7a10595699c212c40a16630
197846_200w.jpg,200,279,portrait,none,28489,RGB,ed72e42078e7fb98b9ee7d8d72e829c94f65a66f
197847_200w.jpg,200,279,portrait,none,26438,RGB,92b2326cfd8558b1d5599a1c80fdb7fd7f34a77e
197848_200w.jpg,200,279,portrait,none,25069,RGB,6968e2c5067b28b5a812a4b20546b4e8d5f06061
197853_200w.jpg,200,279,portrait,none,22509,RGB,409ad161994fed0137d9417c07633c5a51d6032c
197854_200w.jpg,200,279,portrait,none,20878,RGB,1183750beee68667c18fc45d650609231813d641
197855_200w.jpg,200,279,portrait,none,22463,RGB,3091df10ee03f754998967703dbb6d2b244ebe84
197856_200w.jpg,200,279,portrait,none,29661,RGB,f69a577fc4be65a8a4790c97cd72e814c6697bae
197872_200w.jpg,200,279,portrait,none,30641,RGB,4c215371eda16e13ae2128387f5bbd8310e18b06
197873_200w.jpg,200,279,portrait,none,30871,RGB,962f9ae27d9511b98ab817d690252c2bda497b79
197874_200w.jpg,200,279,portrait,none,26780,RGB,05a3ea6d14f4c85d7d1e1fdbf600aecde18df536
197875_200w.jpg,200,279,portrait,none,29175,RGB,001daa380c075e5e7705c66c7917ba79eaa472a4
197876_200w.jpg,200,279,portrait,none,26707,RGB,e79b73425f59d43b71169dea1c1e8bdfe2329449
197888_200w.jpg,200,279,portrait,none,25301,RGB,be28f91343443b6c0dfb7cc6bf99d93363c4b5eb
197889_200w.jpg,200,279,portrait,none,24575,RGB,4df752f0fff1fa2f7f1340cc3bd6cc829add9bde
198217_200w.jpg,200,279,portrait,none,21666,RGB,d0276fd52147399ce3ff2307779e1a4c1bc72e67
198218_200w.jpg,200,279,portrait,none,19450,RGB,6118ee00f1a2e2dbaed36beca6dd82d3c4859281
198219_200w.jpg,200,279,portrait,none,19684,RGB,3de1392bcdad8acb35fff8f578bf9155d85821ea
198228_200w.jpg,200,284,portrait,none,20854,RGB,e1da81be84c7e16eb9e48c2df54f6182f3597d61
198229_200w.jpg,200,271,portrait,none,19071,RGB,5b64d2e5b0852f2f611b6eb8d7dca1b43fe37acd
198230_200w.jpg,200,276,portrait,none,19603,RGB,57e47af3058d75c33630b357f37c24128a73743d
198231_200w.jpg,200,282,portrait,none,20196,RGB,463bd51cc5b6bc9976c37321f0c202fda0c423e8
198360_200w.jpg,200,279,portrait,none,23029,RGB,bdb45953902737ce420b8e8a752b1aff9460592b
198529_200w.jpg,200,280,portrait,none,27138,RGB,b01df927924a5c47dcdbb2aaa1616fbc393e17fc
198530_200w.jpg,200,280,portrait,none,28188,RGB,b5be5d7b75244d2197695e675b85ef48719e61c9
198531_200w.jpg,200,279,portrait,none,27961,RGB,88ca1b1eb09683e11f3fb0eb6311dbd04482b079
198532_200w.jpg,200,279,portrait,none,28359,RGB,ae301e19d1add8f0e9e1e19b61aef467b4829559
198533_200w.jpg,200,280,portrait,none,30208,RGB,02f8630b3d5c394afda42c7f79b39c30883948c6
198534_200w.jpg,200,279,portrait,none,30152,RGB,b6a2330fd3a7348d5d1e15dff5f8b391d966c5b5
198771_200w.jpg,200,279,portrait,none,22558,RGB,b0cfc8a552ef53444ec6854872e08b8a921c59dc
198772_200w.jpg,200,279,portrait,none,25402,RGB,9c9458421ad32c3d3eee2022f8085c84d6b61410
199311_200w.jpg,200,279,portrait,none,25043,RGB,0b80f2460850f5d181f5ad788f65453e3bb94354
199330_200w.jpg,200,279,portrait,none,24310,RGB,f7fb2f7c6465f208b1080ffacd68587af1437d6a
199488_200w.jpg,200,279,portrait,none,25193,RGB,53280a55db2876674cc96a848fc7da59c18e1c0c
199609_200w.jpg,200,280,portrait,none,21933,RGB,33939825d47f09978010c512d7ac62009c6e2d63
199611_200w.jpg,200,282,portrait,none,20166,RGB,0f7b440373bda300f053f94a246b4027a553b0e8
199617_200w.jpg,200,280,portrait,none,24179,RGB,d450b485cc7d3e933d68a2337159af3be31397f2
199622_200w.jpg,200,280,portrait,none,23137,RGB,aecb4793958e2adb8d2964cd7f699e859ea6bd93
199679_200w.jpg,200,279,portrait,none,11514,RGB,e9ec55ff40e8ebce61b47f0603c41c7ca30fede1
199681_200w.jpg,200,282,portrait,none,22129,RGB,2c9865521b5ffc71e0d19c7b9868472c6465c7f2
200192_200w.jpg,200,277,portrait,none,20647,RGB,c1b658ea87b1b600515e086fa27fd97dbb735d62
200193_200w.jpg,200,277,portrait,none,20745,RGB,a46fe4488f7bf48a1fdf64cc3b053e267281c760
200203_200w.jpg,200,280,portrait,none,20129,RGB,874288b6741ecc14ed3a381d04715ea47f69aa13
200272_200w.jpg,200,279,portrait,none,26451,RGB,e948d55ea27d1aae12fe8e990b1bbe6311ac94d4
200273_200w.jpg,200,279,portrait,none,26409,RGB,b0f2aace2d879d039cf0b814195546101378d2ac
200274_200w.jpg,200,279,portrait,none,28038,RGB,e0f5c87ef32493567be06e276a44b8d990008a93
200275_200w.jpg,200,279,portrait,none,21362,RGB,88d6ed4df55dc0bd944472e00d1b814bc313bdcb
200276_200w.jpg,200,279,portrait,none,21120,RGB,83543c420f3924fbfb8b1240a311ccd86d2a3960
200300_200w.jpg,200,278,portrait,none,19897,RGB,86681a0207bc6d558ae2eb3fe2e85f27b95bc970
200301_200w.jpg,200,280,portrait,none,20064,RGB,b422a3d49345af0f0290070e5b3cf0c72ac47a69
200302_200w.jpg,200,279,portrait,none,20471,RGB,f83f1810607e8b1cbc01bedc4113082189277107
200311_200w.jpg,200,278,portrait,none,21062,RGB,da307e5b7d22906eadfbc4b09b4923a4bcdb170d
200312_200w.jpg,200,279,portrait,none,20626,RGB,82724fa84655747e20785753c7f2e94167fe66e8
200313_200w.jpg,200,279,portrait,none,21319,RGB,6d1a54bfffbf4be261ded3d9d564c35672332eb4
200350_200w.jpg,200,279,portrait,none,30941,RGB,73791750a8f6bafcf6919f0d8f267e8373330fc9
200351_200w.jpg,200,279,portrait,none,30759,RGB,b05b7e109387522e4ea686138fec5b5830eb29f8
200352_200w.jpg,200,279,portrait,none,32314,RGB,f1c77d4a4d5a29da0f1e767b20682f787027ef52
200353_200w.jpg,200,279,portrait,none,27869,RGB,94225339b869e23303585afde2ba67c693edc898
200377_200w.jpg,200,279,portrait,none,20989,RGB,bedc66b630adedd5d32a0d4a1921599118548e98
200378_200w.jpg,200,278,portrait,none,22814,RGB,49238310c8cdc114b3828a09a4ca42cdc718e664
200553_200w.jpg,200,279,portrait,none,24197,RGB,ed2d3c65e08ee231add4ce1c87ee2d2d2513881f
200602_200w.jpg,200,281,portrait,none,23568,RGB,b9224142a57968e9584351bf90dc6998dd6a3ed8
200960_200w.jpg,200,279,portrait,none,19157,RGB,62e9892a8edcc4d560e8ddc99d714756c901b808
200961_200w.jpg,200,279,portrait,none,19886,RGB,d36c36750aca45dc3edccfb495255268c8f39455
200963_200w.jpg,200,279,portrait,none,22690,RGB,c1ae081ef9f0ea3259626325b9ef19ea03824895
200964_200w.jpg,200,279,portrait,none,21149,RGB,f12342febf62dff97888ae26c964df771f1e717b
200967_200w.jpg,200,279,portrait,none,21140,RGB,90bee2917c10350224da26fab4529f8c3d27aedf
200973_200w.jpg,200,279,portrait,none,21678,RGB,23ca5b82aedf2cbe897ab4112c2941e5e4cee875
200977_200w.jpg,200,279,portrait,none,17217,RGB,97733d97d0ff34a53dec07bac3a2bf2af40f9346
201132_200w.jpg,200,279,portrait,none,21059,RGB,6e5fa0b3c31e19eb368ec15c6fde3d299f6de10f
201133_200w.jpg,200,279,portrait,none,17830,RGB,9887e464bb54006b1f5aefff2a29b25329e3aac7
201134_200w.jpg,200,279,portrait,none,21133,RGB,3224feff14c0eebee9cf8f23ff92d86489a44075
201136_200w.jpg,200,279,portrait,none,20003,RGB,cefa7481795bc3aba7842be8b43be080487907e8
201137_200w.jpg,200,279,portrait,none,21277,RGB,51827409a09639cfa95c2fc8e126f0e7cd6a8a2f
201139_200w.jpg,200,279,portrait,none,30456,RGB,7c2e83283afa11b97a222d28701cec46e35cd4bd
201140_200w.jpg,200,279,portrait,none,19953,RGB,869b3a30b5f3c62e94ac7ba75556b80d917fab11
201141_200w.jpg,200,279,portrait,none,29307,RGB,54471eec4c9d1b08747766f5fd3a9112c25e8246
201142_200w.jpg,200,279,portrait,none,22932,RGB,a8e3b5e41be4a0356219d31084838bc44d0332bc
201143_200w.jpg,200,279,portrait,none,19676,RGB,92e5282f24020660ffc3d28a812b24e8b53c6ba5
201144_200w.jpg,200,279,portrait,none,22966,RGB,c95650f07fdf9e4fa38b9d9b98d2b18d9454ac6b
201145_200w.jpg,200,279,portrait,none,24269,RGB,cf1da7718c8a6985afa26d0e1361c6dfcc5141f0
201146_200w.jpg,200,279,portrait,none,19313,RGB,3e9a719cadf73e92ef7bc692d1881b9faef9ef2b
201147_200w.jpg,200,279,portrait,none,23086,RGB,d683fdee6835117d7c12246f8336d9e99ed24714
201148_200w.jpg,200,279,portrait,none,21990,RGB,d0eac763189241658b3e5945e42d3f6a7959f0fb
201149_200w.jpg,200,279,portrait,none,25948,RGB,4be933992cee5579724da3c4eae1aeadfe8e8055
201150_200w.jpg,200,279,portrait,none,21838,RGB,6bdbe126902a24f1d4ee6ae35b81507587d3c3d6
201151_200w.jpg,200,279,portrait,none,18945,RGB,bc21240033637318613d35d2555f77eff57cfccf
201152_200w.jpg,200,279,portrait,none,22534,RGB,7b3bfb15e70f40e8a94956554fe9e163645c9e67
201153_200w.jpg,200,279,portrait,none,19945,RGB,3305d65ac67e8d7eb92e8d69a2ddf73793d8224b
201154_200w.jpg,200,279,portrait,none,20249,RGB,626ec33943340225fca1b1673fbe413ddc32780b
201155_200w.jpg,200,279,portrait,none,23904,RGB,53eab2cbed6ac9d0fc1ce3e1fa91ae78675cae2e
201156_200w.jpg,200,279,portrait,none,21624,RGB,bd543d2623620da4b89035f02f74cf8e100249c4
201157_200w.jpg,200,279,portrait,none,25999,RGB,9a16747dd1f82986391703e2450b15be1aef60bd
201158_200w.jpg,200,279,portrait,none,21457,RGB,5b2818ff826e9a0514e6efcd1b05f87d10f0682a
201159_200w.jpg,200,279,portrait,none,21208,RGB,fc37e71a0ebb4b5bb0a564cf822f3ca61eabb25c
201160_200w.jpg,200,279,portrait,none,22716,RGB,ab7f5e03b2adc4144eb9a74e43b662c8fe864f9d
201161_200w.jpg,200,279,portrait,none,22991,RGB,4a23c492f673b98a49ebde6e1e6ceacfad19b818
201162_200w.jpg,200,279,portrait,none,22326,RGB,0d5a404457c80cfd1a5161e1073fead0528f6d0d
201163_200w.jpg,200,279,portrait,none,20075,RGB,aa3210590ef7e922c022d7702017be0df7926f37
201164_200w.jpg,200,279,portrait,none,25413,RGB,2c4f52c7b51254a3ab6e964d542f601a84eb5706
201165_200w.jpg,200,279,portrait,none,21600,RGB,fe06b17399480ee3b0bc2b3796a277b3f8e85327
201166_200w.jpg,200,279,portrait,none,22637,RGB,091571bac374ff21a3d32d1668fe627d48a5a93a
201167_200w.jpg,200,279,portrait,none,20420,RGB,093ce37293608a877ae65a330c6a15ee24c2409e
201168_200w.jpg,200,279,portrait,none,26119,RGB,c6d0d2b6d64f92117334e45b212443e0bd26df3e
201169_200w.jpg,200,279,portrait,none,22032,RGB,08f15d2544426f797bfe4b3aeb0a0a840b614347
201170_200w.jpg,200,279,portrait,none,27870,RGB,6d6c8da2aba86e3d4d7ceed4a6a7b53237884ce8
201171_200w.jpg,200,279,portrait,none,20953,RGB,65adedb406ed55868904c2268ee26c0525210c46
201172_200w.jpg,200,279,portrait,none,23611,RGB,84760f0a01d337214b2862d7c20010aa6fd55d65
201173_200w.jpg,200,279,portrait,none,19007,RGB,f16a18319133676fba45bfba8d3900acbc5d67da
201174_200w.jpg,200,279,portrait,none,24360,RGB,61e682387892f999be395d0cb2fbbb4235642fb9
201175_200w.jpg,200,279,portrait,none,22561,RGB,64fcf81431cb3e59a82209d38a8e5443a57cbff2
201176_200w.jpg,200,279,portrait,none,23400,RGB,516f7e0f391195ca0257d82cef6cab0102e63d95
201177_200w.jpg,200,279,portrait,none,23494,RGB,2b2617ef6f9fcece8235abae1c1c5b1dbad3e308
201178_200w.jpg,200,279,portrait,none,22877,RGB,faded51bec6e30e7e7f695db806d327aaa3f1452
201179_200w.jpg,200,279,portrait,none,23069,RGB,eb23fa34eb58dc2d8fab3bb7aa762a2584bd1fb1
201180_200w.jpg,200,279,portrait,none,24613,RGB,c1d2367ea855001fcd70b335c837021644cd22d6
201182_200w.jpg,200,279,portrait,none,25766,RGB,47619e84d4dff6586a45bf55b096e24335f2a322
201183_200w.jpg,200,279,portrait,none,24720,RGB,60892452b574288ea5111f2b87d08da9f8b5f7d3
201184_200w.jpg,200,279,portrait,none,24148,RGB,65d7f7707db1c8775ddf30be2694739571d15d8a
201185_200w.jpg,200,279,portrait,none,24747,RGB,a9ac6fe97a4100fa52b6e615aa9e0cbebe7ae179
201186_200w.jpg,200,279,portrait,none,23598,RGB,c60e8f759006cead0e8878b816bd50ac425bb2e5
201187_200w.jpg,200,279,portrait,none,27094,RGB,7f0471c44a84fe67c336c9fc94830bb57994437f
201188_200w.jpg,200,279,portrait,none,19942,RGB,9f2c039dd94ee90d9731c6f41414c3cb0d981fe4
201189_200w.jpg,200,279,portrait,none,21551,RGB,e3705b7afad93d04132f4a5c9adcdb56a1916d07
201190_200w.jpg,200,279,portrait,none,19571,RGB,6d940a6305f4634e10c8f31b6472c23ee3f07eb4
201191_200w.jpg,200,279,portrait,none,20466,RGB,f40703fc542fc348c42140b08ec3ef673d7b6dac
201192_200w.jpg,200,279,portrait,none,23280,RGB,a55286d6d0342726ca239e5ac439541e909ccd14
201193_200w.jpg,200,279,portrait,none,21403,RGB,7e730747e1d25796e4f24fa953f10d21737e25ed
201194_200w.jpg,200,279,portrait,none,18343,RGB,51eef97bbe491a6b467319fd0d20db49b923d306
201195_200w.jpg,200,279,portrait,none,23709,RGB,dd5425b30641257a98b0a00fd6024a8796defd3d
201196_200w.jpg,200,279,portrait,none,22950,RGB,a7f63eb7cfa04ce2568b4d46b7e124112b09b1af
201197_200w.jpg,200,279,portrait,none,25348,RGB,76af220f15a78763431ddaec3046e68b479f0a77
201198_200w.jpg,200,279,portrait,none,20040,RGB,d4f28b0320855960b81be52fe3e86cf277d25d00
201199_200w.jpg,200,279,portrait,none,20745,RGB,c59c33909856a336b99804b44055180baabf55a8
201200_200w.jpg,200,279,portrait,none,22545,RGB,9dc79204a18cdf30f592e7b34b48d29d6fc9d9c0
201201_200w.jpg,200,279,portrait,none,22898,RGB,546a37243261a19ec903938ea1c4059cfbc44c9f
201202_200w.jpg,200,279,portrait,none,23679,RGB,402f35be1f3c7f374f02e39e063c1998ad8a3d6e
201203_200w.jpg,200,279,portrait,none,24603,RGB,150d4e0ea91b6c3d9379d7274b6bd6a8820a6acf
201204_200w.jpg,200,279,portrait,none,29609,RGB,7aeddcec817c1b98a5013e94a96c0e615a36d8d0
201205_200w.jpg,200,279,portrait,none,32767,RGB,22abae3540e7539bd6d456fb4e0ad74ee73853a4
201206_200w.jpg,200,279,portrait,none,22489,RGB,06f4c5747331cc3535651b2ead94172e96947834
201207_200w.jpg,200,279,portrait,none,23125,RGB,ba3fbb683b33dee19a59d8a6682574df36b0e741
201208_200w.jpg,200,279,portrait,none,30977,RGB,e29670a27020fa850f67a4d109b3b6e8a4e63a52
201209_200w.jpg,200,279,portrait,none,19203,RGB,a468d0d913c2ce6b3a78216552a81e577a85e144
201210_200w.jpg,200,279,portrait,none,21974,RGB,dd9a13ee8908867fce26fc89117302960185aee0
201211_200w.jpg,200,279,portrait,none,24677,RGB,1d4cc1c8ba29e0bd2aa57a49daf40ed5e6a12c8e
201212_200w.jpg,200,279,portrait,none,22178,RGB,7baf430c7f5668a313a28bb11ff1859c7955d37e
201213_200w.jpg,200,279,portrait,none,19961,RGB,9dabc3818eb795f610438fdb9edecffa7724cb4a
201214_200w.jpg,200,279,portrait,none,22941,RGB,25c48010220c720737eac71b8dd1c7e13c2e6773
201215_200w.jpg,200,279,portrait,none,23440,RGB,dbc348cabfc785980d7e18dcf59714c1b28b1a43
201216_200w.jpg,200,279,portrait,none,20269,RGB,e24350ee816d3973e3fb596be2e7778c36e32dc7
201217_200w.jpg,200,279,portrait,none,24179,RGB,68dbe9cf94c19d403d9f6b23a6de7d6479bcd1bb
201218_200w.jpg,200,279,portrait,none,23333,RGB,e0306b6db1f5fe544e58040d37dd6c44d187f931
201219_200w.jpg,200,279,portrait,none,22134,RGB,30be1f1ec4ce9dd4012c5d025c2eea64fc33ce0d
201220_200w.jpg,200,279,portrait,none,23596,RGB,1f9e251a83b8bd8f74216dba70d3301d114d528a
201221_200w.jpg,200,279,portrait,none,21632,RGB,28ef983ed6b166d317dcf99e7f9b5e3dc746815b
201222_200w.jpg,200,279,portrait,none,21583,RGB,a4bfbdf6d7ebcb7cc50ea7b7fd18b5223807aa21
201223_200w.jpg,200,279,portrait,none,22185,RGB,e111e9da4bc82dd01dc95417050d022979207988
201225_200w.jpg,200,279,portrait,none,18702,RGB,b4571b3f349a69405c08e20c910c370258b7ba79
201226_200w.jpg,200,279,portrait,none,21085,RGB,8dd17688b7d8291c9aa5c6626c697a528d80bb64
201227_200w.jpg,200,279,portrait,none,19974,RGB,93293d6b82c06bb2131cc57301f6107bc752217a
201228_200w.jpg,200,279,portrait,none,25483,RGB,c37e7f4f6864a5bee27479171335c25b8226debf
201229_200w.jpg,200,279,portrait,none,23204,RGB,5bce4ba6de5109a620b587afcbbc9cada14c9d9d
201230_200w.jpg,200,279,portrait,none,21233,RGB,f529b272bfe2676a7cd333184112e19870e15260
201231_200w.jpg,200,279,portrait,none,23461,RGB,d3600e55f72b04407a3cfc83727a48c813f7cdf7
201232_200w.jpg,200,279,portrait,none,24622,RGB,dd3cd87c8944aa12128abc0321538ae835c3e673
201233_200w.jpg,200,279,portrait,none,25076,RGB,0456324b537a84d2810867cd509671f2c5c4f489
201235_200w.jpg,200,279,portrait,none,22565,RGB,d945e1d7a25dbe2e958c7faa68833c48d69c305b
201236_200w.jpg,200,279,portrait,none,23761,RGB,95da2949e3786d83006de12c2202d3eaba1d9d12
201238_200w.jpg,200,279,portrait,none,23503,RGB,e003f6f7c86cc248e5afb5ce47ccfc877d62c2d2
201239_200w.jpg,200,279,portrait,none,21595,RGB,a6392d23cc8302cbf7541f1b8a724fe19bd69df8
201240_200w.jpg,200,279,portrait,none,25598,RGB,4ab6f6536d0f75adaa2f67cb53b4d4052329712d
201241_200w.jpg,200,279,portrait,none,21408,RGB,aaf58b8d2c7ac0375b769a4ed2bcce3801fbda1b
201242_200w.jpg,200,279,portrait,none,20348,RGB,dfa83c4ff7e1a9a89909e13dac5b4769085f71b2
201243_200w.jpg,200,279,portrait,none,24889,RGB,fdc1bd66620980ef8c079343af8285a252e558f7
201244_200w.jpg,200,279,portrait,none,21925,RGB,bc5356619f8845cc0384346099024bf4e0caec15
201245_200w.jpg,200,279,portrait,none,18571,RGB,c7ccf1bab74f6b0f79d196dd7cb5e6c94251810d
201246_200w.jpg,200,279,portrait,none,21660,RGB,c635d874c8116794411d443f9c6bcc9e29ab4de4
201247_200w.jpg,200,279,portrait,none,24238,RGB,15df5aba2a5803c646243e0c19d406224638ab45
201248_200w.jpg,200,279,portrait,none,21108,RGB,95e16f56099ef6e7df3142447e2a8904bf566245
201249_200w.jpg,200,279,portrait,none,30616,RGB,4cc783092a6fdf85f791194f022e5e8155137b78
201250_200w.jpg,200,279,portrait,none,29554,RGB,7cfa26a87cc1357c4fcefac72e4bd32c71da93bb
201251_200w.jpg,200,279,portrait,none,21688,RGB,31ceaa3ec4588426e992844d602f44a93665f45d
201252_200w.jpg,200,279,portrait,none,20426,RGB,c208bc353a7222c7098358292c4210de32f98534
201253_200w.jpg,200,279,portrait,none,19014,RGB,b2287e508193a12b7bf57e0741a9a0d653fac4e3
201254_200w.jpg,200,279,portrait,none,21772,RGB,e2e7580b028c6e77be28f6e7b4fc0770cab91687
201255_200w.jpg,200,279,portrait,none,16922,RGB,b5b846a6c1eaf27087c4d0bbbe2bb4f9da787c54
201256_200w.jpg,200,279,portrait,none,22034,RGB,18d1ebb97fa044f7abab8b6def0c8ded7739a3f1
201257_200w.jpg,200,279,portrait,none,21889,RGB,33b81cc2d1b7a24cebb0721215c0b473a72f5c79
201258_200w.jpg,200,279,portrait,none,21873,RGB,c0578f95e1c0dae6e35ac7684d9c88d8fd8bc129
201259_200w.jpg,200,279,portrait,none,20087,RGB,904fa97715bcd7afa09a4c1926038f87be6bc30d
201260_200w.jpg,200,279,portrait,none,20829,RGB,31f1374a03d62b69bf2e8468f1db952534dd6321
201261_200w.jpg,200,279,portrait,none,22107,RGB,cd06c769340db16c5ec94b70039172cb2cc53f8b
201262_200w.jpg,200,279,portrait,none,23573,RGB,19df4ccbb4bfcfce82911ea5eb4f662117c554a9
201263_200w.jpg,200,279,portrait,none,21295,RGB,b744dedc94fc8e5338a77c7c382271e694dac202
201264_200w.jpg,200,279,portrait,none,22087,RGB,e48c281569f7c442cd633f3f296e0e441c484f80
201265_200w.jpg,200,279,portrait,none,18131,RGB,f8b6ce702b1c49e4e8be71d759af6004808c55ae
201266_200w.jpg,200,279,portrait,none,21419,RGB,5bc3563324868d5a89c20f5033df7ed74b8e7a47
201267_200w.jpg,200,279,portrait,none,18310,RGB,99b1ce993827d276f19afa5fdf1e505263a5bfed
201268_200w.jpg,200,279,portrait,none,22641,RGB,c48ec1d0ccf25b5dec029a1be94a2c9a97731fea
201269_200w.jpg,200,279,portrait,none,26767,RGB,80383124de46aa60eefedd05a1cea6133a747ec0
201270_200w.jpg,200,279,portrait,none,24976,RGB,582520ccc8a92035081ced714a155c3fb99de3c1
201271_200w.jpg,200,279,portrait,none,20175,RGB,074f288450dbc72c7e81d5047b3c0d3de79789d3
201272_200w.jpg,200,279,portrait,none,21623,RGB,144ef7014ed5992bd32614cd510cd77055b38a2b
201273_200w.jpg,200,279,portrait,none,21868,RGB,24566c0f151a339fcd36ff679d916973f3051b6a
201274_200w.jpg,200,279,portrait,none,19505,RGB,f982ac94a68889981ae54343c5fed55d140d552b
201275_200w.jpg,200,279,portrait,none,21334,RGB,44b92b3fd2bb5e6935d2aec9788ceb1dcbae04c4
201276_200w.jpg,200,279,portrait,none,19927,RGB,5c3977d77c9ca697a1cde5ba1ee3672cbfdedbce
201277_200w.jpg,200,279,portrait,none,23334,RGB,b68db5e691a9e752bee8a03be610b25cee5dc18f
201278_200w.jpg,200,279,portrait,none,20006,RGB,5aa62c24221b36436ec2f22ae35339277e674476
201279_200w.jpg,200,279,portrait,none,23046,RGB,0558c7ee3f3903d4ce564bcf6c6ea20ad3e092d2
201280_200w.jpg,200,279,portrait,none,22245,RGB,30d6adc85cc99d3902412cbd1790a5d2dc5cfef0
201281_200w.jpg,200,279,portrait,none,20590,RGB,9b184bfdd7b60437639c25529314e154b49a4681
201283_200w.jpg,200,279,portrait,none,23665,RGB,c8dedc609f10ea4308c3ace76f83af609af8017e
201284_200w.jpg,200,279,portrait,none,29605,RGB,d5f84b66ad4f6ad8e8c006623b3def1de10d8401
201285_200w.jpg,200,279,portrait,none,29882,RGB,e81d8d45dbd812d44acfca3d5819601f68180a7d
201286_200w.jpg,200,279,portrait,none,31080,RGB,4fc1fa884d9a19383fa354524ae1f5f29325760f
201287_200w.jpg,200,279,portrait,none,27932,RGB,92777057c2c95b05bdb763a745578feca9298c59
201288_200w.jpg,200,279,portrait,none,18620,RGB,6c7c2cb70f388b006a6c6681ce196f8456b2f188
201289_200w.jpg,200,279,portrait,none,20303,RGB,e836ee2b1453cc88e5bdfec8eaff9953f4632c41
201290_200w.jpg,200,279,portrait,none,21652,RGB,6c3b80193a3491b2e2703ebdd8cb7f68f3fcb5e5
201291_200w.jpg,200,279,portrait,none,21384,RGB,8e2d46f44c04ac16b6440363b7355669692dfa79
201292_200w.jpg,200,279,portrait,none,23995,RGB,41174b284126c49c1102172989c8adc4dfdc449d
201293_200w.jpg,200,279,portrait,none,19995,RGB,d91d42fafe502a13f9d2333dd173dbbf8fa3d753
201294_200w.jpg,200,279,portrait,none,20257,RGB,587bd649256755e6bc6e07cd82039d110e7ffa51
201295_200w.jpg,200,279,portrait,none,21437,RGB,e407f4249807e523e3aa82e484a8819063a33024
201296_200w.jpg,200,279,portrait,none,19845,RGB,626b5a54134bc4905bd39969eab60ac272c330f5
201297_200w.jpg,200,279,portrait,none,23919,RGB,caba565c28c1b94e50a96d1e040bca9c37157179
201298_200w.jpg,200,279,portrait,none,24673,RGB,8bbe543c90ba5e84da0309af392bf90525905f62
201299_200w.jpg,200,279,portrait,none,20273,RGB,44abb803482b465c98fc3eb763782e250e8e8ab5
201300_200w.jpg,200,279,portrait,none,22118,RGB,bf6e40fd392116c9ca208f0e72650a9ea4419d76
201301_200w.jpg,200,279,portrait,none,20963,RGB,00798ace5a37dacef00047be970879d9c6b01650
201302_200w.jpg,200,279,portrait,none,23465,RGB,e38f6dba9f92bc3caa02a705f658e63851cfeb9a
201303_200w.jpg,200,279,portrait,none,22845,RGB,26f0a2bb15cd6e02f5d46c167e198d28f9708ce6
201304_200w.jpg,200,279,portrait,none,22800,RGB,defc6c4cd6ad6509e31a6bbcd3c7d5f4aae6c473
201305_200w.jpg,200,279,portrait,none,20485,RGB,acdd892d17c79543d9e41cd5f904eea48e3f46b6
201306_200w.jpg,200,279,portrait,none,29458,RGB,ad0641c7c2c31f1eaed8d599eabdf88b9d58f568
201307_200w.jpg,200,279,portrait,none,29107,RGB,7bf72964e472d39568979f2064afb30d68665b62
201308_200w.jpg,200,279,portrait,none,22698,RGB,bbe856ee5059dc02ec9baa0d7d1c0c72de6252eb
201309_200w.jpg,200,279,portrait,none,23419,RGB,c021b7a8d2fce60849f9ad544b393c22623167b5
201310_200w.jpg,200,279,portrait,none,17148,RGB,27abe44fde180c90a4ad35534c098b4a88eb62b3
201311_200w.jpg,200,279,portrait,none,19625,RGB,6a09f6c3001a5c8b68269a282d5188a62b4ce598
201312_200w.jpg,200,279,portrait,none,22576,RGB,25b71cd5fc20d255f54f96630954f592f8524962
201313_200w.jpg,200,279,portrait,none,19385,RGB,65e19f2f62354b96f03a8b87b865f0318c120d14
201314_200w.jpg,200,279,portrait,none,24414,RGB,6e14284f85680b0d1b027a2c90cdcc92ff359968
201315_200w.jpg,200,279,portrait,none,20183,RGB,515440c2314efc808f7162ef66d6a5fb498354ba
201316_200w.jpg,200,279,portrait,none,19627,RGB,77ae47af95741776334d96ec1bd61c5fe9680164
201317_200w.jpg,200,279,portrait,none,20965,RGB,57e9e920c74c8e0b068940962e27dd59beea3098
201318_200w.jpg,200,279,portrait,none,20503,RGB,835d6433631065c16cb3e9d59c3a053fc5187f2f
201319_200w.jpg,200,279,portrait,none,23669,RGB,7f59aabd4bf53dc595a77cdd5c7ec84dfeb9a816
201321_200w.jpg,200,279,portrait,none,19695,RGB,996c8a2b8bde17c24a3e92359d7553d038740596
201322_200w.jpg,200,279,portrait,none,19381,RGB,4755a6b6e8908cc22ff239b3a8f3d97eb01ebbad
201323_200w.jpg,200,279,portrait,none,25775,RGB,0e652acce1a6d76b201c413afcfae54b4eba0082
201324_200w.jpg,200,279,portrait,none,20195,RGB,70d4691d39ae6c5e1262c4b8e4bdabdd17a25d05
201325_200w.jpg,200,279,portrait,none,19619,RGB,fe9eed5c6e887028ebf9ebf0055266fbeb90a018
201326_200w.jpg,200,279,portrait,none,18933,RGB,0f5c62a97eea06e76d6281c1121ceb20a389610e
201327_200w.jpg,200,279,portrait,none,19590,RGB,f81fc5a2e1f040e84c008fdab614e4a71febcc15
201328_200w.jpg,200,279,portrait,none,19720,RGB,7fc4fef5a5cdb1e5e7aae262029b94b8e5b5417f
201330_200w.jpg,200,279,portrait,none,30488,RGB,d4bb39c6e633f5f7695bb89ff5dd5772b608add6
201331_200w.jpg,200,279,portrait,none,29098,RGB,bcd1ab2fbc7cbc7cd8cead634625f1ce29189548
201332_200w.jpg,200,279,portrait,none,31916,RGB,7122d9cc3a3712fc08c44b630bf2338da17f7b7a
201333_200w.jpg,200,279,portrait,none,29111,RGB,f52e113adc7fd315eabd4295c94efd091e01e390
201334_200w.jpg,200,279,portrait,none,32737,RGB,bc2215b0fa01fa05d0b7c1513d1c5bffcbe7eb64
201335_200w.jpg,200,279,portrait,none,29308,RGB,390b4e5131a97442901c3719e052fa390a084dd2
201336_200w.jpg,200,279,portrait,none,27182,RGB,74cba01d962dd35d062d87b550483dd02fa434c4
201337_200w.jpg,200,279,portrait,none,30876,RGB,28d10a88e5d0c2ae5fa136d99a969bc256ff78c0
201338_200w.jpg,200,279,portrait,none,28643,RGB,cdb8da9c4811a4b6b98131274d2a6c7480bd3209
201339_200w.jpg,200,279,portrait,none,33037,RGB,eceebe7680b412cbdcc38935a6044203e0284b62
201340_200w.jpg,200,279,portrait,none,31450,RGB,22f19d0366204867268abf185ce4ea52f521d3ce
201341_200w.jpg,200,279,portrait,none,31171,RGB,3399a1dd8e546dc0afa0d47aaf267f6db545842b
201342_200w.jpg,200,279,portrait,none,29406,RGB,39b3fe0c618b120f36c55cd310beb702afaed1f0
201343_200w.jpg,200,279,portrait,none,29727,RGB,be5de62ff66537ef2dee52cc9f299bce796eafd0
201344_200w.jpg,200,279,portrait,none,26166,RGB,1885d0d090aab6d4005fadb554bb6a08146b6d6d
201345_200w.jpg,200,279,portrait,none,29457,RGB,786e62c6ef5db695e18ed19db925059a388701f8
201346_200w.jpg,200,279,portrait,none,30384,RGB,fed25d8666d8f24ff657a766e0839c142b59eef8
201347_200w.jpg,200,279,portrait,none,27960,RGB,5cf870bf812fb3176091287411c70dd27ee132ea
201348_200w.jpg,200,279,portrait,none,25596,RGB,05336671778dd89e92518fcb04c60c941b78f727
201349_200w.jpg,200,279,portrait,none,24717,RGB,55f553ac6443af684daabb631446f8d85bbeb7f0
201350_200w.jpg,200,279,portrait,none,24454,RGB,77fa3e7c2bfc7223fbcd8564bb23ec1cb0bc18c6
201351_200w.jpg,200,279,portrait,none,25131,RGB,ba917786f145a1d1d6a8f475ee6f6beb9695950d
201352_200w.jpg,200,279,portrait,none,26594,RGB,a4b09f770807f96cab8cbfbbdd4941e77a776535
201353_200w.jpg,200,279,portrait,none,26958,RGB,042ff78ff0eaff58fcdf4bc96934d93014fc6094
201354_200w.jpg,200,279,portrait,none,29471,RGB,fc65b6ae3df4ec97b0e0386d45fa1fc87664157b
201355_200w.jpg,200,279,portrait,none,25108,RGB,3e62cee99268a539457bdaa8cede21de47beb7ec
201356_200w.jpg,200,279,portrait,none,25893,RGB,a828929338f8d03c0a897b06e51fda8a33f6b30d
201357_200w.jpg,200,279,portrait,none,24727,RGB,58b62f16d70f855ea2c1b04638576950381246d2
201358_200w.jpg,200,279,portrait,none,25985,RGB,73a2d129a384744ce26a4cc9f2a52a8599b69a0a
201359_200w.jpg,200,279,portrait,none,25543,RGB,56f78ff1a38b1acc222e4c6f38aee4e5c6a967a2
201360_200w.jpg,200,279,portrait,none,28866,RGB,1466214c3ad05966d06bee585788c5dcfaa92e75
201361_200w.jpg,200,279,portrait,none,27685,RGB,0ad3ee4063e7fe5415bb1786f46a8cffba04c473
201609_200w.jpg,200,279,portrait,none,28779,RGB,2bebfb756a36ef7e48e605c1e32f96f295ed99cb
201610_200w.jpg,200,279,portrait,none,26889,RGB,786a67861a8722dfcb728689537199c97e0f7f2e
201611_200w.jpg,200,279,portrait,none,28051,RGB,ad1b098c3354396a4954fb0b4f7eef8664acdcf6
201612_200w.jpg,200,279,portrait,none,26343,RGB,77d597d16e2c5af1981f1a909885bdf2e38fb9aa
201614_200w.jpg,200,279,portrait,none,27672,RGB,782dfecb1f0ac77f2fe92a3ab3c7baec710dad80
201615_200w.jpg,200,279,portrait,none,25255,RGB,00211b66113edada8c1f2db424acbd5fc075a724
201617_200w.jpg,200,279,portrait,none,27539,RGB,c37f7d2c2929db5277ea4a3c480d928d3243a983
201619_200w.jpg,200,279,portrait,none,26431,RGB,bf724ba5469f2660bba4903d6015afa9fa7cedb5
201620_200w.jpg,200,279,portrait,none,29698,RGB,2042f1affe10f5366950532e72dbd8116a2a633c
201622_200w.jpg,200,279,portrait,none,29465,RGB,8bd2251b76703b5aa725beb7a9d25fed89ad3f2f
201623_200w.jpg,200,279,portrait,none,27215,RGB,3b442901d1c7c87fcd3a2381f6c5cfa54570a125
201626_200w.jpg,200,279,portrait,none,27566,RGB,046ab1729af0e4520fbf107d77a433175f3864bc
201627_200w.jpg,200,279,portrait,none,24761,RGB,a7c656b8cc2825c4bb18eae168275f19d335cb57
201629_200w.jpg,200,279,portrait,none,25280,RGB,c55b9fc6e98d683cd3847b921b5f8cf1be609a53
201631_200w.jpg,200,279,portrait,none,25041,RGB,e2b7fab4b07f7ffb653e742ae7ccb990f7ae2406
201632_200w.jpg,200,279,portrait,none,24400,RGB,a52e2225db100aa412107bedc3608c171fbb4de2
201634_200w.jpg,200,279,portrait,none,24855,RGB,c8d6fe86afbb768d187328faf0f2972f4db0bb8f
201635_200w.jpg,200,279,portrait,none,23605,RGB,44d46ae1790bd8a8583dd9c7fcdd9e69e7bf683b
201636_200w.jpg,200,279,portrait,none,22524,RGB,abd33a766e41cf006edea2db351ad00d1b48bae3
201639_200w.jpg,200,279,portrait,none,29931,RGB,5466b6919a4636b055ad227a8bb007fc6510445d
201640_200w.jpg,200,279,portrait,none,30111,RGB,e7bbde0fbef64453a77a4ecbfced9b00567bc58d
201641_200w.jpg,200,279,portrait,none,26785,RGB,6acf699de721d58cc088272a3de4b8b046f894c6
201643_200w.jpg,200,279,portrait,none,26312,RGB,324f53266faec90fc9f34ff65c875ad39a09787d
201646_200w.jpg,200,279,portrait,none,26255,RGB,5ae2e199222e0084d37cfbeaf80733e7df34e98b
201647_200w.jpg,200,279,portrait,none,24767,RGB,fd0d0e1b229d58da5e8043b72574ad08221249ec
201648_200w.jpg,200,279,portrait,none,24607,RGB,d63ec72ddd8bbd27a5c6ded27042f00b5470905d
201649_200w.jpg,200,279,portrait,none,25679,RGB,e63635d2f630c282b76e4bce52dc1258ac65a440
201650_200w.jpg,200,279,portrait,none,20047,RGB,6c7d96a590005445b489db641d2c765fee4fe5fb
201651_200w.jpg,200,279,portrait,none,27644,RGB,a1fd1abbf0f2f70254d62ce3c582282569b47bef
201925_200w.jpg,200,279,portrait,none,21300,RGB,c3d750188c4f54767107c7cf18354d9c6feb4937
201926_200w.jpg,200,279,portrait,none,25236,RGB,fdd5fad288e319d4695605060e6876bcc5a5cfec
201928_200w.jpg,200,279,portrait,none,22442,RGB,6eac14190db56e5044a843dfe87a9eb0e33966be
201930_200w.jpg,200,279,portrait,none,18804,RGB,d91abc993ab3be9f850ffec16c99ed4dab71e202
201938_200w.jpg,200,279,portrait,none,24931,RGB,9c9ae7cb2754be4c72a7eae48579de5a09301381
201939_200w.jpg,200,281,portrait,none,22236,RGB,6e061b8a723d97cd6a6115f2b42dd506a2156907
201940_200w.jpg,200,279,portrait,none,24407,RGB,63cdc5f8c8fc3b49733cb8cf620d21da77a6f0f4
201941_200w.jpg,200,278,portrait,none,21184,RGB,0dbde7a5805086fe2313089d783d3184fdd571ff
201942_200w.jpg,200,278,portrait,none,21383,RGB,012dbdc72c5647d6f84421fbd57573155b5e6700
201943_200w.jpg,200,279,portrait,none,24343,RGB,c41fb251b9e8b5d76db3cd8a6969a4307a3cce1c
201944_200w.jpg,200,279,portrait,none,23499,RGB,e9d8506a593a34fced106f62133a967118e6fe97
201945_200w.jpg,200,279,portrait,none,21430,RGB,f94a44ecfefda54fbc61d7b9b090a930671cb7d4
201953_200w.jpg,200,280,portrait,none,19504,RGB,3df9fa83cc66a07ca40e2ef5e1afda1d34aa72a2
201965_200w.jpg,200,279,portrait,none,22702,RGB,72a44616df00cc6e7dab31e65a007fe163c01c05
201979_200w.jpg,200,279,portrait,none,24371,RGB,66340c2aece206301da1cbfb319b29d6c726959a
201981_200w.jpg,200,279,portrait,none,24185,RGB,ba042ebcac27adc902ac51048161873e5e266331
201983_200w.jpg,200,279,portrait,none,24207,RGB,32b1b7072f49c1f276c734860cae97af520c9b8f
202324_200w.jpg,200,280,portrait,none,21749,RGB,35fe70514dd99ec4b14fbf823b3a2cbc93cb2e21
202325_200w.jpg,200,280,portrait,none,20497,RGB,94e4c3e445272be8fd79779e01702c764b9b7cf2
202331_200w.jpg,200,280,portrait,none,23129,RGB,84132afb8bcc1aa6ba93ba3b47f486c3d6159204
202333_200w.jpg,200,280,portrait,none,23291,RGB,3890695b473d3dea52d4ccd4d2924c44f3668d8f
202379_200w.jpg,200,279,portrait,none,20650,RGB,d417a81e32ca20db6f99191f7a9fa63834e0e16f
202636_200w.jpg,200,279,portrait,none,28932,RGB,399514919aecc4f6a8ff4b605382410e2c4d1999
202637_200w.jpg,200,279,portrait,none,28258,RGB,16786bcdbf35b8deb7d66e8f11ef74c580dc7a4d
202638_200w.jpg,200,278,portrait,none,27820,RGB,f12622e180b0fe244f7506c2c3dd8b6a2a5d93cd
202639_200w.jpg,200,280,portrait,none,19708,RGB,212ba44c380f05074362edcd21f0bf81af6a912b
203914_200w.jpg,200,282,portrait,none,26769,RGB,ad8b07c834e71a2cc4afe5096b04a2e1d49fad73
203916_200w.jpg,200,282,portrait,none,28887,RGB,5dede75bedf1d8c6a6a9a193c4ec77bd56159d6e
204224_200w.jpg,200,279,portrait,none,22200,RGB,becd8df5191d995f9dd9183b43240a7aaa95e92d
204231_200w.jpg,200,279,portrait,none,21428,RGB,31c71ba49cfce65ec39408b80f3b009a83cb2d46
204232_200w.jpg,200,279,portrait,none,24343,RGB,45ef2d22e94b9a9c44d617acac74c24d6466802e
204242_200w.jpg,200,277,portrait,none,26237,RGB,a83e625f9728fdaca702496f777917eb445bb745
204966_200w.jpg,200,279,portrait,none,25680,RGB,ae9caacb0a7d65c26208f9dfda712e54e5669874
204973_200w.jpg,200,279,portrait,none,21907,RGB,03938ef8169901ddfbe75588f86eceea7e402a7d
204984_200w.jpg,200,279,portrait,none,24117,RGB,06e81fec5b587f2377c37f562283f25d32bb6a1b
204985_200w.jpg,200,279,portrait,none,19579,RGB,8c0128d89d4476c81595adf786c70cf91a6ea0ec
205162_200w.jpg,200,279,portrait,none,29986,RGB,0b1a3bc8a6dee44f5c7b13ad04bdfb92b7e25956
205163_200w.jpg,200,279,portrait,none,32893,RGB,4d5b0ccee4d795e710a9d792daf4b79a581d490c
205164_200w.jpg,200,279,portrait,none,32323,RGB,4294e518c552c3ab7fae663cc2571f168ba8f2cb
205166_200w.jpg,200,279,portrait,none,28943,RGB,532dcab5426d9e0fabd0dd612dcf43f858383335
205167_200w.jpg,200,279,portrait,none,30623,RGB,1f78e6a7c4bf6d026c53ecfbffda150f8cc483ff
205168_200w.jpg,200,279,portrait,none,28668,RGB,27fdfabd7b120cd9e160d3433bbb70100f22f09a
205169_200w.jpg,200,279,portrait,none,22063,RGB,27d85514c51991370aac0f85b1d1141a4464d97e
205170_200w.jpg,200,279,portrait,none,20676,RGB,c69405abe8ce81d93818b8853678051b6be9a645
205171_200w.jpg,200,279,portrait,none,23246,RGB,efbefbdb0c16c8bd12aa08518fd46b42c09fa487
205307_200w.jpg,200,278,portrait,none,21677,RGB,e530149301cd43e0ed00bbafcdfe0257d36ba842
205308_200w.jpg,200,281,portrait,none,23134,RGB,a7e3f031486f48a0cda4c009fc45e352939de540
205309_200w.jpg,200,280,portrait,none,25307,RGB,bdf8dd2b2c8724893287b958fe9e666e5a86ce79
205310_200w.jpg,200,282,portrait,none,25145,RGB,1f137abf6c265236ef1c9be6b1dbce09f6fb806b
205311_200w.jpg,200,278,portrait,none,17513,RGB,49ac0380f8fb7b9b0eba50f4b647b1130135a8d2
205312_200w.jpg,200,278,portrait,none,17643,RGB,122a1fe0f32bd4d2d11cc258bba352fc85554a23
205392_200w.jpg,200,279,portrait,none,24579,RGB,0559b023519c2d88504fb93cf79771d3e06a888e
205393_200w.jpg,200,279,portrait,none,24589,RGB,6c040b5955efacd66eeb5db9fecf5cdd38157c55
205465_200w.jpg,200,280,portrait,none,24452,RGB,47090d8b4e0bfb7fdf4ea0b599bff4499e8d0c19
205466_200w.jpg,200,280,portrait,none,26776,RGB,f28ed15a4a6ea62d21230da2c2263df8f69e0f3c
205467_200w.jpg,200,280,portrait,none,28620,RGB,6fc3fba61270313182dae9e9a8b3aac295a3867d
206046_200w.jpg,200,279,portrait,none,28931,RGB,7829e51ac8573bd4c705a013d79c0e2f8de08659
206047_200w.jpg,200,279,portrait,none,25829,RGB,474446f998bbaec92adbc0d46092448a4e56350e
206048_200w.jpg,200,279,portrait,none,27348,RGB,53e528e8854a45e223cb4c27407a7f35e6639ebd
206049_200w.jpg,200,279,portrait,none,28678,RGB,6d1dec0f15c6ea4c8a215535ddeff3f1e40325b0
206050_200w.jpg,200,279,portrait,none,29274,RGB,a7f9f0f1585d2fd6bd207ada66272965f3db2f44
206051_200w.jpg,200,279,portrait,none,19961,RGB,90d946f88f444a9791d505e47893403e353b57a0
206052_200w.jpg,200,279,portrait,none,24906,RGB,1c82797ba60cfe01c6e85af7fb2b49d59e4dcf31
206053_200w.jpg,200,279,portrait,none,26900,RGB,afe61757cfafaadcc3606d1c3951be68e867db4f
206054_200w.jpg,200,279,portrait,none,23835,RGB,6d23f5e9dad61aaa59bbb5a82b15c45e0b057e35
206055_200w.jpg,200,279,portrait,none,28357,RGB,b28010af6fbf2d53f4626441d3f1a0a03d50311c
206056_200w.jpg,200,279,portrait,none,29933,RGB,3ebf6b6daeafdd6e5d5e949185c4615dbb0dd676
206057_200w.jpg,200,279,portrait,none,30099,RGB,4b905e44a707d910271d1c838f334d09241cc08f
206297_200w.jpg,200,280,portrait,none,22989,RGB,4b0acab3d28d6a82b151840c6f486da0adac2c3c
206298_200w.jpg,200,281,portrait,none,22722,RGB,1dc3fc6d0da37019ffe097affbc655e2246a6fae
206418_200w.jpg,200,276,portrait,none,25763,RGB,c4d1c00eabcf4c340f494cf2ae6e848c929d281a
206419_200w.jpg,200,279,portrait,none,25136,RGB,ff48c1b001ead8f8c916713da9719ca66ee4d967
206421_200w.jpg,200,278,portrait,none,25499,RGB,ddff822c2b819b09f632ea2f5ad3652ea7266d88
206425_200w.jpg,200,276,portrait,none,27756,RGB,0035e8924da66ef28331c48f5809ccea788c765b
206426_200w.jpg,200,279,portrait,none,28378,RGB,7268ad991d89e960b35eb623ea8154063d988b4d
206427_200w.jpg,200,280,portrait,none,20061,RGB,9efaab0148ffdcbff6309044f4942883b08bd3b3
206428_200w.jpg,200,280,portrait,none,21275,RGB,511a27e80be657389e2389632cfb40fe0ef420e9
206429_200w.jpg,200,280,portrait,none,18547,RGB,49978330bee17997ee22e5f48be814b232bcf3cc
206430_200w.jpg,200,282,portrait,none,20474,RGB,23b64cc29c5154d92efb3b02a5061c399c0fbfcd
206432_200w.jpg,200,280,portrait,none,23627,RGB,cd66cee14ccd2e0b458ca941f85048a1612cfa5f
206434_200w.jpg,200,280,portrait,none,24476,RGB,25e305c735c1145e74c732ff7caa6b3cadf072b4
206435_200w.jpg,200,280,portrait,none,24356,RGB,6da7f9b78a5b58ceb2dbbe408958892fb244e5ef
206823_200w.jpg,200,279,portrait,none,21848,RGB,cf4d779d7ac076861f77326e649ede0d9adb737c
206824_200w.jpg,200,279,portrait,none,20227,RGB,781ddbc0c818392b720622bb906e5df740604005
206825_200w.jpg,200,279,portrait,none,20125,RGB,f3c43ab8ef70e4a1872304e05c644cd2db549473
206826_200w.jpg,200,279,portrait,none,20934,RGB,70dd9d388ee822e2c05242eac258014eb393ad56
207496_200w.jpg,200,279,portrait,none,29390,RGB,34b634be7157c126e4a2c169dc7f01a8f3b076de
207497_200w.jpg,200,280,portrait,none,29307,RGB,bb0da62205320b0debfa0cd17318969e158592ad
208032_200w.jpg,200,279,portrait,none,12612,RGB,b00bb44194c070b83e37faa883c2f7fe4b198e77
208033_200w.jpg,200,279,portrait,none,13318,RGB,7af3479bfbcf7a4801ebfb6373becf5049f11473
208034_200w.jpg,200,279,portrait,none,13436,RGB,1220d242acfbe7df08581cacbb78ddeb1e138285
208035_200w.jpg,200,279,portrait,none,11765,RGB,a6812cc4f011102f6ec5c98ca1bad156a06c4ebe
208037_200w.jpg,200,279,portrait,none,12823,RGB,3ef7d3d956777bb06bb322ded81312a28ae0ae7a
208038_200w.jpg,200,279,portrait,none,12892,RGB,e666bd188b953296bfd8ba0ee14226285efeb8d6
208260_200w.jpg,200,280,portrait,none,22298,RGB,6a5277fbfee85eaf6e79c3643f6d92a2166e728d
208261_200w.jpg,200,280,portrait,none,22277,RGB,dae44c9ec0324b67c29a767459d0cb79f6d01539
208262_200w.jpg,200,280,portrait,none,23287,RGB,f9b9c789b64cfd69e36778b30f89a0fc24e1f9e8
208263_200w.jpg,200,280,portrait,none,23287,RGB,7b325ed60c8b2ac3fa48f4b05090a7eb99d92c0b
208264_200w.jpg,200,280,portrait,none,24254,RGB,30ec160f9ba998ad8613bf611b94f99d574dec06
208265_200w.jpg,200,280,portrait,none,24182,RGB,9e18bec3b64b54a157c0cca840e780716498f8d6
208266_200w.jpg,200,280,portrait,none,22686,RGB,b2caf2f89906bd852dace2f22e34fad23a6af5ec
208267_200w.jpg,200,280,portrait,none,22671,RGB,452bd933272d1694e3a8636115c61970d379cae0
208269_200w.jpg,200,279,portrait,none,19737,RGB,d898040fd491b06966890f73239b40115122e061
208271_200w.jpg,200,279,portrait,none,18766,RGB,2cb7b776c027e5b7badb7d7a0081a7da0b8e8f4d
208272_200w.jpg,200,279,portrait,none,21054,RGB,7923f1aca676e81b996811a3944a9db4ff0b8ccd
208276_200w.jpg,200,279,portrait,none,19137,RGB,353f417b9ca5f2cefed9249c43b94e281c4c69e6
208281_200w.jpg,200,279,portrait,none,28218,RGB,14e8c3e667b5b89644779c3aed5a3076def468e9
208284_200w.jpg,200,279,portrait,none,20060,RGB,61f7ac82be860184aec9f896521aed36c2078ce9
208286_200w.jpg,200,279,portrait,none,20502,RGB,3a4f923d19917ce496e866ab58015a3ec6502c9e
208291_200w.jpg,200,279,portrait,none,23062,RGB,b4b5e0a450702de2400ee9996339e1d869ec961b
208292_200w.jpg,200,279,portrait,none,23239,RGB,df5a3f38456c6ebfc8019dc708c89cfd7f964986
208293_200w.jpg,200,279,portrait,none,23098,RGB,be1ade4e39452a1c0306994db279ee9afa875f5b
208294_200w.jpg,200,279,portrait,none,23737,RGB,0d54024e50544c4fb639e471a21e4d8129080d52
208295_200w.jpg,200,279,portrait,none,20278,RGB,4ec752e1b55d1b326b802aa5efb329a79d3705f9
208296_200w.jpg,200,279,portrait,none,19361,RGB,55afcee496fb8c96172b250ae6f70c87f400c7af
208297_200w.jpg,200,279,portrait,none,21053,RGB,6b9424ee2fb30802951b07eb8c9655e38e94b148
208298_200w.jpg,200,279,portrait,none,23187,RGB,28ed66f3c09b131d93ac3a78419012b6fc96a69c
208299_200w.jpg,200,279,portrait,none,21277,RGB,83562c10fce1047359490496c3f8167c9b945f08
208300_200w.jpg,200,279,portrait,none,22228,RGB,60a5a589abbacc251722b9c9ae348a27b401fce7
208301_200w.jpg,200,279,portrait,none,19053,RGB,3d8909a177f68181de8cf147c1e2dd6d3f8ff939
208302_200w.jpg,200,279,portrait,none,21405,RGB,7421a2ecf0290fb5152f7319e9ec6013eed55ac0
208303_200w.jpg,200,279,portrait,none,25711,RGB,81c9970073cb4bd2fdade0cd239fb659c5bd9df7
208304_200w.jpg,200,279,portrait,none,22637,RGB,19dffc6b9613a40297144b5885b27ef973fbde80
208305_200w.jpg,200,279,portrait,none,19009,RGB,668d5ace58ab03e652ae06343eef7a7c372a5a80
208306_200w.jpg,200,279,portrait,none,24025,RGB,00b072e90e1ace05cbcfc226f50eeff52ffb1a20
208307_200w.jpg,200,279,portrait,none,22505,RGB,e3af656dd1c4c41467208f5f2ea9f2ebe0eae5a0
208308_200w.jpg,200,279,portrait,none,22310,RGB,d1b05a27f731297fb0bdeb223817980696c9628f
208309_200w.jpg,200,279,portrait,none,21314,RGB,c7a82230d1405cc824f26bf64b6fb5eac074c85e
208310_200w.jpg,200,279,portrait,none,22794,RGB,c1825a3d6c5f82c3ffc9dc6880ee96ea37cb9ba9
208311_200w.jpg,200,279,portrait,none,22458,RGB,794b2f980cf6f6ff034ae9475b5a8f8f41a0a9fc
208312_200w.jpg,200,279,portrait,none,23947,RGB,8480148f8836cde96995d2cbab5f121dc17b3c44
208313_200w.jpg,200,279,portrait,none,23404,RGB,841bae4bd69e5f45cf0a3793cc389b247143bf4e
208314_200w.jpg,200,279,portrait,none,22960,RGB,5ee27feea217dba533e7095077121d4a66dfccf9
208315_200w.jpg,200,279,portrait,none,21642,RGB,0371fe108855b0633af6e10f650e4fa56e644d0e
208316_200w.jpg,200,279,portrait,none,21193,RGB,079e1aebf7bc0455f1664defc39a978e14e374a5
208317_200w.jpg,200,279,portrait,none,24587,RGB,5a87ed9fa80c0efad9f7089e40f7ead8eb366e7e
208339_200w.jpg,200,279,portrait,none,21263,RGB,f9f7c7d4e01e95c8e46b542fd211b5c6dacd4a87
208340_200w.jpg,200,279,portrait,none,25872,RGB,5c37c61c11a82ef8744a64993e230df747fcecb1
208341_200w.jpg,200,279,portrait,none,23493,RGB,452ae26baaf674fec8b93d222762d38b6728e64d
208342_200w.jpg,200,279,portrait,none,21138,RGB,d084e0c3bcd7978b7685064d0a817d7370fa4be6
208344_200w.jpg,200,279,portrait,none,20920,RGB,092de5e21f53a0b40b7860f4ff92259413bc3414
208345_200w.jpg,200,279,portrait,none,22321,RGB,283a30e8e6852164f37ff371ed757c29fb653f25
208346_200w.jpg,200,279,portrait,none,24300,RGB,3d028b8b7d02a905982a19f36e4f9241988599ec
208347_200w.jpg,200,279,portrait,none,20400,RGB,a46353289e84b50357da7b8784f932935f419f01
208348_200w.jpg,200,279,portrait,none,28646,RGB,5c041697da22391f05f84e1212f40ba94692bf3f
208349_200w.jpg,200,279,portrait,none,25341,RGB,cb19d3f5f10c19aa4ded12aabcd7c21eec5b3877
208350_200w.jpg,200,279,portrait,none,22719,RGB,f7ffd4b05a467655c26ea94760b6b8c40c33cbd7
208351_200w.jpg,200,279,portrait,none,20907,RGB,8cb57d8984590bc23faf7d4cd0c57d64a009e165
208352_200w.jpg,200,279,portrait,none,20839,RGB,df3ea1db9d9693678bd6825661dada95b499b029
208353_200w.jpg,200,279,portrait,none,25392,RGB,44d8c2fc1ffe57b07d2277ee56551e9abea5de02
208354_200w.jpg,200,279,portrait,none,22610,RGB,fc410c87b262e9939c02b84620216e2026f0a8a6
208355_200w.jpg,200,279,portrait,none,27112,RGB,251a6d84fb47810bf6db38f522302d226d178e19
208356_200w.jpg,200,279,portrait,none,25024,RGB,de34c7d42781379dca2614049311560989134c30
208357_200w.jpg,200,279,portrait,none,21711,RGB,03e53cbcbbbf6f849de88a76cf06f04edb43a403
208358_200w.jpg,200,279,portrait,none,25642,RGB,37085c155fbb06f3b703cf2e0898471db19aebdb
208359_200w.jpg,200,279,portrait,none,22640,RGB,42f872b3100276717688e9ec5536ee10a8e87ec9
208362_200w.jpg,200,279,portrait,none,20586,RGB,3f4d6225c6d48efdf1b584440c97f486f7c7a254
208363_200w.jpg,200,279,portrait,none,21395,RGB,e9bd7692cea7f71ee37a4b79c093acc0c24c338a
208364_200w.jpg,200,279,portrait,none,26162,RGB,6a0cae17fb9d1cc33b072d06db5c193e45631082
208366_200w.jpg,200,279,portrait,none,18267,RGB,3efe45ba913853bbf2146a1bc562bd2b8ba39460
208367_200w.jpg,200,279,portrait,none,23536,RGB,6d984d58640ea4a38238cff0e0c6a1c76751d3e3
208368_200w.jpg,200,279,portrait,none,21376,RGB,b656d2ce4b32ee1a9cf6773500649fee4ffd5079
208369_200w.jpg,200,279,portrait,none,19563,RGB,9a4ed92ec5d66f3b12a52b3fdad84aa094f89b6e
208370_200w.jpg,200,279,portrait,none,21914,RGB,07dc69b12c3ec54db249c8b4f4091c613935ab6f
208371_200w.jpg,200,279,portrait,none,21615,RGB,9dafdd261c39d325816376908965bc0843e0f771
208372_200w.jpg,200,279,portrait,none,20083,RGB,ba7b53a8db27627ba64fc0ff61bacc1798af6146
208373_200w.jpg,200,279,portrait,none,24620,RGB,481cdeeea85d3605f6fc0573e948df3264299fbc
208375_200w.jpg,200,279,portrait,none,22014,RGB,c02d19df55d528abaec4771fdaf8fd4833920f94
208376_200w.jpg,200,279,portrait,none,20251,RGB,4865d383e961c3292db2b5ea6acb3c1b50a7fcf6
208377_200w.jpg,200,279,portrait,none,25467,RGB,85f54df998ed829128f73d6eabff1a3d634c7fde
208378_200w.jpg,200,279,portrait,none,27854,RGB,302442e6d034cbb7e10a23aac9b11b4d8761ff5e
208380_200w.jpg,200,279,portrait,none,28726,RGB,acaff41bdc0d85b4847e55b410fcfd2195d65cfd
208385_200w.jpg,200,279,portrait,none,32663,RGB,6d70d62bd17646729b1dac722933bcec4bb27443
208387_200w.jpg,200,279,portrait,none,22916,RGB,55d6cfe9f146adcac7cadc0609948c75bf271ff3
208388_200w.jpg,200,279,portrait,none,20399,RGB,ff8ce1a53349bfb9c1b362e3da4cfddd21339d79
208390_200w.jpg,200,279,portrait,none,18684,RGB,9db6d9fb1029a5d27934a097697f695251c29b0e
208393_200w.jpg,200,279,portrait,none,21626,RGB,f857e6194e5d2fc26a85e8bce60d9f980f793df7
208394_200w.jpg,200,279,portrait,none,24389,RGB,5be02b8918d455d17fd12dcfb8d27ab5648ac970
208395_200w.jpg,200,279,portrait,none,26837,RGB,9930982a2cca3bdd2653e57ae0e0ca2a51f9c9b4
208396_200w.jpg,200,279,portrait,none,17285,RGB,98856c31962595281d9de63aa9d5d0725b28201b
208397_200w.jpg,200,279,portrait,none,21026,RGB,f1bf3b28451e99f17aac7b805efd06e96102828f
208399_200w.jpg,200,279,portrait,none,20578,RGB,0d732395309ebead9e8c0b029676546e53dc8464
208400_200w.jpg,200,279,portrait,none,25212,RGB,ce66395c457413528072a228091e111f54561b3b
208401_200w.jpg,200,279,portrait,none,19351,RGB,7941fd6437beddf60d90779d5a42446e4ac0bbda
208402_200w.jpg,200,279,portrait,none,20185,RGB,04cca4f50c9e62d3cd6bbf5488c2006bd5098ac8
208403_200w.jpg,200,279,portrait,none,23178,RGB,6d85fe270a436617727e5966814069ea6c41839c
208404_200w.jpg,200,279,portrait,none,23212,RGB,6033707895dcd0e75d31d58191bcb6b131330170
208405_200w.jpg,200,279,portrait,none,19646,RGB,71e10a2bbfac364b0fe99d33d84edfff90ea690d
208406_200w.jpg,200,279,portrait,none,19789,RGB,cc3e5a709e54ff6bd17e3ea7730ffad97d00486c
208407_200w.jpg,200,279,portrait,none,23760,RGB,0c053c7d919a1d6f00474094325cec1eea7b1b3b
208408_200w.jpg,200,279,portrait,none,25827,RGB,b75ac734dff452c1e260b3b762a56f6750268f30
208409_200w.jpg,200,279,portrait,none,22950,RGB,d84749508aec7149d83aa4586e1d58824cb349e4
208410_200w.jpg,200,279,portrait,none,30722,RGB,2252906125d094272c5105a155fb5026fa5a800b
208411_200w.jpg,200,279,portrait,none,18956,RGB,f6e476dd7deabcceb358313bc142c14b1e1f78dc
208412_200w.jpg,200,279,portrait,none,18612,RGB,831842303ec4be864fd45365c6f627231f903915
208414_200w.jpg,200,279,portrait,none,21196,RGB,ca2ed6c7db48e7eb4e34dd4c8b4388d17726cd6d
208415_200w.jpg,200,279,portrait,none,22577,RGB,c58d61b2f0867fc4cf68d98940ec04803003fc78
208417_200w.jpg,200,279,portrait,none,19472,RGB,29f588916a7bd0b565e6b77956247d32724c8c64
208419_200w.jpg,200,279,portrait,none,25694,RGB,13f580fe35e499f9c8289aff7c43e6032645d8a0
208420_200w.jpg,200,279,portrait,none,19960,RGB,d497110527d75140cbd88e49a2acaab0a3524048
208422_200w.jpg,200,279,portrait,none,24618,RGB,23e7e662391fcda600be65063bb2a9c8b5704251
208423_200w.jpg,200,279,portrait,none,20243,RGB,ad5826587c6ce25056470c91195d54a1117423b6
208424_200w.jpg,200,279,portrait,none,27431,RGB,9f7d39d34e92651db0947b9a7d894fa8c278051c
208425_200w.jpg,200,279,portrait,none,28206,RGB,d45ca367299e1d611e14c2e7996c600792bf42ae
208426_200w.jpg,200,279,portrait,none,25953,RGB,61d7e3afd864e21a7e22aefe0d2008158bbe0b35
208427_200w.jpg,200,279,portrait,none,27437,RGB,7a55eafe2e7ace2baaaba1aeda0b04581c2aa806
208428_200w.jpg,200,279,portrait,none,25671,RGB,a30b22d957b4aadb31d07421d6a017b37c33d54e
208429_200w.jpg,200,279,portrait,none,26170,RGB,9ee65c258f019c9273896d8a88a6afca8a1de3ec
208430_200w.jpg,200,279,portrait,none,26486,RGB,3cae887755498c73a0f66f536e3e4da37ab54ed7
208431_200w.jpg,200,279,portrait,none,28127,RGB,8efbb55a44e4a09cad3114b64c5ca80ae6c4cf56
208432_200w.jpg,200,279,portrait,none,23730,RGB,72ad486faf2f29f07d81bd7f651e9cebc8366a2f
208434_200w.jpg,200,279,portrait,none,23074,RGB,c118c13257c1ed292e249f8ea7443528044d1aaf
208435_200w.jpg,200,279,portrait,none,26267,RGB,b242c8131ed94f330a07700a1bab91490ccba05d
208436_200w.jpg,200,279,portrait,none,22684,RGB,3a4c26625f1d8637e907272114ff0adf06b017bc
208438_200w.jpg,200,279,portrait,none,22446,RGB,002f03b5379e246b44237231524b4fa4e774592e
208439_200w.jpg,200,279,portrait,none,24117,RGB,f19096e57761b9fe6ecb77136d7f6fb165bee662
208440_200w.jpg,200,279,portrait,none,23380,RGB,536beba95bc9c75fac4f5460c3825caf54d073fe
208441_200w.jpg,200,279,portrait,none,22853,RGB,b87eb02ce26b691ad2ba9c1173bb1bad04fc9d51
208443_200w.jpg,200,279,portrait,none,23806,RGB,63811431123be852c5da95c6eacd2055bd30e183
208444_200w.jpg,200,279,portrait,none,21765,RGB,319db1cce24f8302b256ea654b490b04b611ece0
208445_200w.jpg,200,279,portrait,none,23692,RGB,50edc5f3660494b55fc0fd5fc9b46c1c261a1ee1
208446_200w.jpg,200,279,portrait,none,22920,RGB,00bb31f9698f8bd5ba6e6bd86833967b9b896962
208447_200w.jpg,200,279,portrait,none,22409,RGB,343c91d39b9db25cb0837ece5532f1dff96d455e
208448_200w.jpg,200,279,portrait,none,22926,RGB,deda4750aa09bfad63bdbd8530949d533dc014ed
208449_200w.jpg,200,279,portrait,none,31808,RGB,7170488c010205af29b5b7a6dba9668c327b26ce
208450_200w.jpg,200,279,portrait,none,29468,RGB,31fb12c1a4277d545d6d8935731a60d76575c1f2
208451_200w.jpg,200,279,portrait,none,33428,RGB,bc39ac5615ee00d0ff81a455ceb78d01ba6e1e7b
208452_200w.jpg,200,279,portrait,none,29916,RGB,fd478930ce330d49a5b4c26963d2be087cebe5bc
208459_200w.jpg,200,279,portrait,none,26626,RGB,418c4e8215e3736a2ea1e6aae350bf437120a7c2
208461_200w.jpg,200,279,portrait,none,21674,RGB,999dfeda88531664c099dc079e20311772d348e2
208463_200w.jpg,200,279,portrait,none,23158,RGB,cb500cfee6c776bb8e6f37514176e838d9e521e1
208464_200w.jpg,200,279,portrait,none,20401,RGB,2574e75970c5962c51352f80d6486fd4e9471ae5
208466_200w.jpg,200,279,portrait,none,20558,RGB,7403e34dabfaff6cd5c950c799f9a6a8b7183939
208467_200w.jpg,200,279,portrait,none,21187,RGB,b9e72609c8ae73abcbdf2f6fc6280e7f6f2d9298
208468_200w.jpg,200,279,portrait,none,25176,RGB,ba6b47dd1b64cc103eaf368faf4198e82dd0aeeb
208469_200w.jpg,200,279,portrait,none,21340,RGB,b30afdc27438b9006be01b1caa0cff6492c37eab
208471_200w.jpg,200,279,portrait,none,19477,RGB,bac1560cd695fee7cfd8ddb8167185c9a1ed98c1
208472_200w.jpg,200,279,portrait,none,22255,RGB,0eea1bc94210d09bb57193c687e57e0e4001b11d
208473_200w.jpg,200,279,portrait,none,19248,RGB,16a13cef3e542685c1a3e1adaaa93eef14ec2589
208475_200w.jpg,200,279,portrait,none,20466,RGB,94d9664ffa58c5d5ad61a13846f753c239023449
208476_200w.jpg,200,279,portrait,none,21794,RGB,835eb8f320aa13ff662c21c495ace86620d6f7ee
208477_200w.jpg,200,279,portrait,none,27151,RGB,bd4d519a3722d4cd4626c36964c723a485e47c6c
208478_200w.jpg,200,279,portrait,none,29655,RGB,325da05aa80a849cc9a95ec801c905cbbf6c35fc
208479_200w.jpg,200,279,portrait,none,17047,RGB,60737253d38dfb5f0b77b41f25a4633965c7842a
208480_200w.jpg,200,279,portrait,none,20579,RGB,03db12437a04e765b9d8cd8abc6931561e4e97c6
208481_200w.jpg,200,279,portrait,none,17732,RGB,06f067501c48de1424921fbc05875fa7dfaddf12
208482_200w.jpg,200,279,portrait,none,23549,RGB,f0bdf60e0fc8852a77a77638c112b7d2db08b4a5
208483_200w.jpg,200,279,portrait,none,18753,RGB,ff0578c97fdc5d6fdbe09572c588b3f90a21dcb2
208484_200w.jpg,200,279,portrait,none,19632,RGB,f788fe248223f8493b3dc1f84638e97b00cdaef3
208485_200w.jpg,200,279,portrait,none,19766,RGB,e42e9dae495ee23ec6d7beb899f3641b3965cfdf
208486_200w.jpg,200,279,portrait,none,18427,RGB,18d5d9ace5b22369feb522daf7d75e2c21f3b5ae
208487_200w.jpg,200,279,portrait,none,17839,RGB,50ae326d2692acc74e6dba0ef6fdf65525fe547c
208488_200w.jpg,200,279,portrait,none,18719,RGB,e3be7c46b3510c6cc064f37098478f3fd4ec590e
208489_200w.jpg,200,279,portrait,none,16638,RGB,960ff04100f55cc20bdeb7cd7b6ab2a319bf1754
208490_200w.jpg,200,279,portrait,none,18089,RGB,4685a9348985e42ef74a5353d9df244976c135f9
208492_200w.jpg,200,279,portrait,none,17515,RGB,37592ef5851faf069cf81501b957f2671b531eac
208493_200w.jpg,200,279,portrait,none,18386,RGB,b5443c95755460a46dd070ee6d562edf545a86c7
208494_200w.jpg,200,279,portrait,none,18532,RGB,bd16655f506983b609611d677c2220f138b102d8
208495_200w.jpg,200,279,portrait,none,19540,RGB,54fb4d048e962d42fc5fe83cdc56db4697342c09
208497_200w.jpg,200,279,portrait,none,19874,RGB,6978c4174e8a1959078c39fe918df1da69234435
208498_200w.jpg,200,279,portrait,none,17940,RGB,4bcb66fcb544125c7efd5d824e10bab03edf0626
208499_200w.jpg,200,279,portrait,none,24373,RGB,544a80c87e8d317d70d1093497295c6d060d5af5
208500_200w.jpg,200,279,portrait,none,19518,RGB,78639ffe0a4d6ae7fbe2f42ff6b6b274d014fe4b
208501_200w.jpg,200,279,portrait,none,23275,RGB,2a36dcf7c2e483049aa99e848f1382fb2f0f75b6
208502_200w.jpg,200,279,portrait,none,16893,RGB,46e0ca2b62fa44cc375c92188240038a2944718d
208503_200w.jpg,200,279,portrait,none,20113,RGB,be095f0fb06b1d8b0c494fd472026ca3794e635e
208504_200w.jpg,200,279,portrait,none,18967,RGB,a33cfd34d927c51305149501d2ac1083dd1ad20d
208505_200w.jpg,200,279,portrait,none,18870,RGB,c2775e67e1684001a51ffd00975a3ca1d5bfa5a9
208506_200w.jpg,200,279,portrait,none,19657,RGB,5fcd41246f6ad632a9caed7decacd1d9e2c6ff2c
208507_200w.jpg,200,279,portrait,none,15360,RGB,87335ba8deff1197b563c4594245f846abc07362
208509_200w.jpg,200,279,portrait,none,22823,RGB,9458f79a9d29acbb9174e4156ee5d385cea46e67
208510_200w.jpg,200,279,portrait,none,18486,RGB,79aa8c68d6549f3fa46d29558fe3a18984add705
208511_200w.jpg,200,279,portrait,none,17919,RGB,93e11bde3528d2df6fceb7eec7fcb57fb6abb41a
208512_200w.jpg,200,279,portrait,none,22333,RGB,3c0381bc01f8c100a1ecc384030c966b8ea29728
208513_200w.jpg,200,279,portrait,none,20221,RGB,74e5eb8f7e2405374c5db15d6662f3d1421dfd1c
208514_200w.jpg,200,279,portrait,none,19094,RGB,41f7b52ad09c30daf253389c97bac64721f418ec
208515_200w.jpg,200,279,portrait,none,20391,RGB,3becdfa824f29a89eecbc2bff1d72d3eaf92cfed
208516_200w.jpg,200,279,portrait,none,19069,RGB,3a4211f50d5cf9b30a0191d743f7cf9b8575fb16
208517_200w.jpg,200,279,portrait,none,20636,RGB,8beeef6433953ba32a2c6fa2bb319e8ccb52c80a
208518_200w.jpg,200,279,portrait,none,28414,RGB,419efad1662cf694afdb440bf5c99703259d2d60
208519_200w.jpg,200,279,portrait,none,22413,RGB,ab64d300a7dc84e1b05cec8af5a5319bac10861e
208520_200w.jpg,200,279,portrait,none,20358,RGB,51042cb2f39ed59242712c141cea1a33fa221ce7
208521_200w.jpg,200,279,portrait,none,20379,RGB,295071d4bddb5b26ecf5394c354f882c495a1c81
208684_200w.jpg,200,275,portrait,none,14243,RGB,ceb8aa1893bdfb037b25ba551a501eaef18b3cd2
208685_200w.jpg,200,280,portrait,none,12327,RGB,9bd2537524c3f2083d8b5929ff64e807ef49e36f
208813_200w.jpg,200,279,portrait,none,19450,RGB,d26f30747a02165e5fcaf8510a8519347e1fcc0c
208844_200w.jpg,200,271,portrait,none,23518,RGB,d5ccfa3696f77eb5fb4030e0392b98712d9a54b3
209081_200w.jpg,200,279,portrait,none,23098,RGB,be1ade4e39452a1c0306994db279ee9afa875f5b
209082_200w.jpg,200,279,portrait,none,24192,RGB,7de64944aa42ec00ef5e4bd0756a647aaeb53929
209333_200w.jpg,200,283,portrait,none,25843,RGB,265198296664613e914ad3f3157baef17ae69d9d
209335_200w.jpg,200,282,portrait,none,26007,RGB,60ad727bf1b398a24ffa8ed27ee89bd7e2319ce3
209336_200w.jpg,200,280,portrait,none,25518,RGB,9384199b9797d3a6ea6c4db25e61248d0f0abd83
209438_200w.jpg,200,279,portrait,none,25202,RGB,6f2b73db6ecb46ae8203abdd81592a48eb6c33ad
209528_200w.jpg,200,279,portrait,none,35175,RGB,771b7748035b775b349ae3eb421b6c16a627250b
209529_200w.jpg,200,271,portrait,none,21253,RGB,8bb2802174156a0ede1b954274020d0a94222b80
209530_200w.jpg,200,282,portrait,none,33550,RGB,17b191dbd5728683cd58fa3cacec2616094a5197
209542_200w.jpg,200,278,portrait,none,24407,RGB,efc341d8d7eb8db42ccc162bdda5825aa8769359
209543_200w.jpg,200,271,portrait,none,23747,RGB,72e505aea359203dd2ed7cbd9716087d61b39979
209551_200w.jpg,200,277,portrait,none,25756,RGB,fb896d09abd1cdccdda11ccb3e835d8b25631c4f
209553_200w.jpg,200,280,portrait,none,25117,RGB,a4361dd4e6efab8c3bb9f896f3edf5327588c937
209556_200w.jpg,200,280,portrait,none,27698,RGB,40efd9c569e5aec28b1ea444215eae03d832e6fe
209560_200w.jpg,200,278,portrait,none,27171,RGB,fe794fba5831f0a642bb3b279f6017183469e023
209563_200w.jpg,200,277,portrait,none,25986,RGB,5cff802c4fdba41370bd11265cee7ab436583bc7
209564_200w.jpg,200,280,portrait,none,27915,RGB,26b38c84bee255da16d05a195d0830d15ab51426
209565_200w.jpg,200,279,portrait,none,12839,RGB,f5c17b1627f1b1019ec2ae75df1c8052d3cdd54c
209566_200w.jpg,200,270,portrait,none,20470,RGB,f7ff1f43129d23e6fc8ee6d011aec17bb810981c
209567_200w.jpg,200,271,portrait,none,22938,RGB,c92ad07a0984ea2a5e44be2814c76125fdc7503a
209568_200w.jpg,200,270,portrait,none,22821,RGB,c8655633f388e92d8851f0f0b2efe31245a52cec
209656_200w.jpg,200,279,portrait,none,31126,RGB,14b13c7282fde3cb5e3c113b5d08615f08d981c3
210201_200w.jpg,200,280,portrait,none,19268,RGB,ed48ce2d96753b140b5d452c6f5a9772f7710d83
210202_200w.jpg,200,279,portrait,none,22556,RGB,5269ce2bafac48ebecd2f6a385c200141f172ad2
210203_200w.jpg,200,279,portrait,none,21787,RGB,99919c156787d636499e755927993cda08df0e22
210205_200w.jpg,200,280,portrait,none,22384,RGB,9603246144b9d2397a6a6e0e3a84c04c59229cdd
210574_200w.jpg,200,279,portrait,none,24429,RGB,5594a33f02977d68467c149fa6b824df966c9811
210575_200w.jpg,200,279,portrait,none,26785,RGB,1b0349bdbb01df3b116565a2127d952ee0f6b56d
210578_200w.jpg,200,279,portrait,none,20617,RGB,e614c1feb999edf5a7efa863ce986ae4d8d1bc1b
210579_200w.jpg,200,279,portrait,none,22820,RGB,72449d31eb68883b9c6dddb0b878edfc194fda92
210765_200w.jpg,200,279,portrait,none,31463,RGB,31cb605ee4a34ea6de0da80a429d27f3d6d1b076
210841_200w.jpg,200,279,portrait,none,31049,RGB,5133b29bde5f421cfe5fceb5fbe2115a230b634e
210842_200w.jpg,200,280,portrait,none,31346,RGB,81c403c8e8f04e0274f1093c5cd8f53a2afcaae6
210843_200w.jpg,200,279,portrait,none,32248,RGB,05c351774ffb5fb0bbafa0a3d2db8c30a7905ac1
210844_200w.jpg,200,276,portrait,none,31671,RGB,6c7a410a7da6427bac339bd86e481f064ce4dcd1
210845_200w.jpg,200,279,portrait,none,33640,RGB,b4cc9af1295a7a5230e1e58a4ed6fa5e7f31b3eb
210846_200w.jpg,200,280,portrait,none,31930,RGB,43a2bc082955cb7904cc647f829f7444b547ed29
210847_200w.jpg,200,279,portrait,none,39779,RGB,b5991e52e578dc36f7121d80eb1fffa56bb47b9c
210848_200w.jpg,200,280,portrait,none,30262,RGB,e699da320c3237b10ea4033ddb96da2618b54066
210849_200w.jpg,200,279,portrait,none,27636,RGB,56e6d7a23765bb92438b6c253cda6513fad874f2
210850_200w.jpg,200,279,portrait,none,32779,RGB,056a0f4bdcd43671b35fd2ad88292c077bb15889
210851_200w.jpg,200,282,portrait,none,26674,RGB,6a7069f7b2e6b9c0a082258f8747aea79237ee10
210852_200w.jpg,200,279,portrait,none,26598,RGB,14a80b181c9195a0c9296ceaaeb3693071a2aa47
210853_200w.jpg,200,280,portrait,none,28218,RGB,80d8632b40a20e4024c7a45c2d746a7f6f5cd83c
210854_200w.jpg,200,282,portrait,none,25227,RGB,84ef55420c0e6276e10fe94967850008f0dd9e2c
210884_200w.jpg,200,281,portrait,none,24603,RGB,98f6975cecab9ec530bdbd6adcbaeb19908296f2
211416_200w.jpg,200,279,portrait,none,33520,RGB,0d4759729a6959764de1fc072a8b6cf041662116
211417_200w.jpg,200,279,portrait,none,25831,RGB,79cb7baf5e8526bf4c3e093e9045e9a2f7209e2f
211418_200w.jpg,200,282,portrait,none,22266,RGB,d0915f53cc4b68fa48bf74817b15835259bd9ada
211419_200w.jpg,200,280,portrait,none,20644,RGB,b8f4aa434d0314a8c2318919ad4c5e79c0a26c02
211420_200w.jpg,200,279,portrait,none,33041,RGB,04c56fc5b6ceaaeebad38609f9b9d84046d7c993
211421_200w.jpg,200,280,portrait,none,33599,RGB,1c1e2b8b74b8e2bc6ffa38876534d906a4bc5ad4
211422_200w.jpg,200,279,portrait,none,27079,RGB,c05ce2231ce066f3d3426c4484a95b36c7ca6f0e
211423_200w.jpg,200,279,portrait,none,24752,RGB,be1d45f912bb924f562dfe3a478f59539f916aaf
211424_200w.jpg,200,279,portrait,none,26148,RGB,348d4179f7654292b59a4b8565622d091916cfca
211425_200w.jpg,200,279,portrait,none,26910,RGB,2713a777e23ee03f41d8f12b5354b2dae77dd960
211427_200w.jpg,200,279,portrait,none,27037,RGB,d91741a77d279d63f0674489cfba1e8840a5c2ac
211428_200w.jpg,200,279,portrait,none,29890,RGB,3ae66226e7ef7d2ef53f01d74c6383c57485b24c
211429_200w.jpg,200,279,portrait,none,26916,RGB,29cfc41974ba4253b92bf6e123be7386cc4ef12b
211430_200w.jpg,200,279,portrait,none,32220,RGB,dd5fa9b37eff628643b5557df2a11d5ecd853fc1
211433_200w.jpg,200,279,portrait,none,28408,RGB,8e30dc7528c87e8a99756d47affb92a68ef6f7bd
211437_200w.jpg,200,279,portrait,none,28521,RGB,32fc6632cc3b4efa23c47ffaef22877b97fa17e7
211439_200w.jpg,200,279,portrait,none,28183,RGB,75a8f590ff4bdee60ca666344e5034a77c7df598
211445_200w.jpg,200,280,portrait,none,25840,RGB,6699370a5ddc8924589a68e460b43db7edb4ea26
211446_200w.jpg,200,279,portrait,none,25119,RGB,939a278bc7d0b5870c921ac354975effbff3ea26
211448_200w.jpg,200,280,portrait,none,25452,RGB,e49a937b3d1cb573c344edef499f59d28fef9266
211449_200w.jpg,200,279,portrait,none,27739,RGB,a0da69141907315f58cbc42442051714e21af1fc
211450_200w.jpg,200,279,portrait,none,34457,RGB,250f4f64f2e4332940ffd7acc4762d54251fd74d
211451_200w.jpg,200,279,portrait,none,29239,RGB,ba6ac89ecef2a2d1adb9514535ea2c32c85a07a8
211452_200w.jpg,200,279,portrait,none,28400,RGB,c52bf08779f6945dd52fa8e9b4c2cd5e8ee4989a
211453_200w.jpg,200,279,portrait,none,18939,RGB,415c8f929de25cbca9c15909608df2815b28d8a2
211454_200w.jpg,200,282,portrait,none,30332,RGB,17aed782b45bb5940c60a6004029ac2907b67e4a
211455_200w.jpg,200,279,portrait,none,29209,RGB,d3da726d3e78a57e5559be5c37731f673659ff87
211456_200w.jpg,200,279,portrait,none,23835,RGB,e0c886890dddd6f87ca3fc1874f9cb98eb56b4d2
211457_200w.jpg,200,279,portrait,none,29126,RGB,ba6f0993d3e7452d48fab74ebde2c8893e1e48dc
211458_200w.jpg,200,279,portrait,none,30742,RGB,3396ca1dce85627efed5e86c71ac0092fbc138df
211461_200w.jpg,200,279,portrait,none,31695,RGB,81fc9832dc7730d43c1a448318b5ebf8898ad660
211463_200w.jpg,200,279,portrait,none,29598,RGB,b8dee3e81cc287a423f8292b624c6545d90e6ec7
211464_200w.jpg,200,279,portrait,none,33166,RGB,e6006574225bf52e29ae3fef41c61fbfeea30a75
211466_200w.jpg,200,279,portrait,none,33412,RGB,c065e91b333b3ea13a644f7fdfa879e526a795dd
211470_200w.jpg,200,279,portrait,none,28532,RGB,8e9dd4d863e4ff8a71d17b658b5041675ef195a9
211485_200w.jpg,200,279,portrait,none,29958,RGB,646c2400dae3ee7b4f9fd0864ad62d70ba8cbef2
211486_200w.jpg,200,279,portrait,none,33873,RGB,c223d4076297ed2804dfe1c079a7feeecc5f443b
211487_200w.jpg,200,279,portrait,none,33382,RGB,2284dbecc05eef2116b346e60557b3a6d06b837e
211488_200w.jpg,200,279,portrait,none,26229,RGB,3e16e769787dc1a9e1067589977c0ceceef568c1
211489_200w.jpg,200,279,portrait,none,25672,RGB,ef92e1748bd816fe6fe961b10803e2b65eb4548c
211490_200w.jpg,200,279,portrait,none,22642,RGB,89ddd5b290f8d99dae1e11a111d4d2a67c62b8c6
211491_200w.jpg,200,279,portrait,none,28761,RGB,8261d9fc96cb45fa7d2a34c08de881f5b48ef034
211493_200w.jpg,200,279,portrait,none,23622,RGB,d702578a573c395b980cc0e70a3d5de7933aa7d7
211494_200w.jpg,200,282,portrait,none,23629,RGB,fa184455e5065bdc99a8c3efc5e56e96f2a69c7b
211495_200w.jpg,200,279,portrait,none,31019,RGB,76e44594de3c1aecaf8060627c6da43f62e4b053
211496_200w.jpg,200,279,portrait,none,27013,RGB,1b836d89f7f65b9714f1e19e673d3c518b053a51
211498_200w.jpg,200,275,portrait,none,21963,RGB,1cd31fa47b5212c5014de80d911a93fa4777980c
211500_200w.jpg,200,275,portrait,none,25704,RGB,374846b55b84aca73fdd1cfaa4a254a93988728a
211501_200w.jpg,200,279,portrait,none,28131,RGB,427840a8f693fa61951c3c70524bc60851e4cd96
211502_200w.jpg,200,279,portrait,none,31492,RGB,0613b40b9d6affb68d63b092a48757c29194e2f7
211503_200w.jpg,200,279,portrait,none,30329,RGB,b53c0ca84119ba0bf163baf1c5f49c267b9470bb
211504_200w.jpg,200,272,portrait,none,25637,RGB,55268070cae629fd6ff10863aa698de88b2ea7f7
211505_200w.jpg,200,279,portrait,none,26728,RGB,2ed73727295915a6edbcfa8c47e6cf328d3ae1f2
211506_200w.jpg,200,279,portrait,none,25921,RGB,23b9acd2b1299e8b9eb79f29146c8d642a8ccb7a
211507_200w.jpg,200,279,portrait,none,24497,RGB,1e8847b00f8cb672f51154391f347e053750e761
211508_200w.jpg,200,279,portrait,none,21643,RGB,3cc3fb56489b5e7d8f4e81236cfe90a6ba4ebd28
211509_200w.jpg,200,279,portrait,none,36631,RGB,9c901cd9fc6d2200c84e5165259143f3c028b311
211510_200w.jpg,200,279,portrait,none,37075,RGB,e3b805830c68a26377d425e8ef3746139f24ac29
211511_200w.jpg,200,279,portrait,none,34279,RGB,e5176ae23781aeb8ef39f4ca3bb99df8d5d12515
211512_200w.jpg,200,279,portrait,none,33930,RGB,3df86a7f2b80005f77a89db8bc1f60904e41384e
211513_200w.jpg,200,279,portrait,none,34299,RGB,6194ffd8303608145f566e12c7bf05eaf74d7bff
211517_200w.jpg,200,278,portrait,none,25767,RGB,694d103d1f88e5575b570a1c67faf0ab18674f12
211518_200w.jpg,200,276,portrait,none,25480,RGB,962221569bf0e351b106839374f0141ed73af945
211519_200w.jpg,200,280,portrait,none,24166,RGB,be22a006c42d66faf7b3684ef69371729320a0f0
211520_200w.jpg,200,280,portrait,none,22805,RGB,290cc3fa8dbf071b29732274c31693508a759f33
211603_200w.jpg,200,281,portrait,none,20083,RGB,d23c80727e53b7dcd9cc83bdd7db32c8c120ab68
211626_200w.jpg,200,279,portrait,none,21896,RGB,026cdf5bd6723656663e728caf38e1870e4625e9
211627_200w.jpg,200,279,portrait,none,22006,RGB,d9ec909b62771677c2de039be2d495eadf1a8315
211628_200w.jpg,200,279,portrait,none,25377,RGB,1db85c63de598374f21a1ccb791967684a225478
211976_200w.jpg,200,280,portrait,none,28409,RGB,aa5f4503c30435ddc5b44b804639318c90e19ffa
211977_200w.jpg,200,278,portrait,none,25250,RGB,d09d35147961eca6562076294fc13c98ad3ea5e2
211979_200w.jpg,200,280,portrait,none,18925,RGB,6fbd857e442d4b5625558387ee0cfc768cf6de14
211980_200w.jpg,200,275,portrait,none,20653,RGB,cfc14827b9af7b5b7b8bca07925468dbf51b15b9
211981_200w.jpg,200,275,portrait,none,20210,RGB,94aa3fe1cf2fd7d2a719c6bf06defc7c696c1919
211992_200w.jpg,200,279,portrait,none,14265,RGB,2d24c34f8c9f7dcc357de1015b5f150e818d9c4f
212045_200w.jpg,200,277,portrait,none,22240,RGB,1d35d39906845001e9cbb7daa96ea9b42b3f735b
212046_200w.jpg,200,280,portrait,none,19752,RGB,fa3a7d4152a1d55bced5ad3da5811b6d1d1a5770
212047_200w.jpg,200,281,portrait,none,19341,RGB,8db07982cf5e19614d33c2a2eeb004be43efba04
212048_200w.jpg,200,280,portrait,none,20535,RGB,03fe7c055c4f19516c40ef597fa6aab2bc7b080f
212823_200w.jpg,200,279,portrait,none,30437,RGB,134ce5fffa15b3eddf1d0d55975e0d7258447f15
212984_200w.jpg,200,279,portrait,none,23947,RGB,216b09b0f92cfa70e2723f9388356deddf60fc09
212985_200w.jpg,200,279,portrait,none,23909,RGB,d896633e40de054efb1a555ff618a17b2b29998c
212986_200w.jpg,200,278,portrait,none,23825,RGB,c0d8a52ec32e4162fef0011db06ecfdef1e0b390
212987_200w.jpg,200,278,portrait,none,23854,RGB,fa48079515ae4509db33b92b393cdcfd4e69af4a
212988_200w.jpg,200,278,portrait,none,25723,RGB,fc08333dc019a94863f01533c0f750928cec0f0f
212989_200w.jpg,200,280,portrait,none,27042,RGB,98ff68015fc6ccfebb908d40e405832be4cb026c
212990_200w.jpg,200,279,portrait,none,25245,RGB,20437b710ea07da5e7e5d8d6318998e953a52183
212991_200w.jpg,200,279,portrait,none,24926,RGB,455fe4e0c56f7c2e8e4772dafc62b92a838c1a08
212992_200w.jpg,200,279,portrait,none,23332,RGB,babdcd68f52d7e1e9f9bfe51c7ac4222400a1938
212993_200w.jpg,200,280,portrait,none,22092,RGB,8b4454767654f38e39e744a0b29f001e0a1feb71
212994_200w.jpg,200,280,portrait,none,20424,RGB,fbd7ca4e79e19d068366e6321c9ebf876b1f59b7
212995_200w.jpg,200,278,portrait,none,22384,RGB,3827a9a8997d866a830a94ee406f70fc2d4626c7
212996_200w.jpg,200,276,portrait,none,21659,RGB,108bba238841a1933b5da1ed56114805220ae88a
213001_200w.jpg,200,280,portrait,none,22684,RGB,84a70ee64f313eccd67b2e57f1dc14ad2693f4b6
213002_200w.jpg,200,278,portrait,none,23621,RGB,db16a5cf4ea6365f8286134a19747711b3838a69
213003_200w.jpg,200,282,portrait,none,20835,RGB,11db193f011530ada9edd205616e2448ba01a9f2
213005_200w.jpg,200,281,portrait,none,25141,RGB,dbde5abd22f0af3b9dba813b61f9ab642c303ad7
213006_200w.jpg,200,281,portrait,none,26439,RGB,fca294f3d24de560d1cb59f266f5bb2ba54b9f7e
213008_200w.jpg,200,278,portrait,none,22715,RGB,459ea854365422c6329735e2e36198311516e768
213009_200w.jpg,200,280,portrait,none,26078,RGB,c5ca1a9478f40f2ff3ba3a5a31a748101b0a3d1c
213010_200w.jpg,200,282,portrait,none,20101,RGB,bf1e8d3c6ce8c8d02059c377b1dc4dbd07f2014b
213011_200w.jpg,200,276,portrait,none,22801,RGB,b0a3337dfe757f0a7f9f3bee206837ada41d26e6
213012_200w.jpg,200,281,portrait,none,21381,RGB,e85e6eef6d2fc06fa8ab5a3d52b8ed5a4e271639
213013_200w.jpg,200,280,portrait,none,23698,RGB,81b836475f541cbf30149f665a9018005a067be8
213014_200w.jpg,200,280,portrait,none,22162,RGB,2185c1f60bc02e685bd8003fd7cb14e6d682ec7a
213015_200w.jpg,200,282,portrait,none,20410,RGB,f1804bfad38cb2ba9a2cd905daf8b545d494758b
213016_200w.jpg,200,282,portrait,none,20415,RGB,6534225787160e582b0a4a3ba9039f1d325199d0
213017_200w.jpg,200,274,portrait,none,27192,RGB,79de5b1976618015c1ddacf18378d7d6eb1f1b82
213018_200w.jpg,200,274,portrait,none,27175,RGB,aee511ec71d2124bd6367497900c751c00acc11f
213019_200w.jpg,200,274,portrait,none,27212,RGB,7239c3c1da0c3401c28ad7c223d086a00794b57e
213020_200w.jpg,200,274,portrait,none,27179,RGB,5176694b7aea90c2c7da1a36dd36888e0a62c649
213021_200w.jpg,200,280,portrait,none,25231,RGB,e371d17f1eae66346b4f9caee23c039652a7d041
213022_200w.jpg,200,273,portrait,none,21570,RGB,27b76fca9af9743d9e686e7b3650919d192d2c3a
213023_200w.jpg,200,281,portrait,none,24585,RGB,3b48cf21edf3f561ed3abe2981b52a3ca3b02876
213024_200w.jpg,200,279,portrait,none,24953,RGB,8aa091806a76c9c0041e3cc2fc5e976e3260b3df
213025_200w.jpg,200,279,portrait,none,23234,RGB,19ecef48bc308223304c859d48fc2850ddf2ce16
213026_200w.jpg,200,278,portrait,none,22446,RGB,e89acbafe8262abf29215841a470e47c354d477b
213027_200w.jpg,200,278,portrait,none,22669,RGB,0a78f738fdeadd827b29dad354791f226c8d4699
213060_200w.jpg,200,279,portrait,none,25126,RGB,8e326f4a505407bb7d3673b7612fd04374172a2e
213071_200w.jpg,200,279,portrait,none,20845,RGB,ce7a17df614a87cbcccb9e3a19c8135dcf310815
213072_200w.jpg,200,279,portrait,none,20413,RGB,8e7f62fdb5d5d4008398694fb63ff6d3c976e130
213073_200w.jpg,200,279,portrait,none,23681,RGB,f5805a41dcef1c14606905d48aa66e666bcae7f8
213074_200w.jpg,200,279,portrait,none,23205,RGB,74e2941464c50a72baa20c2a7f39ccc0b7e4f6f7
213075_200w.jpg,200,279,portrait,none,22139,RGB,2eba8913371c17c99b72d8568543085608ed1ccb
213076_200w.jpg,200,279,portrait,none,21398,RGB,8a5a26e40a643e81f8a94aa62b74b6d5e4e4c47f
213077_200w.jpg,200,279,portrait,none,18681,RGB,e923090b93051d04c33428fc73382c40085b9f2b
213078_200w.jpg,200,279,portrait,none,24253,RGB,7e30a385e170badb3f063fe5f92e44f09e8cb070
213079_200w.jpg,200,279,portrait,none,22865,RGB,cc8bb982baade2b57313cb4f49b7d91aacfa9ba4
213080_200w.jpg,200,279,portrait,none,19451,RGB,4bcc9eb054bc1d9b08590da7f69f4071c4c7b457
213081_200w.jpg,200,279,portrait,none,23196,RGB,b7a3ae29c340e624c68850fa50c5c854114a87ae
213082_200w.jpg,200,279,portrait,none,21145,RGB,8ff204471adb3568e50400b2571c9bb195ab3d84
213083_200w.jpg,200,279,portrait,none,20917,RGB,3032b786356f05502fdbd8ade54477451f8f28f1
213084_200w.jpg,200,279,portrait,none,21144,RGB,e125306c8eaf155f5a4e8439d4e6e901d265c5a4
213085_200w.jpg,200,279,portrait,none,23674,RGB,bdcf5fcce12529314b861e7e95110bad5888e1d7
213086_200w.jpg,200,279,portrait,none,21802,RGB,5c59c8ea77550f8cec01d7b320c34cbe30e8f94b
213087_200w.jpg,200,279,portrait,none,28310,RGB,da3a7d63e279976cef57f8e992c3c5af1182d369
213088_200w.jpg,200,279,portrait,none,30324,RGB,2101c34d02b7c19d2c995c0e2dd484030accedef
213089_200w.jpg,200,279,portrait,none,29976,RGB,6bcfe473c9c012b9094ac9dd02188f04cc498326
213090_200w.jpg,200,279,portrait,none,26885,RGB,1513302693ae721d972e417ca0ab8de629e27832
213091_200w.jpg,200,279,portrait,none,25081,RGB,25800cce6d49137c7718b889a1bbc7ce664a1d62
213092_200w.jpg,200,279,portrait,none,23440,RGB,6775620ee9a2d996ee12ea8ef6272df5a658a5e2
213093_200w.jpg,200,279,portrait,none,20099,RGB,af990cf843c304d4620195c209175134e2d25d7a
213094_200w.jpg,200,279,portrait,none,21534,RGB,5e0d2f4cd241fbf49121869824f2f70713e92e8d
213095_200w.jpg,200,279,portrait,none,24460,RGB,0bcee9e3fb4380b234c065801c278a67eb0f65c6
213096_200w.jpg,200,278,portrait,none,22451,RGB,f1f86a9f0313c26b6f6e0d0d308da01b75e96e40
213097_200w.jpg,200,284,portrait,none,26063,RGB,352034583c0f6bc72a68d3f84732a0a4430212ba
213098_200w.jpg,200,278,portrait,none,23267,RGB,10a7f4c52c46cc8cb329ad0d17fcee2e50c046aa
213099_200w.jpg,200,279,portrait,none,20643,RGB,6e41e89c664e54c209da9655e4cdca8b1fd49778
213100_200w.jpg,200,279,portrait,none,23458,RGB,0d08c81bb0fec52ef9e9a2a5d96baf58f0dba9c1
213101_200w.jpg,200,279,portrait,none,27196,RGB,17d9d801ec58258427e3b7a5e5bd0abde1e6e907
213102_200w.jpg,200,279,portrait,none,25806,RGB,8d6efbbdb8cccde7380cd592bd09bc4930f8ce64
213103_200w.jpg,200,279,portrait,none,22484,RGB,cbee57022fec630ee2861aee49edd2b6268bd44b
213104_200w.jpg,200,279,portrait,none,24060,RGB,e6df7f4f93a560ad9c78121ab6baa304fbd323d2
213105_200w.jpg,200,279,portrait,none,25548,RGB,dd6b754c754544a58380f668b1cca15e58360f89
213106_200w.jpg,200,279,portrait,none,24202,RGB,0d1086c3f143211c709493e1fff095db8a381b42
213107_200w.jpg,200,279,portrait,none,20149,RGB,88e50fa36e78e2e7885417ab7d5c79b28ca25841
213108_200w.jpg,200,279,portrait,none,24763,RGB,842c4dd87eb987ac5bc947de01ef414997c16d37
213109_200w.jpg,200,279,portrait,none,24963,RGB,a8db154c81f5bb445df8a024e2bfc17f48bca244
213110_200w.jpg,200,279,portrait,none,23314,RGB,ac56ae52d68ea0631654a6cf0d22761a900e054f
213111_200w.jpg,200,279,portrait,none,27922,RGB,b3dcc74e14d1f3f69fcbe89a04fc81cbb7dc500c
213112_200w.jpg,200,279,portrait,none,28144,RGB,7d9df452a8bba8753fd6041dc312f4c5d0de7a24
213113_200w.jpg,200,279,portrait,none,31043,RGB,4a8d73febf9c26aa5b2e1d7a4ad267bce6165794
213114_200w.jpg,200,279,portrait,none,25709,RGB,d44154caeddbb0787d9592b82b969a877c169a1e
213115_200w.jpg,200,279,portrait,none,24217,RGB,4f3e99580153efb31e7733588dc6b479893e2613
213116_200w.jpg,200,279,portrait,none,25263,RGB,af9aece3cd7dc1bca005928dd78e4e2c3f16d41d
213117_200w.jpg,200,279,portrait,none,22440,RGB,b95b908ebef210b1213ad1453c331a0fef32c5c8
213118_200w.jpg,200,279,portrait,none,25048,RGB,c240c6104a24dafe9733ee2c8bb2ec6103ab7713
213119_200w.jpg,200,279,portrait,none,24023,RGB,65660e97abe8cdea9868cb32019b62146946e5fb
213120_200w.jpg,200,279,portrait,none,24058,RGB,ca0e4627c477698ae29ce02579f74a1cb8384847
213121_200w.jpg,200,279,portrait,none,31581,RGB,d3a76fafff941499edd7b1c7ca38ea33c946c113
213122_200w.jpg,200,279,portrait,none,28626,RGB,950c7a934c373e9a753eefcc07c9d849e31ce9d8
213123_200w.jpg,200,279,portrait,none,19697,RGB,64a722e850c7100f015f1ad62a1dae68a4519533
213124_200w.jpg,200,279,portrait,none,24922,RGB,8828f38370f9aebe2e83c6f56df41e18abb9faf8
213125_200w.jpg,200,279,portrait,none,25409,RGB,a86d6e6b25dcffeffb92d57b23a6614386dab6eb
213126_200w.jpg,200,279,portrait,none,24038,RGB,ab0e6ec889da31509436a4f6b357fdd451b85efc
213127_200w.jpg,200,279,portrait,none,25660,RGB,a244826560eb38aa1e0683da990811565a910681
213128_200w.jpg,200,279,portrait,none,29263,RGB,0a18ea8b4c87774d044acd126f1b0ddaa15ef4be
213129_200w.jpg,200,279,portrait,none,26013,RGB,93813d26d88d0da02811ac0a11fd8652a6cba6d9
213130_200w.jpg,200,279,portrait,none,31068,RGB,a1737033d86837755f69cfff707eac5b7a9c7d38
213131_200w.jpg,200,279,portrait,none,26079,RGB,bd0bc882b2b6db31b319be7e8a203a2a6971dee8
213132_200w.jpg,200,279,portrait,none,24853,RGB,07ca17e68c9661a73b2a18eff98adc9fb1644d15
213133_200w.jpg,200,279,portrait,none,22477,RGB,4b24da809169dfe31b5f272574f3a1a332971c0c
213134_200w.jpg,200,279,portrait,none,24157,RGB,c58184ca3426f9dfd9e6bf6324243a891b2dc511
213135_200w.jpg,200,279,portrait,none,24314,RGB,cfba0090a952cb319572c3bde89787c46917ec60
213136_200w.jpg,200,279,portrait,none,26638,RGB,1b251503a8bca0c76714f57ef7c6f1c6642e1a31
213137_200w.jpg,200,279,portrait,none,21597,RGB,a0e202d15392a50b43a1b0fbbadbc7a686b66071
213138_200w.jpg,200,279,portrait,none,22393,RGB,cfdd9cff952a97f76f6d1d92760c15fc9bb03438
213139_200w.jpg,200,279,portrait,none,24621,RGB,20d9b4436f7b29bec553dd089812db63714c8add
213140_200w.jpg,200,279,portrait,none,26297,RGB,0ddf620b5835fe64c0aa0dc4edbdac24460b6057
213141_200w.jpg,200,279,portrait,none,21179,RGB,5d11a081a0c6fd7aa9abe13e035ce31a872575ce
213142_200w.jpg,200,279,portrait,none,24159,RGB,d0c099979f924fa8e6ffab674b2b3d5d1801cc7f
213143_200w.jpg,200,279,portrait,none,23939,RGB,f837a1ef10e7d32c23a2d51955c8090b4d6872b1
213144_200w.jpg,200,274,portrait,none,23106,RGB,beeba3476a64e561e15bbc0dce3795ba8d1cfda5
213145_200w.jpg,200,284,portrait,none,23620,RGB,19aa39cb8264d438db5e96d1a3588d58327234f1
213146_200w.jpg,200,279,portrait,none,21970,RGB,d79539e5ba5a08881cb34bba9040393d4fc97578
213147_200w.jpg,200,279,portrait,none,22863,RGB,2bc14e3bce87a905845fbbbc2bd0a8d10cf8d6dc
213148_200w.jpg,200,279,portrait,none,22572,RGB,0d77cf1a2d998fe56ac3d92d580214abf4079a15
213149_200w.jpg,200,279,portrait,none,25492,RGB,0ebb67945168c438e26cb4f60cc90ee10fc787af
213150_200w.jpg,200,279,portrait,none,29022,RGB,8b1b41302cb3a6830691fe26db75aa648b263963
213151_200w.jpg,200,279,portrait,none,27169,RGB,24c4b020e24fe619dc5c04fefa287f8f7ec88e36
213152_200w.jpg,200,279,portrait,none,21062,RGB,ea2002b1e73a44d383de1884e94aacbf5352dd5a
213153_200w.jpg,200,279,portrait,none,26112,RGB,e6b27969ffeebb5cd2df57a5300406bcf3099973
213154_200w.jpg,200,279,portrait,none,28113,RGB,0ee14fa937c9f142083b817d0d46f43be46deee1
213155_200w.jpg,200,279,portrait,none,29974,RGB,7719cd607d6e550b24ac8ba6d915e57b9c56ab96
213156_200w.jpg,200,279,portrait,none,31022,RGB,5cbc3672a76f925362b7fc3128d0f829f46ad50a
213157_200w.jpg,200,279,portrait,none,24100,RGB,4922f8429453701f64c041af5b2da2e18197e75c
213158_200w.jpg,200,279,portrait,none,27389,RGB,eff05c6d6aed20e2cef9f4f88074fe5b195481e0
213159_200w.jpg,200,279,portrait,none,24940,RGB,89da3cc8b106b01e4642e0e108196d8ef92079c6
213160_200w.jpg,200,279,portrait,none,20344,RGB,d12a8ce34d738e99412dc80f14f736d7a5061d38
213161_200w.jpg,200,279,portrait,none,21528,RGB,0ef2b63ba0ba878d76cbf68428a3cb645bf04023
213162_200w.jpg,200,279,portrait,none,20205,RGB,403fde560e29788eb56233b4c634283024105e6a
213163_200w.jpg,200,279,portrait,none,21476,RGB,11490ac02d91aa01bf289a1d97079b5073f79b40
213164_200w.jpg,200,279,portrait,none,19252,RGB,497afce53df6997a823348218f6e73a213077af9
213165_200w.jpg,200,279,portrait,none,23870,RGB,ad8546ef412d8073be5a54c799f5a7411ba7f539
213166_200w.jpg,200,279,portrait,none,22231,RGB,ed9036facb6bc68784ad5bf9966b033af4ff4c8f
213167_200w.jpg,200,279,portrait,none,18254,RGB,a8c39f9b16a35b5c4ffa754bccb27d376b8d6c42
213168_200w.jpg,200,279,portrait,none,23442,RGB,5a8e6ea90d22803db053d5b6266d154b15d721c7
213169_200w.jpg,200,279,portrait,none,22344,RGB,92976005b50efe914e016ee8de791a5d7e79299b
213170_200w.jpg,200,279,portrait,none,21448,RGB,47bc1e618b8259c56ec8a344d9d202cbe2b7edba
213171_200w.jpg,200,279,portrait,none,24064,RGB,80851f3b13561f550bd999d6be5c94b4b0534e23
213172_200w.jpg,200,279,portrait,none,18977,RGB,57f12bad1208dac2c25cb55046c9deb1b2817761
213173_200w.jpg,200,279,portrait,none,20425,RGB,c90fa2110a67664d48f77ba9617f419226239fd8
213174_200w.jpg,200,279,portrait,none,21596,RGB,a66f3061b683d5ffd358cccbc522839dae1a69f1
213175_200w.jpg,200,279,portrait,none,23006,RGB,f7aaa3058b1777bcdce035839391033687029e29
213176_200w.jpg,200,279,portrait,none,20227,RGB,5cb2701866f4abc9d53aa5ae3f01b2216042dca6
213177_200w.jpg,200,279,portrait,none,22749,RGB,dc57e1fef7c1fe6b7ec03691ef5e1657bf8e21fc
213178_200w.jpg,200,279,portrait,none,28450,RGB,6b3b3a6d4ecf546f9bfd67154ba34e976a56f220
213179_200w.jpg,200,279,portrait,none,30195,RGB,038f8cb421f4de1758c140ea4bc0e25fdae36782
213180_200w.jpg,200,279,portrait,none,30201,RGB,a82ac90ec395ea7929590c1c6266209507cc8645
213181_200w.jpg,200,279,portrait,none,26011,RGB,4dc55e41fa8474750624af8dd0897922319c278f
213182_200w.jpg,200,279,portrait,none,24129,RGB,5b745bcc5273eb1e3fdf63609cf4fe90ed649d46
213183_200w.jpg,200,279,portrait,none,23763,RGB,6b6f350ca1bbe2fb20823c968fec8be4610b8528
213184_200w.jpg,200,279,portrait,none,21469,RGB,abc07717c4039d36a9d1f7a7829c9663df4cc499
213185_200w.jpg,200,279,portrait,none,23989,RGB,91959b34b3eba829fe4b2b3075d16e959da4348f
213186_200w.jpg,200,279,portrait,none,23379,RGB,610629e2abc56cbf5a7c96f5617893e262197a08
213187_200w.jpg,200,279,portrait,none,18863,RGB,35c29118ded2b50cb923fe82a3ac61a1b6419cc5
213188_200w.jpg,200,279,portrait,none,24179,RGB,fb5834465be01d3b3fa2a849879ecaec2534a68f
213189_200w.jpg,200,279,portrait,none,23441,RGB,bc8e55e477ff3be2f1554842c3b89dd5ea561aac
213190_200w.jpg,200,279,portrait,none,25659,RGB,aae1ac2b35547840faa826c8d9156de723016270
213191_200w.jpg,200,279,portrait,none,22781,RGB,ee3452d6823c93c7b23a26b05b9d312c848e5f6f
213192_200w.jpg,200,279,portrait,none,25461,RGB,07bd42c57a738d7a3353e6f29475faf71393ed2b
213193_200w.jpg,200,279,portrait,none,20287,RGB,b46a54099fa72d3c59f71debb360e604adfb482f
213194_200w.jpg,200,279,portrait,none,21118,RGB,5b9c156d46b0044158c7c18dc640a38a60e82d9d
213195_200w.jpg,200,279,portrait,none,24155,RGB,6ab1122c130edbc5b78f52c6ec0c17a95fbce5dc
213196_200w.jpg,200,272,portrait,none,22835,RGB,f1eaa65260edb45a7ba2888ee988eb15491b5765
213197_200w.jpg,200,283,portrait,none,24695,RGB,68c9d4002092cab46b4755ef1cb4d6b1453f8d9e
213198_200w.jpg,200,279,portrait,none,27641,RGB,250be83d91afc47264d218f219931c46c67bef0f
213199_200w.jpg,200,279,portrait,none,28125,RGB,db011e3bb4cc0a35248d1b12edfdc538b30f11b9
213200_200w.jpg,200,279,portrait,none,25085,RGB,064666c7db11208c9902be493966e5b5334e2aed
213201_200w.jpg,200,279,portrait,none,29943,RGB,30e5cce27c2cec9f9b534e3bb3467f839bdeb446
213202_200w.jpg,200,279,portrait,none,30149,RGB,c44dac282f3f4fe9cc6c6cd13946a35dbb591bcc
213203_200w.jpg,200,279,portrait,none,22060,RGB,a3c0228fb3ca1d4d5809d8064ead2e99a718b32c
213204_200w.jpg,200,279,portrait,none,23086,RGB,8e0295c6bf197cf0ac54a4d8d673cdceb6b5e705
213205_200w.jpg,200,279,portrait,none,26081,RGB,d9c10a776d99f25b5ad88465c4be35c10937936a
213206_200w.jpg,200,279,portrait,none,25005,RGB,acf4a07c62d79492a92462352fdb236616a5fd1b
213207_200w.jpg,200,279,portrait,none,24673,RGB,e851510f7b99243711fbfea85066097a6af5d635
213208_200w.jpg,200,279,portrait,none,27830,RGB,76f22ab5c12c4295ba21e41714266be617d61c39
213209_200w.jpg,200,279,portrait,none,23192,RGB,1551fa474ddb409cf4747d7b96768f33fd2c15b8
213210_200w.jpg,200,279,portrait,none,25198,RGB,d5531367785ce736e5228111046526f7eba694e6
213211_200w.jpg,200,270,portrait,none,23076,RGB,140d1c5f90ae802d851abd093920c9b9f1d55c93
213212_200w.jpg,200,284,portrait,none,25481,RGB,018e5ec1a9b81b58d55a7ec8798dc89e3b6f0cbe
213213_200w.jpg,200,279,portrait,none,24481,RGB,d6be28a42e07fae74e40603e7428cb5001452787
213214_200w.jpg,200,279,portrait,none,26158,RGB,54b352558f9ef2673c9ef6b878c47f1747163d28
213215_200w.jpg,200,279,portrait,none,26111,RGB,9d3f8b9ba97428d927111a9b3ba90ebee3d6f010
213216_200w.jpg,200,279,portrait,none,28609,RGB,ab0d059cb82b406aeb81780981ee09a22e80f04f
213217_200w.jpg,200,279,portrait,none,28205,RGB,fd7905be693684f7462767f35e7a99cdebc094c9
213218_200w.jpg,200,279,portrait,none,25965,RGB,99cd4288403be4e1507d9972bfaa3b33d53e898b
213219_200w.jpg,200,279,portrait,none,23329,RGB,66af31b0e3ec218b12f3ce76d719ae149b41baa8
213220_200w.jpg,200,279,portrait,none,24623,RGB,ed44009d23de196b5788f7b29b22222f501a2fe5
213221_200w.jpg,200,279,portrait,none,27150,RGB,c5fe534ef52df763a18c16160709ac0d1996ed35
213222_200w.jpg,200,279,portrait,none,26451,RGB,dfca5baad90b0cc5acad40950cc93d3557bae7db
213223_200w.jpg,200,279,portrait,none,25373,RGB,e25a40253974832815a471567fa4aa410657adeb
213224_200w.jpg,200,279,portrait,none,25582,RGB,b40504bfcf853fa8d0b18fd02c471b313fa7a002
213225_200w.jpg,200,279,portrait,none,23298,RGB,919479482427ffb14baa749d93c3815c665a3bda
213226_200w.jpg,200,279,portrait,none,24439,RGB,33c2bcca9d3484851d11f18f2c80f2d443785e95
213227_200w.jpg,200,279,portrait,none,24420,RGB,3ca3c1789d3739767f7df470f717d0e8891a29dc
213228_200w.jpg,200,279,portrait,none,24505,RGB,e56786e3f397986137ce5580e24ebd03a9c2b98d
213229_200w.jpg,200,279,portrait,none,22603,RGB,e79d893948a4f03901f29fac1a9edb3dcae27545
213230_200w.jpg,200,279,portrait,none,23102,RGB,08d08a119435ac6e29c7c0d86374f2f3828f2557
213231_200w.jpg,200,279,portrait,none,25739,RGB,1c3e062b6baed638caed175ab1bbfe08f382a14f
213232_200w.jpg,200,279,portrait,none,28033,RGB,be75b9960481dc538928b4ce1c0df5cb4e6a654a
213233_200w.jpg,200,279,portrait,none,27783,RGB,e8b0162145b980784caae2612a19491c72c39c35
213234_200w.jpg,200,279,portrait,none,30678,RGB,400d0c6f29586eab220dc8eb01f5702ecab5c189
213235_200w.jpg,200,279,portrait,none,26671,RGB,5f185aa290d50b21af91447b60bdaed8789a150c
213236_200w.jpg,200,279,portrait,none,23270,RGB,843c3669b2c93a38347697ddcd91be6bad17dbf0
213237_200w.jpg,200,279,portrait,none,24819,RGB,39c42b481ab9fcc72a0b54d10398eb4eaad0840a
213238_200w.jpg,200,279,portrait,none,22575,RGB,0858504e49e8254f454e6a818488b9d43e0954f4
213239_200w.jpg,200,279,portrait,none,22210,RGB,584779bfd118c223d2e461657d820caa193a66d6
213240_200w.jpg,200,279,portrait,none,24594,RGB,d13550e3043a1488c7dc7e0c3d49186c3b228982
213242_200w.jpg,200,279,portrait,none,23322,RGB,99cd809a560b67ec1fd422fa99feefe701185eb3
213243_200w.jpg,200,279,portrait,none,21478,RGB,5f694fa600f35e32e83ef02fdf674405cbc1b166
213244_200w.jpg,200,279,portrait,none,21615,RGB,df4eaa004fc93ed59cd6a9396a84192f1f1ec0d3
213245_200w.jpg,200,279,portrait,none,22357,RGB,a2f0ede1c207a8a702832edd1ec29491098846c7
213246_200w.jpg,200,279,portrait,none,19532,RGB,ba7c040403cff7e5cbefe3d0f6f1eeb3785520db
213247_200w.jpg,200,279,portrait,none,23979,RGB,74cfe3cf8ddb480b3da9d77134e51faa40329069
213248_200w.jpg,200,279,portrait,none,21528,RGB,a9906f06ea1f6effe5fee540aab784f2c3818190
213249_200w.jpg,200,279,portrait,none,20103,RGB,8d6efffbe35ee5d9110954b4a78412e19b1c9fb5
213250_200w.jpg,200,279,portrait,none,23327,RGB,04f887d8179652fe954893ed1247fdf913a869c7
213251_200w.jpg,200,279,portrait,none,20707,RGB,241893555470cf7bc4c5b525bb257045a7ad3c81
213252_200w.jpg,200,279,portrait,none,23317,RGB,60412ca5ab6b1e771a897e3f9825061d5494ff7e
213253_200w.jpg,200,279,portrait,none,24134,RGB,ecc691351663e67eb9817d1ec6c5b5a38bffc845
213254_200w.jpg,200,279,portrait,none,25731,RGB,a18ec9fb82241b71e3f48e1b75795ba8d154d244
213255_200w.jpg,200,279,portrait,none,20011,RGB,23e324ab18724136489c332dd0e3e7693f228e5d
213256_200w.jpg,200,279,portrait,none,23518,RGB,276a29c3113389a0482cf182dace0d93e122fd3b
213257_200w.jpg,200,279,portrait,none,17372,RGB,1e13f8bf7b033f8aa1a370f3f8568fd5010f4532
213258_200w.jpg,200,279,portrait,none,21407,RGB,5252f5036c6f45e4b6a17456d27752c734e30579
213259_200w.jpg,200,279,portrait,none,20451,RGB,a39c136aee70d9baec2c9e9457c20e7b9f8bfb5a
213260_200w.jpg,200,279,portrait,none,19518,RGB,d6022aa94b3a676a6bb696fca451330573d86609
213261_200w.jpg,200,279,portrait,none,18851,RGB,b0d291ce2e3249ad2daef0cc750ddbccf071b1d8
213262_200w.jpg,200,279,portrait,none,17508,RGB,6d232c4d25c4b1a916199740ff5762f842122e04
213263_200w.jpg,200,279,portrait,none,18482,RGB,6160efaa9b3161146eb783a1f7adaba4ac6cec67
213264_200w.jpg,200,279,portrait,none,20173,RGB,87c12dc87e27ba19f39abd4ec9a879b99c2a9d62
213265_200w.jpg,200,279,portrait,none,26660,RGB,98481b67a155b43d26693c04692421dd87c9da7f
213266_200w.jpg,200,279,portrait,none,22036,RGB,3d9523134f419bc99713550ea91a0c1c000af1b2
213267_200w.jpg,200,279,portrait,none,16758,RGB,c7e04b132bf051af1057ca3ec6bd8eb719e23b5f
213268_200w.jpg,200,279,portrait,none,20582,RGB,5a92e11ffbda024dcea15eda74535ad9fc55b313
213269_200w.jpg,200,279,portrait,none,23375,RGB,d7e4938d0028b2f2c1b87b630bde577aad910703
213270_200w.jpg,200,279,portrait,none,20843,RGB,86fc6a11587fa5a5d3c704fc19f7ef9b612821f3
213271_200w.jpg,200,279,portrait,none,18547,RGB,d978d8c0f817cef2b5b5e74bb8e6c3398aaf831e
213272_200w.jpg,200,279,portrait,none,18214,RGB,1009d401e709b17d122b98c0c31af1365384b554
213273_200w.jpg,200,279,portrait,none,20943,RGB,c174c5df8b3ce5668177acdd1f36d22e2f928437
213274_200w.jpg,200,279,portrait,none,20529,RGB,c384b0ac7add8ee9a08bfe487579d50eb69f9275
213275_200w.jpg,200,279,portrait,none,21401,RGB,f2cbaaa483fba11b36cbcc9569a2d82b6eb4e957
213276_200w.jpg,200,279,portrait,none,25520,RGB,8be20583995114e6c9fcfe1e4c360693a35fc878
213277_200w.jpg,200,279,portrait,none,20845,RGB,29d55ace937f0bbb74bbb083a630caa452a80cdb
213278_200w.jpg,200,279,portrait,none,19627,RGB,a2476a32f5f39ca44c4f746cca56a5da2dc5907c
213279_200w.jpg,200,279,portrait,none,21202,RGB,581f2da81175d4f70cfdfe4cafbe7246fdce974d
213280_200w.jpg,200,279,portrait,none,19891,RGB,c29f114bff60c0b9deb2d652d1b8ff3aa0284375
213281_200w.jpg,200,279,portrait,none,20981,RGB,d89f7f85087bc916617b99392f84fa7618839cc7
213282_200w.jpg,200,279,portrait,none,21689,RGB,3dfec058ff595a25417c8a53a8e77ca98c73d8b6
213283_200w.jpg,200,279,portrait,none,21846,RGB,6d8b1f602f6cd6d8f6697dff38cdd44e5c2e906d
213284_200w.jpg,200,279,portrait,none,19482,RGB,01160c5613c27939291fa4fe45419367484edc91
213285_200w.jpg,200,279,portrait,none,21374,RGB,dc074a1433cc1091c103b5444d6f7fa8b7123c4a
213286_200w.jpg,200,279,portrait,none,23834,RGB,1bac3c253d9980ebe4e5378fb491262851f09d76
213287_200w.jpg,200,279,portrait,none,27010,RGB,bcc31006a11fffef3c869e3d8f5a5ea2afd87d51
213288_200w.jpg,200,279,portrait,none,29389,RGB,3041d914ca4b0ac2259ceece3992a6e55a7c2437
213289_200w.jpg,200,279,portrait,none,20769,RGB,31e156e8dd44872c296974cb27787903e5c83836
213291_200w.jpg,200,279,portrait,none,23272,RGB,08a79de48cb65f0839c8c10ef2c3db411e035ae5
213477_200w.jpg,200,279,portrait,none,23939,RGB,f837a1ef10e7d32c23a2d51955c8090b4d6872b1
213478_200w.jpg,200,279,portrait,none,27150,RGB,c5fe534ef52df763a18c16160709ac0d1996ed35
213516_200w.jpg,200,280,portrait,none,19524,RGB,8a8c0763cf5051bd9ed3db670194bf648a7c30fc
214228_200w.jpg,200,279,portrait,none,26827,RGB,d27af586dd260995c839eeebe2a198c5b450ddbf
214229_200w.jpg,200,279,portrait,none,27825,RGB,31909dc58e749cc4eeb00ceaa4392d551d930b04
214233_200w.jpg,200,279,portrait,none,29816,RGB,0c18a9f9e72f27111b0402a761af2c0aea4a1ad1
214234_200w.jpg,200,279,portrait,none,30288,RGB,d319510c7360f611ebbd7eeccfee274602694784
214235_200w.jpg,200,279,portrait,none,27009,RGB,644ae333d111b821a5bf31e6900c58dc1f8edd6f
214236_200w.jpg,200,279,portrait,none,28014,RGB,a6d7a6d697b6e67cfc98299d762a6fba657f0c84
214237_200w.jpg,200,279,portrait,none,24817,RGB,672f35f84456333cea33a7a4c4de3cfa3c6e2252
214238_200w.jpg,200,279,portrait,none,23151,RGB,495726ec6f9d4f007889af243ae1a3f56ab2050e
214239_200w.jpg,200,279,portrait,none,22926,RGB,eee75183117e9ee0ab266961e2ab287358df11b2
214240_200w.jpg,200,279,portrait,none,22926,RGB,c8a73d1f8c63d2811eb6d78d2e7af908d211e65f
214241_200w.jpg,200,279,portrait,none,28780,RGB,4ca378ba7ddd40fff9042d9128582ab8e7deedfd
214272_200w.jpg,200,279,portrait,none,22492,RGB,1757db8aa1e0a9f9ba6c8f36921711490006e2ec
214286_200w.jpg,200,278,portrait,none,19401,RGB,449edca2af1513ce5136805bcd4a2c0c9f4863b0
214326_200w.jpg,200,279,portrait,none,13343,RGB,0fb8f6cfae1627fd6f691bcd1c4f89a63a0448bb
215153_200w.jpg,200,284,portrait,none,24034,RGB,d6a0b1e7087202892c41df3b87d0cb533217afa9
215154_200w.jpg,200,284,portrait,none,24864,RGB,a24defb94496153651ea357eaf1a8f7af243afb4
215155_200w.jpg,200,284,portrait,none,23838,RGB,619fc80338b8bfad1a3eea8c2813dd6e34ff8cb8
215156_200w.jpg,200,284,portrait,none,26149,RGB,3826423ca4c84303b05f1f1e020c4a7a9e3030df
215157_200w.jpg,200,284,portrait,none,25500,RGB,ac88206b4da752d3fa89d07248cc88d5026be3c4
215158_200w.jpg,200,284,portrait,none,27276,RGB,6cf0abb70194ecc8e0bd646c5174e5238bd29644
215159_200w.jpg,200,284,portrait,none,26177,RGB,49c1f8f6cbbb56957925b0ef867c9bac4f40ec79
215160_200w.jpg,200,284,portrait,none,27965,RGB,bda247f22ba0ee13dd31f17e445d9aee64a24fe4
215161_200w.jpg,200,284,portrait,none,25203,RGB,092200c97a148dc5f0937dd8f0d8dc489ea49c22
215163_200w.jpg,200,278,portrait,none,24491,RGB,3c100fececb8a8d4a139331bb87cd5e2a01ed665
215231_200w.jpg,200,276,portrait,none,19952,RGB,f09f0c5d4a4ad70a6689d9a7e1c1441cd1365f6c
215491_200w.jpg,200,279,portrait,none,23422,RGB,6da38d98a69d0be9e71f783eb9c72bbbaa02b391
215606_200w.jpg,200,279,portrait,none,22665,RGB,bc7651e32fd746d3a1f0e847073b37aa8a183f51
215634_200w.jpg,200,273,portrait,none,22953,RGB,fe5058d98f9fb022188648d02ebf5eb8cab2ede1
215635_200w.jpg,200,280,portrait,none,20783,RGB,3a60a567257af68f5188e3a3d5fc320c41488302
215767_200w.jpg,200,280,portrait,none,14787,RGB,f860914fce452f1b5f2d22c269511705546116aa
216514_200w.jpg,200,266,portrait,none,21722,RGB,24210b6ab080ac1498f3ead15243e310131091f2
216699_200w.jpg,200,280,portrait,none,28107,RGB,2ede6e9fc35cd542652a39f0c15ad77ad87f0082
216702_200w.jpg,200,280,portrait,none,22540,RGB,d70750cc7b70d69e4317a1e0147cfad2a6f97625
216707_200w.jpg,200,280,portrait,none,20184,RGB,fdf6d2715f5ba94621433cd39727f08ade73d690
216714_200w.jpg,200,279,portrait,none,27267,RGB,e7ed5e099a5922f020955fc48e90af980f900eb2
216746_200w.jpg,200,279,portrait,none,19609,RGB,a89d481935ab6348365d8b436cbd218bfa82b4ad
216754_200w.jpg,200,280,portrait,none,22193,RGB,b7f144509159cb2ecdd739c5aa286295f96497d4
216798_200w.jpg,200,278,portrait,none,21817,RGB,972c89c2ad28c198141750fd77d16372015dd674
216812_200w.jpg,200,279,portrait,none,25451,RGB,ddd9f20b6fc2ebb26e2dbf11c89e8e6569f05c4e
216822_200w.jpg,200,281,portrait,none,23528,RGB,d084a4e05345810b49771d0a1f9916a843073030
216886_200w.jpg,200,278,portrait,none,25500,RGB,1423812fd283765aab35285f724ccb26af93dc10
217632_200w.jpg,200,279,portrait,none,24279,RGB,edc7831aafddc2202b3a056a3366254aafc7d1db
218439_200w.jpg,200,282,portrait,none,23101,RGB,67329a89bb48d51782c2344b8db56b2fab65061a
218440_200w.jpg,200,278,portrait,none,22561,RGB,2262843663e721945b960f93a22631477576514f
218574_200w.jpg,200,279,portrait,none,22079,RGB,5e822e4a437373537d1ec382db677a347f6f0aba
218576_200w.jpg,200,279,portrait,none,22161,RGB,b99d7d6982c84cd44a91c8a56ec15572aa4f80fd
218578_200w.jpg,200,279,portrait,none,26204,RGB,350f00259881a8cae2e846cd4051b08fda90c1c3
218579_200w.jpg,200,279,portrait,none,26148,RGB,a2c1f97947bae12af41c3df343a9974b4f787589
218580_200w.jpg,200,279,portrait,none,25208,RGB,9ea741a5710cd09484a31fdc72ffa2833f848428
218581_200w.jpg,200,279,portrait,none,25286,RGB,f1343cce68e318237cb019204926666e66c6d05c
218582_200w.jpg,200,279,portrait,none,26527,RGB,938533eaa8cb1adb5c9b74d1ec1d667e4775a1bd
218583_200w.jpg,200,279,portrait,none,26495,RGB,8eb0ff5313c962fee35693dc62f68c5852b4a6a6
218608_200w.jpg,200,280,portrait,none,23783,RGB,ee9ed0bc890ee0978b0a9418642cef76ced08cae
219028_200w.jpg,200,272,portrait,none,22732,RGB,fa6ef3245002b97cfc1732339633aa041b7ac136
219029_200w.jpg,200,279,portrait,none,22251,RGB,6b503501ee4850160d2ec04123dd5c71fd5b14b7
219030_200w.jpg,200,280,portrait,none,14275,RGB,3fc3ffb122e17f65194abdac076b041de208bb10
219031_200w.jpg,200,280,portrait,none,14163,RGB,d463d6946273e406401dc8b9aac151273369ef74
219032_200w.jpg,200,280,portrait,none,13954,RGB,00dd9d68c8ea717f2c9e777e2e955676626a8988
219034_200w.jpg,200,278,portrait,none,14091,RGB,db34303d22311fad9a1267b5ea843d367f045ee0
219035_200w.jpg,200,280,portrait,none,14244,RGB,c8ef1ae23ebdf64e4452fb9f94632b8f00a0aa93
219036_200w.jpg,200,279,portrait,none,14259,RGB,d7f136b5d6bbe1bee35bc21342bab403e3e68207
219037_200w.jpg,200,280,portrait,none,14499,RGB,adc417a087efd685618196295d83057ad4c966aa
219038_200w.jpg,200,280,portrait,none,14268,RGB,40433b437550844a38e7a68b9a7e79523404e00e
219039_200w.jpg,200,280,portrait,none,14232,RGB,d59eace7ac0c6f0a42ab1e06ea240594aa71cb4e
219041_200w.jpg,200,280,portrait,none,14214,RGB,b8b9d688f307a612e508e9360c57e032b26ec494
219042_200w.jpg,200,281,portrait,none,14423,RGB,f65c5b2bc4535b6f5d1ca41d5f0a3cdda733f43b
219043_200w.jpg,200,281,portrait,none,14418,RGB,4f9b9dd9b3ec4613b7a2b343fc05e1e85d99f101
219044_200w.jpg,200,280,portrait,none,14116,RGB,b4dafc96a89ddcf1ba2beac620d3fc47a1fb2392
219045_200w.jpg,200,280,portrait,none,14271,RGB,5762251d96f01083c30385ddcd2446a54e457049
219046_200w.jpg,200,280,portrait,none,14199,RGB,5e80c3c1c6d7759a618d26b7322d619dc22b65d1
219047_200w.jpg,200,280,portrait,none,14068,RGB,52e4495156d6915dd7d916e452b2ceda1a6c906b
219048_200w.jpg,200,280,portrait,none,22106,RGB,8f984eae30481f3817e8d1788961760fa30b1ce3
219049_200w.jpg,200,279,portrait,none,21548,RGB,6cc6b574e346476832ef4935ad6de84d0c7934e3
219050_200w.jpg,200,279,portrait,none,21317,RGB,5c5bccc4351a06893c36425c3a6cf197b7c7f979
219051_200w.jpg,200,280,portrait,none,21683,RGB,dfbc8f7fd8117760ad4c12d553378d1032dea071
219052_200w.jpg,200,281,portrait,none,21930,RGB,2c2e4c710c7169fc6cdfbdfaa34e44d872ea50c3
219053_200w.jpg,200,280,portrait,none,21530,RGB,1b74be64f9b2fc28eabeddb2b764e46ce98ca860
219054_200w.jpg,200,278,portrait,none,24692,RGB,8493c491185b9c419f2d7adfd0623965c9f88bcd
219055_200w.jpg,200,278,portrait,none,26784,RGB,6396dd295cb9d6c7eb5f6f1cb77568b85c263f9e
219056_200w.jpg,200,280,portrait,none,20024,RGB,2acd6bf2299a4d797b0e52a5ee529d3ad7faf36f
219057_200w.jpg,200,280,portrait,none,19731,RGB,eefca70f35a9048bef2c1464dd02a52074f001e8
219058_200w.jpg,200,280,portrait,none,23392,RGB,28886c6aa9c8537514df93ab175cbd7e6546456b
219059_200w.jpg,200,280,portrait,none,23741,RGB,31b38cea42fd765012c48672dbb9904a3399756d
219060_200w.jpg,200,280,portrait,none,18294,RGB,b4d739b923e079dcac327100a947fb7bfaaadf19
219061_200w.jpg,200,278,portrait,none,16729,RGB,21e4aa9e5f605649c607438b2cebdf3144aa7682
219062_200w.jpg,200,280,portrait,none,18160,RGB,96f0f028f33694052da209973cf409ea29c92754
219063_200w.jpg,200,280,portrait,none,17970,RGB,0f0fc9f79d004b5cf056c9419106910fa3dad1de
219064_200w.jpg,200,280,portrait,none,19399,RGB,9bee4da8d364609f83c701205100de039ee43467
219065_200w.jpg,200,278,portrait,none,19104,RGB,439a4a3f48fb4ca0142009227d4f9d22b40aa915
219066_200w.jpg,200,279,portrait,none,21591,RGB,a91c0243773c9770dd5b394edfebd7be4b5d439d
219067_200w.jpg,200,280,portrait,none,21853,RGB,970f1d0d98b752c4bd70cbef9de8fe97852dfce2
219068_200w.jpg,200,278,portrait,none,22035,RGB,c99d1296785bee5ac36a768564edd633057817d4
219069_200w.jpg,200,278,portrait,none,22116,RGB,5ea4d450d482fe5f594b39c60f2cf1bf208b63e8
219070_200w.jpg,200,278,portrait,none,18581,RGB,f08d3d72583342d6efd92bc73921d3a453e580bf
219071_200w.jpg,200,280,portrait,none,18515,RGB,907fe10f7ab57f38821352f09c80b0640597812d
219072_200w.jpg,200,280,portrait,none,18423,RGB,9f48c2a3bc6b0224201ebb14574a0e580e551abc
219073_200w.jpg,200,280,portrait,none,18430,RGB,55ba522ec76308d34feb405cd7271d523684684d
219074_200w.jpg,200,278,portrait,none,21589,RGB,11be802308f466c373bd14c914bac17c83ebe4be
219075_200w.jpg,200,278,portrait,none,21326,RGB,ef04fe7eb9ab28094d701d552850496828c9a3ff
219076_200w.jpg,200,280,portrait,none,17476,RGB,14a4fa044b4afa0d2fa26934e69196640b987541
219077_200w.jpg,200,279,portrait,none,17086,RGB,10fc4bbf8db8f2e2a254d9938bf87291e285c96d
219078_200w.jpg,200,280,portrait,none,17140,RGB,29fda17dc165c10f613c491ef99d4d971de9b2e6
219079_200w.jpg,200,280,portrait,none,16967,RGB,2bb513f1aa7fc03a9209c4de9074a0cef8ebea0d
219080_200w.jpg,200,278,portrait,none,18967,RGB,f8c11a3ef9241733c083840e550d54ebe3116943
219081_200w.jpg,200,278,portrait,none,18484,RGB,60033ec66393175dada8c90210239163c41707e3
219082_200w.jpg,200,280,portrait,none,20551,RGB,31229ec788d0ce9562da5f711f3d8bb8eb83a485
219083_200w.jpg,200,280,portrait,none,20120,RGB,256c2e6471ec89df4a1ee114733d87378d19ca41
219084_200w.jpg,200,280,portrait,none,23624,RGB,8442c3f1c4a5542ded0534ef5489f3f0847b9a40
219085_200w.jpg,200,279,portrait,none,18753,RGB,96db16d13ff93ab0871bc06afff955a02ac93954
219086_200w.jpg,200,280,portrait,none,21509,RGB,7da695bd32d6d5d494e48a22aabd20d7673a7806
219087_200w.jpg,200,278,portrait,none,21102,RGB,4087e943b5bc111a9e3dbe43ad9ddbda077b84e1
219088_200w.jpg,200,280,portrait,none,17651,RGB,4322b3f540acb53c0ad29ff9fe114ad7a2a47923
219089_200w.jpg,200,280,portrait,none,17332,RGB,27667628ffca3ca5df419fc18bd9fd09b484239a
219090_200w.jpg,200,278,portrait,none,22915,RGB,0b7438cbf21fa6c7b91e4393560b0a6ce849f335
219091_200w.jpg,200,280,portrait,none,20822,RGB,cfa7579ab1220411e7858ebd9d6bcfe992f923c2
219093_200w.jpg,200,280,portrait,none,21016,RGB,bed6f2173989e8cd553826781f629fe3defceeb3
219094_200w.jpg,200,278,portrait,none,20772,RGB,d95489245412a22bb3a82787a5c8ea4b3e562102
219095_200w.jpg,200,283,portrait,none,20323,RGB,ffce17b20975b5e8c57bdc8537223c3c8c8ceaf4
219096_200w.jpg,200,279,portrait,none,20066,RGB,59f31560d622d370d0706fc06cf545dfa546f042
219097_200w.jpg,200,279,portrait,none,19134,RGB,133a93a9d6d3605e71b3bbdcd443e542c337b3fc
219098_200w.jpg,200,280,portrait,none,17946,RGB,a83536e39bf0ff27945a858189babe5f8ea8383c
219099_200w.jpg,200,279,portrait,none,17257,RGB,c1106717e247b0828f1becb527c469cb928c772e
219100_200w.jpg,200,280,portrait,none,21058,RGB,edeb0ee51d73a992817bc5d28adc704a2a6c6124
219106_200w.jpg,200,278,portrait,none,21116,RGB,92f84d745fe86f4f658ebca9d920915ef08d21a3
219107_200w.jpg,200,280,portrait,none,21293,RGB,b64a39a6e7089de4129e4888e1f60a2a02c5edf7
219108_200w.jpg,200,278,portrait,none,17714,RGB,f2e39c2ad782156fc360982f2d0cbc1b24f85a0f
219109_200w.jpg,200,280,portrait,none,17450,RGB,2c9ee913a0198745b3be6028b529efabc730a57d
219110_200w.jpg,200,278,portrait,none,17936,RGB,ac7a5c69480a363e00310e47eaaab13ab85f1bc2
219111_200w.jpg,200,280,portrait,none,19320,RGB,d48eae82306326acfae6bae0b78a84b69b780a3e
219112_200w.jpg,200,280,portrait,none,19410,RGB,bf741ca1a4163dfba38506cb447e036c07dd5cca
219113_200w.jpg,200,280,portrait,none,19325,RGB,96b212549c48a29b5f668ea3cfb6e0815fcd2adc
219114_200w.jpg,200,280,portrait,none,19368,RGB,b6e30b6a6241c1fe0567ad165686f41e1586273d
219115_200w.jpg,200,280,portrait,none,20814,RGB,0dbfebee9550df6cb4f3988ba3019e0879f24be3
219116_200w.jpg,200,280,portrait,none,20806,RGB,85d0842d6d407832079744abee82cee51735e3dd
219121_200w.jpg,200,280,portrait,none,17889,RGB,93c6808ae02975bd3a89cbef63a9b1530f070f10
219122_200w.jpg,200,281,portrait,none,18333,RGB,847a4b1e520e7adaa509dc68059733bebf0f21fa
219123_200w.jpg,200,280,portrait,none,20129,RGB,63b90a5c136826288d2ef93aab43e7aac9ac8e79
219125_200w.jpg,200,279,portrait,none,19879,RGB,342f3ff98d2175b1dddad57a123a63037c063697
219126_200w.jpg,200,280,portrait,none,19783,RGB,65141155669a5514d0c17e0e13d417c5e170154b
219127_200w.jpg,200,280,portrait,none,24843,RGB,0d92d4d9c81c4021bca2502e4b70c2e60782df65
219128_200w.jpg,200,279,portrait,none,19660,RGB,e78b2cbe1de56d5a903c40848cd3bd5d70a3c53f
219129_200w.jpg,200,280,portrait,none,18339,RGB,7df6407ce117c6d0a226733405a5cd9d9bdfb7ee
219131_200w.jpg,200,280,portrait,none,18515,RGB,a700af205507d81d188eb648e624c6b79bab1d45
219132_200w.jpg,200,278,portrait,none,18622,RGB,6459e60edf495c9e445c8deb5173b25e47e97ae4
219133_200w.jpg,200,282,portrait,none,19105,RGB,8db7de672d9d086c283a744bdf5be8c05f711360
219134_200w.jpg,200,280,portrait,none,11438,RGB,a7fd8d7dec738f029cd070cc12da0f60a38578a2
219135_200w.jpg,200,280,portrait,none,11601,RGB,9fc0d586d4485709de0bd5555836e5b69bebc796
219136_200w.jpg,200,279,portrait,none,11449,RGB,52a92b4ea5648bc4d411fa401b4a3c375ab1736a
219137_200w.jpg,200,280,portrait,none,11394,RGB,6094885c45f58f86f73e0744f08bb78cebdcc44f
219138_200w.jpg,200,280,portrait,none,11394,RGB,a0d56f3cc6a0e53969aa77c541068ac25b6ddd92
219140_200w.jpg,200,279,portrait,none,11385,RGB,6efe8122f86ffbbf90df7196d893ee42371b1091
219141_200w.jpg,200,280,portrait,none,11496,RGB,7d604de0df43b86d5c42fba070188c87bbf1badd
219142_200w.jpg,200,279,portrait,none,11465,RGB,cef89e99d645d9bd49c00361168a62be48af4d12
219144_200w.jpg,200,280,portrait,none,11438,RGB,4765951932b42995d9aad174449c22318e00ac7a
219145_200w.jpg,200,280,portrait,none,11446,RGB,afb2d22355410e00bbd95cb481b36cba1f151120
219146_200w.jpg,200,279,portrait,none,11512,RGB,971cfa02a7d313314045b14f1c2a36c049b0e8b5
219147_200w.jpg,200,280,portrait,none,11462,RGB,540c162094c18411c09826db53d9ac0f51606b4a
219148_200w.jpg,200,280,portrait,none,11779,RGB,f018216c2339cee22eaa2a59406257f69e9b5982
219149_200w.jpg,200,280,portrait,none,11398,RGB,daaf6ad401aa0008df0a4ba89be9ee1b3f3f947c
219150_200w.jpg,200,280,portrait,none,11471,RGB,8506f3cf2dbee2f35333fbbdfe251fc223e0915d
219151_200w.jpg,200,280,portrait,none,11570,RGB,7331bf65ffdf4d6517fed25771baef6593e87742
219152_200w.jpg,200,280,portrait,none,11647,RGB,47902126be6c4f0f7200e796ce8abf6a24f779db
219153_200w.jpg,200,281,portrait,none,11754,RGB,8807bbc64d396cab90f6b9997d16193ee421f686
219154_200w.jpg,200,280,portrait,none,21055,RGB,feef3ff3d313f3934a8c9d0657c38447c981db96
219155_200w.jpg,200,280,portrait,none,20761,RGB,153ffda8d1e872f878d5c0a69ebab6b57fa17455
219157_200w.jpg,200,280,portrait,none,21042,RGB,3b7ff1e05f4c52528b7305b11c4ede7c28b863da
219158_200w.jpg,200,280,portrait,none,20731,RGB,37d78935d86248d8949023a518df710b0698ef50
219159_200w.jpg,200,280,portrait,none,21136,RGB,04d589f38bee49c61b356bb0ac647b7bbcf36845
219160_200w.jpg,200,280,portrait,none,17217,RGB,8ff3b6da4cc30147b9b8da0a893bc104f1a2010c
219161_200w.jpg,200,280,portrait,none,17058,RGB,e8ab68ed8fad2fbc2ad5ca254b655085e6e00f23
219163_200w.jpg,200,281,portrait,none,24728,RGB,9d46cd44fc21088bc3c1748f2420490943d2a9d4
219164_200w.jpg,200,280,portrait,none,17452,RGB,60ddd95c2d35567e97f92b18bcfb72aa60f31878
219165_200w.jpg,200,281,portrait,none,17849,RGB,73ae6dcf645cf8828fbfcc0a8f914a4ec986c544
219166_200w.jpg,200,279,portrait,none,23345,RGB,964d5fbcf3df0757bb8504f31b6265a36afb3695
219167_200w.jpg,200,280,portrait,none,23225,RGB,8973aeb3b88d1c1fff8dc61f7f55516669c6fff5
219168_200w.jpg,200,281,portrait,none,23259,RGB,7974b71e57fd00866bd5c5790b04dc8a6ed722df
219170_200w.jpg,200,280,portrait,none,23325,RGB,46284183f69fde14751d8cfb073faf3c75f25f26
219171_200w.jpg,200,281,portrait,none,22967,RGB,e5f4140b7720b6049f975b55dac60d5cf00f545c
219174_200w.jpg,200,280,portrait,none,19413,RGB,ebd520fe65786cbfa13a56c0fea9786198e57c81
219175_200w.jpg,200,280,portrait,none,19505,RGB,014d8e995af36eddb4f35def09b76421392a763c
219176_200w.jpg,200,280,portrait,none,21248,RGB,ffb7ef8fe3ba0fdc4375ee90db488e48c03b9f9a
219177_200w.jpg,200,280,portrait,none,16613,RGB,4af1b24b0dd01e1281b07f48c635f58e302270e7
219179_200w.jpg,200,280,portrait,none,21344,RGB,f371971c801c814f9bd901189c6c02f357ab4be6
219180_200w.jpg,200,282,portrait,none,20357,RGB,4f29d46de396d49e230e7002b2ef908359ec6856
219182_200w.jpg,200,281,portrait,none,20834,RGB,ff210bb6422b4ac9a3803ce71e9c97b41e69cb63
219183_200w.jpg,200,280,portrait,none,19298,RGB,604512a0f8aea98e68e17610efeee470b0290780
219184_200w.jpg,200,280,portrait,none,17957,RGB,c69bef8ef7c12a4f18c32c22b4ec8c9edb6b57a6
219185_200w.jpg,200,280,portrait,none,18131,RGB,eb77b2d599aa53b4f80f7b8c7571d69148fb1a72
219186_200w.jpg,200,280,portrait,none,16789,RGB,593db31093b217ee6f75c4e2219ef736ecdb842b
219187_200w.jpg,200,279,portrait,none,18234,RGB,cd2310f63f937b2d2a6b51edd0088c94ae8560ed
219188_200w.jpg,200,280,portrait,none,16842,RGB,6fdd1fa1cf8027caf0ef8aa615a932056cd94d9a
219189_200w.jpg,200,282,portrait,none,17902,RGB,005942639c67ba1ae71236d78519608a379c98db
219192_200w.jpg,200,280,portrait,none,13362,RGB,6a2bc40423f14fd77ab53fa07ff01f07eeca277b
219226_200w.jpg,200,278,portrait,none,23311,RGB,398a8f5fab2ef936f6044fac1c6ad7a03b106ea4
219228_200w.jpg,200,278,portrait,none,20279,RGB,3418c60fae08951e92b0b12f39b4abcb97a6dfbf
219229_200w.jpg,200,278,portrait,none,23151,RGB,9ca7d62f28011097b8926787a5e308e25ca484c7
219230_200w.jpg,200,278,portrait,none,19238,RGB,07285d5443f028194a5536ab02a2d3453fc10cd8
219231_200w.jpg,200,278,portrait,none,23869,RGB,e9f71d647e12a2f169ffc9b823d7df7d2cf1b661
219232_200w.jpg,200,278,portrait,none,27506,RGB,e135aae1fd9890e40b4bbaab506515a1252406dd
219233_200w.jpg,200,278,portrait,none,28084,RGB,e17847cebbb1bf43350b6861ba7908dd07bf6d99
219234_200w.jpg,200,278,portrait,none,28783,RGB,cf94a6928981a1bd4a467b6626d2331993653d08
219235_200w.jpg,200,278,portrait,none,19774,RGB,7a88f4b2332150485fd2bdb8fc7e5896b475abcc
219236_200w.jpg,200,278,portrait,none,22230,RGB,03a69b13b1f9de5f2c8d56171bde9b5bea95d781
219237_200w.jpg,200,278,portrait,none,24083,RGB,c076580e973970e12e5ce8c5333991eaf917a5fa
219238_200w.jpg,200,278,portrait,none,23709,RGB,638d7f5df735c10273c9605e2c26e7477387a7e3
219239_200w.jpg,200,278,portrait,none,20407,RGB,65f4b28d08725b9ec16f2429310956b9ff975628
219240_200w.jpg,200,278,portrait,none,21969,RGB,2b367af44d9d8a75133c1d0c416eed2715b0346c
219241_200w.jpg,200,278,portrait,none,25551,RGB,2402ea2704631d86879a499e08922ba9b98df98d
219242_200w.jpg,200,278,portrait,none,19056,RGB,b5cadfdc141cf22b48d66188cdd5ba73544795d5
219244_200w.jpg,200,278,portrait,none,23710,RGB,5308bb8136f38064fdac476193b9b0459d4ae2f1
219245_200w.jpg,200,278,portrait,none,19897,RGB,b9d7f1c8cdbb80a18ccb6a496f18cb31f273200c
219246_200w.jpg,200,278,portrait,none,24230,RGB,f161f59150b01a1216d7ded6cc9d38347b0adf48
219249_200w.jpg,200,278,portrait,none,27173,RGB,780a3c695a349f6371b1b7cec73e28ef2a0f798d
219250_200w.jpg,200,278,portrait,none,31219,RGB,969f3ab5b2f9b3ba112e44f0dfcd2f9006ba6ffc
219260_200w.jpg,200,278,portrait,none,24964,RGB,483ca37575f592964e74113cc25e58a5db5ff6d2
219265_200w.jpg,200,278,portrait,none,20361,RGB,0a46740bb4831512de1471a00472e0d47dab13e4
219267_200w.jpg,200,278,portrait,none,26293,RGB,2a65263e5e66125e126c721334bd8764e07c8969
219268_200w.jpg,200,278,portrait,none,21560,RGB,57fb9ae83429cbc2ae4203643fc62ba88f57b12e
219269_200w.jpg,200,278,portrait,none,18973,RGB,3132ac29a1904b3d3a5812b51793a32bed9fd17b
219272_200w.jpg,200,278,portrait,none,19834,RGB,6b133a442a82097eb0631d6de3272819de1d8735
219273_200w.jpg,200,278,portrait,none,17081,RGB,dd2c0b64c9f7b9a8f1740adc042020ac3bdbc28b
219276_200w.jpg,200,278,portrait,none,18346,RGB,3c611bbe5fcf1d9e1819105e684bef725d2c6580
219277_200w.jpg,200,278,portrait,none,19770,RGB,788b326e16ffcf47a061d50f0e1242d70865c1c1
219278_200w.jpg,200,278,portrait,none,19863,RGB,52d0ef65e79f1b2341cd868e481228980b8fa9c9
219280_200w.jpg,200,278,portrait,none,19843,RGB,918b737fb8d24475fed557765191c097d41679c7
219281_200w.jpg,200,278,portrait,none,24107,RGB,bbdf8dfb4f6a307f0e0ebe333b23a7c7a30c3209
219282_200w.jpg,200,278,portrait,none,21007,RGB,d519ac32200205a66d243de200ef6ac485423f51
219284_200w.jpg,200,278,portrait,none,20262,RGB,3cdf43a2a0d81dd5b04a1a2000e9bec5fc015136
219285_200w.jpg,200,278,portrait,none,18664,RGB,7c403ca38ba997afdf7439536716f753dce2e847
219286_200w.jpg,200,278,portrait,none,18995,RGB,5cdb2cb7a9972fcc9fc8a5b614b800ff772a2879
219287_200w.jpg,200,278,portrait,none,21482,RGB,ef9951b0be281bc75c1d7c1bfce3709511a21d95
219289_200w.jpg,200,278,portrait,none,18864,RGB,4cd5edc317726e1d487a53a6a42f15cd9f92b7df
219290_200w.jpg,200,278,portrait,none,17683,RGB,1a739436e059f64bb380223315ffe3ffd34722b8
219291_200w.jpg,200,278,portrait,none,19687,RGB,b5a11a31b2a663ccfa2761354dfae8d2bc89ad24
219293_200w.jpg,200,278,portrait,none,19374,RGB,b750407cea79195416f6bc982397365d7b0f52c1
219294_200w.jpg,200,278,portrait,none,20130,RGB,ee612f0bfdcabd19de9e86c00506449cfbbddc47
219297_200w.jpg,200,278,portrait,none,25399,RGB,76ac20e38dd6d0ef627e3e0df8903c7669838a25
219298_200w.jpg,200,278,portrait,none,26534,RGB,d3fcb6a9e7824c041212f872cd080ac8700fb197
219299_200w.jpg,200,278,portrait,none,30329,RGB,0b04ecf1d44a7e10af2ab8d54b9ddc7822d1fc36
219301_200w.jpg,200,278,portrait,none,30229,RGB,8b9953eb34c2cfaf6e782dc3c8f860433296f6a0
219304_200w.jpg,200,278,portrait,none,27593,RGB,06471e60073959035da1cf55e682db962b9599e5
219305_200w.jpg,200,278,portrait,none,26094,RGB,42c5a02a61b4f64401c4653acd6d54043f0723ee
219306_200w.jpg,200,278,portrait,none,25899,RGB,3ecd007055e2a85abb0c7a087547927fe42d04f5
219307_200w.jpg,200,278,portrait,none,26923,RGB,5ffad434f515a3cdacf3fba82e42ab8462de8f66
219308_200w.jpg,200,278,portrait,none,23254,RGB,1af034252faa4dd8d1bca80a5fffbf77f8555e1c
219309_200w.jpg,200,278,portrait,none,25282,RGB,6909351c348984aece68fe388d80b86a27e6b669
219310_200w.jpg,200,278,portrait,none,21445,RGB,21d2beb3f09c4a63747af2ce9a2abd6bb3daeb8c
219312_200w.jpg,200,278,portrait,none,24086,RGB,a3a22d13bd4785cc4a708770f152c9fa31143cea
219313_200w.jpg,200,278,portrait,none,26023,RGB,d39cf2b5480113a6b14a43d495b47a89640f634c
219314_200w.jpg,200,278,portrait,none,25113,RGB,dbc3d8212c2b53de05ce5a892ef7edc7cd45b42b
219315_200w.jpg,200,278,portrait,none,18892,RGB,bb25c124d6c5e1d5138e83217931bfaf30f054bb
219316_200w.jpg,200,278,portrait,none,23168,RGB,6d918af19e033706dfd813d2ea9ddb8e4012fc2d
219317_200w.jpg,200,278,portrait,none,22990,RGB,c15aa8933c9a38f84989a6d734113e54a8a36fa8
219318_200w.jpg,200,278,portrait,none,27316,RGB,13fdf2c614e8d1a1b4283d57c9a75e7b99e298d4
219319_200w.jpg,200,278,portrait,none,23233,RGB,893b2ab914ae4fb45e3ae11bdca21caac7121985
219320_200w.jpg,200,278,portrait,none,23919,RGB,71525ca38aff27f59143679b97e7b4358361f492
219321_200w.jpg,200,278,portrait,none,27790,RGB,390c4be8b7c7185ab1a5c12ad7a992e1673fae7c
219322_200w.jpg,200,278,portrait,none,22857,RGB,7263be2c37645db7a943ba6d3c58de71a4f9326b
219323_200w.jpg,200,278,portrait,none,31292,RGB,5259b100e3876af0f9800e9631d3d1aba612d5a8
219324_200w.jpg,200,278,portrait,none,21668,RGB,ba3c0de0f4b5287dad593088f09b2cd6f2242160
219325_200w.jpg,200,278,portrait,none,21718,RGB,51bea90d487b7a7ae1e1057793b34b3b592fb62e
219328_200w.jpg,200,278,portrait,none,22877,RGB,79c8e8d001a94947d9f8d48d06d748ad70ff33a1
219329_200w.jpg,200,278,portrait,none,19767,RGB,ed6a3afb7a6f48656f63cefb4fb6321e06afc363
219331_200w.jpg,200,278,portrait,none,20631,RGB,1962d2732c8b7a21edace9b1b0fb818e6b42deb8
219333_200w.jpg,200,278,portrait,none,20715,RGB,f9754396c39e4f699b2410a970540605af30a038
219334_200w.jpg,200,278,portrait,none,20754,RGB,89b6d35de70ae95c0338083a505832d074246245
219336_200w.jpg,200,278,portrait,none,22026,RGB,793e0bf561c102540d5e7d66643d0bd1c900e4d1
219337_200w.jpg,200,278,portrait,none,20534,RGB,2b8386360acf435b3bdef138899d33a31bf2cef1
219338_200w.jpg,200,278,portrait,none,25557,RGB,09a4feeccd2165705ad6e4dee55a44c2748e2e6d
219339_200w.jpg,200,278,portrait,none,21551,RGB,3b213a47c1b30dd2c93ae0b6e27a4ef0d69f9567
219340_200w.jpg,200,278,portrait,none,22735,RGB,136508b4bacd8345c4a21bdda4bc2e038d6bc821
219341_200w.jpg,200,278,portrait,none,21908,RGB,1ec9eff7c7e5aa7834d7e1e4b32622c179d0454d
219342_200w.jpg,200,278,portrait,none,21596,RGB,85eae03cf43cd9b79352594b1677680824888dbf
219343_200w.jpg,200,278,portrait,none,25370,RGB,91e93f60e4073f44036a6cbd0172bec57b5a00de
219345_200w.jpg,200,278,portrait,none,25861,RGB,14bdc1002dc167618e79d9c7a74f2cbe50f15f1a
219347_200w.jpg,200,278,portrait,none,28412,RGB,19ab0a043950bd6399046c5bcfe57f8820159f42
219349_200w.jpg,200,278,portrait,none,22592,RGB,1f9248e5e1a2e6b655f606bf98df8db2cb04c7d4
219351_200w.jpg,200,278,portrait,none,23939,RGB,8291ebdd7c7d4bac42e4c30795aa68f5367fd6c4
219352_200w.jpg,200,278,portrait,none,22158,RGB,1300802ae7eb0e871be5930210b0354cac30decd
219354_200w.jpg,200,278,portrait,none,21509,RGB,116ac57cec442a11efad332e17a64ddafa283444
219355_200w.jpg,200,278,portrait,none,22002,RGB,437c17a0f1250a426a3b4e2865e53a2c272746c8
219357_200w.jpg,200,278,portrait,none,19341,RGB,ea6cfa7cd5536cd254e51a4dd02c31ad46c6ccef
219358_200w.jpg,200,278,portrait,none,20995,RGB,a7c95a56aa4ec764837ab6c4a3ea421bc6b4da87
219360_200w.jpg,200,278,portrait,none,21780,RGB,bb3be41d02ab1403197273db3fe0a951304f0795
219361_200w.jpg,200,278,portrait,none,22616,RGB,c2c8cdc46130fc521122e0421aeed23023528f86
219362_200w.jpg,200,278,portrait,none,24011,RGB,1f89d2d1f08a19c20a0ace9ffea0039f898d3ebf
219364_200w.jpg,200,278,portrait,none,18615,RGB,182f81ab844bdf0c0b9fb46071a5b22ae3416b1e
219365_200w.jpg,200,278,portrait,none,22242,RGB,f59c4ed4b0a10b5cef6177dcc7f89587d2a23df0
219367_200w.jpg,200,278,portrait,none,21495,RGB,adff3b8c9593f9b49f293f92f278d306554c0333
219368_200w.jpg,200,278,portrait,none,21698,RGB,c7d90b5e0925a02964224373a0f54c83993864ce
219370_200w.jpg,200,278,portrait,none,22429,RGB,5edf77886334a8b95fd1ccff57fe9de3b8c23aa9
219371_200w.jpg,200,278,portrait,none,23359,RGB,7695bdd521691480e4fcfe43e1dded8ae7440ff2
219373_200w.jpg,200,278,portrait,none,27568,RGB,8bf08f9213534fa533a2307873ffb2cb8e832c5b
219374_200w.jpg,200,278,portrait,none,30489,RGB,6ad597012eddd8a9633eba0fe95bbd8f923beac8
219375_200w.jpg,200,278,portrait,none,20952,RGB,078b3bcc81dfea478d64e204e3a2e51e36c61a55
219376_200w.jpg,200,278,portrait,none,21930,RGB,87aa61bce1dbbc30d68406e4bc3f2d8f15072fdd
219377_200w.jpg,200,278,portrait,none,25190,RGB,cc81983f5c2dce36c3f6689d502c191e1ac90d12
219378_200w.jpg,200,278,portrait,none,20803,RGB,504fe76b8eae4ae39123cd8867ae9a70d4b351f2
219379_200w.jpg,200,278,portrait,none,24705,RGB,949f4abf0d6d2299c6d77ab3ec80423038a5303b
219380_200w.jpg,200,278,portrait,none,21149,RGB,31b81861db59d473e8e38b603db4eca651b1a253
219381_200w.jpg,200,278,portrait,none,24247,RGB,e88288b00b67710c3babc925809a7337ebae6488
219382_200w.jpg,200,278,portrait,none,25016,RGB,02492e53e59e651ae872536132f5331394a95f31
219383_200w.jpg,200,278,portrait,none,24591,RGB,ca3ad4ffac6c2ce5650fac1c164c4d1c492be414
219384_200w.jpg,200,278,portrait,none,23519,RGB,30c518c72818f27898d7fe60b6938f65269a8c13
219385_200w.jpg,200,278,portrait,none,21499,RGB,fcb7322bc8d9fb8d29c55c45b323fdae3b1f4a7a
219387_200w.jpg,200,278,portrait,none,18536,RGB,a367857775d6abda09e66491cfa24ada2d36d13a
219388_200w.jpg,200,278,portrait,none,25255,RGB,2d88508e2d4ef79a39c517220ea33a71ea02586c
219389_200w.jpg,200,278,portrait,none,25286,RGB,682807cc05b4efd53ccbffbc755282c4018ef50d
219391_200w.jpg,200,278,portrait,none,20726,RGB,d1dbf3352cdec413692aa2316a1b29d2defc3625
219392_200w.jpg,200,278,portrait,none,23699,RGB,9cf97923d0fad20891a029fa39cd83e2394773bb
219394_200w.jpg,200,278,portrait,none,20662,RGB,7cb9be85eb31bd500736e0c2614e9617ba837b74
219395_200w.jpg,200,278,portrait,none,23406,RGB,5d20455689d1d7056c3eeebbd33920f4af45d419
219396_200w.jpg,200,278,portrait,none,24672,RGB,27ba355552169906b0f5aff9dbb7e05265d77508
219399_200w.jpg,200,278,portrait,none,25315,RGB,508803429288c6388e1ed03c98367af4ba4cc6b2
219401_200w.jpg,200,278,portrait,none,21972,RGB,ba5f0c65f64fc0dc83859592ea537b0bf78c3a61
219402_200w.jpg,200,278,portrait,none,24338,RGB,7d94e28cafe3138fe430bf2aa8e2e1925e33c868
219403_200w.jpg,200,278,portrait,none,21382,RGB,1c7484a3961eda29c2304fa35973d4a82870145b
219404_200w.jpg,200,278,portrait,none,24138,RGB,5c4f58a5c772349993b5aa6a3ce410a83817a20d
219405_200w.jpg,200,278,portrait,none,25629,RGB,007baeb4bdde80482ad2b04d701b9c7920f449b2
219406_200w.jpg,200,278,portrait,none,26679,RGB,3ef5bce0f0d4b892e219aec366dd421e6f1188b2
219407_200w.jpg,200,278,portrait,none,20266,RGB,409fa0c820803b96c2b8400c1dbc40b6618ac473
219408_200w.jpg,200,278,portrait,none,24211,RGB,47ac4787afa623d424c06257926dcc64b1caffa7
219409_200w.jpg,200,278,portrait,none,26196,RGB,5d28414fdd10aa72b5dba928da4008610c1057e4
219411_200w.jpg,200,278,portrait,none,28533,RGB,a9251e5dc8ecdf467ceedb0c7811b76477657ca9
219412_200w.jpg,200,278,portrait,none,23214,RGB,b7746052d94778ed909256fbcdfa27923fe10fa8
219413_200w.jpg,200,278,portrait,none,21637,RGB,a91e70b932bcb7add362bf4b7d1c7ea807e7ce97
219414_200w.jpg,200,278,portrait,none,22836,RGB,9259f34e4c1ba577781d38609d99a6234d37ae4a
219416_200w.jpg,200,278,portrait,none,21316,RGB,a93196eb77167244c9dc9ca3a0ba0be46951a19b
219420_200w.jpg,200,278,portrait,none,21788,RGB,20df2ee8c975c82facec9294aa5e1e1ad95d83ad
219421_200w.jpg,200,278,portrait,none,22420,RGB,e3c502987715c3363a5542d3e54d267ef6e237f1
219422_200w.jpg,200,278,portrait,none,23755,RGB,4aa4f75e3d62f70f4a38cc64df5ba05c20bda419
219423_200w.jpg,200,278,portrait,none,24534,RGB,a716578d2967b9b1c3bfdaaa0e63f0fc73b196b0
219424_200w.jpg,200,278,portrait,none,24304,RGB,75ab69cd06083c85fdbe6a9de96b048b8d274ff9
219426_200w.jpg,200,278,portrait,none,24308,RGB,756093a2474d1f8780568f08d6044f38bd5ee5d0
219427_200w.jpg,200,278,portrait,none,24947,RGB,5a6be281851a7dd159abcc9762bf8c0ebf789018
219428_200w.jpg,200,278,portrait,none,27375,RGB,5db3078139c7d2ed70e7d9e07a7af9992b4218ef
219429_200w.jpg,200,278,portrait,none,29700,RGB,99174862445fa97e557702ebb31b2109ffbd993f
219431_200w.jpg,200,278,portrait,none,27340,RGB,7c577f86101de063e1d37926e85eaaf18d5da148
219432_200w.jpg,200,278,portrait,none,25015,RGB,0fc342474454f5a54757ee5ef22eb237167224b9
219434_200w.jpg,200,278,portrait,none,23544,RGB,aa30860c98653d383f82b45003c1572dc2114849
219435_200w.jpg,200,278,portrait,none,32599,RGB,121e894f70726b649fe6b3e6162f49e940e6226d
219441_200w.jpg,200,278,portrait,none,20240,RGB,9e25343bcb0369b297c36442ed4df92500875217
219442_200w.jpg,200,278,portrait,none,21426,RGB,6aaec359577b2d35597b087d81d430a9f5648bf9
219443_200w.jpg,200,278,portrait,none,25487,RGB,9a478aef6ddc9e6d134f9b7e9dcc7b84211336d0
219445_200w.jpg,200,278,portrait,none,19184,RGB,17075efabcab8531ae51d40c2df79457c8175d08
219446_200w.jpg,200,278,portrait,none,20641,RGB,3776fd8bacd14d8d2485fbd80e41507f2e2c2db0
219447_200w.jpg,200,278,portrait,none,20301,RGB,cf45bf4063022fd785b7b96598d0cdf2a7414b87
219449_200w.jpg,200,278,portrait,none,18709,RGB,caec2b55ff13523a8d9796bd55a96a9cfe7abadd
219451_200w.jpg,200,278,portrait,none,21853,RGB,b9dd8706a0759238de30f43bab0ba0fa8d57f9b6
219456_200w.jpg,200,278,portrait,none,20096,RGB,8a8e73abfb9a087272e811da9147dc839284b54b
219459_200w.jpg,200,278,portrait,none,21702,RGB,41252e342fec2a741c30b3bfebeeb41a0cdaa10c
219462_200w.jpg,200,278,portrait,none,23285,RGB,6f3d61fb41942ffa30a25c0d27f882a73b9d0e39
219464_200w.jpg,200,278,portrait,none,19956,RGB,065dbab689c9506bfda0aac1aef19bae31415298
219465_200w.jpg,200,278,portrait,none,22358,RGB,11140dfaf1446e5e2a347e4786475e25d64d5530
219467_200w.jpg,200,278,portrait,none,20808,RGB,7a8b651643832b52fc5a7b4bd6d8c5699c1a996c
219468_200w.jpg,200,278,portrait,none,19472,RGB,55d3e9bb3dd68f26a0c6598230745f3960ef5041
219470_200w.jpg,200,278,portrait,none,24089,RGB,178a4ae305e92f737526f1238865a62c7402498e
219471_200w.jpg,200,278,portrait,none,17333,RGB,9b1bcd52eea138872e9355d4677a2cb9b9c52222
219473_200w.jpg,200,278,portrait,none,22358,RGB,5ae6afd0fb959b7fa83961616e4988e86e873867
219474_200w.jpg,200,278,portrait,none,20274,RGB,5ab1698baaafd1a2502f917133154c59cfe06b40
219476_200w.jpg,200,278,portrait,none,22292,RGB,aed832ba4e4d7f05ff8ab49daa492f69f797241c
219477_200w.jpg,200,278,portrait,none,24679,RGB,06de12bb4572aade27a7eec3065767bd900cf756
219479_200w.jpg,200,278,portrait,none,17172,RGB,baaed95b96981f4d7c31e3da10682fe2d8cdbf6d
219481_200w.jpg,200,278,portrait,none,23346,RGB,fd2be5b29b7c0d5af21f5577f35d83a552ba30cb
219482_200w.jpg,200,278,portrait,none,24506,RGB,7c304c5172544414d1070bfadb63b027f78ba452
219484_200w.jpg,200,278,portrait,none,21108,RGB,47273d94e11e432ea1f83993c35648fb567f505a
219485_200w.jpg,200,278,portrait,none,21299,RGB,b24828fde7757e44c240df3f28f67fcbb1e31db5
219487_200w.jpg,200,278,portrait,none,22734,RGB,b778ac58749d335d7f1fe63aef03059e4212ebab
219488_200w.jpg,200,278,portrait,none,27360,RGB,f40b2865a3a468af2d112eee059fff565a15d2ac
219491_200w.jpg,200,278,portrait,none,21329,RGB,40d0ffb110af4632be2d61960d1c0e26d861f126
219493_200w.jpg,200,278,portrait,none,22603,RGB,fb805706dbf4371656384e92d510bf6959fa5590
219495_200w.jpg,200,278,portrait,none,22946,RGB,c89fbbf70e2c954ffce880d46de02d5eeb70da68
220079_200w.jpg,200,280,portrait,none,17125,RGB,3e18138084fe14ab48452fae01205ae93b717b50
220080_200w.jpg,200,280,portrait,none,16964,RGB,93f8dd227cef42f0ad428e69e41febafd557467d
220081_200w.jpg,200,280,portrait,none,17048,RGB,77bb3e6e52d0e9f9ef09f3e83a84ca41d62b8f0f
220082_200w.jpg,200,280,portrait,none,16817,RGB,40807b8c3759ce84161a6196332ef141ba40312d
220092_200w.jpg,200,278,portrait,none,13829,RGB,7bea4cbc82f40d63dbe869efd1bc5e4f6f9da172
220093_200w.jpg,200,279,portrait,none,26533,RGB,d494be443883895e38ecfbd3d992a218b7e0d95d
220095_200w.jpg,200,279,portrait,none,23343,RGB,7c3fad2f203656ca465253a4a043e773d68c8292
220096_200w.jpg,200,278,portrait,none,22946,RGB,c89fbbf70e2c954ffce880d46de02d5eeb70da68
220097_200w.jpg,200,278,portrait,none,25861,RGB,14bdc1002dc167618e79d9c7a74f2cbe50f15f1a
220115_200w.jpg,200,280,portrait,none,23445,RGB,e24b3284ec1503346684701a31fcf4be48a9de97
220116_200w.jpg,200,280,portrait,none,21430,RGB,4ec06539e208f87ee7e6af66aeb2225746362d0a
220117_200w.jpg,200,281,portrait,none,23177,RGB,2a525f30e53b40cef7445c7cf61ad4f8dad066f3
220118_200w.jpg,200,282,portrait,none,23699,RGB,f99b16f53ec6991b3bb9d90b63cd905b55d29ba7
220119_200w.jpg,200,280,portrait,none,22165,RGB,2b7e549a1cb4a2908bf05e438bb9c0ba3f99b856
220120_200w.jpg,200,280,portrait,none,24591,RGB,434cba912520fd04305918c31c2667aa89e1f92a
220164_200w.jpg,200,280,portrait,none,23445,RGB,fa4fc7ea9f557f4ee894af320a4cf6a37cd566a5
220179_200w.jpg,200,279,portrait,none,24736,RGB,23515865d59e41b988552503972f169de427a739
220180_200w.jpg,200,280,portrait,none,20256,RGB,c796a08c3b678528f8f7b6107a49a74de1783c8e
220183_200w.jpg,200,280,portrait,none,25682,RGB,2b9811219208fbfa83df5c22e71add260817af45
220184_200w.jpg,200,280,portrait,none,22611,RGB,926ae804b9c191cf10f1144056c0eb49dfeaf337
220258_200w.jpg,200,279,portrait,none,13007,RGB,229ceb5a630288f84b7e4f5be8befc486bd8314b
220259_200w.jpg,200,271,portrait,none,13807,RGB,d43ceba3a5fe9970dbddf4c99f54dca2cb3508ef
220260_200w.jpg,200,288,portrait,none,15613,RGB,32aee5313b27e631586b0223fc46f7b80f95e55c
220268_200w.jpg,200,280,portrait,none,21411,RGB,931d6ccec7393596bfa58a7d028c7f6e2e101f5e
220269_200w.jpg,200,281,portrait,none,19642,RGB,67ab4d9c1e5d5a01c730acb5ffa6a754b9511eab
220270_200w.jpg,200,280,portrait,none,22752,RGB,ac9a90e68c860a9b6aa58c5d996102e6019cf140
220271_200w.jpg,200,281,portrait,none,20479,RGB,98d92fbf7e0ada162280970ce04cc69616c8bd72
220273_200w.jpg,200,279,portrait,none,28474,RGB,dea73674c21345f26a8642af7cd009b70af877df
220274_200w.jpg,200,279,portrait,none,29097,RGB,7c64d076502f0f7193838da19dbfac070a5fa20c
220279_200w.jpg,200,279,portrait,none,34605,RGB,d44c9f8346ce112eb9d6926471e663c244c5ebaa
220281_200w.jpg,200,279,portrait,none,32824,RGB,e40a5b1fee7525a21f02f3612e74599a37e1b653
220282_200w.jpg,200,279,portrait,none,32616,RGB,bc33af2ce74b9be19b4fde4167ed96301afff643
220313_200w.jpg,200,279,portrait,none,23862,RGB,2022db4f1aff720b288701d929b39f87b3469ea6
220314_200w.jpg,200,279,portrait,none,24329,RGB,b63f4e2c16fecd1f4a89afc80d8d16d4164717ea
220315_200w.jpg,200,279,portrait,none,24562,RGB,5c35f5f5159834e0e23d784cb4de7602a6822d79
220316_200w.jpg,200,279,portrait,none,27602,RGB,1ad178f1383268cb9f703a4283db0d72737c6107
220317_200w.jpg,200,279,portrait,none,26074,RGB,46f70daab23e75c84f5446aae453bce07995ddee
220369_200w.jpg,200,281,portrait,none,27920,RGB,97c9762b6efac06fa0e2f3c579cac50bd8daaee7
220665_200w.jpg,200,280,portrait,none,21849,RGB,e332b329db6397da114375b5546f65ea4f3e75f1
220666_200w.jpg,200,280,portrait,none,22422,RGB,656967e2ebce5e0e2e50ef88e574d2357815917f
220667_200w.jpg,200,282,portrait,none,29095,RGB,91cb3c63e05e48e695f98884d9e93b1d1cdefccf
220668_200w.jpg,200,282,portrait,none,29219,RGB,cf0cf7eb8a480be72024b5f1899bed7e83c27525
220672_200w.jpg,200,279,portrait,none,22789,RGB,6b6f5aa6fcd7c2189764c5763258829037fc6abb
220673_200w.jpg,200,279,portrait,none,21514,RGB,dc992a561650feaffdf2fed2527e0a1ca794f348
220743_200w.jpg,200,279,portrait,none,18974,RGB,6c97354f0ef19fd2c39d532968353c8d5d84e2eb
220753_200w.jpg,200,279,portrait,none,28565,RGB,f2192909e402ce70f5b7dd7551ce09153fc4e598
220754_200w.jpg,200,279,portrait,none,29151,RGB,214c7bf62aaa9e584a4b110b8481319cb74adf2f
220755_200w.jpg,200,279,portrait,none,28026,RGB,f3731e61c5f54c8a641a413de06cbfd56617ae04
220757_200w.jpg,200,281,portrait,none,24091,RGB,5f8a04e69efef0e973a77814e5ffa2aff7499d1a
220758_200w.jpg,200,280,portrait,none,23206,RGB,a2806ebd4b3bae74c2be23719050771667f5fe7f
220759_200w.jpg,200,270,portrait,none,21763,RGB,0842419c50b0bbf0dd81b8644412d8840c91dfaa
221172_200w.jpg,200,277,portrait,none,19899,RGB,60a75f72807a7022e8a4b90a0291c69c3d352906
221173_200w.jpg,200,282,portrait,none,20282,RGB,3766f02ae82cbef17ae0ab0e43134cb344b673a9
221174_200w.jpg,200,281,portrait,none,21030,RGB,652812bd82567f7b834c5c282d76b7284ecf9cb3
221175_200w.jpg,200,277,portrait,none,20062,RGB,0ee93844240b35337a85819eccca005cbc18a7e0
221176_200w.jpg,200,282,portrait,none,18095,RGB,c417e8a8a4ee686ae4fa11beecb0b866f75bfbac
221177_200w.jpg,200,279,portrait,none,24977,RGB,b260b6a7f9f5455378412595bac375b7add26629
221178_200w.jpg,200,274,portrait,none,20380,RGB,3febb769336e0228a74608cb67525f38b53eca67
221179_200w.jpg,200,276,portrait,none,21269,RGB,dc2288d0f378a4f429e2a3a0e403f845f452a32e
221297_200w.jpg,200,275,portrait,none,27900,RGB,664ea6eeb0ad319e77f5861c8dc1a1eb8a6b47fd
221298_200w.jpg,200,280,portrait,none,24996,RGB,9865088f1c5eac7d45b46e663a265a2b455b2a2b
221299_200w.jpg,200,284,portrait,none,20549,RGB,2f9dd540d071be48eecd74ddd5ffe4694ba61fcc
221300_200w.jpg,200,282,portrait,none,21946,RGB,bbb4f2af2b58e2f8737ba909846d44c32b6df265
221301_200w.jpg,200,278,portrait,none,22980,RGB,c7c89874910d29ddbe584932fe7434a2cb91a0de
221753_200w.jpg,200,278,portrait,none,23899,RGB,5aa99c43c396555fd9b02960d8566d5423328bda
221754_200w.jpg,200,278,portrait,none,24260,RGB,a3efcf3c99e6af2dd5834943d45dcb35b3836c40
221760_200w.jpg,200,280,portrait,none,15784,RGB,6b80aa7ce1e640bc6a630b6c8ca831b4e5f1f58b
222071_200w.jpg,200,280,portrait,none,21651,RGB,ef8e164515d4a5e55bf4da12e2b0d7419b4a67fa
222072_200w.jpg,200,280,portrait,none,21956,RGB,ccf67e44d090b08fcf358903d12c3c345aff3f1f
222073_200w.jpg,200,281,portrait,none,22986,RGB,1a8e981013e4301d1c5404cd1b1f4461d4964b8c
222074_200w.jpg,200,280,portrait,none,23998,RGB,d5dd0e0b192f98520102bd6e5c7647a23df725b3
222223_200w.jpg,200,279,portrait,none,22926,RGB,deda4750aa09bfad63bdbd8530949d533dc014ed
222327_200w.jpg,200,279,portrait,none,28803,RGB,27b5fb4991d7cc5511c3bb4f2b6ea26b658ab004
222328_200w.jpg,200,279,portrait,none,28025,RGB,3cf43ea7822e5fa52a6da0d48d187b10f25c3e27
222329_200w.jpg,200,279,portrait,none,26998,RGB,f3153639e3e9ef307eb4037f83c195333c408e50
222330_200w.jpg,200,279,portrait,none,29462,RGB,8fe1b38379c19731bbced4e66aea881bcbfa3cf3
222990_200w.jpg,200,279,portrait,none,27373,RGB,d6d9497ef1447f66ba571c177c69ab5cb7d1ea78
222995_200w.jpg,200,279,portrait,none,20496,RGB,dd71ab35588cf422d79f44ea1b4be80ff26b9da4
222997_200w.jpg,200,279,portrait,none,19558,RGB,fcc49af9dda883670a98faf6bdb0577e49c5c4d2
222998_200w.jpg,200,279,portrait,none,21411,RGB,c00454b609b8ab694d290c20ddd7f44edf28b9ab
223001_200w.jpg,200,279,portrait,none,25722,RGB,213d3abbcabc3fc0c19d9941d1053bbdd8c851ad
223002_200w.jpg,200,279,portrait,none,22030,RGB,60c4bc64db946dad482cc5670c8add8dfe0d2f20
223003_200w.jpg,200,279,portrait,none,22328,RGB,4868c88f7a90278db1b38474ddaab1d36ec88364
223004_200w.jpg,200,279,portrait,none,22402,RGB,f50429c1081cfc65147ed8de339da283ac11f08a
223005_200w.jpg,200,279,portrait,none,24784,RGB,12cdddffabe29e6e5b069c8fdf9fb0eb8b7363fc
223006_200w.jpg,200,279,portrait,none,24518,RGB,e91ae3a848a1b88a54aab3960926f5d9bb4bdc49
223007_200w.jpg,200,279,portrait,none,23888,RGB,7786d507945f98845db646a8a50b437848547dca
223008_200w.jpg,200,279,portrait,none,26074,RGB,13e53b80a1808fd903f1df95282ecc0829f0909b
223010_200w.jpg,200,279,portrait,none,30969,RGB,6f5a8041c23444f8d54daca4f8652e8902e99206
223011_200w.jpg,200,279,portrait,none,21468,RGB,de284d8e2b5d45e2bfacdcddbf10bce8630174eb
223012_200w.jpg,200,279,portrait,none,21503,RGB,2082f59f53c7a8ffb28a1299f15677ee60eaf846
223014_200w.jpg,200,279,portrait,none,28159,RGB,244e0f013402c029b1760609b63d4e9a70e31c9c
223015_200w.jpg,200,279,portrait,none,24015,RGB,94ec41a19dd16cdf04396cbd5872752192a3c31a
223016_200w.jpg,200,279,portrait,none,32183,RGB,e763ea5192c405fa7f7fb2d3c28d5e70c6b58f94
223018_200w.jpg,200,279,portrait,none,23383,RGB,e95f7d861e8b0b213d87f21c24922971759db78c
223019_200w.jpg,200,279,portrait,none,25287,RGB,77ebd85700516470ed44a5959aa83e3eacadedde
223020_200w.jpg,200,279,portrait,none,22897,RGB,51422fc5725f423b56a3783deb23a3ddc9408bb0
223021_200w.jpg,200,279,portrait,none,22981,RGB,aca4aed696d1cfff2196102a39bbafa403eabb80
223022_200w.jpg,200,279,portrait,none,24120,RGB,6234f4d62aed42fa78edd211d4505234e75ee099
223023_200w.jpg,200,279,portrait,none,20451,RGB,9beeb96adb54f7a4e19e7eb1bbef05e687d3f42a
223024_200w.jpg,200,279,portrait,none,28062,RGB,d715e7f70b745a67a5320859a6b36d66f171dad8
223025_200w.jpg,200,279,portrait,none,20821,RGB,6936923038db5d55e56815ba5115890efba05b8c
223026_200w.jpg,200,279,portrait,none,24756,RGB,1841672cb22801e9a831115ba68a94c9de9909bd
223027_200w.jpg,200,279,portrait,none,23585,RGB,2206cbcaf8cd15efec5386addc3f492f13c4a870
223036_200w.jpg,200,279,portrait,none,23805,RGB,6e8dbb81502ee1597a30f8ccc2ca996d840d82fc
223037_200w.jpg,200,279,portrait,none,27312,RGB,57d667f1fa4a42933f5c32754f7d01a65110a542
223038_200w.jpg,200,279,portrait,none,22703,RGB,a4b2791b8367a888ae07227603c49b88e71b0781
223039_200w.jpg,200,279,portrait,none,23956,RGB,87d93eaa4a0905e4b90158854b99ff3743f09e85
223040_200w.jpg,200,279,portrait,none,23744,RGB,a9d73eab6102a72cc42cfc184d758ca33b85fe19
223041_200w.jpg,200,279,portrait,none,22257,RGB,56bad272ab28e438b207559559468ced7393edb6
223042_200w.jpg,200,279,portrait,none,25876,RGB,517d3f63c765e86e98638f9b9d30cffbe0b91a40
223043_200w.jpg,200,279,portrait,none,23675,RGB,bf1c8a1982e73798e747950a2cc1aca07af33ff7
223044_200w.jpg,200,279,portrait,none,22565,RGB,ee5557500308d3f264dec6781c4d8092658accbb
223045_200w.jpg,200,279,portrait,none,24473,RGB,c6edfa254f8f33769efb12510bfa756baa7d7f34
223046_200w.jpg,200,279,portrait,none,23734,RGB,cf6b154266a652d716fd50658b446957b6e1361a
223047_200w.jpg,200,279,portrait,none,26556,RGB,93a623e85313549c1c99c6ef6451a8cae0424bb5
223048_200w.jpg,200,279,portrait,none,19391,RGB,53faf499718dfbd60125966fff51c49d5580d0dd
223049_200w.jpg,200,279,portrait,none,21669,RGB,fac1800971fa027e11095127e4063ef7b6ec5b3a
223050_200w.jpg,200,279,portrait,none,18496,RGB,c4e0e6e2563800de28baf95b47f685587ae9b2f7
223051_200w.jpg,200,279,portrait,none,17511,RGB,974b8ce8986a23af3c642ff9381e21b59fa64698
223052_200w.jpg,200,279,portrait,none,18625,RGB,6f7e36c45df642408420e514050054ae20ac5c1f
223053_200w.jpg,200,279,portrait,none,19619,RGB,3521c48ba281b1ac02be650971b39d2e9b210b2a
223054_200w.jpg,200,279,portrait,none,18114,RGB,4af253149eb04d79dc46129ff1f5d4b72425da63
223055_200w.jpg,200,279,portrait,none,20616,RGB,7de6bdf6708bcc98f096fb425c1e14ba99591a27
223056_200w.jpg,200,279,portrait,none,20327,RGB,cc121b636b07d9903a6db5b9c279645dcc438bc8
223057_200w.jpg,200,279,portrait,none,20168,RGB,6d443e550c463713ee82f70b4e7593fb8ab31cba
223058_200w.jpg,200,279,portrait,none,20636,RGB,a79334e25389ca99f2a419e864e2c419cbb6472b
223059_200w.jpg,200,279,portrait,none,18557,RGB,de8f3dc79f9689a28765ea184bec70a7f16ee643
223060_200w.jpg,200,279,portrait,none,20309,RGB,373a04fc39a3b36cfbab9167677066dd696d300d
223062_200w.jpg,200,279,portrait,none,21521,RGB,a2a35fbecab1d178f1fa11da0cf93a1b7800e2d3
223063_200w.jpg,200,279,portrait,none,19710,RGB,77a19b4d633aa3ffe4501a66b81c7002763f6b67
223064_200w.jpg,200,279,portrait,none,18521,RGB,2845c9ca00589fd1dd95ad0e475707391e65bd20
223066_200w.jpg,200,279,portrait,none,17766,RGB,ba03b1a39b2b84c24802462eae4cf7a9bbacdf32
223067_200w.jpg,200,279,portrait,none,21391,RGB,a141819e688aa31e121db3931865347a63de05ca
223068_200w.jpg,200,279,portrait,none,28201,RGB,ffc98c97b707e5e403cff9ce76c49309566d9911
223069_200w.jpg,200,279,portrait,none,25922,RGB,4578605fe9ae3f13aca1145f474d52e4540d14d6
223070_200w.jpg,200,279,portrait,none,28839,RGB,6670141d8ba35d7883cd28abcf85192685ed316b
223071_200w.jpg,200,279,portrait,none,28369,RGB,4f2f86b86cab0d932d27921215bf06c15951f511
223072_200w.jpg,200,279,portrait,none,24276,RGB,c7f701017a152c0a21248725047b8a2e34072c61
223073_200w.jpg,200,279,portrait,none,26904,RGB,801809846f0a4d9a3ff90e40e0f248d6b163eeb5
223074_200w.jpg,200,279,portrait,none,26698,RGB,e970dad6f05cc02f521a40faf4e4dea324a83004
223075_200w.jpg,200,279,portrait,none,22033,RGB,3a546ecaee5f29f9f44620ff79afb8dcb50c5e19
223076_200w.jpg,200,279,portrait,none,20372,RGB,9b996febe674ac5c6c50ba0a4f2a3ef9e61e68c0
223077_200w.jpg,200,279,portrait,none,23214,RGB,e9fb76b72e3c254b136decd61a8616c08b127f88
223078_200w.jpg,200,279,portrait,none,25575,RGB,9259d93a334c083b0f68472c65fc4f93b6593a27
223079_200w.jpg,200,279,portrait,none,22751,RGB,86076350a646484484d4ec233dee4c52dc684b97
223749_200w.jpg,200,279,portrait,none,25369,RGB,b4b4aef8cc0cff71105e6c1a23e5e9f7a04a43b0
223750_200w.jpg,200,279,portrait,none,25703,RGB,ae09cdf2f5b665cc8f7095ac3400b6b93ba67a52
223752_200w.jpg,200,279,portrait,none,24875,RGB,80131c79926849643ba673e3aa7c696bb777a32a
223753_200w.jpg,200,279,portrait,none,26383,RGB,9923f1d3d2b725fffa750e4c7fb5ef847e19984f
223754_200w.jpg,200,279,portrait,none,25186,RGB,deb515d54318811664c0f4f36b3e3a0fb7288e9a
223755_200w.jpg,200,279,portrait,none,24441,RGB,974bc3dc172bf7084767aedf9c26e8c48e8274c8
223756_200w.jpg,200,279,portrait,none,25336,RGB,ca45f5c6728866db25785f6394f650d8a602106d
223757_200w.jpg,200,279,portrait,none,25982,RGB,9a815929f5c3e72f1ef2cf2fb0f19028b1de3f65
223758_200w.jpg,200,279,portrait,none,27947,RGB,92c02611fec318bbfbd063bc764435b81824712a
223760_200w.jpg,200,280,portrait,none,23630,RGB,893ab6523bb62fbfc168a6525243fa204e22cec8
223761_200w.jpg,200,279,portrait,none,23134,RGB,f6d88265287859d8584388390d713f2385707689
223939_200w.jpg,200,279,portrait,none,20987,RGB,e2a8d10698958054196fc88fb86d0896e404758e
224354_200w.jpg,200,279,portrait,none,28202,RGB,d4c0bfa8d5f174852ff62bb7b00f0301d261c660
224355_200w.jpg,200,284,portrait,none,22402,RGB,7e7a4c04dce9f91e87024d8893ab78391bfcc7a9
224361_200w.jpg,200,278,portrait,none,23501,RGB,e16883ea03f8e2370f882f46e05898a1fa546980
224362_200w.jpg,200,278,portrait,none,23706,RGB,be85b4b69e9e9bab80cd5757f3c0ff53fa153797
224363_200w.jpg,200,278,portrait,none,21867,RGB,baa7287ecb434fc7ccdb13d30d77f70896d646f2
224364_200w.jpg,200,278,portrait,none,21768,RGB,4933e7ca82b21be9d693afa34586c360683df5f9
224365_200w.jpg,200,278,portrait,none,25093,RGB,b77a98ce707f4ed2d2a554131ceb29f700e9cf06
224366_200w.jpg,200,278,portrait,none,24529,RGB,f23002ce5e260371bf1cef4acfb552f9573b4648
224367_200w.jpg,200,278,portrait,none,24005,RGB,f90b0f23d9ab60dd1cd293bea9f582d09574feb7
224368_200w.jpg,200,278,portrait,none,23967,RGB,3ef7802fcd7213ad4be0f7254c504be1fff5a102
224673_200w.jpg,200,280,portrait,none,18669,RGB,a0c5b1435ad284f019581fa3b5e0958a4a30f0c4
224679_200w.jpg,200,279,portrait,none,20233,RGB,8d51dbbfd63d12b9f16708c2b99ee07325d646f3
224857_200w.jpg,200,280,portrait,none,24366,RGB,2d9d3b1adae6a82323ac50d41c7283758a6f6abf
224858_200w.jpg,200,278,portrait,none,24640,RGB,9cdbb5ea91724d89030377896a595f9f54048649
226129_200w.jpg,200,279,portrait,none,32125,RGB,79e79cd25807324ac014cfda48322b39fee8e808
226132_200w.jpg,200,279,portrait,none,25818,RGB,d2fd8feb1ccda8f5b31d3221162fa1f92c0249dc
226264_200w.jpg,200,279,portrait,none,25460,RGB,f55b98fb763ee8d5aac12fcc14d98a9b9ff0ce5a
226360_200w.jpg,200,278,portrait,none,20525,RGB,e3c4296accff6228be3aff84106a0337dacfb565
226361_200w.jpg,200,278,portrait,none,22133,RGB,6b17b3a18c64da288ad28df6481ce23e492259dd
226362_200w.jpg,200,278,portrait,none,23263,RGB,892c6ba0a7ab99741cfcb0a0651e2cee9ac4901d
226364_200w.jpg,200,278,portrait,none,18282,RGB,3528954792676cc2cbaf126a693e4cedd133cc62
226365_200w.jpg,200,278,portrait,none,22783,RGB,5d7eb1580196cf15d25d7871eea71d58a4879979
226366_200w.jpg,200,278,portrait,none,21700,RGB,273292a1195f1ee8f3d876c270bd1f907b20053e
226368_200w.jpg,200,278,portrait,none,22023,RGB,0c9698853161a151e1975ec6f30936eceae8347b
226370_200w.jpg,200,278,portrait,none,22980,RGB,27733877d8c284160ddf4d62c4aa720cb76bdd67
226371_200w.jpg,200,278,portrait,none,26279,RGB,2365dfa02abbd411ad83a05fc15a9d881b3878be
226372_200w.jpg,200,278,portrait,none,19306,RGB,877db508b3b5737399da086b7fee4083428238cf
226373_200w.jpg,200,278,portrait,none,22475,RGB,08daca4955ecb77d79f95c11e2ce44a33a4e0514
226374_200w.jpg,200,278,portrait,none,25586,RGB,fe5395c2ee324b62931036fa45f6cd113adc3728
226376_200w.jpg,200,278,portrait,none,18560,RGB,e74dfe170fc335da1445f6ea7db801ab458d42d1
226378_200w.jpg,200,278,portrait,none,25661,RGB,57366ccaa3bb94fab1b28d863d321927edcf33dc
226379_200w.jpg,200,278,portrait,none,22844,RGB,d96a3b5ab03c82598dbb20b6154136946be11098
226380_200w.jpg,200,278,portrait,none,22178,RGB,6bc9d967960d30475c1d13d7a1cde46c0e5d938a
226381_200w.jpg,200,278,portrait,none,21304,RGB,0e357a5478180dfa8c21793929154d2bdaeba226
226382_200w.jpg,200,278,portrait,none,21060,RGB,d8e953c4ab1852e336c52291143c1d17063ff3e0
226383_200w.jpg,200,278,portrait,none,22779,RGB,6a0e37d1219ecc15a470c642a70d051d78866a2e
226384_200w.jpg,200,278,portrait,none,27884,RGB,0f9ca43d70d43efa8738325c36fb33b28dee47d6
226385_200w.jpg,200,278,portrait,none,28060,RGB,1d9fc4fcf7a14479006b7dbdb0a325fe4d72b5ba
226386_200w.jpg,200,278,portrait,none,30956,RGB,6c0380f2bc98968fdd7ea093c24e618c4b456a6c
226387_200w.jpg,200,278,portrait,none,27772,RGB,7b3459072924d62ef4e36e2b3e31dd6c83b8277e
226388_200w.jpg,200,278,portrait,none,28226,RGB,c45cf612365402d45ef7297cbf55382fb1396437
226389_200w.jpg,200,278,portrait,none,31172,RGB,b2c470d43b389d2c847fb7337876af0a3ef82067
226392_200w.jpg,200,278,portrait,none,21389,RGB,37bf11373f9402ff87f5f311774d221fb1ecaeeb
226394_200w.jpg,200,278,portrait,none,22395,RGB,589f8bba73cc0cf62a576de96be61e857db7bd3e
226395_200w.jpg,200,278,portrait,none,25338,RGB,a9365acee91485efd76478ea7d9cdbd4c063b5f6
226396_200w.jpg,200,278,portrait,none,23038,RGB,bb2ffa550fef3ad21b603afe641911bff9b24da0
226398_200w.jpg,200,278,portrait,none,21314,RGB,6fb839670e277bf0724c2970dd54be5dd5395c55
226399_200w.jpg,200,278,portrait,none,22724,RGB,f24ae4e20093ac8da84c169f810e99415c3699a6
226401_200w.jpg,200,278,portrait,none,28543,RGB,23249cd25d924fbbfcf412626bae7319f70c635a
226403_200w.jpg,200,278,portrait,none,31725,RGB,e6187f11e2415174673ecec6d293b17a8830fba4
226405_200w.jpg,200,278,portrait,none,25528,RGB,ce1d55bde4f39700797b2e530721e795d8d2b59d
226409_200w.jpg,200,278,portrait,none,24361,RGB,5a2b180845e895318a1644582a48088a381ac953
226411_200w.jpg,200,278,portrait,none,24181,RGB,c04c4c93c67aa33dba1cadf31dd0ed2d108955a1
226412_200w.jpg,200,278,portrait,none,24289,RGB,2df3bd93df481c51b1d94b3d9a96ccec7d25a3ec
226413_200w.jpg,200,278,portrait,none,24062,RGB,de5fdaa8ce44a4401dbc210199ea01ca36ac916a
226415_200w.jpg,200,278,portrait,none,25498,RGB,aba0c8bf0d160f38931b3055f3adeda049de5a32
226416_200w.jpg,200,278,portrait,none,25492,RGB,e5db469c01def89bcd1516d259a31fab66bddac0
226418_200w.jpg,200,278,portrait,none,23451,RGB,46038a9b2d067c571cac399867bff279d1102581
226419_200w.jpg,200,278,portrait,none,25900,RGB,09bebd478b0a53cc112768bd1c7b60154a389f90
226420_200w.jpg,200,278,portrait,none,23415,RGB,10d7e2a6d5a9b72426c43cb4740a1ab5b364520d
226423_200w.jpg,200,278,portrait,none,23947,RGB,e0a9474752bb50210f6addfe1017828635503acd
226424_200w.jpg,200,278,portrait,none,23718,RGB,e497786d50a4b76a7dba18072261c6410f2ad96d
226425_200w.jpg,200,278,portrait,none,24454,RGB,590538b1ba0e2557b347aa63675c06b4006212db
226426_200w.jpg,200,278,portrait,none,21257,RGB,da73df2cb96b9125a7a0fa799a55b803759257d5
226427_200w.jpg,200,278,portrait,none,25882,RGB,cb8388e80d8758cfbe046e1af7ddc662deb5f994
226430_200w.jpg,200,278,portrait,none,26929,RGB,477f02340adb4612219681fe787bbdc362b6ea17
226431_200w.jpg,200,278,portrait,none,25195,RGB,eb16026268153eccf96f03b4d20ee2eabe465476
226432_200w.jpg,200,278,portrait,none,26048,RGB,cf71545bc3d8da962a2399d3d86348aeb2d52d5a
226434_200w.jpg,200,278,portrait,none,22801,RGB,dd0c89f831c841333105942f8c3d8c7e2fdc2a61
226435_200w.jpg,200,278,portrait,none,17881,RGB,9fd2998d9de4cda6b32f095e14f1c569124d4d6f
226437_200w.jpg,200,278,portrait,none,23600,RGB,f2ef679e97a7b2e582663d2f9e04b47434982847
226438_200w.jpg,200,278,portrait,none,24654,RGB,75aaf414f0638bf0a6ba14c25c3244b40dc9e7a9
226439_200w.jpg,200,278,portrait,none,25391,RGB,bb26679b266b2281659fc0bee499ce2b03e8e6e1
226441_200w.jpg,200,278,portrait,none,28031,RGB,863f74f94a30a59581d2101b45545d6a6b3a602e
226443_200w.jpg,200,278,portrait,none,27655,RGB,c8595e10bd8ab74781c71984d38af5752ef478b8
226445_200w.jpg,200,278,portrait,none,22967,RGB,40344dc2695c39a77368f408120408abf295439b
226447_200w.jpg,200,278,portrait,none,20436,RGB,a0763909495071c23e9f5119a2c222c4e83fe76a
226448_200w.jpg,200,278,portrait,none,23549,RGB,bfb068f7672792e1e54f037eb84e38e66b944fc6
226449_200w.jpg,200,278,portrait,none,19153,RGB,d7c303b534dbe4871122b77834c5311904a4b933
226451_200w.jpg,200,278,portrait,none,22074,RGB,84b21ed8d4a56dc83ae2bec8877c04b1aba019e5
226452_200w.jpg,200,278,portrait,none,18492,RGB,bb511ab82e75d17aeff6ecc1d536fc138e07ff61
226453_200w.jpg,200,278,portrait,none,28199,RGB,eb3e1148ba2170c3567e178a6cd6a845d8e70145
226455_200w.jpg,200,278,portrait,none,21505,RGB,59eabc9e88467666f31c5fbeacf2b20c9480f532
226456_200w.jpg,200,278,portrait,none,23057,RGB,1ecfc2ee282ba0fd5ff7dc62f830931e1ffa5909
226457_200w.jpg,200,278,portrait,none,28389,RGB,808a02ebef6ce4f0d7952eef2068e9ab5c5a59c0
226458_200w.jpg,200,278,portrait,none,23842,RGB,7dfd3435b0f7770a86a4e6deb3bb6fa295b4e874
226459_200w.jpg,200,278,portrait,none,23021,RGB,927688a5701a47de427460fbf857fe8436884a5d
226460_200w.jpg,200,278,portrait,none,21929,RGB,5ac651e3861492b86da591efea646f69d33f0a57
226468_200w.jpg,200,278,portrait,none,21706,RGB,e52c5027b799b32f4039b4eacf6adba7705e4348
226469_200w.jpg,200,278,portrait,none,22509,RGB,aaa7294f8579fefc6fa0ac53477b6a96478ddf13
226470_200w.jpg,200,278,portrait,none,24386,RGB,a70b44f5b180859018b107d4475ec95b1582aa0b
226471_200w.jpg,200,278,portrait,none,18711,RGB,552db4c09f2f972de7172099d70c1c2e21017987
226472_200w.jpg,200,278,portrait,none,22307,RGB,cc00038e8aa8479ff643ba3781630c8fd207c6dd
226473_200w.jpg,200,278,portrait,none,21205,RGB,60103d5333af32381cbdde406197415aab92ce7a
226476_200w.jpg,200,278,portrait,none,20312,RGB,07e1cdbcd4d84ea29907a36f6f2ac6ef46113155
226478_200w.jpg,200,278,portrait,none,23354,RGB,5c98a21ce4d56ef06235dbeafbadc27ce044d49e
226480_200w.jpg,200,278,portrait,none,20268,RGB,89437cd02e4d536bf3e7a574e5360b666ba94b9e
226481_200w.jpg,200,278,portrait,none,21138,RGB,70025781c8cbdc42d10c3ecfd6834b47e99e36cc
226482_200w.jpg,200,278,portrait,none,21815,RGB,1a5b7d6fa45350dd34943f2558058a7b52f90476
226483_200w.jpg,200,278,portrait,none,20828,RGB,d21a269d0775627aa7add277976f030c04b00fa1
226484_200w.jpg,200,278,portrait,none,22575,RGB,e1c119409d02b4f0a5b1a1954edb9a4cb54b6fbe
226485_200w.jpg,200,278,portrait,none,18711,RGB,ebe2a835cb65f99957b82e93a4921865b67eb6d6
226486_200w.jpg,200,278,portrait,none,22496,RGB,6076fd2ddb8292ab60cb9d00936b0cadde888acc
226487_200w.jpg,200,278,portrait,none,23115,RGB,d04c6f48d054faeb06b4467d77f8f0e8f020ae00
226488_200w.jpg,200,278,portrait,none,19860,RGB,dd32350197b51712a507bd65b09cd0c5effa9abc
226489_200w.jpg,200,278,portrait,none,22480,RGB,e0cb9da71fc15f2e7c5ecbd638b42d72c957c15e
226490_200w.jpg,200,278,portrait,none,24879,RGB,dfab3b2dbeb8191037846620a3c4e301bf36b013
226491_200w.jpg,200,278,portrait,none,21533,RGB,512f1b386f716e8c222a2f9990fb27c4fb1e3c70
226492_200w.jpg,200,278,portrait,none,22229,RGB,275b3d27d7da5769eb35e2dfc584ecdb9d83ac06
226493_200w.jpg,200,278,portrait,none,19724,RGB,a7f74b6624fb19e79b8c2970534bfb0c40889a14
226494_200w.jpg,200,278,portrait,none,23455,RGB,80625608b0368f950bf507ffc32453f7620b06c1
226495_200w.jpg,200,278,portrait,none,20336,RGB,af98d5e9677d3af3c2951ae718a8e085a10ad08c
226496_200w.jpg,200,278,portrait,none,19705,RGB,1261476ed1f3a62d765c685a05ea6fe9e3742174
226497_200w.jpg,200,278,portrait,none,23929,RGB,3d1e74c71e31c7dc507e537e1fd34ebf79c4eb56
226498_200w.jpg,200,278,portrait,none,21091,RGB,50a6a8fe96975e09364c119ab1289ed064d51b96
226499_200w.jpg,200,278,portrait,none,19078,RGB,db5c94b3c14ca000059fa491c6ac30048f470163
226500_200w.jpg,200,278,portrait,none,21901,RGB,60ab6229734f4eb9d2787ddb228dfc819425d3d0
226501_200w.jpg,200,278,portrait,none,17643,RGB,07c853b04b0437180f421490a4c043224cbb18eb
226502_200w.jpg,200,278,portrait,none,19157,RGB,8fba946f2507049ef022ac9f0c62d069bdc527f8
226503_200w.jpg,200,278,portrait,none,19665,RGB,b22a48b6233f80bc6bb31d5d2728caad89054d01
226504_200w.jpg,200,278,portrait,none,18696,RGB,38619cdfb6a2339537b949a403ad2a7aef5e4cdc
226505_200w.jpg,200,278,portrait,none,22646,RGB,9ff11e4a6ec8256c511449787942fe202d844276
226506_200w.jpg,200,278,portrait,none,26784,RGB,e298cd90b171fd01847805adcc2068a2f5d0cb98
226507_200w.jpg,200,278,portrait,none,21373,RGB,c057ff6d990a510cd22b7c65835e664857641be7
226508_200w.jpg,200,278,portrait,none,21882,RGB,068bd617ac760b7e020c91c37ae11f9355e21b02
226509_200w.jpg,200,278,portrait,none,23905,RGB,8bbaf5552067fe4f7f017815a839a66bd4cdb719
226510_200w.jpg,200,278,portrait,none,19715,RGB,b2234e25b1795358fd53bba3d5f4da9d87e96c5b
226513_200w.jpg,200,278,portrait,none,23911,RGB,a4c0ea3dc7c8713a789d24ced786c20974663f23
226514_200w.jpg,200,278,portrait,none,19659,RGB,ef93266ac3dbf4721ddf5b5909d8724be25893a2
226515_200w.jpg,200,278,portrait,none,18424,RGB,1c572367812f598183e62f74338c206035c930d6
226516_200w.jpg,200,278,portrait,none,23327,RGB,1de6a908297be16ea2ec51469b3ebde778caf5e6
226517_200w.jpg,200,278,portrait,none,21107,RGB,5d0da13cd54949aec75b4df3cacedaa192683cfa
226518_200w.jpg,200,278,portrait,none,20845,RGB,bf7a09d45d20b1111a3cf0503d39d40dd8e19e5e
226519_200w.jpg,200,278,portrait,none,23815,RGB,f61df84b8199f3dda9815667314b6273a4ce0e03
226521_200w.jpg,200,278,portrait,none,24611,RGB,9c736194a539646ef62f7b37c89ea1d99804dda2
226522_200w.jpg,200,278,portrait,none,24747,RGB,a12f5c5bd4d0bb06b9fc56b005347d61d2d174ca
226524_200w.jpg,200,278,portrait,none,25629,RGB,87a0204be6ca44e533f56fe29d4dcba2525a4c56
226525_200w.jpg,200,278,portrait,none,21323,RGB,fb3f959af57b33406f2e5aafbe69b026799a63c2
226526_200w.jpg,200,278,portrait,none,22901,RGB,c66ce319da80d39a0c9b3e95ba05ecd6e09097d6
226527_200w.jpg,200,278,portrait,none,22057,RGB,3818e55e663b0957c55feed1a1de4d660b6b15a2
226528_200w.jpg,200,278,portrait,none,20009,RGB,733230e26570667dbc922dbc148f9a754a3e6102
226529_200w.jpg,200,278,portrait,none,22794,RGB,dfadc58e51756322dfb22bebc906bbb96bf9e611
226530_200w.jpg,200,278,portrait,none,20621,RGB,1e2cf83a70401158cb420f6fe31efee040046c5a
226531_200w.jpg,200,278,portrait,none,24208,RGB,09f174153e8d098dd8bf37a60ca1baacaec8c6e6
226532_200w.jpg,200,278,portrait,none,22931,RGB,b23160e3df11b679f9785d8d6b201e5072afb164
226533_200w.jpg,200,278,portrait,none,22479,RGB,557210427d60085bbd3ca4d88664ce89c8462b45
226534_200w.jpg,200,278,portrait,none,20430,RGB,f6aab0665ad0ee57508d64e49ac00a0ad1c01cce
226535_200w.jpg,200,278,portrait,none,21086,RGB,8a15187b4e4faf79c4fa0ff65d2f7687de1f070d
226536_200w.jpg,200,278,portrait,none,25084,RGB,cc4a5f7274cc338a652ce881fa69cbcefc71260c
226537_200w.jpg,200,278,portrait,none,23447,RGB,10db185fefc95df981da2b95039249a4424a5709
226538_200w.jpg,200,278,portrait,none,21373,RGB,2272f64bf47bde26ee48de7be5272324faf128d2
226539_200w.jpg,200,278,portrait,none,21571,RGB,afd8344d89b629232d381477b32d72bde7db662c
226540_200w.jpg,200,278,portrait,none,23622,RGB,2baf71005d23d5fae35e905945673cfad8f9b606
226541_200w.jpg,200,278,portrait,none,21726,RGB,bac0615580e260b92a7f28e82644d2626ebbce85
226542_200w.jpg,200,278,portrait,none,19682,RGB,c96d5aa6ad6be6d542fe2d1a7c2de88483b7f652
226543_200w.jpg,200,278,portrait,none,21646,RGB,d32e8e103cddd3eeef664565a7d6510b058c0607
226544_200w.jpg,200,278,portrait,none,21460,RGB,62cc8b1351414e452bd805edb3b4c1b683a702b9
226545_200w.jpg,200,278,portrait,none,24608,RGB,c08adc54bbeb8d69c2cc40d13630048e2f460485
226546_200w.jpg,200,278,portrait,none,23839,RGB,bc9a25a018a1ce16f321dad229459bef41a774bf
226548_200w.jpg,200,278,portrait,none,27859,RGB,b680f8e1b9e8cc4076fe2ddabb502aedcd3eb343
226549_200w.jpg,200,278,portrait,none,30595,RGB,8f1dae3d0fab2ed1f18d30695997bc03211f32e8
226550_200w.jpg,200,278,portrait,none,28375,RGB,5d5299589c0f0753be2f23138e557f598c207a3b
226551_200w.jpg,200,278,portrait,none,30175,RGB,1086ca87701d3bbaac3b04d86187334b3a26d3b7
226552_200w.jpg,200,278,portrait,none,22465,RGB,2bfa9ab938206e907ff33c2604843e7db67f3b6b
226553_200w.jpg,200,278,portrait,none,24302,RGB,14a0b669b9d04dcea05ec630373208f1d999a1ff
226554_200w.jpg,200,278,portrait,none,28048,RGB,2c796ee3505d31c630fb684dfc97c9700b4276d6
226555_200w.jpg,200,278,portrait,none,23142,RGB,ea63e7578ce643dea30ce609aa610bdba7bb0d62
226556_200w.jpg,200,278,portrait,none,24006,RGB,53ed2eaa67eef1d0cba2ec8d44324e6166be469d
226557_200w.jpg,200,278,portrait,none,24669,RGB,f965784aa255bb2ac4db12de944814b0092dfd29
226558_200w.jpg,200,278,portrait,none,26571,RGB,b14d29d1145e675770af8b4e9d2c08772cdb99fe
226559_200w.jpg,200,278,portrait,none,28516,RGB,a37cc0a37e3e2e6b5298b1318fadd50af18b0980
226560_200w.jpg,200,278,portrait,none,22456,RGB,71b25e811d74a780bff6e0f74f09f6d23a5a68d0
226561_200w.jpg,200,278,portrait,none,24094,RGB,ca27b24ddadf0ed9ef38c6207ba9e040f03fc7f2
226562_200w.jpg,200,278,portrait,none,25733,RGB,09bba3281556ad308ea6e258958f4aa890fd256b
226563_200w.jpg,200,278,portrait,none,24853,RGB,1423d1e7a6759f87b7a7ce5cd89b21abd8ef1bfe
226564_200w.jpg,200,278,portrait,none,25564,RGB,8ec4499a35e72d7250eae644e90788f9dc374df1
226565_200w.jpg,200,278,portrait,none,23200,RGB,6dbc135b76b6369af67975692c3fb1e7229d57c9
226566_200w.jpg,200,278,portrait,none,24922,RGB,527e207a8892f684823499fbce4e3601edf89061
226567_200w.jpg,200,278,portrait,none,22635,RGB,c57cf655adb03d67ad09161212e2098e425d426c
226568_200w.jpg,200,278,portrait,none,27154,RGB,28ea978d5397827a6ee6e62c265a1567f6f9d70d
226569_200w.jpg,200,278,portrait,none,29047,RGB,665376b0fc9ce62699813b38e5c1cd4c08a41ce3
226570_200w.jpg,200,278,portrait,none,22672,RGB,e7384c221cbab475b34725785911403d2f11bf56
226571_200w.jpg,200,278,portrait,none,22405,RGB,5518e1bfe34cf7489d44b6df1a756988af0db981
226572_200w.jpg,200,278,portrait,none,24720,RGB,09817d8da7fe985c28def83734cb9ae7bbc17ce2
226573_200w.jpg,200,278,portrait,none,28496,RGB,de91dace1eceaa35b005947d72b04822d94f99f1
226574_200w.jpg,200,278,portrait,none,25107,RGB,3d6080b0a3468434a263074a0621b2a48d955529
226575_200w.jpg,200,278,portrait,none,25880,RGB,62c40c23982005470703fb90afffa1c6ca73759b
226576_200w.jpg,200,278,portrait,none,24383,RGB,79648b553dcf1efa7a16b549f47b37a52288edfa
226577_200w.jpg,200,278,portrait,none,21313,RGB,36806bac17ab9e8d24f0704948f141c2b1727163
226578_200w.jpg,200,278,portrait,none,23136,RGB,2fcd26aead9bd0a88b61f5dd99c1c82a45a52d11
226579_200w.jpg,200,278,portrait,none,26037,RGB,3df2f6acb20f83f57ed17de3c0e28101ab38672d
226580_200w.jpg,200,278,portrait,none,25849,RGB,955b00bafcd599ff8f91dfe901e77bb491c8f644
226581_200w.jpg,200,278,portrait,none,26507,RGB,2c5ce35fe79fec0d100a020ede13ebeb8a549c8e
226583_200w.jpg,200,278,portrait,none,24972,RGB,035892181994a50f122185f17c7701d487ed41ce
226584_200w.jpg,200,278,portrait,none,25367,RGB,dcd6d67c13f9805a5dd13ab8d609934a20fc77e5
226585_200w.jpg,200,278,portrait,none,23574,RGB,510475981f0013df2cdede7dd0b6c342a03d8842
226586_200w.jpg,200,278,portrait,none,20024,RGB,74c2a4a521be83f249aa5f97f77486c22dae6a84
226587_200w.jpg,200,278,portrait,none,21627,RGB,a3058950b4d06e41ce66abe4dc4309f92023c2fb
226588_200w.jpg,200,278,portrait,none,22901,RGB,7073db7b64a866ac3bd45f46a7bff1e36361382b
226589_200w.jpg,200,278,portrait,none,19873,RGB,555ffd588f8524e4a0fa85e0e3ba0a33db1b5ccd
226590_200w.jpg,200,278,portrait,none,22176,RGB,bbaa7e608c31c237f17fcbbeac7bf3c49a9233be
226591_200w.jpg,200,278,portrait,none,21225,RGB,15a21aaff6bb7629034c4b998f0767c891445fe8
226592_200w.jpg,200,278,portrait,none,21808,RGB,2350200e923f563629baa27fd1e6f42d65858085
226593_200w.jpg,200,278,portrait,none,23782,RGB,4d0499330753ba7cb0d9c03d7ffb636869bf042c
226594_200w.jpg,200,278,portrait,none,27560,RGB,d4996173c7dfeb31187b280665b0c700a17eaeb7
226595_200w.jpg,200,278,portrait,none,23421,RGB,3bba29594d88b4ddcdb597877334dae99bbe17ba
226596_200w.jpg,200,278,portrait,none,22548,RGB,39cff18403c7535f28c6721102cb6aab70741dfc
226597_200w.jpg,200,278,portrait,none,20661,RGB,f9e346ccb0c9b2b48607549c9f0b514caf92a737
226598_200w.jpg,200,278,portrait,none,25107,RGB,25205ee3f2a139887e377862175b44f6a43ea1d2
226599_200w.jpg,200,278,portrait,none,20696,RGB,5e88662d4bb8329be33f5eeb37d13b3f8dd0edbb
226600_200w.jpg,200,278,portrait,none,23507,RGB,39da9bc102b3dc2a62943981d9119ee3889b0df5
226601_200w.jpg,200,278,portrait,none,21403,RGB,98123f6a70dd51912d3ee2d5b479bfb6b3836080
226602_200w.jpg,200,278,portrait,none,25541,RGB,c952a65dfee3a747fcd968154f3bcdde392fcea0
226603_200w.jpg,200,278,portrait,none,23004,RGB,000145599b4a51f1ebf1e0d6fafa408d09b848a6
226604_200w.jpg,200,278,portrait,none,30012,RGB,fd202ce88a6e8cc841dc74ee25ffa74fbfe4bcc7
226605_200w.jpg,200,278,portrait,none,28480,RGB,5c37df258c3e843483da4f77233815892d942a5a
226606_200w.jpg,200,278,portrait,none,27109,RGB,2a8156dd84351b152dd5313bf33a2853869f0216
226607_200w.jpg,200,278,portrait,none,28429,RGB,3a726ec0729078129eb1b2c65ee80c24714943b4
226672_200w.jpg,200,280,portrait,none,23904,RGB,ca36201f3347ab2369a6d89992b3d8c76b968988
226911_200w.jpg,200,279,portrait,none,26211,RGB,bf5ad23f56f87b2a0dfdddd3f78b52ca786d0318
226912_200w.jpg,200,282,portrait,none,26466,RGB,81c30f2a027b0dc98469992eb8a6d82e06731bf3
227025_200w.jpg,200,278,portrait,none,27709,RGB,30278ba852abeac721c95fafc6b7eb37e1f6386d
227026_200w.jpg,200,279,portrait,none,28020,RGB,942b227554daabf450da127c6273b432255106b5
227027_200w.jpg,200,278,portrait,none,24254,RGB,002c38f63cc463259c4a28b1a8da3feddfbae310
227028_200w.jpg,200,278,portrait,none,23126,RGB,980b7f35e073d100dd723bce822d1ca767e311ef
227029_200w.jpg,200,278,portrait,none,20964,RGB,a6f8d0c0d5d737a7fd0125466a76dd39e540e877
227030_200w.jpg,200,278,portrait,none,26360,RGB,b154c380feab3ff8c5abcc1f81b62e39793a84e6
227031_200w.jpg,200,278,portrait,none,22674,RGB,295dfa0fa48361447ca767fd9d629181074e0a99
227085_200w.jpg,200,280,portrait,none,21171,RGB,acb2dab6fdbf4dd031177d3d21ccc1521049e04b
227086_200w.jpg,200,280,portrait,none,22904,RGB,ee380cc05ec5b744a485e7302315fbdfd07ebdbc
227087_200w.jpg,200,279,portrait,none,21135,RGB,1caed5f347e4614d199d2aa3b9db8a691c256e30
227088_200w.jpg,200,279,portrait,none,22967,RGB,c33d39d1b003cb8166fdfc74809a39de48869cc1
227089_200w.jpg,200,280,portrait,none,24575,RGB,8a77c6a89bb4902e4a117574177a5f172725901a
227090_200w.jpg,200,281,portrait,none,22900,RGB,a4de376763e8b8820194347e2d03c994c5ef824c
227091_200w.jpg,200,279,portrait,none,23580,RGB,284fdbd622488be40cba132c0c05e9ec29c3b5d3
227092_200w.jpg,200,279,portrait,none,23666,RGB,617eaa709a40c23a88ccb7177c66eb78db32a085
227093_200w.jpg,200,284,portrait,none,23672,RGB,3ac6ae97f6fa3ae55115645b1fb68a0a458de7a3
227094_200w.jpg,200,272,portrait,none,26823,RGB,1075e3a171f942a5a652444ba415f2706e6a7fc9
227404_200w.jpg,200,280,portrait,none,25174,RGB,91c3bbcbf64e64a0195ac8b78b8a3e6893ee9ba9
227405_200w.jpg,200,280,portrait,none,24096,RGB,cf13967dead847e4900fd33bdac6bef46decf8d8
227413_200w.jpg,200,280,portrait,none,22694,RGB,b941d26f2dd816a903318ee786db6e7cf5646d27
227474_200w.jpg,200,279,portrait,none,22581,RGB,bced7c25598dc44900ee3d0bbb2ead1e23467e2b
227477_200w.jpg,200,279,portrait,none,24169,RGB,1245be87dc8ba3c90d977111da577e5fa0ff492a
227480_200w.jpg,200,278,portrait,none,21600,RGB,73515699865e431987610a23b8ab79be4594798c
227624_200w.jpg,200,279,portrait,none,27881,RGB,1dd56f5c4fa31c811c40e3aa8196a5fa34c75fd5
227646_200w.jpg,200,278,portrait,none,23747,RGB,fb5e1301474b63eccda26bd2dfeac48754362abd
227648_200w.jpg,200,278,portrait,none,25338,RGB,a9365acee91485efd76478ea7d9cdbd4c063b5f6
227649_200w.jpg,200,278,portrait,none,21882,RGB,068bd617ac760b7e020c91c37ae11f9355e21b02
227650_200w.jpg,200,278,portrait,none,23718,RGB,e497786d50a4b76a7dba18072261c6410f2ad96d
227707_200w.jpg,200,280,portrait,none,26465,RGB,e0c50be7db8fd40a067d9611fc394ab8ca506b63
227709_200w.jpg,200,282,portrait,none,26226,RGB,d7135c171264134831c547de72439bc01ca0aa8b
227710_200w.jpg,200,280,portrait,none,24047,RGB,fe3afef72ebad40828f1922ba2293ccea350cddf
227712_200w.jpg,200,278,portrait,none,25857,RGB,c0b1bb2d2f26057e7600288b3c94d7f52b2150fb
228152_200w.jpg,200,280,portrait,none,24986,RGB,675c4dc0d98ab00902f6a3149b4b732f9ec8cb64
228153_200w.jpg,200,269,portrait,none,20111,RGB,87b55c2557c07f19f7d688c946c753d2558260f7
228156_200w.jpg,200,279,portrait,none,25581,RGB,e5672fa42028af9dce7230db7722a2fbdef7de80
228157_200w.jpg,200,285,portrait,none,19419,RGB,35abdd8e7e9b19bc285c468dc2a557eb79a0618c
228158_200w.jpg,200,280,portrait,none,24375,RGB,b7720e88beb465cc84b6b97889bd3493e1f78b59
228258_200w.jpg,200,279,portrait,none,25176,RGB,ba6b47dd1b64cc103eaf368faf4198e82dd0aeeb
228259_200w.jpg,200,279,portrait,none,24117,RGB,f19096e57761b9fe6ecb77136d7f6fb165bee662
228310_200w.jpg,200,278,portrait,none,24855,RGB,95cfd5087154938d7ee8a82975a2d4e8e3f7e659
228481_200w.jpg,200,278,portrait,none,22468,RGB,1ad7fea49294be65731487392a7b29ae277a4ab6
228483_200w.jpg,200,279,portrait,none,24358,RGB,fd8a883dc0bad9a7109d51024e2fa4d7da963c04
228485_200w.jpg,200,279,portrait,none,24402,RGB,2caee6f943833fb1a33c300d6ef2be9df75efef5
228494_200w.jpg,200,280,portrait,none,25291,RGB,603a82c70f466c3c39b781617869af4999dbe9c1
228499_200w.jpg,200,280,portrait,none,21119,RGB,dcee0616ed12c36bddcf1e8a1c3c2257b0167cff
228500_200w.jpg,200,280,portrait,none,21205,RGB,3869324c031702e16364467f9fee60e2ea914629
228595_200w.jpg,200,279,portrait,none,34533,RGB,7cd99058898f405fe9b0e96dc687b1c664be47a8
228596_200w.jpg,200,279,portrait,none,35895,RGB,2298b6a2a8db9187f2eddc857cc5801ab8a05653
228597_200w.jpg,200,278,portrait,none,21956,RGB,92714df4429768b12c696b6622a10d03f1c672cc
228624_200w.jpg,200,279,portrait,none,23886,RGB,7b81ab061d92daa57d7f5aef8c64d848584a0cb0
228812_200w.jpg,200,279,portrait,none,23417,RGB,ff559612938b0594f19a9b28baefe127de478501
228815_200w.jpg,200,277,portrait,none,21968,RGB,18f34cfe762a8cc3435ea38913f33fc778a8405a
228853_200w.jpg,200,278,portrait,none,22518,RGB,016c6be372daa4bfa6a5d793aee6072cdc197f1c
228980_200w.jpg,200,278,portrait,none,25818,RGB,b3372a1da71793dd50378729c81ee7ea3ae7f30b
228981_200w.jpg,200,279,portrait,none,26449,RGB,28ea02a05d7dbc60eae52831630be34f0d955ca6
229419_200w.jpg,200,280,portrait,none,22166,RGB,eab1a33f1681d541b7be5259d9c3e51a2da84e14
229420_200w.jpg,200,282,portrait,none,28726,RGB,d4f6be504036fcd6ce9f389d6dd53c96e530b8f3
229421_200w.jpg,200,282,portrait,none,25616,RGB,ce3d3b8cffdb2e8707d191517b8741138a2b4c06
229422_200w.jpg,200,280,portrait,none,26165,RGB,0feb33c7f9fffd3dcd8edf8971f53d0ea38503a1
229436_200w.jpg,200,280,portrait,none,28147,RGB,610a5982380251e7dca7cd0b18ba1f47a1a0009a
229577_200w.jpg,200,280,portrait,none,20736,RGB,887445ef4fecf35d94df711e9ea7972ab70a3a34
229578_200w.jpg,200,280,portrait,none,23900,RGB,e7671e0aa89dbf7e5ba6e736305c9fd732ceff7d
229611_200w.jpg,200,280,portrait,none,22057,RGB,63e46b9384e34a93edd82488f3ad541083c826ce
230421_200w.jpg,200,281,portrait,none,20011,RGB,d71db19caa64f79ad1f3021e9aef683278f00d43
230422_200w.jpg,200,278,portrait,none,21162,RGB,a7624aa451c9d63b21a2d0ff453915ac583df69c
230926_200w.jpg,200,280,portrait,none,27134,RGB,a9303e1e66b7a6565ce473af23fab5e5bf86fa1f
230927_200w.jpg,200,283,portrait,none,24189,RGB,fb46d8cd73a5c4c7132fa191c630be843c42d90e
230928_200w.jpg,200,282,portrait,none,27368,RGB,b4b40af5a7c8780c73feee05aa46a71e4722c987
230930_200w.jpg,200,280,portrait,none,25252,RGB,69632a56219328a22c2d42c3140eb718c575ac8e
230941_200w.jpg,200,280,portrait,none,21174,RGB,1454d4f358664f7b342db3f7205d9d1b25ee89ee
230942_200w.jpg,200,279,portrait,none,21718,RGB,fce06f64ea450861194cd2bc8d315b1fb4160693
231307_200w.jpg,200,280,portrait,none,25128,RGB,b782b9580f94ed15e4ceeb83dfa441f83ebca215
231414_200w.jpg,200,272,portrait,none,18835,RGB,81dbaf7869defe5d82f92e893ac6be211cd482d6
231415_200w.jpg,200,272,portrait,none,18921,RGB,f52f380b064444efb3df1a534022d181358af1f5
231416_200w.jpg,200,282,portrait,none,23531,RGB,2d30ba707ced546d24bfc99e0b700236f6d19ae5
231417_200w.jpg,200,282,portrait,none,23593,RGB,fc8961cc1b27f2bf6d861e7f0d0d3dd6f17e7899
231418_200w.jpg,200,278,portrait,none,23505,RGB,c4f19a05ac594fa043ab3d59cf720320dfc1c679
231419_200w.jpg,200,278,portrait,none,23654,RGB,0a113d05c4d83cfbdc252c3faf8099ee48ceabf0
231449_200w.jpg,200,276,portrait,none,19668,RGB,2a2f9f406cf413e9c84c1a80fc026b93349609ef
231450_200w.jpg,200,277,portrait,none,18552,RGB,bb124acbb9abc9645710505eebf6ee67c297376c
231451_200w.jpg,200,280,portrait,none,24214,RGB,42a8e5eed39bb4d229a342878c2216414e247637
231452_200w.jpg,200,280,portrait,none,22972,RGB,75e4620319dde96ff39b98d822e0701aab97f345
231453_200w.jpg,200,280,portrait,none,24049,RGB,105cc27124c0aebf64393619418332610df82fe9
231454_200w.jpg,200,280,portrait,none,23134,RGB,632f90eea3d0c1283e16fa3117700acba5258734
231455_200w.jpg,200,280,portrait,none,25381,RGB,e296d8a684e6363be47008d7e96996a0441a877f
231456_200w.jpg,200,280,portrait,none,23194,RGB,03822a776fa88969791a92ba414982b7e2d36967
231457_200w.jpg,200,280,portrait,none,25581,RGB,dac5eee86a819f965b5716085d2b0b57fd70ecae
231458_200w.jpg,200,280,portrait,none,23034,RGB,20ffdfa7ef5bee8c088588a42e832d77c067accd
231459_200w.jpg,200,280,portrait,none,23585,RGB,d24d533e1189e6b5043b4c2f895e597c1efd9f7c
231460_200w.jpg,200,280,portrait,none,25994,RGB,608a391ba1d0f1624c95d813d1864038b94eefc7
231461_200w.jpg,200,280,portrait,none,24940,RGB,d6fcc69d43c17678fb926a6e3f51792256776cd3
231463_200w.jpg,200,280,portrait,none,24314,RGB,efbec2ecc657eedb70b9cbfb35e914e04cfb2940
231464_200w.jpg,200,280,portrait,none,23485,RGB,0f9e323fcd3acd01060d64b43ecb7da558f17a68
231465_200w.jpg,200,280,portrait,none,23206,RGB,d9a524f0d2490855fd7b6e8182b482470e4540dd
231466_200w.jpg,200,280,portrait,none,23685,RGB,d5761e976472924eab616b4333a9902ffd8dd138
231467_200w.jpg,200,280,portrait,none,22447,RGB,442a70f5320dea944bd53b872e04fda4f017cb5c
231468_200w.jpg,200,280,portrait,none,24545,RGB,08db58125806fa93b037ff13ce2202948ef86757
231469_200w.jpg,200,280,portrait,none,25930,RGB,0fa2cd88e57036e9e0ffa217c2c1f7b23ad880f7
231470_200w.jpg,200,280,portrait,none,24094,RGB,560c9f067971262af38ee07c39a24ce1dd8ccbce
231471_200w.jpg,200,280,portrait,none,22395,RGB,e3d377235aa47af62e3f45e5d0fc4ffbb118aac2
231472_200w.jpg,200,280,portrait,none,26849,RGB,0438e3b97083fb7ac10face7bf69146dbde78cc5
231473_200w.jpg,200,280,portrait,none,21845,RGB,911e39598ccccfdb1d44dffb8b2e7f40e66e1aea
231474_200w.jpg,200,280,portrait,none,22060,RGB,c47b4e9d7458d97cdce4fe3f5f77fef4e6b66fa8
232309_200w.jpg,200,278,portrait,none,22349,RGB,34d6ed2ffc86072efee16c0b56aff03529355e40
232316_200w.jpg,200,276,portrait,none,20821,RGB,55bf13c26f3f5d9eca4c5ee5fc3582a4588c53a0
232317_200w.jpg,200,276,portrait,none,22286,RGB,5dce6c825e3ec5a5c3f3f0217c309113c8d3d839
232318_200w.jpg,200,276,portrait,none,20267,RGB,0644a3007aeb6951cabfbfe1031b64908e302860
232319_200w.jpg,200,276,portrait,none,22618,RGB,b641df1cbabc91f021bc1b44da164580b0f26a5e
232320_200w.jpg,200,276,portrait,none,21365,RGB,b93755fb73cdde301cc67a797c1c888563e439ca
232321_200w.jpg,200,276,portrait,none,20642,RGB,a9e8a9e5b9687b1a460bc3845652a989ed353906
232322_200w.jpg,200,276,portrait,none,22384,RGB,85f26151d7ca906af2627b3f3bca5156fa3ad38b
232323_200w.jpg,200,276,portrait,none,22096,RGB,07fa05550dd174dba60f0902eaf8df88e494af0c
232324_200w.jpg,200,276,portrait,none,24246,RGB,d5cd8e7d9935e7b326867b76bb2a94a50400839e
232325_200w.jpg,200,276,portrait,none,22221,RGB,7f9852728a41cdccc00c28089043e3747e82201c
232326_200w.jpg,200,276,portrait,none,21544,RGB,ff6b252086ece11a1b1547718e88ffaa3b43277f
232327_200w.jpg,200,275,portrait,none,20559,RGB,176ca4722dd4ee95e87c250d41d9cb901033fe0a
232328_200w.jpg,200,283,portrait,none,21403,RGB,fd47a9c9c44d849065d68c0ddef5a3ea0e8e02b1
232329_200w.jpg,200,282,portrait,none,21015,RGB,9ae2cfb278c87eb07a01c0b9af608f516e7b2cb8
232330_200w.jpg,200,281,portrait,none,20306,RGB,a10850f2d6c10e23e6ddd1a26ce1915287a3f4bd
232331_200w.jpg,200,276,portrait,none,22539,RGB,66d205465e9dd72979c1691a155de37a193dcfb8
232332_200w.jpg,200,279,portrait,none,20215,RGB,2518ec70f6f057e679a202442e0558d192f3e2ec
232333_200w.jpg,200,277,portrait,none,19464,RGB,895e5fdda0da0c823b64980641ad5f6f2e1e5470
232334_200w.jpg,200,276,portrait,none,19755,RGB,f77d6cc3dc3f2136eeee902bb441202e6c04a39a
232335_200w.jpg,200,283,portrait,none,19888,RGB,078c20c0909900aaa3f2a6f5d0708f7f67d76050
232336_200w.jpg,200,278,portrait,none,21369,RGB,8d0ee06780072e1dc200e27ff392abe13a7729e0
232337_200w.jpg,200,277,portrait,none,21078,RGB,b746c98163c7157cd945064c82fbeb38d70b583f
232338_200w.jpg,200,278,portrait,none,21505,RGB,ae8243037b4b6aa028594f5d6e2a85b853a3c958
232339_200w.jpg,200,280,portrait,none,19192,RGB,419ad0960abf5db4d26dd486ed644a85aafe0ad5
232341_200w.jpg,200,282,portrait,none,21468,RGB,97a1543656e037ed0526df45df428ec8c78af1a9
232343_200w.jpg,200,279,portrait,none,23918,RGB,91eeb945b8638923bd663faa2cb6bb2cf3febcc3
232344_200w.jpg,200,279,portrait,none,20520,RGB,b0a66b4d6f013579b9c624dc04f74a796532446b
232345_200w.jpg,200,279,portrait,none,24654,RGB,e62ddd501aa51299ad83e62953bd0ea167772736
232346_200w.jpg,200,279,portrait,none,20323,RGB,35d6de96e7dfc316d4af752deb4bcdeceb1052d3
232347_200w.jpg,200,279,portrait,none,21666,RGB,3cd7cb88fe1aa482c1dccc5d35000dd84c736f9d
232348_200w.jpg,200,279,portrait,none,20127,RGB,fe3ef29e32fe5b7d67c916df692a272a31d6e33a
232349_200w.jpg,200,279,portrait,none,21671,RGB,23c454b12b1783e5c8bd781c8f707c13d4b7e0bf
232350_200w.jpg,200,279,portrait,none,24475,RGB,5cfeee335252be58aa35df8a6d14caa093ed2e6d
232351_200w.jpg,200,279,portrait,none,18282,RGB,c61381f613e037e97576ad470273a5f17a6d87b6
232352_200w.jpg,200,279,portrait,none,24725,RGB,5f381b9cf3595daf6d260699cfc94a7e3b1c118f
232353_200w.jpg,200,279,portrait,none,21534,RGB,b659b8ba2b65aa4e121557fae6f3211bfee61076
232354_200w.jpg,200,279,portrait,none,23209,RGB,e59fa8fe3c4ef6bb65c74a235013a012e5b1a4af
232355_200w.jpg,200,279,portrait,none,17983,RGB,54074317853b1724604197f710494026fc100ab2
232356_200w.jpg,200,279,portrait,none,20668,RGB,ba4ac7e40207d6a94878a8d78e0231935658b569
232357_200w.jpg,200,279,portrait,none,21294,RGB,b1f2fa6d9c816551e6080ef0b8892e433ca17765
232358_200w.jpg,200,279,portrait,none,21834,RGB,2fd8575b30b22d3ef1e9b6cf724ee32efd8957be
232359_200w.jpg,200,279,portrait,none,19463,RGB,ae67ddba0fb6633d6f8f2d3e74ddb640a98f7fae
232360_200w.jpg,200,279,portrait,none,24017,RGB,29dcb84e576aac7fadaae05f348dc73303a1e8dc
232361_200w.jpg,200,279,portrait,none,22213,RGB,8ccca5428e21d8719e718b473abeb128cc17acad
232362_200w.jpg,200,279,portrait,none,16012,RGB,b9ee441700c221ac475c1146db11123b3556bf60
232363_200w.jpg,200,279,portrait,none,22678,RGB,088590305a27bc123f852913001e464c1c2c4109
232364_200w.jpg,200,279,portrait,none,23485,RGB,cc1bb2618dcc164b97802be4bf9b1167f1ae3462
232365_200w.jpg,200,279,portrait,none,24251,RGB,d3c8a965fe47a5328560a2fd0493a076bf3e68be
232366_200w.jpg,200,279,portrait,none,21346,RGB,f125bef29fdca7e59db495a5505a3ba9e4053cee
232367_200w.jpg,200,279,portrait,none,20321,RGB,11209cec731131b31f14fd23437eb934926389f6
232368_200w.jpg,200,279,portrait,none,25879,RGB,edfac5b489e9aca3d60d9e1ba49d8ffb5ca81d80
232369_200w.jpg,200,279,portrait,none,23589,RGB,bcc7a4ce1fe61238069e64203a3e5b079587f87f
232370_200w.jpg,200,279,portrait,none,26210,RGB,c5bc63cf652d37b113d6325c2819fadd1e19650d
232371_200w.jpg,200,279,portrait,none,24138,RGB,1a866a5ad703f95a23417f7ebb459b79994a8fcf
232373_200w.jpg,200,279,portrait,none,21740,RGB,852dfc5f425940be7fe2cd05753105da744eb87b
232374_200w.jpg,200,279,portrait,none,25966,RGB,5a42b0a8b6a43076775bdf2ab39ffaf00d894aa5
232375_200w.jpg,200,279,portrait,none,21319,RGB,dee82607195bfcad942639b48ecf81265b0c9306
232376_200w.jpg,200,279,portrait,none,28625,RGB,fc45f008e1e2284357071642bde484960b57adbe
232377_200w.jpg,200,279,portrait,none,25307,RGB,2e5204ebd9bc1945488f6ef4a6a7edba83cf6ef8
232378_200w.jpg,200,279,portrait,none,26387,RGB,c8cb860c7ff2985f8f6987c616977cfae80cfbe9
232379_200w.jpg,200,279,portrait,none,21659,RGB,1333bc8104bbf9fdebcfc99e58329121ffdba6ca
232380_200w.jpg,200,279,portrait,none,32927,RGB,a18746749368a111d86c6739211b6c6f7b800c80
232381_200w.jpg,200,279,portrait,none,20610,RGB,a2df00054ff353d8b41d9f6a8e3e7677d8b501a5
232382_200w.jpg,200,279,portrait,none,25675,RGB,f4cd4453e94af54eaa630b691a935e1cdd1ff768
232383_200w.jpg,200,279,portrait,none,25108,RGB,05e79e6886ecd590214da87eacdf8fa1f1b16557
232384_200w.jpg,200,279,portrait,none,21560,RGB,8f02f188894f3299341e803533dfe47c359f1878
232385_200w.jpg,200,279,portrait,none,24153,RGB,c1bd0ce1a3735134f9a9f840b6e65b375acd43f6
232386_200w.jpg,200,279,portrait,none,21998,RGB,3b303ccaa1de2357e6e52773fac6be8ff1b3ad96
232387_200w.jpg,200,279,portrait,none,21257,RGB,1dddd1a2d9584db80915ede1db2039554e971be8
232388_200w.jpg,200,279,portrait,none,24058,RGB,7257b14971501d34baeb5c2316ed63b23ddf6ceb
232389_200w.jpg,200,279,portrait,none,23576,RGB,3c7c901aa8819a197c604d908efb2373f523d8dd
232390_200w.jpg,200,279,portrait,none,23716,RGB,c41a7ea3c979086bcafbf4c80d642aa2fc4ff6b6
232391_200w.jpg,200,279,portrait,none,24437,RGB,4885e279d63292a72942d0376806177b1e99ce41
232392_200w.jpg,200,279,portrait,none,20960,RGB,35b094c3ced9222551edd379438e02f38e2743f9
232393_200w.jpg,200,279,portrait,none,24509,RGB,b6715cfb84f0ecf395ef3399615e9c28bdd30700
232394_200w.jpg,200,279,portrait,none,21899,RGB,d84ac98fca075230f94f1b5fa55261651b9327a9
232395_200w.jpg,200,279,portrait,none,21120,RGB,c0f70ea6c0b96c7196603a1bd7aa5b5942bb5c01
232397_200w.jpg,200,279,portrait,none,23956,RGB,76804ff33857cf4edfb6b1578fd0f4fd5f8b531b
232398_200w.jpg,200,279,portrait,none,22669,RGB,c985d25120fe63310000920e436ae43c3ee341ed
232399_200w.jpg,200,279,portrait,none,19793,RGB,45eb9c21cd7d24d7fd4b398e031eccd0f769ca80
232400_200w.jpg,200,279,portrait,none,24557,RGB,895c52fc64b4310af1d263e9917ea9d64755e745
232401_200w.jpg,200,279,portrait,none,21227,RGB,1e544090de47e1cc6fd025dfba11b09e441c89f2
232402_200w.jpg,200,279,portrait,none,21636,RGB,7e09001e0948b51a0fa4a15c4dd7889690702fb0
232403_200w.jpg,200,279,portrait,none,23975,RGB,269fa0fbbe4c287e06ddde4348c03acfd37eec03
232404_200w.jpg,200,279,portrait,none,23977,RGB,f36798cc68dffb8880d76b420d50c15706877296
232405_200w.jpg,200,279,portrait,none,22764,RGB,bcaa1027fad6a7dd5d9724d4ee67ca2ede77b89c
232406_200w.jpg,200,279,portrait,none,27725,RGB,210ac2f36eb2d77b8e4896d4e225c6e5d4b78f0d
232407_200w.jpg,200,279,portrait,none,30973,RGB,fc9c599155e738eedafbe3cd806a3dfe26984466
232408_200w.jpg,200,279,portrait,none,19879,RGB,cf5c9206f6a987570e5b6832b3044cdf1789bdc1
232409_200w.jpg,200,279,portrait,none,21490,RGB,2298f80fcee4d537fa7311bdc1326b6b578a27aa
232410_200w.jpg,200,279,portrait,none,22813,RGB,618ad3624e70e2fd4bcfb12794047fae34322e09
232411_200w.jpg,200,279,portrait,none,19288,RGB,b582d6cb59b77a7165e6dda2451667c89f0868e3
232412_200w.jpg,200,279,portrait,none,22918,RGB,10c83edebfd1745401c4c280e1d2f90251ec13ca
232413_200w.jpg,200,279,portrait,none,20086,RGB,86f2db994cd36ade3a391552ea907d5f7b38ba02
232414_200w.jpg,200,279,portrait,none,26768,RGB,52b1e6becefe734d5b0a96e4770918a2c6bb626e
232415_200w.jpg,200,279,portrait,none,19815,RGB,d2ad1a45422a26560887772c943083e5093c8eba
232416_200w.jpg,200,279,portrait,none,22911,RGB,f754cb3e308b477a904bde7a77238faf8c3b52b6
232417_200w.jpg,200,279,portrait,none,19924,RGB,59989934b35661c11813194eaa3c2ddeb75d4f9f
232418_200w.jpg,200,279,portrait,none,21224,RGB,b13e0f6d3457b3b37a37d9fb248c64e9a4eee82d
232419_200w.jpg,200,279,portrait,none,22447,RGB,5cf9d5595e92b03f3b172e0380c7d2e89debb1b1
232420_200w.jpg,200,279,portrait,none,20912,RGB,dfc1c27b8440944033e12a3125f27e5049df4e51
232421_200w.jpg,200,279,portrait,none,22771,RGB,8f9404f5a3dc4563ffe20b9b516e26f42dade592
232422_200w.jpg,200,279,portrait,none,18197,RGB,9d1e711e636c61721e4bfa4c6c6e17b5df2b2647
232423_200w.jpg,200,279,portrait,none,20154,RGB,7fd0f1f373fb1c734ef01f04a3c3a6d6b5ff0a14
232424_200w.jpg,200,279,portrait,none,23798,RGB,fdf6024efefcbee19e9e6cf6d33a85499330436d
232425_200w.jpg,200,279,portrait,none,20813,RGB,33b6eadb22815a09127bd22391401fe2ded27a4c
232426_200w.jpg,200,279,portrait,none,20385,RGB,778dda88cc33a697e5a78babfa5b912810d86990
232427_200w.jpg,200,279,portrait,none,15553,RGB,114848f0c40627fc1d7006c91181c1472c0a1141
232428_200w.jpg,200,279,portrait,none,20772,RGB,aa4349541f4cc780dad32e809e61d8ce5bbe6c23
232429_200w.jpg,200,279,portrait,none,22672,RGB,0dd5d4a43d11951ed26365d1e077df3ef0ec5cf1
232430_200w.jpg,200,279,portrait,none,22591,RGB,5cc5c1b1861422d38c55821f6cf691b9761d6bc3
232431_200w.jpg,200,279,portrait,none,22795,RGB,a4feb91c70e96fd06fd01ad5581cabfa71dab48e
232432_200w.jpg,200,279,portrait,none,23439,RGB,ce65913d95810a3568102b96068e1770e57a51f4
232433_200w.jpg,200,279,portrait,none,26583,RGB,432939203f019ff5609b1d907810fb5ffc16b5db
232434_200w.jpg,200,278,portrait,none,26058,RGB,ecd3b2ae789b96611332e4e24d102b8cf83a48a4
232435_200w.jpg,200,279,portrait,none,21347,RGB,d88f0ad5d92db5e76aa3a03d823977cc8270b82c
232436_200w.jpg,200,279,portrait,none,25934,RGB,442ffb150f28e28bc4b2229efb1d5069f3c3ce79
232437_200w.jpg,200,279,portrait,none,20366,RGB,b6218e7ac23da97450aaa8a3307b4f8216c8a56a
232438_200w.jpg,200,279,portrait,none,21086,RGB,d4af760a0583b0629c021d827f52ab1e7c73d119
232439_200w.jpg,200,279,portrait,none,21889,RGB,8af394be3a9f58a4d05c65e6692975bf4b726ca1
232440_200w.jpg,200,279,portrait,none,24021,RGB,c521b3b395474809d38f9daef66c4bc3ebcb4433
232441_200w.jpg,200,279,portrait,none,21626,RGB,c9d554a6970307d14245cca54e603db7e1be16af
232442_200w.jpg,200,279,portrait,none,23336,RGB,687bc1ba377d91321d7ff5ca799495f7acf04345
232443_200w.jpg,200,279,portrait,none,28495,RGB,1d3669836bf1cb2f2cef8b53cc5a4d152732c74c
232444_200w.jpg,200,279,portrait,none,20979,RGB,d7c95dbe70143ee397a4d4865a92ddb9969e7d61
232445_200w.jpg,200,279,portrait,none,25549,RGB,6a8ff62ad3849f94c2857fb091f75aa1200dd2b1
232446_200w.jpg,200,279,portrait,none,21840,RGB,82888d94781bf4c3a5eca4324d4e11ee62150f9e
232447_200w.jpg,200,279,portrait,none,24049,RGB,699821ce865e367ebc5e679f8f95352d70bf5597
232448_200w.jpg,200,279,portrait,none,24274,RGB,59ae97a84a405904bff74b7e70c99632dacde5c5
232449_200w.jpg,200,279,portrait,none,23690,RGB,3e7f296858295da7ce5f4e728978397bb137cf62
232450_200w.jpg,200,278,portrait,none,26811,RGB,3bdb97cbb6f51d20a2fb625b61baad595e8048c0
232451_200w.jpg,200,279,portrait,none,23054,RGB,1e8be2d6236402627265c1d0e7b188a73c990cf7
232452_200w.jpg,200,279,portrait,none,25822,RGB,2cb1896a420cbbcc9a133cc41b5d88908b699f24
232453_200w.jpg,200,278,portrait,none,23274,RGB,01279bf46ca3399b8c9594c5dbf9bf78ceee823c
232454_200w.jpg,200,279,portrait,none,26841,RGB,d29359c03ea7b373015834cb4352154a25d75501
232455_200w.jpg,200,279,portrait,none,20805,RGB,2810521107d0dbe223b79ae0483426fce05ef8e6
232456_200w.jpg,200,279,portrait,none,25204,RGB,67bd855d222c4c628a88ff06a2524a2423b3a361
232457_200w.jpg,200,279,portrait,none,27681,RGB,5afad0ef597c455f3a6673bc6ef66b7132ab95ba
232458_200w.jpg,200,278,portrait,none,23483,RGB,4e91057795efc2af19bdf181bad557841d87537e
232459_200w.jpg,200,279,portrait,none,24802,RGB,756a6a2b12dbe963f77f68f7b131423f7be6823b
232460_200w.jpg,200,279,portrait,none,23098,RGB,7b617a9b0f38d9c10315d69f7411febfecfe51e8
232461_200w.jpg,200,278,portrait,none,22024,RGB,a50e3178f92909ab88e82cf6f0aae14ce5d78ebc
232462_200w.jpg,200,279,portrait,none,24944,RGB,48b2fa526bc4ebae07d13d312212abbf94482281
232463_200w.jpg,200,279,portrait,none,23598,RGB,480033e781cb3cc134c5d980c24299757e2fe491
232464_200w.jpg,200,279,portrait,none,23888,RGB,6f2896d0500241e9c6d7e5045a03927c9f1f2254
232465_200w.jpg,200,279,portrait,none,24772,RGB,5dc98d8c707398f43984389b5976b7dda059f7a6
232466_200w.jpg,200,279,portrait,none,26947,RGB,e5746c839b72b759f935037a44d2fb065f0f4f29
232467_200w.jpg,200,279,portrait,none,25053,RGB,272073aabc21e4791c9b1df8c7e67cbeddf7d223
232468_200w.jpg,200,279,portrait,none,23240,RGB,6b579ceb33426f62b4aacc6e40cbba48b038e9b7
232469_200w.jpg,200,279,portrait,none,25414,RGB,d83360e9530a459936391bf4b44727b7deb1432f
232470_200w.jpg,200,279,portrait,none,22551,RGB,c4007c7788af1adcd9a66d6c5c4d030cfcd43ac9
232471_200w.jpg,200,279,portrait,none,24978,RGB,6c4de106dcb45d1fb7f917c24696a18999d2e442
232472_200w.jpg,200,279,portrait,none,24333,RGB,9b34db2e0a10c0ceb5dc45077f500cabb5c9e9af
232473_200w.jpg,200,279,portrait,none,24267,RGB,54f0b1bf4e81039ea45db92629568d031de85cb0
232474_200w.jpg,200,279,portrait,none,21834,RGB,140e375c586de1fc654f0f2e582713d49df55fd1
232475_200w.jpg,200,279,portrait,none,25751,RGB,34dafba9f75315832b352a2f2d99e7b67c3baaf9
232476_200w.jpg,200,279,portrait,none,25301,RGB,a3c7556b14939caad8ebdbf2ee5d20072ae9dd88
232477_200w.jpg,200,279,portrait,none,23257,RGB,7e8b4170cc759900448aa741f34c3a4b396e99d2
232478_200w.jpg,200,279,portrait,none,28292,RGB,8eadc942dc8c6b3a65ce15bd6fd3a6118caf3f04
232479_200w.jpg,200,279,portrait,none,21004,RGB,47ea7bb9df0719614bb6e715f432f0978723e985
232482_200w.jpg,200,279,portrait,none,18410,RGB,0bba415623cb5f3c00d83ef2df21df718dd71999
232483_200w.jpg,200,279,portrait,none,23458,RGB,63c299c2ef4bff8481a2d5bba65b2c6b607847e4
232484_200w.jpg,200,279,portrait,none,26355,RGB,64048fbc21180db58baa266f29aa537fa443c664
232485_200w.jpg,200,279,portrait,none,20402,RGB,2609993ec10c2ac80d464af4f91508251aeaf500
232486_200w.jpg,200,279,portrait,none,22895,RGB,128b8079aa7fdd11e41b58d5351b3beb56de2a7b
232487_200w.jpg,200,279,portrait,none,19696,RGB,1474242adbd8cd8fb75ed619bb55688a0d8a93a7
232488_200w.jpg,200,279,portrait,none,22511,RGB,136a68dbafedf2dbd385f731969b48506d4c140f
232489_200w.jpg,200,279,portrait,none,20972,RGB,014183b5fca6acad275093b31de0dfe2a8a33ee9
232490_200w.jpg,200,279,portrait,none,20567,RGB,e5022ee80075ab7fba30855ae1ca8776b0347e00
232491_200w.jpg,200,279,portrait,none,21890,RGB,09079340f8414c5526216ebb8db098374a455797
232492_200w.jpg,200,279,portrait,none,20266,RGB,8a379df0967110341410879f5b10ebbac238c934
232494_200w.jpg,200,279,portrait,none,28066,RGB,e0fd6157d1f2368e72f5771a16700e65aa2bd859
232495_200w.jpg,200,279,portrait,none,29458,RGB,e2e9f575539a9075c79837fa51f852cdb83fbf2e
232496_200w.jpg,200,279,portrait,none,27972,RGB,0e3f4947cc9db5a22498bf5f93f1949093ccd73b
232497_200w.jpg,200,279,portrait,none,23260,RGB,26de652325179669d0151baceaf9614afbf6af4a
232498_200w.jpg,200,279,portrait,none,28586,RGB,5b00fffbf0639050d7022f2a2dc057b5e7358cb6
232499_200w.jpg,200,278,portrait,none,23212,RGB,8a25d9a0ac77db33345d4d68e2be22fbd22b48eb
232500_200w.jpg,200,279,portrait,none,31164,RGB,47a74337f38514750d080ddf5f584f3b3185c85b
232501_200w.jpg,200,279,portrait,none,24214,RGB,abed90cd050b0a96ddf3e3e6d4b36a94a6e1cec7
232502_200w.jpg,200,279,portrait,none,27079,RGB,5ecf5c2c013a7e9b52c9d43ced338f7a8d2b24e8
232503_200w.jpg,200,278,portrait,none,25538,RGB,87e0a72b1afe1fb046dd55febcdb6634b31d1168
232504_200w.jpg,200,279,portrait,none,26286,RGB,9db9cdd0bb71c3844cd306f13be74fad9320d75c
232505_200w.jpg,200,279,portrait,none,25614,RGB,7bd255d35d845acca65f6684fe7bd2559c733fea
232506_200w.jpg,200,279,portrait,none,26380,RGB,51e035370fc7930a273aeeb8ff2372b9ac5ebecd
232507_200w.jpg,200,279,portrait,none,24613,RGB,554e0ce1811f86dc306323418b30a5358b3137c4
232508_200w.jpg,200,279,portrait,none,16011,RGB,7eb8e5491fd984874ca79173d727a881235ed69c
232509_200w.jpg,200,279,portrait,none,22654,RGB,f34ce5fd41092ed49e9f8ced9cd10065eb80cc59
232510_200w.jpg,200,279,portrait,none,24315,RGB,5399a05dce63bd9a1cd2219a3bc4b09abf92bb8f
232511_200w.jpg,200,279,portrait,none,27047,RGB,5e0e09708555db9afa72a01d1d9932aa1de48b9f
232512_200w.jpg,200,279,portrait,none,26822,RGB,7b2f67bfe988bc73aafd8ccbe5c1612345bb62b8
232513_200w.jpg,200,279,portrait,none,23435,RGB,a123c167ac768f78bc5ef1a556a506f0339712f9
232514_200w.jpg,200,279,portrait,none,20780,RGB,0507b366ae13db47689c998eaa90a1c340b11dae
232515_200w.jpg,200,279,portrait,none,27273,RGB,6daac7335febb7ced937542059313de0ad45c9af
232516_200w.jpg,200,279,portrait,none,25997,RGB,0989c0115445186941e2e1f0638c1b8339952b9c
232517_200w.jpg,200,279,portrait,none,37392,RGB,cf1ff76c01645140d8be2500b7b30f2b370faec3
232518_200w.jpg,200,279,portrait,none,35325,RGB,53a3bffed10c7fa20d47d6d55c9f329581561592
232519_200w.jpg,200,279,portrait,none,26926,RGB,43be7361583b00659f2a4af77a7928019a3b374d
232520_200w.jpg,200,279,portrait,none,22842,RGB,19c9a054adfb981439605a49955836c2c015fa01
232521_200w.jpg,200,279,portrait,none,24303,RGB,0920c92bb3d8e10b8e5d65e3440a9325ef21b5a0
232522_200w.jpg,200,279,portrait,none,24896,RGB,31021c5c27ae1d95deaddd4fdd8081b725662cc9
232523_200w.jpg,200,279,portrait,none,22361,RGB,0ff399a9f2b11d7a1d29f3ccedc10247f44454ad
232524_200w.jpg,200,279,portrait,none,22577,RGB,3e2aa00ad0b51ea35f7858a49012c1484b74620f
232525_200w.jpg,200,279,portrait,none,23966,RGB,44e7ab98926a938f3c9fc73a82404445a7423418
232526_200w.jpg,200,279,portrait,none,22735,RGB,e2effbeb07b9f4b2c7f0e9dc848e8908ed27e0fd
232527_200w.jpg,200,279,portrait,none,26546,RGB,b48ecee0ddd57bcda815034f8609900ae7418bce
232528_200w.jpg,200,279,portrait,none,21221,RGB,2faa09f2902ca0224c574c567c4bde5394f05a1d
232529_200w.jpg,200,279,portrait,none,23261,RGB,7affe23a684844d7c49b14006925aa1bce7770dd
232530_200w.jpg,200,279,portrait,none,24269,RGB,3a0df96fa62b713c705bdaeb85e58c9506f3d924
232531_200w.jpg,200,279,portrait,none,23886,RGB,cee92b85a27213db955079d0a606095fd8e51721
232533_200w.jpg,200,279,portrait,none,24189,RGB,93c882db3958f5585d89dd53902c002968ddcb38
232534_200w.jpg,200,279,portrait,none,27540,RGB,3fb92ba32335e172cf998fe3d3c190cf75418869
232535_200w.jpg,200,279,portrait,none,24999,RGB,8671fa778a1f552496b462332fa9a2bcc3cfe032
232537_200w.jpg,200,279,portrait,none,24664,RGB,50ef2c80ed54b3fdadb2c4ecc0a05e79ae42c011
232538_200w.jpg,200,279,portrait,none,24335,RGB,b52b7f575cdeb05d87d54d28e3a53d87073cffbe
232539_200w.jpg,200,279,portrait,none,26939,RGB,d60f5fd059d34d6f38adb18e6e54863e0290c28f
232541_200w.jpg,200,279,portrait,none,23917,RGB,14e99f144394400d3a2abf8215b79ee81202c5a6
232542_200w.jpg,200,279,portrait,none,18044,RGB,58f4ae8b9d89da770e0df53e1f71e681be7cb51d
232544_200w.jpg,200,279,portrait,none,20221,RGB,563e6d3e548b84ed9c64cdf1f37ebf6dcd46ff45
232545_200w.jpg,200,279,portrait,none,19697,RGB,79b3572731755e61ebcc901a2ef43af89c5a7a14
232546_200w.jpg,200,279,portrait,none,18935,RGB,0d68efc0494feb85c6dd7c2cc62c05554102adb4
232547_200w.jpg,200,279,portrait,none,24328,RGB,e967e54314e1755798bece9f723766917bd057cd
232608_200w.jpg,200,278,portrait,none,29699,RGB,985a5182fd4ad34d64024ebfc9e70159efa85444
232609_200w.jpg,200,279,portrait,none,29516,RGB,aa3c225ad6cc45bb76f16fda22fe22ebc0b1044b
232610_200w.jpg,200,278,portrait,none,27433,RGB,241998010f72a8427ad555be4678a805a32b7d57
232611_200w.jpg,200,278,portrait,none,25180,RGB,50e97ec9d65d598f3e1b7484571f20bb452eddd2
232612_200w.jpg,200,278,portrait,none,24837,RGB,246ea9154342b9df92410563b7b748f404e8e589
232613_200w.jpg,200,278,portrait,none,24738,RGB,05e5ed45542f7bb42a72e688d4fe01d494bc21e5
232614_200w.jpg,200,279,portrait,none,26240,RGB,bfa9119f2bfc16f544df73f94d92e293a056fc03
232723_200w.jpg,200,279,portrait,none,25433,RGB,235eea70fa50d65e02cfb9dfcaa1147de0585107
232724_200w.jpg,200,279,portrait,none,26968,RGB,a95845dba4649b7afe1bae8b4574a27e4ff6fcee
232764_200w.jpg,200,280,portrait,none,24315,RGB,83b047440ea02239777aaea430d11298cd3cf7ac
232765_200w.jpg,200,282,portrait,none,22223,RGB,430f2c7a5ced2763d9ee221dd4a077a59119b59c
232766_200w.jpg,200,280,portrait,none,24693,RGB,fe33f52880dab982b00a5619577cb59e22836285
232767_200w.jpg,200,282,portrait,none,23316,RGB,21dcdab4fddd0c0f9be98d350626fbbb95a83c31
232768_200w.jpg,200,283,portrait,none,21209,RGB,31299f1ccb4fa0890c883c20c72ac555f151d7a8
232769_200w.jpg,200,280,portrait,none,21680,RGB,e6b8d479ef7f1d9faa322abc6160548ef7e3c21d
232871_200w.jpg,200,279,portrait,none,22002,RGB,06ed142f559b5c45430ebbb418e8747de38925a7
232873_200w.jpg,200,279,portrait,none,23875,RGB,7ff731adcf2dd7ac2a4b75b08409b62494871e4b
232883_200w.jpg,200,279,portrait,none,21827,RGB,cef239a438a591859393969f59a6e306cf582ab2
232887_200w.jpg,200,276,portrait,none,22654,RGB,edcf0bf77bbeb94f3e64482bc5010682b258b1c6
233375_200w.jpg,200,279,portrait,none,23386,RGB,10ec42efc5a42aa61b802f2716097ffc4049a331
233835_200w.jpg,200,279,portrait,none,23432,RGB,a255880786e6ac451d15fee1aa340aa32d9a1cb6
234034_200w.jpg,200,278,portrait,none,31662,RGB,c0ea9a153f85910939e8752c063532f9b42237b4
234035_200w.jpg,200,278,portrait,none,20582,RGB,26dd3b9e1c19d7352b6b58d6768590dfdee05250
234036_200w.jpg,200,278,portrait,none,28076,RGB,87299dfc4f86b9dafe0f9012081a24a58b6952ee
234037_200w.jpg,200,278,portrait,none,24040,RGB,022febca06c8810b0ba4eab12ea7410d98dde7b4
234038_200w.jpg,200,278,portrait,none,23697,RGB,7a2a321508c8bab5489e2cda5dd1602b390d5e81
234039_200w.jpg,200,278,portrait,none,28417,RGB,d2585d14fd5a46e3e819b68573ab45c1df0041c8
234040_200w.jpg,200,278,portrait,none,18817,RGB,56314f2afb48421718cbafb5973ea1381f8e7de4
234041_200w.jpg,200,278,portrait,none,22876,RGB,bad77a4e7d1e23e5239bde92b940a88fa03be280
234042_200w.jpg,200,278,portrait,none,30753,RGB,277f0930688422f7a1c0f7ba006835a75e56a3e5
234043_200w.jpg,200,278,portrait,none,28594,RGB,25ac0df70d8bc69c5da1ac754b2a6664bc5e9fd4
234044_200w.jpg,200,278,portrait,none,30660,RGB,cf853d88c5484ca358088621ddc04c8a9020e88c
234045_200w.jpg,200,278,portrait,none,28317,RGB,5b95afbb9ea06bef8d4fb16708435b1d5d61c41b
234047_200w.jpg,200,278,portrait,none,28226,RGB,991848684cd2afb7fbb9cd02ca063087269b6e06
234048_200w.jpg,200,278,portrait,none,31976,RGB,73c42f9284d8a7ed6148272a4f91c84669903e2c
234050_200w.jpg,200,278,portrait,none,20601,RGB,bfc5f9526b66110eccd067b76e1875ac2d563eff
234051_200w.jpg,200,278,portrait,none,30198,RGB,eae613d24a645906951aca044c508dafbd975811
234052_200w.jpg,200,278,portrait,none,28211,RGB,48bda77e2a781bf8d05787fd55f3ccdf193ef8e7
234054_200w.jpg,200,278,portrait,none,23448,RGB,ab4f4bbe6ed93d8ccb0e2bab7b9287d27f6d0ea3
234055_200w.jpg,200,278,portrait,none,29870,RGB,84a83a3f12d75d869ec9494a464899b81555eb92
234056_200w.jpg,200,278,portrait,none,27853,RGB,0e71664b0fb945bb5aa54219a69bfdcb7588a549
234058_200w.jpg,200,278,portrait,none,23914,RGB,d5fb869a8b6c6c48566eade6063431c239ad52c7
234059_200w.jpg,200,278,portrait,none,28081,RGB,4a95b4b154e97429dc52f9df2150db688d86370a
234060_200w.jpg,200,278,portrait,none,26784,RGB,bf29d00d542f14ddd9fa8a83fd9febdbb46e006d
234061_200w.jpg,200,278,portrait,none,20583,RGB,eac006252b57f79d2b7f74c9b343675a33608038
234062_200w.jpg,200,278,portrait,none,28298,RGB,30d35c00161d602a8ee2e2f86c44207538f16e19
234064_200w.jpg,200,278,portrait,none,19694,RGB,38396bc60707c364e1a8b6ed297a950c1543bc98
234065_200w.jpg,200,278,portrait,none,27459,RGB,6e359ed50e29a30601a3ae463cca47ece4d3bb23
234067_200w.jpg,200,278,portrait,none,26244,RGB,9eef9d47147e0e64633f1c681e6388269bead304
234068_200w.jpg,200,278,portrait,none,21034,RGB,341965af56c8733fbbc30c9fc214a180a375649e
234069_200w.jpg,200,278,portrait,none,24203,RGB,b109c20941f33590f53f66c780ccd12748d77c44
234071_200w.jpg,200,278,portrait,none,25914,RGB,682191c9b92ba0e5e28f27930e888bb2ed39e2e0
234072_200w.jpg,200,278,portrait,none,21097,RGB,14ce0e93f448896049d04a3100d31422ad24e918
234073_200w.jpg,200,278,portrait,none,27416,RGB,06b3e8e5525c3413bc81b928fa555a7bbfe6b057
234074_200w.jpg,200,278,portrait,none,28719,RGB,d28d8f4f377d2840890773aa58a0efe6fd9fa644
234075_200w.jpg,200,278,portrait,none,22600,RGB,d9e54b2ec578b90026be350322fcfa1bfac462de
234076_200w.jpg,200,278,portrait,none,29634,RGB,a456119df73a2cc675f0dad9176d5ab58f922457
234078_200w.jpg,200,278,portrait,none,22980,RGB,a0bdae5d7d35c5f6bf9fd0e6285b4f04efae8841
234079_200w.jpg,200,278,portrait,none,22860,RGB,031c29b00b85c36d7128cda43dbd60ce47a3c928
234080_200w.jpg,200,278,portrait,none,23412,RGB,ea5666d3f0bf932309ec27d974ba7df45dd2cae8
234082_200w.jpg,200,278,portrait,none,24092,RGB,4d9834a0b54b44b8d50055f7c2464967f5516273
234083_200w.jpg,200,278,portrait,none,25291,RGB,f8766acdceb06ab678d6793dab728456c1c661a9
234087_200w.jpg,200,278,portrait,none,27937,RGB,fc8812bd6d25f3d6bf8d6d5f575e6c466d9ce104
234088_200w.jpg,200,278,portrait,none,30961,RGB,e46d59cf4f4d3c10f3f16196c4c0bf5ed04cf367
234090_200w.jpg,200,278,portrait,none,29523,RGB,86482a55d7522f8aa1fa7295b3e3166253ac602d
234091_200w.jpg,200,278,portrait,none,28802,RGB,e6b079bce8f8b6363db21f80b05db408f5041306
234093_200w.jpg,200,278,portrait,none,35741,RGB,e129a8d8b9b65fbe75001a0b8443d6bad5c56138
234094_200w.jpg,200,278,portrait,none,26901,RGB,2a60d2d87de5e95f62d47460e737ed33a297d805
234095_200w.jpg,200,278,portrait,none,21974,RGB,c17b29ff918989e6bd66c3415feaf19268bb21e3
234096_200w.jpg,200,278,portrait,none,19561,RGB,c05e6bf4def6df0785f0a552c82e2d5aeb3ef2df
234097_200w.jpg,200,278,portrait,none,19238,RGB,0fbf0c859e7785fc8076bc8faaf3f71af75c6aed
234098_200w.jpg,200,278,portrait,none,23497,RGB,c97229f8ba86d2eee899d014568a04093f654835
234099_200w.jpg,200,278,portrait,none,22264,RGB,d6044a0044cb9a0468f7b4a18f0617270ccdaaae
234100_200w.jpg,200,278,portrait,none,23340,RGB,490ab6c53f0240a16734f4812cc3786d271a9ee1
234101_200w.jpg,200,278,portrait,none,21269,RGB,37e3161b8251c22e1b88c0943259c52e01d9651b
234102_200w.jpg,200,278,portrait,none,29285,RGB,b121363697c27823e09d57af0dca0f1afd0a5083
234103_200w.jpg,200,278,portrait,none,25527,RGB,e98094af2cccc268704ae2d6a5d5b8d0b8df8cb0
234104_200w.jpg,200,278,portrait,none,28647,RGB,a21f849fa4c2efa5cf50b93e85f08ec4a1291915
234105_200w.jpg,200,278,portrait,none,25259,RGB,8249eceba7d8d0ca06fcd5ba7cb235494f513be2
234106_200w.jpg,200,278,portrait,none,21589,RGB,d3e50ac715284b96eb70aaa67762ea2c768e901c
234107_200w.jpg,200,278,portrait,none,25118,RGB,56d8fc9328ca03254eaf15d70063541bb320020b
234109_200w.jpg,200,278,portrait,none,24658,RGB,7696daafd5d76c0468f2a31532b03766bdb05058
234110_200w.jpg,200,278,portrait,none,28998,RGB,a0a7853e7811c9ae86cae2be50544a19830b0de9
234112_200w.jpg,200,278,portrait,none,19767,RGB,6fde9967d99f874265b4fb34977532e7b1185082
234114_200w.jpg,200,278,portrait,none,18810,RGB,18a26efc1cea8097626d69fa4dde3d0028d96759
234115_200w.jpg,200,278,portrait,none,18813,RGB,1c65db448f1f67924ed19a085b0d19f2188f95d0
234116_200w.jpg,200,278,portrait,none,18849,RGB,803b89b00c8c5e7975a33d899b5443e9dfe8649d
234117_200w.jpg,200,278,portrait,none,21412,RGB,d17cf857f86cc26abf225013d443e6efe50806d3
234121_200w.jpg,200,278,portrait,none,21764,RGB,7870b6b119a4e4ce8e542b25deed82438dfdd9c2
234123_200w.jpg,200,278,portrait,none,16719,RGB,dbce368b03dc2dd181f3955b437ac505eca220f0
234124_200w.jpg,200,278,portrait,none,22929,RGB,5500238d36f3ccc1367b5fce64c1a29edc99e712
234126_200w.jpg,200,278,portrait,none,23331,RGB,acdd2c466e0161fe0e2cce8463cd4876a7ebd71c
234128_200w.jpg,200,278,portrait,none,25575,RGB,ab8e64789ce722fc3393e18d7edd7495409d8791
234129_200w.jpg,200,278,portrait,none,21401,RGB,298fc98f5a1d2a340cd666c4a9fe08ccfa3de2d0
234130_200w.jpg,200,278,portrait,none,21932,RGB,babe309c50a68bc51e460ce95f2bea3b07d4c376
234131_200w.jpg,200,278,portrait,none,19560,RGB,b05697e56b23100a631fafeb38a905ab82ea83f8
234133_200w.jpg,200,278,portrait,none,24452,RGB,7fe90e1a223da99741346a9cfb3cc4f88ed6fa7d
234134_200w.jpg,200,278,portrait,none,27607,RGB,216980cdf3c939ad125bc015b43d003905f27cb0
234135_200w.jpg,200,278,portrait,none,22036,RGB,973608785735b2ac43c24a12a0b2ff75520f83c0
234137_200w.jpg,200,278,portrait,none,21640,RGB,0f14542928efd405f40b1b491a28b903d302f725
234138_200w.jpg,200,278,portrait,none,25256,RGB,43f3bdacf701ec3cf9c001862146c50c4fd4cc9d
234139_200w.jpg,200,278,portrait,none,21539,RGB,ca3dfa9dfaffdd65ea62dc8c8527b29735e7c1da
234140_200w.jpg,200,278,portrait,none,26839,RGB,748228b776e840c088391219e3f48053025ab935
234142_200w.jpg,200,278,portrait,none,20805,RGB,62e5fff08572405898d08341764224c32cfcd263
234143_200w.jpg,200,278,portrait,none,23367,RGB,9c02bf51cff036a8c4a0978c9f3cf9bcf51d28ea
234144_200w.jpg,200,278,portrait,none,20584,RGB,55d53d70a27bd77ac9ebf0b21d708d6ccb1a7cfb
234145_200w.jpg,200,278,portrait,none,20140,RGB,b723e9bd74713300f9588b6ce4605f8852d372af
234146_200w.jpg,200,278,portrait,none,19220,RGB,8a7ce3b7c9f12bbb435e1ed32d0cf6c4c5cc8149
234147_200w.jpg,200,278,portrait,none,24401,RGB,f1f6522e417257eef70ca949b29b9ea8f84d72f7
234149_200w.jpg,200,278,portrait,none,23754,RGB,fa8df249f3ac1b6a380e6a1e4e8291ea7a0aed96
234150_200w.jpg,200,278,portrait,none,20188,RGB,d365ee61db30220a7f518186ef64e2f9724a641c
234151_200w.jpg,200,278,portrait,none,20681,RGB,ce2267df5f912106513c4478ec8c93026c9eff1f
234153_200w.jpg,200,278,portrait,none,20137,RGB,4380d48e01b552ed2ca9ee0e01cb4f54491dbfba
234154_200w.jpg,200,278,portrait,none,22934,RGB,eaf84c95a3588d1a701e831557f3367cd329ece4
234155_200w.jpg,200,278,portrait,none,22055,RGB,7480be16ccfde1803febf6ff2fb5a206e86f4615
234156_200w.jpg,200,278,portrait,none,23311,RGB,5b29289b280fae4990228af28442626ec1d58733
234157_200w.jpg,200,278,portrait,none,22910,RGB,4233267600a8243afb9a00f323ab265bf8f3c383
234158_200w.jpg,200,278,portrait,none,22754,RGB,c5f4edbbe75678174a8cbd717383001777b4f1f6
234160_200w.jpg,200,278,portrait,none,25228,RGB,aa4c92e061a473e2cce1f29fa8e10fa813d13375
234161_200w.jpg,200,278,portrait,none,26260,RGB,bdd0917bf7f31a55d1375175f214b5e10799d821
234163_200w.jpg,200,278,portrait,none,23356,RGB,34faf103866590ff26e0734e29ae5bb92a88432f
234164_200w.jpg,200,278,portrait,none,22146,RGB,aa55dacdfd8d17cad961569d07bf6a4544f02110
234165_200w.jpg,200,278,portrait,none,23798,RGB,64445f7c8faf5db39581156035a27b17af1d60d4
234166_200w.jpg,200,278,portrait,none,25547,RGB,978d299bd40a55f0da865d4963453f187c129d81
234167_200w.jpg,200,278,portrait,none,24035,RGB,29d910f77b1bf0d5e0548d263e42641faeaf3bad
234168_200w.jpg,200,278,portrait,none,20217,RGB,b2fbcae4aae6385665fca7d05196df6f20ab9436
234169_200w.jpg,200,278,portrait,none,25046,RGB,82223292d3d5004214933648e9e6b5328d8aa43b
234172_200w.jpg,200,278,portrait,none,26892,RGB,78e5e190159dd54853ecde356d3562dc1e8dd11b
234174_200w.jpg,200,278,portrait,none,22051,RGB,efdc011ca3f9cc9be86573acad848216437a411c
234177_200w.jpg,200,278,portrait,none,27857,RGB,ac688307e25f8995abf0b0da72f3fbc30553a105
234179_200w.jpg,200,278,portrait,none,30675,RGB,ec0572287b41924315433dceefdc53262d31fe11
234181_200w.jpg,200,278,portrait,none,25226,RGB,cf3cf686f6229d225ead957df9b3a794162c488f
234182_200w.jpg,200,278,portrait,none,29908,RGB,2c1deb24f4c82e48249ee547014e166a8fa46fcb
234183_200w.jpg,200,278,portrait,none,22174,RGB,b6ab7f24b14fbf447ea3579832f8bf39a989ef5d
234184_200w.jpg,200,278,portrait,none,24432,RGB,4ee630466c081d1341094f19408f5eecfada7a2b
234185_200w.jpg,200,278,portrait,none,23432,RGB,c8d494ab37697b6696efb2a6317776817d991f71
234186_200w.jpg,200,278,portrait,none,25119,RGB,c1de3b9426ceef2f86f8558e92dd6f20d22a9a2f
234188_200w.jpg,200,278,portrait,none,22776,RGB,93e12e27bb4d3c1242757d10c81a8ed26cc5fd1a
234189_200w.jpg,200,278,portrait,none,23936,RGB,48c0e2919e4dc43f8aead08bffc32513c1b12dec
234190_200w.jpg,200,278,portrait,none,23411,RGB,9ba8fd5160476d45df687442d2a9f3a6ec9f72cd
234192_200w.jpg,200,278,portrait,none,23066,RGB,427fabe083c066e917ccdc6a24ca1fdc157e88f7
234193_200w.jpg,200,278,portrait,none,22465,RGB,f1b8c6080a66e62017f17cd1ab3f16c508257d50
234194_200w.jpg,200,278,portrait,none,22750,RGB,f09cb142e632f013a09c3373208d91f75ffeedab
234195_200w.jpg,200,278,portrait,none,25795,RGB,ca3553cf215dd68157535253aca76f38c72d54bf
234196_200w.jpg,200,278,portrait,none,22924,RGB,0053dbba580f565287365413a922c2612638fff4
234197_200w.jpg,200,278,portrait,none,20587,RGB,8ace242cecb0a5a86280597a91c9b6ff8411ecaf
234198_200w.jpg,200,278,portrait,none,25076,RGB,50c5393e04a49e744119a7e8296312af3bb836b6
234199_200w.jpg,200,278,portrait,none,21133,RGB,0aae8cc0716d4e7f9e680d45ea2fa39012f7a2d4
234200_200w.jpg,200,278,portrait,none,25560,RGB,fd34797d19fa50c0419945c0cc45130c554c7646
234201_200w.jpg,200,278,portrait,none,24009,RGB,1ab13b8fc35026a9ce9b93b7ca339987c6f5fd54
234202_200w.jpg,200,278,portrait,none,23094,RGB,097871a2883b57b5ba7198625e5f999cd1848b3c
234203_200w.jpg,200,278,portrait,none,21858,RGB,96b8b96f4fdf232b8df32772fc3624251a2134b4
234204_200w.jpg,200,278,portrait,none,23247,RGB,d63585f12410472ef9330459f6ea870d3eb87f9e
234207_200w.jpg,200,278,portrait,none,29874,RGB,03c1f6d3236bb4e6af2362e6a2e292267963cfed
234209_200w.jpg,200,278,portrait,none,23364,RGB,b0b4cbe3e08f942e62d84e8b6b05b3a0ad1bb310
234211_200w.jpg,200,278,portrait,none,22661,RGB,be2512742ef2a46f81b8c04db5c84950500171ed
234212_200w.jpg,200,278,portrait,none,20376,RGB,cd909079d4e6dae4658890e3183c980f5f7ece0b
234221_200w.jpg,200,278,portrait,none,20947,RGB,333d1333f71ca8876952dc8e6d917a8b3b1bad5f
234222_200w.jpg,200,278,portrait,none,23943,RGB,a8b18b1d5b0842029d2d82259b522e5855b668c2
234223_200w.jpg,200,278,portrait,none,20277,RGB,41dcdec82a8655facf49911cf6ec4f493cc0070a
234224_200w.jpg,200,278,portrait,none,23097,RGB,b44112c5a8fca3b00bbffa02501721a2c42a7d76
234225_200w.jpg,200,278,portrait,none,25365,RGB,568eceab984d40677ef3aab6043312e888af89a2
234226_200w.jpg,200,278,portrait,none,22594,RGB,760178db36dbac11a6c439ce2f68dd8fb1b66d7a
234227_200w.jpg,200,278,portrait,none,27909,RGB,09d9982f42454e882ae73f30047516272daf71dd
234228_200w.jpg,200,278,portrait,none,26216,RGB,80980d5481d761e14e8464c0c04aa8a3bd33a57c
234229_200w.jpg,200,278,portrait,none,24165,RGB,12866d37d8344e1820caa672ffa1ccfd0e64948c
234231_200w.jpg,200,278,portrait,none,23322,RGB,105a696fd9a3c326e70b7234af023071db5ca96d
234232_200w.jpg,200,278,portrait,none,20299,RGB,579d61b16fddc4c74b840da9b71878da80b97e61
234233_200w.jpg,200,278,portrait,none,24014,RGB,06022f4e00fe0cd509b19155b5ad1fb06c79c007
234234_200w.jpg,200,278,portrait,none,28111,RGB,fa0e884e6437468614c0377ddec82fc9c49a46d5
234237_200w.jpg,200,278,portrait,none,28862,RGB,4913ff88ce53d723167c7a0e51d533fa11cb0841
234238_200w.jpg,200,278,portrait,none,21642,RGB,fd2e3c6fe4254ee3211e8609697d69e0b89fee77
234241_200w.jpg,200,278,portrait,none,21549,RGB,f4383134480e05b195ae2b9f373836b1dd2a0c8a
234242_200w.jpg,200,278,portrait,none,22508,RGB,c4040db194e71df134b85e875c4bf3abec4a39f4
234243_200w.jpg,200,278,portrait,none,24492,RGB,736761447546d79420a63415b337482b4d4c2efb
234244_200w.jpg,200,278,portrait,none,21970,RGB,749c8e449c0059d37841dde053bc70d672707cc8
234245_200w.jpg,200,278,portrait,none,20225,RGB,ae4c3742b29155a62777cb6388a115d98b1ca582
234246_200w.jpg,200,278,portrait,none,23829,RGB,f2fbb849063fad52ac3cffad05b81cbfb83ad6b1
234247_200w.jpg,200,278,portrait,none,19972,RGB,e47150d261240ecb768052a8162a69323e216699
234248_200w.jpg,200,278,portrait,none,22180,RGB,47a32bc780212138d6dd7c7693feabfe54c7dd0b
234249_200w.jpg,200,278,portrait,none,19169,RGB,e309a36ca80642841540cc59bc0227041e3bdebe
234250_200w.jpg,200,278,portrait,none,21298,RGB,e7f6bba6831b8439e050537a4b74defa2bfeaa19
234251_200w.jpg,200,278,portrait,none,22516,RGB,4e4f14a12737ee150b01ae62a608a7658e4d54cb
234252_200w.jpg,200,278,portrait,none,22667,RGB,71a8ff5aff5cef345268368dafe5ef562a0c41cb
234253_200w.jpg,200,278,portrait,none,24167,RGB,9ec1233fb4ac7f464d11acbaec03cf0fa4a55700
234254_200w.jpg,200,278,portrait,none,19399,RGB,adc1194cb6cbd55a658e50efca0be65120f3c15c
234255_200w.jpg,200,278,portrait,none,21655,RGB,d75b5c58d6ef8ff838b9802ac0cb8beed53a656c
234256_200w.jpg,200,278,portrait,none,23684,RGB,95ae98d55e13e79a40197418057422ab8fb35ad3
234257_200w.jpg,200,278,portrait,none,19216,RGB,29f0163d16677e3566fbb3aef2e97079b2f264f0
234259_200w.jpg,200,278,portrait,none,23130,RGB,6307313fcdf9ba953a1ce3f2753c1dd3501e6ac3
234261_200w.jpg,200,278,portrait,none,23878,RGB,cdef5bb5adb5d9c77a6582e9e90dea5c981eb4d8
234263_200w.jpg,200,278,portrait,none,32003,RGB,9ca335203dc4fa19222e364c0ef10c79523cb3c1
234267_200w.jpg,200,278,portrait,none,29475,RGB,1f4198d303cf89a1109e0eb043fc17259b5f9867
234268_200w.jpg,200,278,portrait,none,32917,RGB,8cad9c6d5478d7c8a85b9236d5d497242530b71e
234276_200w.jpg,200,278,portrait,none,23852,RGB,5a39ea0c87c6aca324a91a07875ba5c08f40e66e
234277_200w.jpg,200,278,portrait,none,27595,RGB,fe12eb843927b2f4c9431101eb2152db53228434
234279_200w.jpg,200,278,portrait,none,23832,RGB,6d76302b27caf3485ec764a5253d6ccea978ff8b
234282_200w.jpg,200,278,portrait,none,20670,RGB,bb6f2da9c338e4b374154a4bf852d0bc3c2714d2
234283_200w.jpg,200,278,portrait,none,24323,RGB,7868862162f5ed4f31feeee77f118f5029056f58
234284_200w.jpg,200,278,portrait,none,26022,RGB,13fce790c8d2fd1dfb8f91dd1b7fabee5d2ddbee
234287_200w.jpg,200,278,portrait,none,21094,RGB,591a7f2c803b91c0c834265364822b0d0bb022dd
234296_200w.jpg,200,278,portrait,none,27401,RGB,bcc01b8d87cc14f7362af86908f875ec7705978b
234297_200w.jpg,200,278,portrait,none,29793,RGB,c24e27a1c01bad76e8961c2fe46580ca321761dd
234298_200w.jpg,200,278,portrait,none,27693,RGB,ec546c20512fa8c0b60a0659a2e705d559296674
234299_200w.jpg,200,278,portrait,none,31556,RGB,724e386926e357f44abec89622bd0f54b8db59cf
234309_200w.jpg,200,279,portrait,none,26419,RGB,8e15aa8aa64970bf14c6bbbb27e31644ebb684ab
234310_200w.jpg,200,280,portrait,none,24372,RGB,5346f99274d312bbe4e3f7956840388567e2adbc
234366_200w.jpg,200,280,portrait,none,22867,RGB,78ed6d622ec7de959872af002257d508f35df9a8
234375_200w.jpg,200,279,portrait,none,28633,RGB,810e79ba9ccc6b232e0300f9e43f8f69baaf524e
234376_200w.jpg,200,279,portrait,none,31534,RGB,1e38032cd846ac29e0059d4326e9d70bb254d0f7
234377_200w.jpg,200,279,portrait,none,28041,RGB,ee076d3a981a0e2c25e31df5690afcf22bdf09bc
234378_200w.jpg,200,279,portrait,none,30227,RGB,f51ec27e9f01c2c4d11055818604fec55c1fa725
234447_200w.jpg,200,280,portrait,none,18682,RGB,78aed94ce8e1728e0247161deb49191bb37c6520
234558_200w.jpg,200,278,portrait,none,23448,RGB,ab4f4bbe6ed93d8ccb0e2bab7b9287d27f6d0ea3
234559_200w.jpg,200,278,portrait,none,23094,RGB,097871a2883b57b5ba7198625e5f999cd1848b3c
234560_200w.jpg,200,278,portrait,none,27909,RGB,09d9982f42454e882ae73f30047516272daf71dd
234561_200w.jpg,200,278,portrait,none,26892,RGB,78e5e190159dd54853ecde356d3562dc1e8dd11b
234562_200w.jpg,200,278,portrait,none,24092,RGB,4d9834a0b54b44b8d50055f7c2464967f5516273
234578_200w.jpg,200,279,portrait,none,26721,RGB,91cf33ec77ef6ed826ff7b8132c40c0b4e1f35c8
234699_200w.jpg,200,280,portrait,none,22061,RGB,c39a5caaba7b33977789b5a3b238fc8289f00188
234727_200w.jpg,200,280,portrait,none,19978,RGB,b1381b7b68191bd212b193e9bee60becdcedc1db
234728_200w.jpg,200,280,portrait,none,22287,RGB,bfac5f4971b2044fc4f2941094b623d0bdfbd625
234975_200w.jpg,200,279,portrait,none,21516,RGB,7d99875f7b967e7072792d98af1bf30ab1527d66
235080_200w.jpg,200,282,portrait,none,19321,RGB,ad750fa41f76cce1a5ca129ec632be28c0251d7d
235686_200w.jpg,200,279,portrait,none,24798,RGB,b78a1983b9acf71487c00b7ede3be85bb6759a5b
235896_200w.jpg,200,280,portrait,none,23051,RGB,7f3cb99a32fc420a7bb1067dfa83bd3ab459e48c
236054_200w.jpg,200,280,portrait,none,25130,RGB,f643f890a27f4e09d247e548983f6ea3472a9116
236055_200w.jpg,200,280,portrait,none,26286,RGB,0dd862d498364553b17ed94f459d8ce99adc627e
236076_200w.jpg,200,279,portrait,none,21167,RGB,89a4bb42c6993ce0211cc4b067f803bbe44b6c4d
236461_200w.jpg,200,273,portrait,none,22518,RGB,2dcc73e8f3e6b427d0dfc622f8297d3419799e20
236462_200w.jpg,200,281,portrait,none,18431,RGB,9feca2e96b99aa6ffb1033b3943df33ba3a3737e
236464_200w.jpg,200,278,portrait,none,27165,RGB,d425ddddd9f2ad91e744286403a4492242f4efb7
238545_200w.jpg,200,278,portrait,none,25574,RGB,04b983be401c7121260ed774e77be88afc672eb3
238546_200w.jpg,200,278,portrait,none,28474,RGB,1a591122e74fb53eea190d86443871a205826d65
238553_200w.jpg,200,278,portrait,none,26158,RGB,dc3054d79675490e6cc9accd70953a88e62df4bb
238555_200w.jpg,200,278,portrait,none,30293,RGB,3e4b4540eed375338f34b78c4ae0c9b9047b5428
238635_200w.jpg,200,271,portrait,none,23094,RGB,bb1c52a04dc12766256053f2c7e0c95dbb0b4647
238865_200w.jpg,200,276,portrait,none,22531,RGB,2cf8f4746986c352c554473c68c9df5425b7463b
239090_200w.jpg,200,280,portrait,none,27410,RGB,8018e1d85ea9744e226007dce8ba518ad8f42d67
239211_200w.jpg,200,279,portrait,none,23947,RGB,8480148f8836cde96995d2cbab5f121dc17b3c44
239323_200w.jpg,200,279,portrait,none,23947,RGB,034deba2de65e099cb9d4d9ec37286a284f47bd5
239439_200w.jpg,200,279,portrait,none,22304,RGB,172262bc231d47ebc6afb176e9169002a5a786ac
239498_200w.jpg,200,278,portrait,none,23666,RGB,e3079aff4c9391e3d15e32732be67ed0692aac99
239504_200w.jpg,200,278,portrait,none,23729,RGB,2ad04c8e5f9babd2d2974172b9e7a38f98bd75b7
239642_200w.jpg,200,278,portrait,none,20064,RGB,5ff28ad4094e4f9c4d0337be9636395dba1c5393
240133_200w.jpg,200,280,portrait,none,24150,RGB,2646842fa7ba60c27b43bb47c93a15559a2bf27e
240892_200w.jpg,200,278,portrait,none,26943,RGB,5ff5e3bfa92a0bb2fc8ad0ab23639dddd25b1657
240893_200w.jpg,200,278,portrait,none,23323,RGB,102ddb66afbf5bc55dce2d49d3d3b8b6db016411
240894_200w.jpg,200,278,portrait,none,26044,RGB,e88c3333cdc7e7b15e7119e26931497d2f64803d
241648_200w.jpg,200,278,portrait,none,20289,RGB,38ece482d648c020da6e3be2e230da973299fb1f
241649_200w.jpg,200,278,portrait,none,23651,RGB,f601a84b275198361f60f8ee4dcaf4ddb0ac9b77
241650_200w.jpg,200,278,portrait,none,24230,RGB,f8417843668b54b2f25059fe34125b17cd00fe7b
241651_200w.jpg,200,278,portrait,none,21059,RGB,dd1a9d2c7738fdfaa4534e9de59dd8c62c6882d1
241652_200w.jpg,200,278,portrait,none,22714,RGB,fa37df718ddb9522b3ea3dd343b48059eddaa159
241653_200w.jpg,200,278,portrait,none,23100,RGB,ae1a98a5fdc46a720dd16b0111e1d402aa44446b
241654_200w.jpg,200,278,portrait,none,27198,RGB,e693af6b7965b59afc6fb1feff283665e9b6c544
241655_200w.jpg,200,278,portrait,none,25258,RGB,51202c56e01c2dcb3217874107339870a52ee907
241656_200w.jpg,200,278,portrait,none,30985,RGB,4536645d567d2394a5789003c136a18fb6177f89
241657_200w.jpg,200,278,portrait,none,24985,RGB,22f633228f2d6311227d2267851b2288e6944e38
241658_200w.jpg,200,278,portrait,none,21822,RGB,9efb91e7205f264cc61aa8f3dad580b58eb0c32d
241659_200w.jpg,200,278,portrait,none,24775,RGB,7280bbec83626835c1e1d33f87c3b966d1efbb19
241660_200w.jpg,200,278,portrait,none,21365,RGB,47bf6eb9783788ebaab7ddc4646021c22d4f840d
241661_200w.jpg,200,278,portrait,none,21504,RGB,f3e811770e4252ecd920fc595515a7c9c1ba5d63
241662_200w.jpg,200,278,portrait,none,18932,RGB,03df6753eb5224c97807260ea2203f2cda8c9de7
241663_200w.jpg,200,278,portrait,none,22086,RGB,cc0d92bdb6000625bc73743718098290d15eb95f
241664_200w.jpg,200,278,portrait,none,24113,RGB,65a94b9e8f54c3d055567d9ff77447e63bc6e381
241665_200w.jpg,200,278,portrait,none,20781,RGB,cd31e2f1faa8af219dad231d1f0c24963098ed84
241666_200w.jpg,200,278,portrait,none,21348,RGB,f5ccb1a749c4bb9bb17ddafbe8b5326e14326510
241667_200w.jpg,200,278,portrait,none,25931,RGB,29f19f542214061372e3ffae07c846081cf5afd9
241668_200w.jpg,200,278,portrait,none,24314,RGB,ba0ec5417598fd62dd9b452019b220513e1e6152
241669_200w.jpg,200,278,portrait,none,28482,RGB,66aeb3fd100cbccf6d6bab2ba323d428d0b89ccf
241670_200w.jpg,200,278,portrait,none,29745,RGB,47478f0cc77dabf3566dc960cc9d5a3d013b4d6c
241671_200w.jpg,200,278,portrait,none,30434,RGB,35bb50b595512d456940b10360278a024cb4cf6b
241673_200w.jpg,200,278,portrait,none,35244,RGB,514ccf53b82b7d651235e8afb8c4ea5b7f772f71
241674_200w.jpg,200,278,portrait,none,21868,RGB,545da6ceb2bea354c20f62afb4604a03a7477c01
241675_200w.jpg,200,278,portrait,none,22295,RGB,fc8510b113ff91313efe9c8a2a26ec48e4ef47bc
241676_200w.jpg,200,278,portrait,none,25389,RGB,7e8de0d1f24fcbaedc9b3dae6c42f2f877eae990
241677_200w.jpg,200,278,portrait,none,29164,RGB,145686097b89fe3a6303ac9d83f0f360b52f8eef
241678_200w.jpg,200,278,portrait,none,31201,RGB,053ceddb082bb80cedd52fa4c00e11849454ce4d
241679_200w.jpg,200,278,portrait,none,20955,RGB,c01c6356f71529c3967c88d7cc99b1983d459239
241680_200w.jpg,200,278,portrait,none,21939,RGB,a4a19bfbb81303ce20513d94ef94c7d14db8ccb4
241681_200w.jpg,200,278,portrait,none,25571,RGB,f5b065a545beb57cda13cd66d92d78bfb5734545
241682_200w.jpg,200,278,portrait,none,22693,RGB,43a9ca85a81f3b3519542a998384cdc2d030c258
241683_200w.jpg,200,278,portrait,none,24931,RGB,31821bf5633b462d7407b6c5ce95b0f6b48ccf2c
241684_200w.jpg,200,278,portrait,none,25560,RGB,5f4284e5094df8c07d451950511cefb675e8677d
241685_200w.jpg,200,278,portrait,none,23868,RGB,926eea0423786bfbd4ac4df0f6420f586ea15e52
241686_200w.jpg,200,278,portrait,none,25622,RGB,b816fbd8b5b6b47a4f15c8d8d6e32a2d6b405d14
241687_200w.jpg,200,278,portrait,none,22191,RGB,8bed7f7023a9c8bda456b8d929f5c8ead9d7a256
241688_200w.jpg,200,278,portrait,none,22449,RGB,f2423434041b70300b59a3044c41b8ee4ed1fb92
241689_200w.jpg,200,278,portrait,none,26256,RGB,0cbbdb41a5a0c330362839e60ca0f730e60aab69
241690_200w.jpg,200,278,portrait,none,21608,RGB,e4c0fa7b01a8ff78f298363a279e6ef8b080fb39
241691_200w.jpg,200,278,portrait,none,22217,RGB,9a16bf2a935bb02d189c2d376e5ca7032ef463b1
241692_200w.jpg,200,278,portrait,none,24713,RGB,6f290afcb9e18c7ed8d3d88b6e1edc3a7e49bc8f
241693_200w.jpg,200,278,portrait,none,25119,RGB,fa0de319964234d30c9e98450ba0ebec628b1ae5
241694_200w.jpg,200,278,portrait,none,25292,RGB,2c469179cb060c1d201fffa2924f25b82ba5ca31
241695_200w.jpg,200,278,portrait,none,22513,RGB,9d3dc864f3d9cfe5a14da09e9243f0c19e28d107
241696_200w.jpg,200,278,portrait,none,26381,RGB,ed96cb87d34dfc22566607766e4579309611a2ab
241697_200w.jpg,200,278,portrait,none,25613,RGB,de31dc71b53bb7cc9d620c6f8d8dba7277721b6b
241698_200w.jpg,200,278,portrait,none,27614,RGB,c0b734eccc3fb7d14d248dc26bc0bdb7324ff2c6
241699_200w.jpg,200,278,portrait,none,28226,RGB,28a6c2982ca23cb85cf481cb9b6b9178770aa0dc
241700_200w.jpg,200,278,portrait,none,25389,RGB,07d4cd4fc79273836bda313dc8dc30850cb51f30
241701_200w.jpg,200,278,portrait,none,30530,RGB,0af36315733dcbc1da532a2687fc6f2f1bbdd5b0
241702_200w.jpg,200,278,portrait,none,26223,RGB,8841a340d540c136b1c2bc138c06a0714851a78f
241703_200w.jpg,200,278,portrait,none,28675,RGB,02eb8f99d435310052871c3f3905de7c3511379e
241704_200w.jpg,200,278,portrait,none,21465,RGB,c4340c64209a427e875bd6b86880c1ccf2699c80
241705_200w.jpg,200,278,portrait,none,20221,RGB,613777027f40547ce491e63bf53249f21b0c6037
241706_200w.jpg,200,278,portrait,none,24082,RGB,df2c927650c37924a6ff66e8bad30fc181fa13e5
241707_200w.jpg,200,278,portrait,none,20238,RGB,fe93131037eb2246880862087d0c68c3f029ce7e
241708_200w.jpg,200,278,portrait,none,26307,RGB,196ff39d46176dd317a905dbe7606b37b14d1a70
241709_200w.jpg,200,278,portrait,none,24746,RGB,7199f16030916743c51dd12d15edba3790c6d722
241710_200w.jpg,200,278,portrait,none,29313,RGB,956410236181e7cab6bc28d953d4f33114aa965e
241711_200w.jpg,200,278,portrait,none,30321,RGB,c0456cfa4d701c6e022c959914fad7c80550a6f1
241712_200w.jpg,200,278,portrait,none,28048,RGB,cc93fa9a2227f4b9a4c880ae5d9397299682a935
241713_200w.jpg,200,278,portrait,none,20495,RGB,fa56d0119f5def68d9fd3407bd1771f68c11533b
241714_200w.jpg,200,278,portrait,none,20140,RGB,69fa32cf47867686e3566a9a48853f8923a948d6
241715_200w.jpg,200,278,portrait,none,19809,RGB,0bf027a7f92f1ba0dde63027f3f1c7dde4230c7a
241716_200w.jpg,200,278,portrait,none,22728,RGB,b2461c14f1968c161a5c9ea3379505fdf3dd94a5
241717_200w.jpg,200,278,portrait,none,26641,RGB,917f62928eab108f47b146ef5745989cf9dbfe86
241718_200w.jpg,200,278,portrait,none,26440,RGB,1e678e92bf2cb18f3de8a6d60803899917d53694
241719_200w.jpg,200,278,portrait,none,25452,RGB,382ad6f5cc76ee8b7df44b517cb493518b4d1720
241720_200w.jpg,200,278,portrait,none,20454,RGB,db8da543e1dcaea7ce762f2f1128a94063331f1e
241721_200w.jpg,200,278,portrait,none,20827,RGB,1b5e7e73f7b9240fce66e9392fe7c90a02afc709
241722_200w.jpg,200,278,portrait,none,23389,RGB,e6a8e94d863c941ad47930a09fb83c2518012caf
241723_200w.jpg,200,278,portrait,none,19102,RGB,6f1fe80f9d1ed786253357500810a44e1acca551
241724_200w.jpg,200,278,portrait,none,22439,RGB,78f1aaa42c6318e89c8957b8ef45627c801873f8
241725_200w.jpg,200,278,portrait,none,23875,RGB,f7a20df29c3609163c310d379183a642c2ed9de2
241726_200w.jpg,200,278,portrait,none,20433,RGB,ef08e2dbf0afb048fcd35975999096374b33fa88
241727_200w.jpg,200,278,portrait,none,22208,RGB,5d9bb80337c66cc79de99b0fd7eee754f52b4b67
241728_200w.jpg,200,278,portrait,none,20325,RGB,cd5d78cdf04c34652a7136aecf30b01eae76f4b4
241729_200w.jpg,200,278,portrait,none,22950,RGB,4b3114b96dd0dbdd7f82b470f64539e10c3f2b47
241730_200w.jpg,200,278,portrait,none,21108,RGB,3e8c90461f5f5aee08551875512c0c7ed0529624
241731_200w.jpg,200,278,portrait,none,23604,RGB,0b1254fd1b6656ed21ae3bb1296e088d1f486272
241732_200w.jpg,200,278,portrait,none,19695,RGB,b85c0319c701916076ca49e41e1d9f96c9759f64
241733_200w.jpg,200,278,portrait,none,20347,RGB,3efba3b689ff9d66b404f63f848d58e90b69585c
241734_200w.jpg,200,278,portrait,none,23393,RGB,f70ac7dcb4cf1d1ab113315ee69e5d2c39141dd1
241735_200w.jpg,200,278,portrait,none,26640,RGB,2efb67299f5d3e54b992a7ad9bf853fd73793a28
241736_200w.jpg,200,278,portrait,none,30788,RGB,1efaea14c103f65134f91d3619fed80ae999198d
241737_200w.jpg,200,278,portrait,none,26056,RGB,882d4faa885d63b7924326d6028ff6495b2661e2
241738_200w.jpg,200,278,portrait,none,30132,RGB,a04b97b59b260ae07911b7a632e55445282ee3fe
241739_200w.jpg,200,278,portrait,none,25982,RGB,a4a50ef1d778a2efb2705cd0465cfffe83a57bb7
241740_200w.jpg,200,278,portrait,none,28983,RGB,83716f2b82d5a27d3f5d0efcc536e4fe2b914a8f
241741_200w.jpg,200,278,portrait,none,22170,RGB,f1b1f447b1787f885910cfb29a7563fa1f92d500
241742_200w.jpg,200,278,portrait,none,24367,RGB,d250650010a5599b491cbb5323e5c1c9ccb3dde3
241743_200w.jpg,200,278,portrait,none,21178,RGB,e66c88149e848587bd2ddd5d6f87bb3e6055f704
241744_200w.jpg,200,278,portrait,none,23547,RGB,06790cf020fc2b25901a27ce9ccf1cacbfd97f90
241745_200w.jpg,200,278,portrait,none,28442,RGB,e97d3f1a75b7a79410545e7779082ab538a75af6
241746_200w.jpg,200,278,portrait,none,29627,RGB,ed45de53ad91d4246cc658473b8579497e853895
241747_200w.jpg,200,278,portrait,none,28979,RGB,0ac82cbd73a3d45c70100e1552f139e944722274
241748_200w.jpg,200,278,portrait,none,22842,RGB,15718a0f19534be97dd94b0b53d60e9332a5b9d8
241749_200w.jpg,200,278,portrait,none,20418,RGB,e23742aa56b2af9a1005907f332ef55a8dd32a80
241750_200w.jpg,200,278,portrait,none,25611,RGB,7996d45b72355d4b55f1e8fd9276719e18c9a9a7
241751_200w.jpg,200,278,portrait,none,22714,RGB,2de66c282e0e71fa6bae8980784b538ee67379e4
241752_200w.jpg,200,278,portrait,none,25557,RGB,4d83be887b980d1191b24f3ec42a6de8b6ed25d0
241753_200w.jpg,200,278,portrait,none,22336,RGB,0d9dce95b3355e52e4d06ba11fe1185f3cafffef
241754_200w.jpg,200,278,portrait,none,22640,RGB,1fcd3e6cef78a4954ef7c8da62a5fbf73a57c66e
241755_200w.jpg,200,278,portrait,none,25064,RGB,f74b02ba4c770b39b140b06c4629015737774f28
241756_200w.jpg,200,278,portrait,none,28172,RGB,497b66cf01f6838a77fbf859d748f07ab55f107b
241757_200w.jpg,200,278,portrait,none,27044,RGB,b7411e40d27e32bb4313275032e4705dc75b77ef
241758_200w.jpg,200,278,portrait,none,31512,RGB,d468bcea26e62481b66c9be7a427f0c32ce4e87d
241759_200w.jpg,200,278,portrait,none,27060,RGB,2f8307962f4f462823004423f92703c8880c86b0
241760_200w.jpg,200,278,portrait,none,19471,RGB,482c6c3c8cff68d167da9941a01065d37f864f3c
241761_200w.jpg,200,278,portrait,none,26145,RGB,c58324d3192d8afd0324fe105f4a4c1bd6d9c29b
241762_200w.jpg,200,278,portrait,none,22124,RGB,2b6faedc3c4901f7ad7d5e1ba964b39ea99deb36
241763_200w.jpg,200,278,portrait,none,23081,RGB,0ba1b13ff94de00998d190d47cff17037c989120
241764_200w.jpg,200,278,portrait,none,25241,RGB,354601051ef2204ae88cf597ae1bd1354f91474a
241765_200w.jpg,200,278,portrait,none,25738,RGB,c38010ffc9b6cc6bf70fc8d129b692e1fa931f88
241766_200w.jpg,200,278,portrait,none,27431,RGB,2d8bba9639f04612227bb79b2d8af5632eef1270
241767_200w.jpg,200,278,portrait,none,29556,RGB,c3a22e799a5f4efeb75c393438a9b19fe90de7e6
241768_200w.jpg,200,278,portrait,none,32306,RGB,55360d06688210cd0d1b345878af5266067c760b
241769_200w.jpg,200,278,portrait,none,25654,RGB,743031c04d23e0c19f401c947f309990abafd015
241770_200w.jpg,200,278,portrait,none,26754,RGB,c733b4e1b1186772b9fedfadcd67944d70b42ddc
241771_200w.jpg,200,278,portrait,none,26890,RGB,474f249d4ea75a2fcafb2ecffe311b5a716366ee
241772_200w.jpg,200,278,portrait,none,30696,RGB,65d13cfbad90b70d7f7ee625432a4b4a29278cdf
241773_200w.jpg,200,278,portrait,none,27114,RGB,b7154a5bcdd635fcf8765c5e09ec3e70a3975d47
241774_200w.jpg,200,278,portrait,none,24575,RGB,30d5b3bf247cb65c9160ce35210357f6060a9dbc
241775_200w.jpg,200,278,portrait,none,25556,RGB,a7de68935c3319a69678d8c38c9729ad428ca997
241776_200w.jpg,200,278,portrait,none,24844,RGB,af9aa52c132c1f5966e167b994acd44cadcb84ec
241777_200w.jpg,200,278,portrait,none,26657,RGB,ac5400aa05db68e2d432c870e2a712d94a8bce27
241778_200w.jpg,200,278,portrait,none,28464,RGB,ffe8c521b58278c7f95d3c19701c21a27a100c9d
241779_200w.jpg,200,278,portrait,none,29075,RGB,79c297ec37eec8a499ba6bc4113f38dbf2a6f893
241780_200w.jpg,200,278,portrait,none,22131,RGB,a42a4f122e939607b3557116c9fab1ae1fa8db4f
241781_200w.jpg,200,278,portrait,none,24719,RGB,5dbf9629337e324cd6d4b55ddf16c39941b07bf7
241782_200w.jpg,200,278,portrait,none,23660,RGB,e9464e861fffc2cbf2232b7f3dc93062d0f9d7f3
241783_200w.jpg,200,278,portrait,none,26182,RGB,465c1d59a5a4ab3c95d106a536eac5cd544e4486
241784_200w.jpg,200,278,portrait,none,22634,RGB,a0201a40458d25a2ea06413be69ddb1a1c7a380c
241785_200w.jpg,200,278,portrait,none,21793,RGB,7448698794fa922af4c6d2bd7532ec9e8cd7db9b
241786_200w.jpg,200,278,portrait,none,24413,RGB,67c55b05170bbd5dc063e884a1f4b97e825c5515
241787_200w.jpg,200,278,portrait,none,28247,RGB,3bce9732fc23eb264ae124a37ee14256e2fae04a
241788_200w.jpg,200,278,portrait,none,31611,RGB,51a457e6a85a3ba74b12fa7256cf97aab8d4c8f5
241789_200w.jpg,200,278,portrait,none,30025,RGB,3167251364a7a3572a6139b70c0499f4695c721a
241790_200w.jpg,200,278,portrait,none,25657,RGB,0043fc08146665a54025f4382c38988eed364401
241791_200w.jpg,200,278,portrait,none,20303,RGB,9ccd13f9eb3592b5a236e8d4a80242656377e4ae
241792_200w.jpg,200,278,portrait,none,23860,RGB,5c5b80551ffb5a09e38895fc7f24d74721d17b42
241793_200w.jpg,200,278,portrait,none,18777,RGB,9d86267637df87559b73af14ba63369817dea8ef
241794_200w.jpg,200,278,portrait,none,21505,RGB,61e53cf90cbd31edc30b5344be1a092f12d8bc1e
241795_200w.jpg,200,278,portrait,none,27424,RGB,a55a456d47daea84ff744c4dfafd9308c37a46bc
241796_200w.jpg,200,278,portrait,none,27522,RGB,e7b2f958a1820fe242a3e7c7d6f6299a039c298d
241797_200w.jpg,200,278,portrait,none,25364,RGB,473c22d506c3b44934fcfa034640e0fa7f0d68c1
241798_200w.jpg,200,278,portrait,none,25178,RGB,b94dd4ba7824fa63eebe9e4a2416cb0104c96876
241799_200w.jpg,200,278,portrait,none,24783,RGB,8236bbd02464bef7b071a790a633837b1a99a1ba
241800_200w.jpg,200,278,portrait,none,20299,RGB,8725cc9f079c08fa29e3bdff1b4f5b054e5f2ace
241801_200w.jpg,200,278,portrait,none,26067,RGB,fdbf985b283c87026e4c65b698f0bfd0df829db4
241802_200w.jpg,200,278,portrait,none,22343,RGB,dcef34f907f023ee482fde9e6af51e7ecdd5836b
241803_200w.jpg,200,278,portrait,none,25309,RGB,932049a619d32ec7ef2a6aafabb7f66dab831714
241804_200w.jpg,200,278,portrait,none,26980,RGB,1f63d47a99032090e6a799bc00ea7697fc7f2430
241805_200w.jpg,200,278,portrait,none,31028,RGB,934b4a29e5ba13dd59813faf70eec0370a1b3d52
241806_200w.jpg,200,278,portrait,none,29932,RGB,e2ea7347a644cc14c2f181194e9f0e1efb5edd1b
241807_200w.jpg,200,278,portrait,none,27192,RGB,b86368a44cd975910f562fb3b67521461a9c4bba
241808_200w.jpg,200,278,portrait,none,23079,RGB,9c4b7eebbf8202e69d997aa64902dc51336d6802
241809_200w.jpg,200,278,portrait,none,20385,RGB,aa5546415ff76881374ed040a9b9dc7d24dccda5
241810_200w.jpg,200,278,portrait,none,22423,RGB,21b1dba615743f57b2bfb781f90dae1a921aa425
241811_200w.jpg,200,278,portrait,none,19508,RGB,4384710fad36a005c78a4b4af19a83726cd10651
241812_200w.jpg,200,278,portrait,none,22854,RGB,f0cf278912bbc012b84d2b494577ff6d2e0bd67a
241813_200w.jpg,200,278,portrait,none,18333,RGB,22ef8bbb3b111fbe053da28fdb3b693044470f33
241814_200w.jpg,200,278,portrait,none,21070,RGB,296759bc8f03922343c81b464098991f7122ff52
241815_200w.jpg,200,278,portrait,none,27122,RGB,1356edf0b1c542d1c086bf2b73f85db942b5c0f3
241816_200w.jpg,200,278,portrait,none,22066,RGB,0104da4768dc06e2a752993a8386d5198808adf3
241818_200w.jpg,200,278,portrait,none,27196,RGB,55ead8e7b9780ee1477dfcc5a6abf1f3d642ad31
241819_200w.jpg,200,278,portrait,none,23198,RGB,a8ee90cb225c39f06c48d62095da10085ac2c95f
241820_200w.jpg,200,278,portrait,none,19982,RGB,773a83267f274b70f67afc6bb75ec0a4f016bddf
241821_200w.jpg,200,278,portrait,none,22580,RGB,90e5dca50c9e8cbf54bdc26a1cb5d2009a9b4e45
241822_200w.jpg,200,278,portrait,none,21102,RGB,9c9277322bbf8cad6af7dbdb79d5b4dbb37babee
241823_200w.jpg,200,278,portrait,none,21405,RGB,9d8c31dce283ed89c0ccd8cd8cc4b2eb6f3476ed
241824_200w.jpg,200,278,portrait,none,18739,RGB,0964aab69001a795c751fc75bdb842fda0499036
241825_200w.jpg,200,278,portrait,none,21640,RGB,2b90e8c9b1566d09d555bdefa612e6eef3126f0d
241826_200w.jpg,200,278,portrait,none,18321,RGB,e3b3a17c1f4dc363008856675372dfe3f9b0b1c0
241827_200w.jpg,200,278,portrait,none,19049,RGB,c87f4c62b0f1f4468d54d961cb51651f3b5b0bda
241828_200w.jpg,200,278,portrait,none,20218,RGB,862dcea3d0a234f4a685e79b1d3f0f601dfd2518
241829_200w.jpg,200,278,portrait,none,22518,RGB,2650e91e6f2d453607c66fcde161b7f62b1e2bf8
241830_200w.jpg,200,278,portrait,none,19587,RGB,582e99ad48d3b50dd244d9fd4b4a7c73ea4ea090
241831_200w.jpg,200,278,portrait,none,21368,RGB,450637faf0a95fcb18b00bbe11d89a5e70e526cc
241832_200w.jpg,200,278,portrait,none,19888,RGB,1862eb7661c1a8bb4bd97025b8b6681f478c5953
241833_200w.jpg,200,278,portrait,none,27529,RGB,d3f6bbf40baa5c190ecb21fa447316adbf5a0fbb
241834_200w.jpg,200,278,portrait,none,19751,RGB,579b6fd3c21dc3fcc323699d4d39e3efd6ad1d31
241835_200w.jpg,200,278,portrait,none,17660,RGB,2d85a1ebe58a0e330d75ca32b1fad31efe2c8a84
241836_200w.jpg,200,278,portrait,none,22294,RGB,3986426973b7778743412a99045618973c3e5fd8
241837_200w.jpg,200,278,portrait,none,21867,RGB,ba2127a087a756d3bc3cc7648b5a9723ddbee65a
241838_200w.jpg,200,278,portrait,none,19455,RGB,2ff6c138bed7992300abb02e7ad9a1bc369f695d
241839_200w.jpg,200,278,portrait,none,24341,RGB,97dcf921e319ba729e5e040eb7cc1e6a72803984
241840_200w.jpg,200,278,portrait,none,20539,RGB,5ec914577f6d818a374ebed15fb42b145f30ef9e
241841_200w.jpg,200,278,portrait,none,20974,RGB,46903e82cccbc2d79465ff1dfb8fce31bd7edc3d
241842_200w.jpg,200,278,portrait,none,26795,RGB,efe6c82b61f645b07553765b3346e2a3cee5922b
241843_200w.jpg,200,278,portrait,none,22146,RGB,13f6592392ca2b3dde7d386b06100c7d931c078d
241844_200w.jpg,200,278,portrait,none,21371,RGB,c4886ea926a8189e065182e103e2d61b02983e55
241845_200w.jpg,200,278,portrait,none,24364,RGB,4fda563a769f2204f6e1373e67edfcef45755dbb
241846_200w.jpg,200,278,portrait,none,20752,RGB,4e500465ac3f6979880f744b84eb0c8162e44e9c
241847_200w.jpg,200,278,portrait,none,18888,RGB,0af649b6abebcbbcb9b08ac3e4b28b24d11a71fe
241848_200w.jpg,200,278,portrait,none,23503,RGB,febb623160b4d0af3c30aa38313d7a4f198af648
241849_200w.jpg,200,278,portrait,none,20731,RGB,d580e2f44901fd027c741e537a1f6011c4eea82c
241850_200w.jpg,200,278,portrait,none,20323,RGB,cab3a7bcb1c04c55bddbe7e26507f1b7b19fd4e0
241851_200w.jpg,200,278,portrait,none,20025,RGB,9c6db4cb960461dd58c35e4ea31653cc70839bf9
241852_200w.jpg,200,278,portrait,none,19177,RGB,a5cb1f3456fded8549f76b870b12eb67e733fc4f
241853_200w.jpg,200,278,portrait,none,24877,RGB,dfbed4cd26c49ae5de8873d006207a4036081915
241854_200w.jpg,200,278,portrait,none,19692,RGB,f2d37b1c7cc1e8e55ed7482d9300505e51612d29
241855_200w.jpg,200,278,portrait,none,21997,RGB,128ddaa2e46db837a5a83769c8950eb168672276
241856_200w.jpg,200,278,portrait,none,23708,RGB,0303f07264acca5ba0f84c539f543848bd7fefb0
241857_200w.jpg,200,278,portrait,none,20520,RGB,4deb473f9ee25d157724fbc8a19fb9a8163e58fc
241858_200w.jpg,200,278,portrait,none,24511,RGB,19a51626fb9fc96f445d968aa2d1bfa43b34cf64
241859_200w.jpg,200,278,portrait,none,22225,RGB,b7d3cdcd5b16838a465c65cc342b6766ec769eb1
241860_200w.jpg,200,278,portrait,none,24811,RGB,e2918051c1abf7b08a398e395e17874ab937e653
241861_200w.jpg,200,278,portrait,none,19555,RGB,5fc149cd1f096dddf6bd48d9cc5e42aa7fabe716
241862_200w.jpg,200,278,portrait,none,26560,RGB,432f9727e9862746d3abe144ce1132164079ed7d
241863_200w.jpg,200,278,portrait,none,20518,RGB,2751095211e033022553e7ab761d558fd20eb9e3
241864_200w.jpg,200,278,portrait,none,25359,RGB,4180afb606e86413080d57b4065e803e4c899b35
241865_200w.jpg,200,278,portrait,none,21103,RGB,b8b0dc7ecdb59b5d9e7666a2d55f04d2b336e76e
241866_200w.jpg,200,278,portrait,none,19332,RGB,13ec1bb3ec758d616c4ee849d17f44e8cdedf71f
241867_200w.jpg,200,278,portrait,none,24389,RGB,f99cca216cc2a59ef56370276ae8c5d217d164b1
241868_200w.jpg,200,278,portrait,none,23696,RGB,c2573309ee08efa6955d61de653e17e0ae08448d
241869_200w.jpg,200,278,portrait,none,23493,RGB,37eb439215724fb568096f1fe580ae4644624a72
241870_200w.jpg,200,278,portrait,none,22116,RGB,0c6a041906f4e34fe9082beecf49a2c0eed5c1d2
241871_200w.jpg,200,278,portrait,none,28466,RGB,3dcd873492260606e203ba89bd4233d99278787c
241872_200w.jpg,200,278,portrait,none,28305,RGB,fcd4f8311f15064cdfa59c14754a23aaf47ed27e
241873_200w.jpg,200,278,portrait,none,25187,RGB,707af983b9a4543e4078a4c8adc562568821c724
241874_200w.jpg,200,278,portrait,none,26470,RGB,320b2c86098a52a4fc3939e0d79ad2cba2f530c5
241875_200w.jpg,200,278,portrait,none,25014,RGB,f74c6a67e12bb62d0db4123b46097ba12188cf99
241876_200w.jpg,200,278,portrait,none,24131,RGB,ad1c654a4821bac5157694e38fad3210e552c1a3
241877_200w.jpg,200,278,portrait,none,24993,RGB,811e6079fd67834919024f83cc02cc24f5a25c70
241878_200w.jpg,200,278,portrait,none,18255,RGB,3594cc8349059e3133bc98cea92445ec84316aa3
241879_200w.jpg,200,278,portrait,none,17632,RGB,4df8bcfe0356a682a01c4aafe3577992ab43c208
241880_200w.jpg,200,278,portrait,none,17138,RGB,d911c01568ba7af4217a72bf96cf5793edd35a42
241881_200w.jpg,200,278,portrait,none,22641,RGB,89dc2aa63c53a21718cfae5052c9af33b55b147a
241882_200w.jpg,200,278,portrait,none,21184,RGB,0f1ca14fb3deec7b0286fc7bb40e3bb33518d33f
241883_200w.jpg,200,278,portrait,none,23608,RGB,8b36c00cd90a2098dd26a36a14bd018fc1f0e811
241884_200w.jpg,200,278,portrait,none,22916,RGB,0fb8fb845f525485c08edab91ce7097966a42245
242032_200w.jpg,200,279,portrait,none,27925,RGB,928343769bb0536711083c40c379515b0cb94a4a
242553_200w.jpg,200,277,portrait,none,21586,RGB,c1fc4d8132d17b80e4da851df5edc17f9796348f
242767_200w.jpg,200,282,portrait,none,23676,RGB,9ded06546987387c6f778d0432987cd590e7f5aa
242773_200w.jpg,200,279,portrait,none,25530,RGB,1c66170a21e8a495ae9c0c452537de628bfb579d
242774_200w.jpg,200,279,portrait,none,23116,RGB,05ce941d37497b4a92c38cf487360b0951760710
242775_200w.jpg,200,279,portrait,none,26334,RGB,496b0d5ceabc94e86fe18769c94917373a95dd51
242915_200w.jpg,200,279,portrait,none,19675,RGB,eaf01d5e03e09b6ecd395e439e5704e3da103138
243195_200w.jpg,200,280,portrait,none,27013,RGB,a9da4eac6a829d546c82263c038cd67f07a773ab
243196_200w.jpg,200,280,portrait,none,27088,RGB,b07d29346afe664dc73a2fc5894ff9690ea85fe2
243659_200w.jpg,200,279,portrait,none,24319,RGB,5778c65806f00c7bb26e75695e1ad3cb54a8ba59
244307_200w.jpg,200,278,portrait,none,21892,RGB,e16ea9e4726aeacc05f4f9e9557eb1c6c0acc5a5
244308_200w.jpg,200,281,portrait,none,20759,RGB,ac7fd2bf524b33d4a0aee4c6d5179127918563fb
244309_200w.jpg,200,280,portrait,none,22408,RGB,d74a7f06d240d55a937fb8886eb4a4760f26c1ae
244347_200w.jpg,200,278,portrait,none,22944,RGB,b5e039005670c26189576155fcd69301ca56cc40
244348_200w.jpg,200,281,portrait,none,22032,RGB,652150ce2196361dfcda7bdf47cfdcd3aa1e6cca
244725_200w.jpg,200,280,portrait,none,23487,RGB,a0539068bd393499ec7d890b57bbb34fb3510488
245145_200w.jpg,200,280,portrait,none,21034,RGB,8ead3765d2286780a0a71ae87254c830e2b7fca1
245146_200w.jpg,200,280,portrait,none,19767,RGB,284708f506fcaf1cd62fdcd57a7235744f01837c
245729_200w.jpg,200,279,portrait,none,22655,RGB,ccc134359259eb5b59c454288663298e638f24ee
245734_200w.jpg,200,279,portrait,none,24782,RGB,6280b8f12ccad8ccea379035e3a6c72ee5cc1937
245867_200w.jpg,200,278,portrait,none,25245,RGB,fb8eebb786b6c31b3dd01541d1f345a19d0d781f
245868_200w.jpg,200,278,portrait,none,28058,RGB,7cdd112c474ce9866fd2ba66025430334e2ecbc4
245869_200w.jpg,200,279,portrait,none,25804,RGB,72657b103a49dd07dbf1006ba6a78b5fb6a34982
245870_200w.jpg,200,279,portrait,none,28785,RGB,a898c6d71640c6889fb7fb05cf7a9474f7f717c7
245871_200w.jpg,200,280,portrait,none,22408,RGB,7f5438c28e34d51c5d3f88a4bd9ec26457f5dd46
245872_200w.jpg,200,282,portrait,none,26299,RGB,12873ec29d2ea3582815e0a97fed7e0d99ea5e09
245873_200w.jpg,200,279,portrait,none,25068,RGB,a2b4483a11806039f91e83f157d71604ddaa53a7
245874_200w.jpg,200,279,portrait,none,21803,RGB,530b3556aee754d4d574b3477dd2d34ab6f5a0a4
245875_200w.jpg,200,278,portrait,none,27085,RGB,64db99c5f61d9c83f70e5d19a34090253b4a5588
245913_200w.jpg,200,277,portrait,none,24278,RGB,d83200aebb87a77fec4579cbf2bb66ca40239c1c
245918_200w.jpg,200,279,portrait,none,23717,RGB,e0a9facd0423889cd23a8a96f9fecd3596f39f8f
245967_200w.jpg,200,279,portrait,none,13973,RGB,98bec2e4fcedc26699e1b3c5a87dc7684fd5bc0a
246275_200w.jpg,200,279,portrait,none,22705,RGB,636bc9465951094946820a89aef9ab284cb30ad4
246417_200w.jpg,200,280,portrait,none,24823,RGB,af1ee8240e06a9cb1c17698db6db09e6a5a47e42
246484_200w.jpg,200,278,portrait,none,22786,RGB,4b897b1de9ca7d864d249877b6445ec9fc3504d8
246684_200w.jpg,200,278,portrait,none,25647,RGB,bbe6b9f223b8ab897c3a26735d530cf474ad3bb1
246685_200w.jpg,200,278,portrait,none,29351,RGB,b669da0289b097aab513550c72e5e2bbc5eaaf7c
246686_200w.jpg,200,278,portrait,none,28283,RGB,3e549ca551d0bb34afbbe2b1d29166fdda06582f
246687_200w.jpg,200,278,portrait,none,26625,RGB,ba0cef1a27b61817ba1eba65830d1d49180f38b8
246688_200w.jpg,200,278,portrait,none,28342,RGB,44f408773c9fa2840e1351c1a90197fac8285b48
246689_200w.jpg,200,278,portrait,none,29757,RGB,8ad9332a73f298152fd2efcd5608483fc167d73d
246690_200w.jpg,200,278,portrait,none,30242,RGB,33371cc7d79b092f27e1bf451b7ee1884f8bd659
246691_200w.jpg,200,278,portrait,none,29659,RGB,f1b38074530258e121bdd79f27d2a508404f57c9
246693_200w.jpg,200,278,portrait,none,25445,RGB,2b12fe96b7fb73a63eb6520594e8705b386edb24
246694_200w.jpg,200,278,portrait,none,31304,RGB,88fa2a5f69faac657ad95f056574db07e76bd61a
246695_200w.jpg,200,278,portrait,none,28950,RGB,789d76902c938fa6b25663dd43188bf792bf5bf6
246696_200w.jpg,200,278,portrait,none,26062,RGB,fa04e5e803a50ee259524e466e3848100e5b25df
246697_200w.jpg,200,278,portrait,none,27602,RGB,d52b3e34261a8810a0226441ef0276ca557906f8
246698_200w.jpg,200,278,portrait,none,26373,RGB,cee67c13c0f89685f630374c2c72db94e320ecfc
246699_200w.jpg,200,278,portrait,none,26840,RGB,5a4d35a0a076070ad7fd9dd4cfff200889ed2b23
246700_200w.jpg,200,278,portrait,none,29477,RGB,5f5aeb9dbcb3c5147b223c270d1561115ace41f1
246701_200w.jpg,200,278,portrait,none,30084,RGB,056f742305ada72b949e15e73bac2047b4bd6990
246702_200w.jpg,200,278,portrait,none,29038,RGB,c6c766c0a596dd6208d7c8a2fbe4c82b9e6db6d6
246703_200w.jpg,200,278,portrait,none,30263,RGB,4a5875362a006c7eecb0b6df53e2609c1e39251f
246704_200w.jpg,200,278,portrait,none,30322,RGB,c4e005efcc10c22fdd3ed7607d524a940d6f962f
246705_200w.jpg,200,278,portrait,none,27519,RGB,baed6b3bb23446beee03f6c7d4f965f6e44d78bf
246706_200w.jpg,200,278,portrait,none,30211,RGB,c579a3f70410a71450393697a249caecb94d48eb
246707_200w.jpg,200,278,portrait,none,30080,RGB,676ea8f8d7e16a03d2a2d13701ffaa845cd84fb8
246708_200w.jpg,200,278,portrait,none,29343,RGB,60c60272bddc5b61704579d7a6e95d3ddd4732bf
246709_200w.jpg,200,278,portrait,none,25700,RGB,45ff59d2012a2928f93ba74889b7f29d863f65fb
246710_200w.jpg,200,278,portrait,none,28209,RGB,fa77257fe31c2fa4f924479fc25316953abcab82
246711_200w.jpg,200,278,portrait,none,27666,RGB,ae139b438d2d6335f2dd68cb6f11788e571a1c5d
246712_200w.jpg,200,278,portrait,none,28961,RGB,9f7ead6e63a22ecc943a8b019eb131da3f869fda
246713_200w.jpg,200,278,portrait,none,30682,RGB,3ff07029eba5cc1aa92925610936fe2c9893469a
246714_200w.jpg,200,278,portrait,none,24838,RGB,10ea0ac702d71618d8261a38ee8a8f5597889484
246715_200w.jpg,200,278,portrait,none,28466,RGB,1c4fb385d5cb73ee8dce11fbc587dbb0a2026a47
246716_200w.jpg,200,278,portrait,none,27416,RGB,de538a260e38827d2e301c68e04eff2996c7dbbc
246717_200w.jpg,200,278,portrait,none,28535,RGB,34647b28a6d72cc5952ecb1dccdeca48adb192f7
246718_200w.jpg,200,278,portrait,none,27829,RGB,6ffc931875a03e951e1c7f63f676f09d64ac005b
246719_200w.jpg,200,278,portrait,none,25059,RGB,4a3a7ec95bcbaadba989ef2a3600cf81ffbd4cd1
246720_200w.jpg,200,278,portrait,none,32062,RGB,eb068b26b4e0a794b2e701d4b760354bed2e87fd
246721_200w.jpg,200,278,portrait,none,28597,RGB,ef23bb7f530c0e81278e2f6fc2514c5ab31acfe9
246722_200w.jpg,200,278,portrait,none,25200,RGB,f7091295462c1ae5ce2bd0a43f8b99bd3898c9c1
246723_200w.jpg,200,278,portrait,none,29323,RGB,8b7bd367181aeb6e6b48628362c6c9904420e91d
246724_200w.jpg,200,278,portrait,none,30255,RGB,cfa26a1e30c991b6923621ec0c2a2469297dc86d
246725_200w.jpg,200,278,portrait,none,28833,RGB,4e0ba80a7fa2b3d20448fd900ec65cac1290430c
246726_200w.jpg,200,278,portrait,none,25321,RGB,83f843ae5679f14c1b9528c0476c542d589795bc
246727_200w.jpg,200,278,portrait,none,31510,RGB,6bfa7b1e9fa1cc8d6344c57c498ae6d0ff3110f2
246728_200w.jpg,200,278,portrait,none,28953,RGB,fb7dbf4ed222bc1e096baf34e65090f6c011da4b
246729_200w.jpg,200,278,portrait,none,29252,RGB,6a0ffc9422e4f585a018ea0cb4effa339c0b2ebb
246730_200w.jpg,200,278,portrait,none,31637,RGB,56d2594cea920b3bee9976119a0b98a5d429d3a6
246731_200w.jpg,200,278,portrait,none,28342,RGB,104852f4a3cf95dd0c0c85b34f6e7846a3bf2b3f
246732_200w.jpg,200,278,portrait,none,30691,RGB,afaa47f159d04a387b5bada56730828847851ecc
246733_200w.jpg,200,278,portrait,none,30788,RGB,addb7e22e97091c09fda032e35b9e020a9debc37
246734_200w.jpg,200,278,portrait,none,26526,RGB,34637722d13ae0735f995e8357a745a10699a610
246735_200w.jpg,200,278,portrait,none,25277,RGB,bdea368ad7f58d4db053b9356af6beec8186e37a
246736_200w.jpg,200,278,portrait,none,30922,RGB,d55039a47b82b4cb07174e2ad684338f5b2ef4d6
246737_200w.jpg,200,278,portrait,none,28104,RGB,fb5dcd09a42ded9567d01d8c4abaaa585da2720b
246738_200w.jpg,200,278,portrait,none,29036,RGB,8856794f26f64b8e5c496aa4052e237be2e2dbd6
246740_200w.jpg,200,278,portrait,none,27476,RGB,f7e4c86fdc336d6499fbc0d603a3af8908706280
246741_200w.jpg,200,278,portrait,none,30737,RGB,17d40ac609c4c250850e46e49d651851642b4372
246742_200w.jpg,200,278,portrait,none,28179,RGB,e4ae009587b4de7e789a3fc48d12d832cd7ea9e0
246743_200w.jpg,200,278,portrait,none,30093,RGB,82ea5519568176ec96793cefa7c45adcec24cbc0
246744_200w.jpg,200,278,portrait,none,28669,RGB,c1843b08581ce56300e04161f352ac0527b12c46
246745_200w.jpg,200,278,portrait,none,23120,RGB,4a785470892e80a6c5bc287b9cce79c39d972db2
246746_200w.jpg,200,278,portrait,none,29443,RGB,94ebca13c073f32c42793b8a50f4c10604841f27
246747_200w.jpg,200,278,portrait,none,28643,RGB,98dafa8b051f8f14fff2263eb81095c5e97a3153
246748_200w.jpg,200,278,portrait,none,28716,RGB,e183e04df1f6a07a592845a91197d16fd20174bc
246749_200w.jpg,200,278,portrait,none,25646,RGB,87ef0eddc81eb7b73364c05c5eee568eed74bfd8
246750_200w.jpg,200,278,portrait,none,29242,RGB,5cea5e6b6a043be64f43980c5ac755194b26e02d
246751_200w.jpg,200,278,portrait,none,30365,RGB,f50f2012bbfa465c40436c583ee9b68794c7f4cc
246752_200w.jpg,200,278,portrait,none,26686,RGB,b0329a9f40f0990b80a94278b891d48e21b4a7f8
246753_200w.jpg,200,278,portrait,none,30839,RGB,cc9579adb5c30bbcd30846fa27f1bbf903cac3df
246754_200w.jpg,200,278,portrait,none,29386,RGB,f0112f7b0f03eb28a56d79851b501e59ed913da2
246755_200w.jpg,200,278,portrait,none,26634,RGB,549a10afbfb1bc840a916ba7a0d01ae26fc9455c
246756_200w.jpg,200,278,portrait,none,30094,RGB,2853cb05dcb852e66548e0fd0707d7cae27148eb
246757_200w.jpg,200,278,portrait,none,26572,RGB,7b514bdb1c920f6251cd6b90d74dae6c70d01d88
246758_200w.jpg,200,278,portrait,none,24495,RGB,35bedd7655922ab7e7877545998ab49aece75413
246759_200w.jpg,200,278,portrait,none,26639,RGB,8d1e5a0005c26e21857d912e6541316622937710
246760_200w.jpg,200,278,portrait,none,31018,RGB,158e4f171625938d10dfbb30bf0a71ce5de3ff1e
246761_200w.jpg,200,278,portrait,none,26724,RGB,691a68fae97780366f69bbcf799b10ff23a4fc60
246762_200w.jpg,200,278,portrait,none,29686,RGB,41d59c7ba9879b71a70cbf11f792af5a5ce56769
246763_200w.jpg,200,278,portrait,none,28203,RGB,3a7d68cd2d31253fdd02f9376fab39c9f16a91b8
246764_200w.jpg,200,278,portrait,none,29439,RGB,4e868819b1ea01bd920de7f40e0c3ddbaeb3e300
246765_200w.jpg,200,278,portrait,none,30226,RGB,32618e114407256ad3c4c4bb970224baac77f022
246766_200w.jpg,200,278,portrait,none,20399,RGB,c383cd620d4433eaafea337ad6757d2800ad0f4c
246767_200w.jpg,200,278,portrait,none,21607,RGB,b7fa2f3ebcef943605f35e72876389db34ee6c19
246768_200w.jpg,200,278,portrait,none,21104,RGB,c3778ebb3d880cedce47941b454cee9624def1c5
246769_200w.jpg,200,278,portrait,none,20727,RGB,a67a23d1d0d95aecc2ef474b9900da56810763c4
246770_200w.jpg,200,278,portrait,none,21543,RGB,976c3b2b35dba25e5c36a1d47f341b1150b97309
246771_200w.jpg,200,278,portrait,none,17650,RGB,5203d32ad34383f9756df298429a61434d74391f
246772_200w.jpg,200,278,portrait,none,19858,RGB,16e0112575fafe1308220f4ecc58851e267fee64
246773_200w.jpg,200,278,portrait,none,21784,RGB,b683513b521b9043ae7bdd2168946c9209efc576
246774_200w.jpg,200,278,portrait,none,20602,RGB,1fad6aa6cb492c0be1a6ade68709ad2e425e168e
246775_200w.jpg,200,278,portrait,none,19110,RGB,0145a683cd50e84a3c3cefc10f50436c7583edc8
246776_200w.jpg,200,278,portrait,none,21829,RGB,094494f3e81b285647fd1f15a0b309a7513bfe6b
246777_200w.jpg,200,278,portrait,none,22489,RGB,e331e34583d7febb54b20aeec7311ee316bbc6b5
246778_200w.jpg,200,278,portrait,none,25512,RGB,0076f60c0642b7368b7d3223b8973f713b86f32c
246780_200w.jpg,200,278,portrait,none,17596,RGB,fd1bfd27fe7236074acdf0387498967c48b7cb0a
246781_200w.jpg,200,278,portrait,none,19959,RGB,7e8f91b5e45732fe05c28432b956821c33dffdbd
246782_200w.jpg,200,278,portrait,none,20961,RGB,0f956e059bd77ba1401b363e2942aa1cca57294f
246783_200w.jpg,200,278,portrait,none,20227,RGB,03a3b19a63d8202ff6d42b4ce62ffd1cc3bce70c
246784_200w.jpg,200,278,portrait,none,21118,RGB,1b0cb4d726bd15f832f72e459db82e2dea0e2aa7
246785_200w.jpg,200,278,portrait,none,20523,RGB,a95dc29c7f9fae516645b034bf918907dbd03926
246786_200w.jpg,200,278,portrait,none,20518,RGB,ab6e9a6ce040bc996ea33a26354fc0eabdb74748
246787_200w.jpg,200,278,portrait,none,18550,RGB,fa79c4825aaf7271b7b09678ce4f3988ddb066a1
246788_200w.jpg,200,278,portrait,none,18935,RGB,ed92118b715680067fceb42a1e6a472352912cd1
246789_200w.jpg,200,278,portrait,none,21231,RGB,91b2757d5bc794d2dfcde788e440e277c177ded9
246790_200w.jpg,200,278,portrait,none,19243,RGB,c0a840b30efe141c8576ef1da20cf04b88ee1ec9
246791_200w.jpg,200,278,portrait,none,24369,RGB,3c8f3bcc770ff4df66eebbf1fda567238cdbf5d0
246792_200w.jpg,200,278,portrait,none,19780,RGB,9be12c6cbab5a4dbfb9e8dc89e2380419547d4bc
246793_200w.jpg,200,278,portrait,none,27033,RGB,e3a8ae08cb66227fa11585dd85360172bf7c8b83
246794_200w.jpg,200,278,portrait,none,23109,RGB,551906f3249bf0d2ce8546dbb65e451845d19e3b
246795_200w.jpg,200,278,portrait,none,25870,RGB,36eda9f164753b3fb97e58a0ff4543adbcdb8843
246796_200w.jpg,200,278,portrait,none,21698,RGB,23268f0b02369c7c742d8121afb431026673d445
246797_200w.jpg,200,278,portrait,none,26479,RGB,41d5774e4ad2e59a2c071ea40eb88d907264b535
246798_200w.jpg,200,278,portrait,none,22765,RGB,1b8591040adc8579417fda6f8ec157bf5bf7e706
246799_200w.jpg,200,278,portrait,none,25851,RGB,e313496fcb24aa9e3c0753eb74513a3c455b7e9a
246800_200w.jpg,200,278,portrait,none,21755,RGB,718e7c3bb2df5af0e87ef35a57c49705bc6ec04e
246801_200w.jpg,200,278,portrait,none,25843,RGB,9ed161582e339e4f742effe1835b2319db119b1e
246802_200w.jpg,200,278,portrait,none,27538,RGB,9c7025b4b274e57d781da20795d0222535f84b19
246803_200w.jpg,200,278,portrait,none,25479,RGB,653a676dd7986d64c64c232fc85f107e5bd431d9
246804_200w.jpg,200,278,portrait,none,24726,RGB,6470d8dd63f25d02cae1f4a18bd7d78cdc50f79a
246805_200w.jpg,200,278,portrait,none,26937,RGB,747aee1243586dbc0d7fac162941972cb85ac08d
246806_200w.jpg,200,278,portrait,none,24509,RGB,8a2ed941063afd2c440e4b26d996a34860634297
246807_200w.jpg,200,278,portrait,none,24861,RGB,0d89fc19543ed0ab559413aaf4342b2973130487
246808_200w.jpg,200,278,portrait,none,21930,RGB,66cf2492437c9be9aeb6de48165087520d2d15de
246809_200w.jpg,200,278,portrait,none,26211,RGB,6e1816dd0606c82d48cd66e77069b33f31dfafba
246810_200w.jpg,200,278,portrait,none,14875,RGB,aaf3e417c2a6f338a587cbe60dc587ee5ba2ab7f
246811_200w.jpg,200,278,portrait,none,17620,RGB,0e425720a62939a05fb0435776125acc389a900c
246812_200w.jpg,200,278,portrait,none,16007,RGB,b5f207669f0028487e8528fa1b571bd3362bcd76
246813_200w.jpg,200,278,portrait,none,22845,RGB,b6e46217a7b5f763e2fd60162bbf727b0ecd2cc8
246814_200w.jpg,200,278,portrait,none,21306,RGB,1f1777ac089a61b3f290d3779f3c6a9fab3ea5d5
246815_200w.jpg,200,278,portrait,none,25315,RGB,3efcfc0df624b68be79ff895916583ebdd42affa
246816_200w.jpg,200,278,portrait,none,20472,RGB,8a43b6c03d78c29d375e3ead385fb40b4f1d7483
246817_200w.jpg,200,278,portrait,none,23409,RGB,53bdd0064de761176950f998aee7838dccc55174
246818_200w.jpg,200,278,portrait,none,23889,RGB,2a2d5012af5645ac59b9390915dd6c515cf8c4e1
246819_200w.jpg,200,278,portrait,none,21421,RGB,b20ccd6e55f023f72f19e95ffba3654c6aba4546
246820_200w.jpg,200,278,portrait,none,21783,RGB,2c6129981e70366de87c0128e857e1c6965da8ac
246821_200w.jpg,200,278,portrait,none,21572,RGB,37fd7cac2fb00fff4761e63d55fbb976ae770468
246822_200w.jpg,200,278,portrait,none,24823,RGB,7ba5ce216979b5580fd361ca53bbb42a80a94af3
246823_200w.jpg,200,278,portrait,none,21718,RGB,4a650f38de39aac55e5ff849423d01794a639a70
246824_200w.jpg,200,278,portrait,none,22028,RGB,1f023e58a689dde6aa2ace4401c77b656ad68efe
246825_200w.jpg,200,278,portrait,none,22483,RGB,88185d321e56f21b5e3ff044ed5f10d2653ecfb1
246826_200w.jpg,200,278,portrait,none,21147,RGB,5c4c650caf13cfa2347df0b59ab9c53e8a9dc52e
246827_200w.jpg,200,278,portrait,none,22069,RGB,11455b1a649cc6b6a03e95e77e5e06e01acbd24a
246828_200w.jpg,200,278,portrait,none,19924,RGB,5ee3960ace9c1657316b404d2021a2fdb7843f2f
246829_200w.jpg,200,278,portrait,none,23618,RGB,a7efb885b96658bb71ba9fbf7cc072f6fb9681f4
246830_200w.jpg,200,278,portrait,none,20047,RGB,8d79dd974dbe126b19ddf31a0d801b863974b4b5
246831_200w.jpg,200,278,portrait,none,23481,RGB,edf573655ea8700b0f5a01400073b535da3e978f
246832_200w.jpg,200,278,portrait,none,18522,RGB,fc6fa4a73cd106d00bc31fb391a388c352da6acd
246833_200w.jpg,200,278,portrait,none,21989,RGB,8aa30d16c2a88834eaf5ea47bb8f5b180cf8f359
246834_200w.jpg,200,278,portrait,none,26839,RGB,0486dfb3e4634810ac28cb480f3d05ed8d4098cf
246835_200w.jpg,200,278,portrait,none,25121,RGB,ac2299ae18e62f4bbb0105ac3139b3ed352c7952
246836_200w.jpg,200,278,portrait,none,22226,RGB,559eb06df216adbd0574d9042293fa2aff2b61dc
246837_200w.jpg,200,278,portrait,none,22983,RGB,6a9a9539b241c351a718bdaef7714f6055732020
246838_200w.jpg,200,278,portrait,none,20453,RGB,112235615df856a39310927ce2b10c4df119e807
246839_200w.jpg,200,278,portrait,none,23316,RGB,3bbf97f366779076a89af2f87b17d8d2a3bb64ef
246840_200w.jpg,200,278,portrait,none,23229,RGB,0fa2d6941741dda66ca87d0acd0935c8457b7a31
246841_200w.jpg,200,278,portrait,none,22860,RGB,6113939d4f649f1402986210a3c5f306effe73e4
246842_200w.jpg,200,278,portrait,none,21368,RGB,18daf654d2aa0050dc7b9d0af6a1c6107748ff1f
246843_200w.jpg,200,278,portrait,none,18298,RGB,2eef2b10fb2de02a91ec8058a764ea616d4e5e3a
246844_200w.jpg,200,278,portrait,none,22025,RGB,b699b79c0d5aeb891ff13be892b9d43a58e500aa
246845_200w.jpg,200,278,portrait,none,22642,RGB,4f03fb466465c658a1c829f91820f878b5fca374
246846_200w.jpg,200,278,portrait,none,22899,RGB,1974393ed96dfba8abbc499e75814894c1a3f3b0
246847_200w.jpg,200,278,portrait,none,20642,RGB,1ee2476c787084b9df6837908f890f53ab1153b5
246848_200w.jpg,200,278,portrait,none,22037,RGB,fbf5b85510709ed22411295869efe8572f104a2d
246849_200w.jpg,200,278,portrait,none,20636,RGB,e59263109568cac6163b0c313371a76a4f6d5c1e
246850_200w.jpg,200,278,portrait,none,19504,RGB,f1ea4b8765ee02b0cefc188018c7df7c1de77662
246851_200w.jpg,200,278,portrait,none,25063,RGB,67c4df99e2f2c67b835a67c49a21d820977630af
246852_200w.jpg,200,278,portrait,none,22397,RGB,688fdda5b861a45c33a1081bde3fc16d532ce248
246854_200w.jpg,200,278,portrait,none,23189,RGB,922ace27eca04a7a94248c1441f0d903ca72edde
246855_200w.jpg,200,278,portrait,none,24959,RGB,e54ec29fbfbfda78848a8d46e99fa18e2443d668
246856_200w.jpg,200,278,portrait,none,20167,RGB,2f4a4f62bdf699d186c950731f948b9af47731b3
246857_200w.jpg,200,278,portrait,none,19958,RGB,1816363bbcc9fd4737e6764830954ddc1839fe6e
246858_200w.jpg,200,278,portrait,none,20642,RGB,5f21df18550c4ae190eeb6e85dd5d2d5951dbb18
246859_200w.jpg,200,278,portrait,none,23239,RGB,b6a80574ba7cdeafad87c5df9773ec0d46548654
246860_200w.jpg,200,278,portrait,none,22216,RGB,e1e08212d3d537c861d72a72a3c29ea12c716ed0
246861_200w.jpg,200,278,portrait,none,23373,RGB,8fd1e3372256bbf9c3dd480ac82040bf36f0c943
246862_200w.jpg,200,278,portrait,none,21255,RGB,6c4a64f2cf1ccd39264e262113d19990a3d53fb1
246863_200w.jpg,200,278,portrait,none,20575,RGB,69d15f13361e5da626e134aa8439db08825728c8
246864_200w.jpg,200,278,portrait,none,21528,RGB,b3a4e8b716967ff449437f7914809ad48510d2b3
246865_200w.jpg,200,278,portrait,none,24296,RGB,38d18c860ba93a9fb927e1fb4401cc3366101677
246866_200w.jpg,200,278,portrait,none,23424,RGB,f33fd2c1f3cd616a60a0e90cfc9153142168b02b
246867_200w.jpg,200,278,portrait,none,20821,RGB,46004e61d0bbf09be35adfd99c479498554b8b84
246868_200w.jpg,200,278,portrait,none,23064,RGB,c5c18e0717d6950aefd3d78a39a34f709f50080b
246869_200w.jpg,200,278,portrait,none,21425,RGB,78d4e954bf9b8f6c873d91b3f1d883ffa29a3665
246870_200w.jpg,200,278,portrait,none,24270,RGB,0a3b07a3fc3edf0604842ea24381606700c8d25b
246871_200w.jpg,200,278,portrait,none,23762,RGB,f0b5709e50c9de580368493d2aced12358fdb35b
246872_200w.jpg,200,278,portrait,none,25191,RGB,01c6c923da5d12a8d4092b8ef8e81c84ea2b1631
246873_200w.jpg,200,278,portrait,none,25060,RGB,d4ce40e7b3ca0757d0febadb390aae74abaa12d4
246874_200w.jpg,200,278,portrait,none,21460,RGB,972169aa7593ddddd2d446ccb3e22b26ed6214a3
246875_200w.jpg,200,278,portrait,none,23615,RGB,23d6e29f6602f34a95de334fc0bd7ef43a82706b
246876_200w.jpg,200,278,portrait,none,23388,RGB,75086997ee0e8e3d2b13f83098bc7a415cf39d80
246877_200w.jpg,200,278,portrait,none,22641,RGB,540890a0c92012632da2ad757f39ab1b03665cdf
246879_200w.jpg,200,278,portrait,none,20974,RGB,567eab38adbb0a163e8ec07bfa6373c641679299
246880_200w.jpg,200,278,portrait,none,22020,RGB,498ab126c3a07f651d4ee383e54c1e7295222c39
246881_200w.jpg,200,278,portrait,none,21683,RGB,1270b5341a0885b9ec54e7a568923331af825dcc
246882_200w.jpg,200,278,portrait,none,21355,RGB,bdebbdffbe2e011cf7fe0858a25d3a62f73b83ea
246883_200w.jpg,200,278,portrait,none,22745,RGB,c9831fc06717d6095d126d1ea05ca5747dfc6337
246884_200w.jpg,200,278,portrait,none,23803,RGB,c1fd8b60893cbeb4bffb4d7ddc077cf0d1a950ed
246885_200w.jpg,200,278,portrait,none,23866,RGB,6c1a233c88b8db4b37d0fcb01a6af770d4543fb5
246886_200w.jpg,200,278,portrait,none,22870,RGB,6ed2f1b1cfbb8106882e2f0ececf446ef1129492
246887_200w.jpg,200,278,portrait,none,24490,RGB,9fea7d7524c76cdf0397b825b0c90f7bb4431acb
246888_200w.jpg,200,278,portrait,none,19116,RGB,1f00ee01e5b58dfd3920aca16ad9999896cc8e0c
246889_200w.jpg,200,278,portrait,none,25009,RGB,3c4acfc8d2e208ccae1971c576578b212873afce
246890_200w.jpg,200,278,portrait,none,22143,RGB,1068396d0b3eabf2acd3c533b8fc5826ba6c9de5
246891_200w.jpg,200,278,portrait,none,21819,RGB,63fa773b2e18bbb62b1058c3c07dfab4cb88627f
246892_200w.jpg,200,278,portrait,none,22915,RGB,118f74acb4e6ed01c416816076e1a6869e37555c
246893_200w.jpg,200,278,portrait,none,24081,RGB,6067fefcf919d62928b6e8d381a29e0206d96a8c
246894_200w.jpg,200,278,portrait,none,25708,RGB,07c766764c837c7a1f10cc5cee9f7308292f6dd9
246896_200w.jpg,200,278,portrait,none,21593,RGB,5ae5b543c3763c47a165cc9d4ffe4cc1552a4d82
246897_200w.jpg,200,278,portrait,none,24097,RGB,e39dc25c6fc0d382db08d5347f8f84c7789817b5
246898_200w.jpg,200,278,portrait,none,24236,RGB,ab2a60fdf60c2b2c1a24574a6abd63c7277accb1
246899_200w.jpg,200,278,portrait,none,22034,RGB,0260e881a34c0645a61bdd821f1480b5feaee938
246900_200w.jpg,200,278,portrait,none,22678,RGB,19703b64eae5d50a691ff0aef77da30febe82c73
246901_200w.jpg,200,278,portrait,none,26871,RGB,cf82cf0a667c30a621b15256bcc5629a49ab28f2
246902_200w.jpg,200,278,portrait,none,24097,RGB,57bc63a1299c2d5a7f6692b2a41a141df9efeeb3
246903_200w.jpg,200,278,portrait,none,23379,RGB,ba54113e4cc222d6d1854cc64de67505761c9315
246904_200w.jpg,200,278,portrait,none,26063,RGB,570c867cb56ef816072b8a30cc18202a28e3c096
246905_200w.jpg,200,278,portrait,none,24531,RGB,081a66b9360ce0a96e6085498b6572824ee56ebb
246906_200w.jpg,200,278,portrait,none,20912,RGB,cd2e241dc9be67346e8b37aec40532a50d786042
246907_200w.jpg,200,278,portrait,none,20470,RGB,3f8259e3393c9310e881bb21a644e468fbd029bb
246908_200w.jpg,200,278,portrait,none,23026,RGB,e298ba362f1f08f298b0a2b3c905341a2a62c407
246909_200w.jpg,200,278,portrait,none,24929,RGB,4c0d0ade127072b50df50eef1cb71704b8a6a4e6
246910_200w.jpg,200,278,portrait,none,24875,RGB,4d978bdd124b7e58207769199be81f384b4adc26
246911_200w.jpg,200,278,portrait,none,21675,RGB,454c3b07f3f579b8def6a3789385dfc4486adee5
246912_200w.jpg,200,278,portrait,none,23316,RGB,3903838d5206163ed78a38b106223494b6ada22b
246913_200w.jpg,200,278,portrait,none,24700,RGB,ea6f844544923a13d4c1b7c14e1d7e935b5739fb
246914_200w.jpg,200,278,portrait,none,23820,RGB,ede7d1a4dc28587af582ed5a1fe1d01a597eee03
246915_200w.jpg,200,278,portrait,none,23972,RGB,a64c1067e3333d2f277c1e9ddff8591420384f09
246917_200w.jpg,200,278,portrait,none,25992,RGB,1299847b7f2a86904094014156c1fc332c49da13
246918_200w.jpg,200,278,portrait,none,23901,RGB,985ac1cb972cb13a8cabeec1b8dabd0a9d4d33b1
246923_200w.jpg,200,278,portrait,none,22395,RGB,3f7aa967f717cac58275c383e05d981da59ac223
246927_200w.jpg,200,278,portrait,none,24697,RGB,21472d04a1bba91c4db4ab6b4420545a4d7cf6bc
246931_200w.jpg,200,278,portrait,none,23268,RGB,fc3dc660355986bece482d20fb8f2c19be4644a6
246933_200w.jpg,200,278,portrait,none,25118,RGB,7e721dda2d4a9fa7d0458d27b3db94414caff71e
247287_200w.jpg,200,280,portrait,none,22846,RGB,0a1c9338d7a37c9d78edec42652a2666a2cbc22c
247288_200w.jpg,200,280,portrait,none,25674,RGB,0acfd7088cd9fbc1851f2fecb89409a2342bdad1
247290_200w.jpg,200,278,portrait,none,21302,RGB,de0ca16e739ecd056c46d7e0a8e6dd464d68ea12
247291_200w.jpg,200,279,portrait,none,20654,RGB,fecbb8595db80beed401fb23a8aa7b6d9d3cec9d
247292_200w.jpg,200,278,portrait,none,23716,RGB,8c461481518bedb7ed301f84704000379e8953cc
247294_200w.jpg,200,278,portrait,none,24714,RGB,105b7d11f1adcd2e0049a90012a19283b09f52f8
247295_200w.jpg,200,278,portrait,none,27581,RGB,8c120346a9ed6afa0b8172ae58bccad41959ccfc
247296_200w.jpg,200,278,portrait,none,28664,RGB,fce38d096ad7c89f7d9af33f995f6b415ab3c2ef
247297_200w.jpg,200,278,portrait,none,30216,RGB,8fdbc1cf7727f17cf0aa739eb7d1413f5edcfa90
247298_200w.jpg,200,278,portrait,none,26226,RGB,85e6c9667d25f1dfb5c7a0f0b1b1a32d599e7cb0
247299_200w.jpg,200,278,portrait,none,20195,RGB,134be318f8576030534c10d817b250ac86aa3a7a
247301_200w.jpg,200,279,portrait,none,22045,RGB,f1253e53920465d09499ed801a6bd96cfa6ff3c7
247302_200w.jpg,200,280,portrait,none,21242,RGB,ea3d52f57b1eec87f7cdff2445504d5a207bebe4
247303_200w.jpg,200,279,portrait,none,22119,RGB,6247c63a416f38298bf49d5d3e33faf413dda546
247365_200w.jpg,200,278,portrait,none,24356,RGB,a5984da5c71e51f227487c7dfc658fc620b8b951
247366_200w.jpg,200,278,portrait,none,28016,RGB,9d16b93a06e1977feb3ed89e2ade0031df729ab4
247367_200w.jpg,200,278,portrait,none,27638,RGB,546501662de616de1db262697d4040402cbd2ee8
247376_200w.jpg,200,276,portrait,none,30656,RGB,f5f488ebde4b110c8f72c38f7fc0955c28e3308a
247386_200w.jpg,200,280,portrait,none,24050,RGB,f797c8f91f57b8cd449e994b06299e000a7ecabf
247390_200w.jpg,200,280,portrait,none,18881,RGB,a098d388c388d34560ed4a784e8609181d5da39f
247410_200w.jpg,200,277,portrait,none,16601,RGB,07bf0e458b9e5bfd6999c916b3a5aa137e5763f2
247411_200w.jpg,200,279,portrait,none,22358,RGB,26c395a8b579e1c7aacba697641e1a2051ade000
247414_200w.jpg,200,279,portrait,none,16632,RGB,214eaf5555b4e6040958f4ebd2e8e76be32508c8
247421_200w.jpg,200,278,portrait,none,26871,RGB,cf82cf0a667c30a621b15256bcc5629a49ab28f2
247422_200w.jpg,200,278,portrait,none,23481,RGB,edf573655ea8700b0f5a01400073b535da3e978f
247423_200w.jpg,200,278,portrait,none,24097,RGB,57bc63a1299c2d5a7f6692b2a41a141df9efeeb3
247469_200w.jpg,200,279,portrait,none,21212,RGB,72610ca53f836229a97d794eed377b1d044701fd
248015_200w.jpg,200,280,portrait,none,26249,RGB,78243063002850ab88ffc89a7f8d51c17eefa371
248016_200w.jpg,200,278,portrait,none,25717,RGB,69e612cb85e717666671a3584b510952ead60539
248026_200w.jpg,200,142,landscape,rotate_90_or_270,7979,RGB,cc8dccbca7efe9e6bfb46ad517e100150e54565d
248027_200w.jpg,200,142,landscape,rotate_90_or_270,8169,RGB,fffd376118b598ef48c698e373b06709f6252d9e
248029_200w.jpg,200,142,landscape,rotate_90_or_270,8922,RGB,c484b9216c60d328ef83c724041b4908a453c1f2
248030_200w.jpg,200,142,landscape,rotate_90_or_270,8429,RGB,a4e4e98d8ed2babf6dcc0300094603ea41664ccb
248031_200w.jpg,200,142,landscape,rotate_90_or_270,8719,RGB,36392211b006d604ccc05f2a4d643348f50238fd
248032_200w.jpg,200,142,landscape,rotate_90_or_270,8333,RGB,61b0216a20e188544e0beda880d2c8000234ee28
248033_200w.jpg,200,142,landscape,rotate_90_or_270,8318,RGB,bdd9144ab5e5de56057e2fe0fad9babc703809d3
248034_200w.jpg,200,142,landscape,rotate_90_or_270,9864,RGB,12dbd4737f419876962df3e89c1432c4a7dbe04d
248035_200w.jpg,200,142,landscape,rotate_90_or_270,9725,RGB,4979dd302c7a1c4d546e3da1a55ea13ae2b04bf4
248036_200w.jpg,200,142,landscape,rotate_90_or_270,8540,RGB,67815e7c40962c6616fe2cb1ae876ef592ba683b
248043_200w.jpg,200,142,landscape,rotate_90_or_270,8052,RGB,f75ec39885f71077724ecd1a463b0aa0359512f9
248044_200w.jpg,200,142,landscape,rotate_90_or_270,8108,RGB,9d80c6484feebd6f01e96a88782daa306b079a83
248045_200w.jpg,200,142,landscape,rotate_90_or_270,8122,RGB,2e65e1e7acf26a3948b1150f08fec1fe2f236c92
248647_200w.jpg,200,279,portrait,none,23684,RGB,1266ba9b3ad9e4ca1b44bbd36d4ee280a0d6b535
248731_200w.jpg,200,281,portrait,none,24350,RGB,fe7f0ff3841b7d0c0a176c6cd42b8cd35cdf7e57
248804_200w.jpg,200,279,portrait,none,27744,RGB,a719b89a84846a1817fe0e9d36b4d145af240751
248887_200w.jpg,200,279,portrait,none,26230,RGB,e500a5da1793ad1aefa1627bd75f67db94d8618f
248888_200w.jpg,200,279,portrait,none,28770,RGB,0dc02b2e814206dbff808f7ec4bc3c86e1735293
248889_200w.jpg,200,277,portrait,none,27612,RGB,2343e5131a83b1ca99fe49a747f77c1758b1772f
248890_200w.jpg,200,277,portrait,none,28304,RGB,9c7ad6c28cf68d7d8f90c0a80ba39ddd894e0018
248891_200w.jpg,200,278,portrait,none,27304,RGB,83a45e3f1abcebf2fabe8f95dada4f006367bef1
248892_200w.jpg,200,278,portrait,none,28340,RGB,26474cfb1ddd7cf42e0677b9363bff6b3402ee0c
248893_200w.jpg,200,280,portrait,none,29052,RGB,2916f9244beabba6df22f78c1f33e930de6419da
248894_200w.jpg,200,280,portrait,none,28521,RGB,6b649f358600f5058dab3dcafe881a0a488ac7fe
248895_200w.jpg,200,276,portrait,none,31948,RGB,bce85cabbb42409698a0572f3d5e4005c18e2453
248896_200w.jpg,200,276,portrait,none,31648,RGB,18ff06c741d3234c256bf595382d9b87910b1445
249635_200w.jpg,200,281,portrait,none,24045,RGB,394bf2c99d96171b071575417abafb70fa04b5f9
249767_200w.jpg,200,275,portrait,none,19862,RGB,3aa7931b598b06e5a773e5f88782497ceadbb68a
249812_200w.jpg,200,281,portrait,none,16462,RGB,c66c87d942b212c44fcbcfd2e2ff0562d10704dc
250034_200w.jpg,200,142,landscape,rotate_90_or_270,8808,RGB,b2646a3b2d3a36423006d3ce1d611f151a2fbf64
250251_200w.jpg,200,278,portrait,none,30196,RGB,3a5dae195567b0a054479e979ea093b6b425b579
250253_200w.jpg,200,282,portrait,none,21539,RGB,7f416a8c486219c55d8e99d4b9df808f9cff7cc3
250254_200w.jpg,200,279,portrait,none,24173,RGB,9c029344508acb1a0e9b73aee3a2a1cc73d68994
250289_200w.jpg,200,280,portrait,none,22618,RGB,00f6f146855041bffc1a2731cb2609147953f0ae
250290_200w.jpg,200,277,portrait,none,24598,RGB,6e6e9336b97b8ecf5d1a4da7752f7d066b00d070
250291_200w.jpg,200,278,portrait,none,23469,RGB,5f8da5192a12e23b4b74aff3f714ea4b71e978e0
250293_200w.jpg,200,278,portrait,none,24684,RGB,ab068564c36d4b9878535555e6d1a5510707696e
250294_200w.jpg,200,278,portrait,none,28328,RGB,bfffd920b23abd1c52e8766b5507c796e914b2f2
250295_200w.jpg,200,278,portrait,none,25644,RGB,3079bbc01876ca9adc6b775582e93076d8eb7590
250296_200w.jpg,200,278,portrait,none,24069,RGB,68a3b82edc74e6559f34b0d32e52089fff66d58d
250297_200w.jpg,200,278,portrait,none,21430,RGB,44ff0a5067df641790789a6ab4d62d9f08e0d625
250298_200w.jpg,200,278,portrait,none,28106,RGB,c0b6e63001da99e01666fc11f471adb21e3658d0
250299_200w.jpg,200,278,portrait,none,28941,RGB,413662dcb4d6804fcb1ed6edc4386d418ba7a731
250300_200w.jpg,200,278,portrait,none,26034,RGB,b84caf4b98b5429ef6687f036c76263fea635521
250301_200w.jpg,200,278,portrait,none,26155,RGB,75018eb553e6a53bfd36dc00cb8ead468949d125
250302_200w.jpg,200,278,portrait,none,24457,RGB,c351fef894027b4cd674cb03b78615342d2d5e32
250303_200w.jpg,200,278,portrait,none,24735,RGB,dd5b7020fb37d0e07784ec2f90fd3765a09eca5b
250304_200w.jpg,200,278,portrait,none,27559,RGB,364013e251777c83a9133a3f4d65f741aaba4bd9
250305_200w.jpg,200,278,portrait,none,26714,RGB,94cce598bc695648cc4f029c6e1a08e17d237c8c
250306_200w.jpg,200,278,portrait,none,22672,RGB,301d346df13f7edb59873271589a813da64a5b99
250307_200w.jpg,200,278,portrait,none,24716,RGB,20e72fc1a318a9fcd50eaa9deb70d7fe578b4d8e
250308_200w.jpg,200,278,portrait,none,24653,RGB,b13977377132b79e6b6cb27c6a51314275a5c3a4
250309_200w.jpg,200,278,portrait,none,22943,RGB,74d4e008e604e3e624ddd7448d869ff84711f938
250310_200w.jpg,200,278,portrait,none,23037,RGB,909682e818f0da82908278b1482c7fe938cc1657
250311_200w.jpg,200,278,portrait,none,22203,RGB,7a02bd3585703eb93cc711c1177af30407eaf5ac
250312_200w.jpg,200,278,portrait,none,22408,RGB,2116580d350d2f86f660768efd30f48aafa12164
250313_200w.jpg,200,278,portrait,none,28541,RGB,6508a91321791334a25f9239fb180b1d236eb1df
250314_200w.jpg,200,278,portrait,none,26010,RGB,e8b924b16715cb3a3ff15f67f97efdeec587b3ef
250315_200w.jpg,200,278,portrait,none,27516,RGB,1a7e5786af78b50657df96cae03a941219748dc1
250316_200w.jpg,200,278,portrait,none,26227,RGB,aafe0ad60b6c0e26bbe809f0b92da68f9cf8a98d
250317_200w.jpg,200,278,portrait,none,24670,RGB,9c4ce8a872b5c55da238ed1c2485168c77b10f1b
250318_200w.jpg,200,278,portrait,none,22007,RGB,3728eb6bc8aff5e25efc9388a9a32d5ceb2cc53c
250319_200w.jpg,200,280,portrait,none,28373,RGB,9b43293a2f7a640f1404308039d87feb14ae71c9
250320_200w.jpg,200,278,portrait,none,26846,RGB,3ea0af34599eaf43b2203139cfd99beb2d36405f
250321_200w.jpg,200,280,portrait,none,24397,RGB,8ce48e688508170116f855d4b68293c74d343c02
250323_200w.jpg,200,280,portrait,none,22194,RGB,af275d3b9770d04d8d12608029e623184aa30c2d
250324_200w.jpg,200,280,portrait,none,24849,RGB,451d6943af7358c0631d9f154f130c4d19a162bf
250325_200w.jpg,200,280,portrait,none,22992,RGB,3b5924034c7f237ac6ee5bdf1550055fb484c7c1
250326_200w.jpg,200,280,portrait,none,24497,RGB,00e0957202e98559f11b112ebf327079f4ad3e02
250327_200w.jpg,200,280,portrait,none,27098,RGB,850f28c0de0960d6c64ad4c0aa73dcf8c204f5f3
250328_200w.jpg,200,278,portrait,none,24119,RGB,58aa33ec6c44685e6e1393d2c0be62e3b9ee4f73
250329_200w.jpg,200,278,portrait,none,22588,RGB,b59472d9959ca683cb2491a33402f3b63522a992
250330_200w.jpg,200,282,portrait,none,27468,RGB,e761c6b75aa679d9ab3a17b79fe661278036e32c
250331_200w.jpg,200,278,portrait,none,24648,RGB,052c2a79c83929b00a385b279b81e244f0684229
250332_200w.jpg,200,280,portrait,none,24456,RGB,2bbbe30ad3b3c9564430ffbf8bdd5e75d71a7a4c
250333_200w.jpg,200,278,portrait,none,24149,RGB,9228cf572bdeb9b66b4a8f1f833b8f175738b42e
250334_200w.jpg,200,280,portrait,none,28837,RGB,32ee77552e063905380a9cfb11904e20c678b57e
250335_200w.jpg,200,278,portrait,none,25954,RGB,034a031b00e6338f98fa8ecfd743de97b92d2842
250336_200w.jpg,200,278,portrait,none,22966,RGB,4877ce66d8e763aec345bb89aa339f7f4d92c61b
250337_200w.jpg,200,278,portrait,none,22184,RGB,8c0566346a4e5efcec15bf84fbd45c546e4636bc
250338_200w.jpg,200,278,portrait,none,26743,RGB,00397aee95e8021ad69ab7f7e45e4abd7b0232ac
250339_200w.jpg,200,278,portrait,none,26807,RGB,679fc88911360f0ae4557b79686db03e1e6fc9cc
250340_200w.jpg,200,278,portrait,none,27623,RGB,fd70ba0a9261c1195d7413fa8b7e3b561b2b6af3
250341_200w.jpg,200,278,portrait,none,31921,RGB,f1ec139c8ca47d6a848718414fba219177a3f9e0
250342_200w.jpg,200,278,portrait,none,30565,RGB,068754d87912c30dc4e077c975fb32287f143914
250510_200w.jpg,200,280,portrait,none,18582,RGB,5b8ed82edfe085e043d3bf5a1c584046b23ad517
250572_200w.jpg,200,280,portrait,none,21542,RGB,90c615a11facf818fa2d810578d5c9124c935a86
250573_200w.jpg,200,279,portrait,none,24735,RGB,05783862f5c4462fb985ec656fd9bfe382c2268a
250577_200w.jpg,200,278,portrait,none,29508,RGB,e5c4bb7f88cf85aec3f467a080cf643fb7592409
250578_200w.jpg,200,278,portrait,none,28539,RGB,3324d7b4e1085103b55e0b14960c809ede568e6f
251048_200w.jpg,200,143,landscape,rotate_90_or_270,8467,RGB,ee38499d05cb65cadb49a9b9ec525e2a5035836c
251049_200w.jpg,200,143,landscape,rotate_90_or_270,7855,RGB,cc47fd1a8e1e1f5859f32313475a0d642f2c1f39
251050_200w.jpg,200,143,landscape,rotate_90_or_270,8459,RGB,67112a9fcf5393bdc09d676366b954849d99176a
251051_200w.jpg,200,143,landscape,rotate_90_or_270,8594,RGB,8560fc15bbd66c57e4cf24bbfa3d6cbf2155fb52
251052_200w.jpg,200,142,landscape,rotate_90_or_270,8505,RGB,16b6d49061dcbac354f8fd7e5516fb91718ada92
251054_200w.jpg,200,143,landscape,rotate_90_or_270,8979,RGB,05a180b82561b0a65ddafbc9cbf9eed0c2635981
251055_200w.jpg,200,143,landscape,rotate_90_or_270,7920,RGB,c9e2c61e7a83d643cd09a618be9f12ea0ad957fe
251056_200w.jpg,200,143,landscape,rotate_90_or_270,8322,RGB,4c1a099965391dc1e13b57fa301c6bf5c914b428
251057_200w.jpg,200,143,landscape,rotate_90_or_270,8599,RGB,7f37b540ab5a4a4efe6879cf101c774397c27e1c
251086_200w.jpg,200,278,portrait,none,25412,RGB,8194fa799cd847c572d0ada6d52a105d7f582ca3
251088_200w.jpg,200,278,portrait,none,22770,RGB,e5c997c4f7fd3898771d54b605e18971ce9b296c
251089_200w.jpg,200,278,portrait,none,26021,RGB,41a2f742d607fcd1fb3991ae4ab4b813c2fea164
251090_200w.jpg,200,278,portrait,none,27008,RGB,2a55c248cfdc3eb6dffdbcf478fcd60af6070482
251091_200w.jpg,200,278,portrait,none,25291,RGB,5abfde5c42ded36e19f449edd7b98888e2f6b254
251092_200w.jpg,200,278,portrait,none,25260,RGB,4a06c4f5b75e9ccd5700274a1ea0b58487c13149
251093_200w.jpg,200,278,portrait,none,25877,RGB,0f21f89c04218f2888b2cdae84b67eda6bc503fd
251094_200w.jpg,200,278,portrait,none,24847,RGB,740cc12f3834bdb6b7582ca9367336fcf51886cf
251095_200w.jpg,200,278,portrait,none,29150,RGB,b8addf257dd0f366a33c87e22b06ae2a3f1ccbe3
251096_200w.jpg,200,278,portrait,none,27952,RGB,43fac90a68fbc846d0a8c01b69442c98b7771f5d
251097_200w.jpg,200,278,portrait,none,29555,RGB,01e9f2e645163fdd55623167946c1ccc8001862c
251098_200w.jpg,200,278,portrait,none,27834,RGB,2451d2ffe4a277a303c37d91308a21f65869d64e
251099_200w.jpg,200,276,portrait,none,30998,RGB,d26109b00c72f4560963a762b1e92e0068cc52e6
251100_200w.jpg,200,279,portrait,none,32929,RGB,8db612a0eb2806e8927d03ec4b8071aa3ae76b39
251101_200w.jpg,200,278,portrait,none,24486,RGB,93ef6cdc86f09b6ac604b5172c070a7dc4f3c025
251102_200w.jpg,200,278,portrait,none,13196,RGB,c3c0a3fe6f8bc4c68b674cf28b2fe044530a3657
251103_200w.jpg,200,278,portrait,none,11664,RGB,9bb5dbe670ad7fa8d17bf6f7acb5503236cc7401
251104_200w.jpg,200,279,portrait,none,26467,RGB,67b3df2e9b62984c5315534eddc3a215f75597f4
251105_200w.jpg,200,279,portrait,none,27725,RGB,d0f348d0d77394a5d36a67770151c023e2917fe5
251183_200w.jpg,200,280,portrait,none,24904,RGB,a762911043670bbdd5a28b67d9f72e00a8d21892
251200_200w.jpg,200,280,portrait,none,23134,RGB,81c4577c9d8c662a41fbe4a23a8841c001a96155
251202_200w.jpg,200,279,portrait,none,28027,RGB,d4ee044fd53655dd95e3a92ea7e8266869a4bf50
251218_200w.jpg,200,143,landscape,rotate_90_or_270,7924,RGB,4642bc7c9842c56b216309e2f2c6fa3dcf5ae07c
251240_200w.jpg,200,284,portrait,none,25056,RGB,70feeda1f3041cac5ce16b4d7395910eb1ef64cd
251241_200w.jpg,200,280,portrait,none,23688,RGB,9384e07b822016490d2a83a0bde12350fedf047a
251242_200w.jpg,200,278,portrait,none,16195,RGB,35026de032dcb5fab87469e4d21725d4845cfae5
251243_200w.jpg,200,282,portrait,none,23588,RGB,cbbc75159b8231e3b64cc871d06744b171f2cb92
251427_200w.jpg,200,142,landscape,rotate_90_or_270,8578,RGB,74d446e290e1333c86da37f3c6273fd1ede63777
251428_200w.jpg,200,142,landscape,rotate_90_or_270,8199,RGB,3c92a8072fcda65120ad731ca626d2cc29482be2
251429_200w.jpg,200,142,landscape,rotate_90_or_270,8209,RGB,9c814dfd908279c2e1941decdc4d2060131c6169
251430_200w.jpg,200,143,landscape,rotate_90_or_270,8326,RGB,3ad42cf5ef5fea3f4c5c0909d282bbe491adb01a
251431_200w.jpg,200,142,landscape,rotate_90_or_270,8470,RGB,06eebf7246989ad656ffe65c48a6b9f279e0149d
251432_200w.jpg,200,142,landscape,rotate_90_or_270,8087,RGB,eccf23f016a5755d471244bd88b6896b27fdc8b8
251433_200w.jpg,200,142,landscape,rotate_90_or_270,8383,RGB,aab94048cc247800fe7b05574ce32abcab503da3
251434_200w.jpg,200,142,landscape,rotate_90_or_270,8561,RGB,12bf4d5fb1b854a5060217e40acbe3a6924d461f
251435_200w.jpg,200,142,landscape,rotate_90_or_270,8440,RGB,331016f7caa042b11327a981db9cb078aa0e222a
251436_200w.jpg,200,142,landscape,rotate_90_or_270,8121,RGB,47dbf3facf8aeb5d9ed22baa632d057c32769c0e
251437_200w.jpg,200,142,landscape,rotate_90_or_270,8495,RGB,cccccbd0776076037687a7e8f62be9ef51d6988a
251438_200w.jpg,200,142,landscape,rotate_90_or_270,8399,RGB,fef4623269c5a69ab28bc4fb1bf7cb06041698d5
251439_200w.jpg,200,142,landscape,rotate_90_or_270,8392,RGB,f2c290d70077c5c15ac5788722cc94aa74fb0e12
251440_200w.jpg,200,142,landscape,rotate_90_or_270,8494,RGB,41908b819cc956a95038024634cfdecd783cfe9b
251441_200w.jpg,200,142,landscape,rotate_90_or_270,8592,RGB,7576bd7b333892ace2675810e1bb494201e352ce
251442_200w.jpg,200,142,landscape,rotate_90_or_270,8173,RGB,f2eeb2247894595841c8f1959bf8b60a8df38356
251443_200w.jpg,200,142,landscape,rotate_90_or_270,8609,RGB,37af754be06cf5b43a3e34b892aad20ac442ebb4
251444_200w.jpg,200,142,landscape,rotate_90_or_270,8383,RGB,209606371e0401e796a1160bcaddc24181cc301f
251445_200w.jpg,200,142,landscape,rotate_90_or_270,8322,RGB,ca64cbed5d764bd950b2fd3f8566a3506f9e820f
251446_200w.jpg,200,142,landscape,rotate_90_or_270,8484,RGB,5fb8553aa1e3719a774d11076bc25060df07ad97
251447_200w.jpg,200,142,landscape,rotate_90_or_270,8497,RGB,428d265eb967a7b6e0366b5731dce2f8ab07673f
251448_200w.jpg,200,142,landscape,rotate_90_or_270,8536,RGB,3e649d9833b6dc16d5b2ac24de6d7323c4c77971
251449_200w.jpg,200,142,landscape,rotate_90_or_270,8373,RGB,e82b8a288107120efbda304898a881f964710ed6
251450_200w.jpg,200,142,landscape,rotate_90_or_270,8758,RGB,f21305f9829acb218670f5283e1e6f800f147ac9
251451_200w.jpg,200,142,landscape,rotate_90_or_270,8494,RGB,010b1f360664dd22504f20bba19caa8c4e166627
251452_200w.jpg,200,142,landscape,rotate_90_or_270,8891,RGB,776634c52bb9deaefe8c42b88ca512cfc5659735
251454_200w.jpg,200,142,landscape,rotate_90_or_270,8371,RGB,9703931d71c8a05e4d5e7a2bde4ddc711a9ff95e
251455_200w.jpg,200,142,landscape,rotate_90_or_270,9127,RGB,549a4d0ddcc3d4de4fdcbea621afe374d1f4dd67
251456_200w.jpg,200,142,landscape,rotate_90_or_270,8296,RGB,8367e7dc58b2249a28df8431cc671008132cc461
251457_200w.jpg,200,142,landscape,rotate_90_or_270,8670,RGB,0cf19f46195c5ef2f63d7a6ea66993f52fea5062
251458_200w.jpg,200,142,landscape,rotate_90_or_270,8360,RGB,426f5d34495c1acbb63141bbee5a96d2629391a0
251459_200w.jpg,200,142,landscape,rotate_90_or_270,8701,RGB,927322cf4a423d2cc1a654864a91fa0997299a49
251460_200w.jpg,200,142,landscape,rotate_90_or_270,8748,RGB,c1936c2a6fdd93b12deb0a0e6b457a49b5a7a406
251461_200w.jpg,200,142,landscape,rotate_90_or_270,8846,RGB,470ca6e2132102cd3f1619b768a36026d0168362
251462_200w.jpg,200,142,landscape,rotate_90_or_270,8902,RGB,8205e4b81afa69c2e942d145e719899ebf828ae1
251465_200w.jpg,200,142,landscape,rotate_90_or_270,8292,RGB,445ee91e0d2ea204be7739d98bcc8ff92c08982e
251466_200w.jpg,200,142,landscape,rotate_90_or_270,8284,RGB,5c3ae63fb4925604050f24b575138c5e83563bee
251467_200w.jpg,200,142,landscape,rotate_90_or_270,8311,RGB,52778110efd0199c3304fa29caaaca64f9dace48
251468_200w.jpg,200,142,landscape,rotate_90_or_270,8475,RGB,e978f7a49cf58c42e2d0d29282a23228f8461946
251469_200w.jpg,200,142,landscape,rotate_90_or_270,8286,RGB,da7cebe6e1612c3470d7ac1c5f13c4c5764120d7
251470_200w.jpg,200,142,landscape,rotate_90_or_270,8455,RGB,2ba8d163491d01d81990357615658a3e29c84099
251471_200w.jpg,200,142,landscape,rotate_90_or_270,7958,RGB,e0f07fac9e46cb0699a9a87bd2823c044fac048c
251472_200w.jpg,200,142,landscape,rotate_90_or_270,7987,RGB,0bc19fb67db229f6c9424731875f3c4f7b9caf99
251473_200w.jpg,200,142,landscape,rotate_90_or_270,7875,RGB,9e6e99f30efa0a3bfac809c0d6fdd985edd19fbe
251474_200w.jpg,200,142,landscape,rotate_90_or_270,8342,RGB,18a980dccbfdfde3cc16a29016ce9e4366ca0092
251475_200w.jpg,200,142,landscape,rotate_90_or_270,7831,RGB,ae324cac1caa72f48907ac93c51b097d3fb519fc
251476_200w.jpg,200,142,landscape,rotate_90_or_270,7803,RGB,9efbfbfc3d38a5842ca80e2c5034ca09b766109f
251477_200w.jpg,200,142,landscape,rotate_90_or_270,8181,RGB,0f9a82076aba557f2c0d25b46cab93bba3692c1a
251478_200w.jpg,200,142,landscape,rotate_90_or_270,8430,RGB,ac0c199fe696c7212ec43ef92053fc658c791388
251479_200w.jpg,200,142,landscape,rotate_90_or_270,8299,RGB,384a916df955d1ebb374d6800a6543b6abbc693d
251480_200w.jpg,200,142,landscape,rotate_90_or_270,8154,RGB,b2eed0fe72a645c379dccf53129516277a29046d
251481_200w.jpg,200,142,landscape,rotate_90_or_270,8440,RGB,b2b339c44c071f3788f0cd9ff846387e892639a9
251483_200w.jpg,200,142,landscape,rotate_90_or_270,8010,RGB,504e090f8fa5daacca70638d435f3a3e8b591f2a
251484_200w.jpg,200,142,landscape,rotate_90_or_270,7978,RGB,f214cae2a28e7fcffa1c412b800b12bb980b40cd
251485_200w.jpg,200,142,landscape,rotate_90_or_270,8840,RGB,2636a6b29d030830c3907825857eae7356db307f
251486_200w.jpg,200,142,landscape,rotate_90_or_270,8838,RGB,6e9d86e6618b139c74da4ee4539f063825e6cfe0
251487_200w.jpg,200,142,landscape,rotate_90_or_270,8301,RGB,b1c7af7d735962f9024a3806c542a1a354e86725
251488_200w.jpg,200,142,landscape,rotate_90_or_270,8310,RGB,ab8003ab61d5fcdc90f99d97d8b721eeed0cdcd9
251489_200w.jpg,200,142,landscape,rotate_90_or_270,8479,RGB,13f3575b1a708be0f1766bd5efc75da9d7ee137a
251490_200w.jpg,200,142,landscape,rotate_90_or_270,7822,RGB,030c81b1eac9ae9b67d5650ec0fe17d7e1084512
251491_200w.jpg,200,142,landscape,rotate_90_or_270,8528,RGB,c6221b94444c98c7b9c32d4e914e3476e950e7a1
251492_200w.jpg,200,142,landscape,rotate_90_or_270,8319,RGB,9b39a4c3f36dd68daed5c7a569a0be4a3dce532f
251493_200w.jpg,200,142,landscape,rotate_90_or_270,8168,RGB,1ddaae0a8cc486172513f32a29ad8309b759c167
251494_200w.jpg,200,142,landscape,rotate_90_or_270,8436,RGB,05785b8eb086e8aa82de5d14bf22e17d4d6cfa51
251495_200w.jpg,200,142,landscape,rotate_90_or_270,8170,RGB,210373e7cae3cd84b7aeca398601c6b25a691725
251496_200w.jpg,200,142,landscape,rotate_90_or_270,8432,RGB,86ff222391dd14e173550c41d1687f89daa60026
251497_200w.jpg,200,142,landscape,rotate_90_or_270,8263,RGB,1f382803fc678fe05199fa70b0b2416fd4efd69e
251498_200w.jpg,200,142,landscape,rotate_90_or_270,8436,RGB,8e34eaff6522e2870a6a35f1e13f39f6e883810c
251499_200w.jpg,200,142,landscape,rotate_90_or_270,8405,RGB,32690cc93ef5e355d4f56405e85b37e29a713109
251500_200w.jpg,200,142,landscape,rotate_90_or_270,7839,RGB,17a55bdcbe5e6f79c50160310b1151b4222cf1bb
251501_200w.jpg,200,142,landscape,rotate_90_or_270,8481,RGB,d1e2e94c0beff7807be939a90d501eff4bfafebb
251502_200w.jpg,200,142,landscape,rotate_90_or_270,8495,RGB,55ba297b5ddaad98975dfded7312059d1eb5ff2a
251503_200w.jpg,200,142,landscape,rotate_90_or_270,8579,RGB,3287aaf4ad9a08bb106f3f8accaf31681589ab87
251504_200w.jpg,200,142,landscape,rotate_90_or_270,8049,RGB,a19d4f0a963452df3716c43132d9ddaad7d6559d
251505_200w.jpg,200,142,landscape,rotate_90_or_270,8287,RGB,02bc248773787904450ab53c17b2b4808b4065c9
251506_200w.jpg,200,142,landscape,rotate_90_or_270,8275,RGB,50cfe0181ec652565e9422578db77afa7d9fde7b
251507_200w.jpg,200,142,landscape,rotate_90_or_270,8368,RGB,10c8a120c8fb76f739bc8713511db3177b35a327
251508_200w.jpg,200,142,landscape,rotate_90_or_270,8223,RGB,96a577fd2d92f4b8ea9bf8c1eb3fbbaad0e2ff21
251509_200w.jpg,200,142,landscape,rotate_90_or_270,7921,RGB,d7308de83c76212c5fdbaa3f62f1fda42dad53a1
251510_200w.jpg,200,142,landscape,rotate_90_or_270,8348,RGB,1afe2df39912f92679f360d4c58a982002c63b9b
251511_200w.jpg,200,142,landscape,rotate_90_or_270,7884,RGB,0b01e486edef443ab0030b1d7ed65d0ecddffdca
251512_200w.jpg,200,142,landscape,rotate_90_or_270,8360,RGB,bc7a25203d7139469b5c0dcea859c5b0aa595ec6
251513_200w.jpg,200,143,landscape,rotate_90_or_270,7933,RGB,ab8e0ac81689d1c36d118078d383b5e73c09e85a
251514_200w.jpg,200,142,landscape,rotate_90_or_270,8156,RGB,bcee8de17a130516efe8704460c3adc63c5e84b7
251515_200w.jpg,200,143,landscape,rotate_90_or_270,8050,RGB,e8ff820597cafb70f7530ec21bc93c6e591f33eb
251516_200w.jpg,200,142,landscape,rotate_90_or_270,8112,RGB,cd2eb4667762379557b95b9979f9daa05fec423e
251517_200w.jpg,200,142,landscape,rotate_90_or_270,8318,RGB,93a207d91d03455622e76aa6b2c99d0a0da2e573
251518_200w.jpg,200,142,landscape,rotate_90_or_270,8786,RGB,5190aa86fc55b442a30eaedf6bf511b107b537fc
251519_200w.jpg,200,142,landscape,rotate_90_or_270,7908,RGB,36fadb2be3cd5349ed0662a0d1b929277c3bdb0f
251520_200w.jpg,200,142,landscape,rotate_90_or_270,8786,RGB,5190aa86fc55b442a30eaedf6bf511b107b537fc
251521_200w.jpg,200,142,landscape,rotate_90_or_270,8516,RGB,02c31e80faca2376eb5d4e8e51ffc15f4a5723c1
251522_200w.jpg,200,142,landscape,rotate_90_or_270,7882,RGB,7f897e6196d18cc8138bd605b6eec02b4f718966
251523_200w.jpg,200,143,landscape,rotate_90_or_270,8482,RGB,8b7a2e427486cd5668758fcd69573518d86b659a
251524_200w.jpg,200,143,landscape,rotate_90_or_270,8769,RGB,09f5422c1294f6c4e30da2d04842cb45a71a344f
251525_200w.jpg,200,142,landscape,rotate_90_or_270,7913,RGB,38b0c86bf6373dc10d5f6729672a268adff0547f
251526_200w.jpg,200,142,landscape,rotate_90_or_270,7855,RGB,8cd02329bf21089ae337b28cfa36088bdbfc95fa
251527_200w.jpg,200,142,landscape,rotate_90_or_270,8666,RGB,0fd8d2657ed34463e05f4927f394ed1a9c03c6d6
251528_200w.jpg,200,142,landscape,rotate_90_or_270,7947,RGB,590191aeece2506cd164d1ae466af85b32fb8713
251529_200w.jpg,200,142,landscape,rotate_90_or_270,8122,RGB,796a2d7fe18d817da74f16724a5ce6c6450a823e
251530_200w.jpg,200,142,landscape,rotate_90_or_270,8164,RGB,647f55af6e5afef087de4d1074c27daab79e0023
251531_200w.jpg,200,142,landscape,rotate_90_or_270,8183,RGB,28e1720cc123df69605421993014be4e82b7daaa
251532_200w.jpg,200,142,landscape,rotate_90_or_270,8483,RGB,44f01bbc57e31d4a568808d1be07f6c7627d3dad
251533_200w.jpg,200,142,landscape,rotate_90_or_270,8642,RGB,340221b9decd6711d2886fb3813235a49f180708
251534_200w.jpg,200,142,landscape,rotate_90_or_270,8655,RGB,111c3f59ec01129755065c5212782d8ebd0a752a
251535_200w.jpg,200,142,landscape,rotate_90_or_270,8577,RGB,d29c09f8411e10af2fb7bff3f1a63a70ec684435
251536_200w.jpg,200,142,landscape,rotate_90_or_270,8637,RGB,bef2ccec4c4026af59380044317eafe1875dc637
251537_200w.jpg,200,142,landscape,rotate_90_or_270,8574,RGB,f04c2bead471f06a759c5fe4a62c8cac3d0918be
251538_200w.jpg,200,142,landscape,rotate_90_or_270,8565,RGB,1ec04dc4e62890076998692a21ac36c8ba9d117d
251539_200w.jpg,200,142,landscape,rotate_90_or_270,8008,RGB,9680a4fe41f7ca4125e185382889aced2fb5d2ac
251540_200w.jpg,200,142,landscape,rotate_90_or_270,8738,RGB,288f0a81793c55b73218ed4720a0944fc91919a0
251541_200w.jpg,200,142,landscape,rotate_90_or_270,8303,RGB,21f8aa655af2762e973aa32a831c29dd0a871b94
251542_200w.jpg,200,142,landscape,rotate_90_or_270,8044,RGB,143d11980234accc765358934ae46c6671066e7f
251543_200w.jpg,200,142,landscape,rotate_90_or_270,8164,RGB,865f655d78c025be4a1999aa915a1e8ba695a4ff
251544_200w.jpg,200,142,landscape,rotate_90_or_270,8332,RGB,11bd11869af9c6d69ddd9c5f7b548a50f29a1a28
251545_200w.jpg,200,142,landscape,rotate_90_or_270,8516,RGB,11020e1f56fad09c9a6430378b6b28c10da90939
251546_200w.jpg,200,142,landscape,rotate_90_or_270,8059,RGB,4394e3019a5cadb7711f95efc9972557ca6187b7
251547_200w.jpg,200,142,landscape,rotate_90_or_270,8521,RGB,385c0d1c560c846502842a2a419d270b4e067e14
251548_200w.jpg,200,142,landscape,rotate_90_or_270,7989,RGB,1c93b004c17cee466ccc471a1f4a8b8bd6e56b2d
251549_200w.jpg,200,142,landscape,rotate_90_or_270,8233,RGB,41b36655fd2dba4763b48701dae0bc2a0dd8e7bf
251550_200w.jpg,200,142,landscape,rotate_90_or_270,8530,RGB,2868bfbcae949b46d5902a37b089b12e98f13ff6
251551_200w.jpg,200,142,landscape,rotate_90_or_270,8660,RGB,ff09fff66f9803930029656aed2d3339a2f69b8a
251552_200w.jpg,200,142,landscape,rotate_90_or_270,8372,RGB,57a5e9653a26304d7e1747b8871c3a7449b6e85f
251553_200w.jpg,200,142,landscape,rotate_90_or_270,8504,RGB,fbba4b067825fe51167ccd2766ba82b95dfcab0b
251554_200w.jpg,200,142,landscape,rotate_90_or_270,7840,RGB,52fbcac04e919fea57fa3fcb6ddd66393d1defbe
251555_200w.jpg,200,142,landscape,rotate_90_or_270,8553,RGB,286fbeaa9153f742f4879c3e4e845631023b342b
251556_200w.jpg,200,142,landscape,rotate_90_or_270,7892,RGB,35174299ef86db64a4cd572fd05c13b54c6845f5
251557_200w.jpg,200,142,landscape,rotate_90_or_270,8619,RGB,a0ef2aebdb7494dc620b968f265926163b313a83
251558_200w.jpg,200,142,landscape,rotate_90_or_270,8524,RGB,d0a1050235a40cee8ab41af709c5c232816bdb12
251559_200w.jpg,200,142,landscape,rotate_90_or_270,8499,RGB,a686d6dc2e5a9f727b84b6f8ccf62625b1d18a0c
251560_200w.jpg,200,142,landscape,rotate_90_or_270,7579,RGB,64b6892dbd52c2fd8f11b5f8255af31ec756bc76
251562_200w.jpg,200,142,landscape,rotate_90_or_270,8359,RGB,9153d179697de60f15a3dd563058371fe5c6fdb9
251563_200w.jpg,200,142,landscape,rotate_90_or_270,8823,RGB,cc587c6eb521c44220494806f0c07ea976d5284b
251565_200w.jpg,200,142,landscape,rotate_90_or_270,8275,RGB,8449c053d9f0e825bdc2f05a20151999c794b1da
251566_200w.jpg,200,142,landscape,rotate_90_or_270,8339,RGB,347c1f7ff0b482ce6b7faf548d8f3e995bfd105f
251567_200w.jpg,200,142,landscape,rotate_90_or_270,7693,RGB,d54001ea1446a9c11dc83a868ca1361eeca0b255
251568_200w.jpg,200,142,landscape,rotate_90_or_270,8331,RGB,7bbaf8536369174733a73ab850ab1fb392464fa0
251569_200w.jpg,200,142,landscape,rotate_90_or_270,8341,RGB,f676f09416685db3d51ea6325dbf993b0963e486
251570_200w.jpg,200,142,landscape,rotate_90_or_270,8328,RGB,aad0a6c5a8bb0d35657105fd826ce1730745f793
251571_200w.jpg,200,142,landscape,rotate_90_or_270,8366,RGB,7bc83ab3826e81b5290aa328aab8f63fa9c15ae7
251572_200w.jpg,200,142,landscape,rotate_90_or_270,9065,RGB,737bc947812aa48fe2e316f3e942bc80c2b5a7a2
251573_200w.jpg,200,142,landscape,rotate_90_or_270,8410,RGB,452333785ce29c4db51f7c38e4cf90dfccbc2d38
251574_200w.jpg,200,142,landscape,rotate_90_or_270,8168,RGB,498b833a26c12851a03adff3db14a743392e34c3
251575_200w.jpg,200,142,landscape,rotate_90_or_270,8344,RGB,dc0d693a74c7081630a5c1219c47b75082dc08a2
251576_200w.jpg,200,142,landscape,rotate_90_or_270,8377,RGB,833cd2e8168be6f5e9318413cc9a2ecd6e14cf19
251577_200w.jpg,200,142,landscape,rotate_90_or_270,8645,RGB,a1769f29f11101e342036756383a50c5b5262046
251578_200w.jpg,200,142,landscape,rotate_90_or_270,8631,RGB,94f1656d42a4a5a816a7f6d2f6a1e32182a8ce92
251580_200w.jpg,200,142,landscape,rotate_90_or_270,8657,RGB,c463fdaed83a30d93f064c7a93430c0c8cb474f1
251581_200w.jpg,200,142,landscape,rotate_90_or_270,8458,RGB,89cb14e828f14360634a60978cff4700fbfd3812
251622_200w.jpg,200,279,portrait,none,27339,RGB,6fb99520159db0af9ac4ea4bcfaeaaea087b19c0
251623_200w.jpg,200,279,portrait,none,24607,RGB,52fc6b7d6f87e673279461e95fa57203bed2a63b
251982_200w.jpg,200,279,portrait,none,24765,RGB,164676d7b47aa59a94a34279768661f01811e38e
252418_200w.jpg,200,142,landscape,rotate_90_or_270,8314,RGB,e146754d3443787966348b1243e7fdddc336e872
252419_200w.jpg,200,142,landscape,rotate_90_or_270,8326,RGB,415bae952dcadb3d439c7d169b18c04b03798061
252420_200w.jpg,200,142,landscape,rotate_90_or_270,8320,RGB,369c34fde69a27a2ccede17a8ff97fd54210d56b
252421_200w.jpg,200,142,landscape,rotate_90_or_270,8310,RGB,41e26e8cd269908cd09c60a05fc0695af33162ee
252423_200w.jpg,200,142,landscape,rotate_90_or_270,8317,RGB,5ba1a6c37e776a4ca9a2bef5ac17bee0d9cf34ec
252424_200w.jpg,200,142,landscape,rotate_90_or_270,8811,RGB,30c564e4b83f80949e1515556c39dd5d0aac6445
252431_200w.jpg,200,142,landscape,rotate_90_or_270,8394,RGB,b25994def9267ee5544ab98e98cd63bfeb05864c
252432_200w.jpg,200,142,landscape,rotate_90_or_270,8337,RGB,41341719377af6e7d1c907d8200bb22872c75470
252433_200w.jpg,200,142,landscape,rotate_90_or_270,8400,RGB,833152c531ab664daab9522300d9345c9454a260
252434_200w.jpg,200,142,landscape,rotate_90_or_270,8422,RGB,c2494cb09544f737ef2e7ea669e749b1cb7a2dbc
252435_200w.jpg,200,142,landscape,rotate_90_or_270,8362,RGB,6cc022d344d59f1abdd8af3caf492690214bf2da
252436_200w.jpg,200,142,landscape,rotate_90_or_270,8397,RGB,19dbf98023786433b129c5335390a03f11e06188
252437_200w.jpg,200,142,landscape,rotate_90_or_270,8417,RGB,0a11f981cab616923d907c1313606cd11a5e35c8
252440_200w.jpg,200,142,landscape,rotate_90_or_270,8410,RGB,a1232a307706e807d1d74dcd06995b5befcbdce6
252441_200w.jpg,200,142,landscape,rotate_90_or_270,8327,RGB,fef03105e09de44561eb80c9a15468cdbd871ad7
252442_200w.jpg,200,142,landscape,rotate_90_or_270,8413,RGB,affd7240985d33324d45ecd51891064e0445ff78
252443_200w.jpg,200,142,landscape,rotate_90_or_270,8337,RGB,23b63dcd320befb972bf802f9fc168f749ea477e
252462_200w.jpg,200,142,landscape,rotate_90_or_270,8526,RGB,edccbc0c30c31b9c8a956acfdd8470ce40380bd2
252516_200w.jpg,200,279,portrait,none,24266,RGB,0a35c82a3d41c1c86140757e0bcb3e582a21bbc6
252517_200w.jpg,200,270,portrait,none,27077,RGB,a12c6210db377521adda2e55e1f5700d7c16bffa
252532_200w.jpg,200,142,landscape,rotate_90_or_270,8329,RGB,7c8af5c57453967a4c0803de1157294232693aad
252737_200w.jpg,200,279,portrait,none,16011,RGB,608581399159b357c17916284d4d6f556cca8a80
252738_200w.jpg,200,279,portrait,none,29745,RGB,65497754dc197f251d3148dd830af9b1ca480efa
252817_200w.jpg,200,278,portrait,none,23221,RGB,85113a158742b420c01e379debcfd69c14263f80
253069_200w.jpg,200,278,portrait,none,21634,RGB,97935e250ea5e21b1f0480f41f9639558142c063
253072_200w.jpg,200,278,portrait,none,20802,RGB,78b67f7f6897125e62541736f721f1bfe53f4da3
253073_200w.jpg,200,278,portrait,none,23684,RGB,c0a804c57cff8361f74837b592d73fecb66ef419
253074_200w.jpg,200,278,portrait,none,20476,RGB,b20bd800f7202a8f1233475cb396c6bea0214173
253076_200w.jpg,200,278,portrait,none,25625,RGB,5bf6914c8c077016c79b2d6843aeb282c9746f52
253077_200w.jpg,200,278,portrait,none,21908,RGB,5ea178a9a826c048405095a6dca28302210624b9
253078_200w.jpg,200,278,portrait,none,22500,RGB,df306f5c32b7de6119be46466671769e38ee6375
253079_200w.jpg,200,278,portrait,none,21803,RGB,652f0d359deddf6e373364f8e43e5a9ac9dffc9b
253080_200w.jpg,200,278,portrait,none,21436,RGB,b0877045ba986148f8626eceaa25baa30b2424cf
253081_200w.jpg,200,278,portrait,none,22337,RGB,c90dabc931c2fcf6b99aa6eeedf4cf6320991323
253086_200w.jpg,200,278,portrait,none,23075,RGB,7572031688b2787cd7bd0be44f230cb01d4264e5
253087_200w.jpg,200,278,portrait,none,21698,RGB,1304852e8c3a5040633f9f9c55c9eacba6e05358
253089_200w.jpg,200,278,portrait,none,20633,RGB,698a081f18b63d3fbf5495cffd66138d7fddd6f0
253090_200w.jpg,200,278,portrait,none,23885,RGB,703e8c61bda86e6ea89d32819aeac50435c36fba
253091_200w.jpg,200,278,portrait,none,18836,RGB,2278ab51d05312c8e928d0c51c852790fdda9106
253092_200w.jpg,200,278,portrait,none,20025,RGB,de991c42da9d5a91e72d9b41463b941e38698ae0
253093_200w.jpg,200,278,portrait,none,19743,RGB,68a1ac8375496012c4a1e171ebe5c998fa3c439a
253094_200w.jpg,200,278,portrait,none,19492,RGB,c9c12d77cba93691215ef2d5e1842195b044399c
253096_200w.jpg,200,278,portrait,none,21758,RGB,73386aeb433fbd62cc25bb55f43c157151f3cce4
253097_200w.jpg,200,278,portrait,none,21982,RGB,3dc71a48536ecb59322e4042698dd4adc5a37783
253098_200w.jpg,200,278,portrait,none,18764,RGB,168f132f539ec466fe6132674d2f58c33b1fed29
253099_200w.jpg,200,278,portrait,none,18981,RGB,6dd74ae91019c34d5988eb511a237697d27350e8
253100_200w.jpg,200,278,portrait,none,19707,RGB,5f80a35820f7728cada00fb6473fed84828d1b40
253101_200w.jpg,200,278,portrait,none,23230,RGB,d56d6976d3c7f4b8cb8f9034c0f7129e4574c469
253102_200w.jpg,200,278,portrait,none,19719,RGB,f89c0f7cb00e02840f544769c221f425136b47c2
253103_200w.jpg,200,278,portrait,none,20913,RGB,a5b88c0bd13f79636281f7decba762e8a0c1ba43
253104_200w.jpg,200,278,portrait,none,20428,RGB,99095e5a30f6a0fe14ab2c7e1e001b3210db643d
253105_200w.jpg,200,278,portrait,none,23981,RGB,d00ffc9cb48975982a1a83a87c8e9b01ffac8150
253106_200w.jpg,200,278,portrait,none,22419,RGB,8ed754fdc08f5bca7fa0b333f271190cd6cb33ad
253108_200w.jpg,200,278,portrait,none,29855,RGB,011e6333507f9e6e607f6a6080f6cc78724220dc
253109_200w.jpg,200,278,portrait,none,27313,RGB,df1790d1fb8315c13d7775162b45943460f14fd2
253110_200w.jpg,200,278,portrait,none,19475,RGB,0db2754c75c515b4981fb52a6f99f9669c51ed26
253111_200w.jpg,200,278,portrait,none,20405,RGB,3232ec6a52f9625f2f33d09356b66c07ea810dfe
253112_200w.jpg,200,278,portrait,none,18605,RGB,6ce12ba14adce5371df8f895e220590d9611e578
253113_200w.jpg,200,278,portrait,none,26461,RGB,3ad3b4dbc4ba9177020116681d46fc2d3b8cf86c
253114_200w.jpg,200,278,portrait,none,20173,RGB,d27c91555883150d2f1dac644c50de1d68fa3b03
253115_200w.jpg,200,278,portrait,none,19782,RGB,8286e1aab59cfb7663e848d6649ad9a3910f47e2
253116_200w.jpg,200,278,portrait,none,20702,RGB,43d0c4f7fb0a637bee3632e521a9ab038fc73779
253117_200w.jpg,200,278,portrait,none,21143,RGB,c7fa34728713c6b2a14e4fbae6d2b10a3428ed05
253118_200w.jpg,200,278,portrait,none,21277,RGB,7fd7bddbce3ae0be42b58326fdaed3a345051cb0
253119_200w.jpg,200,278,portrait,none,19681,RGB,4830a21d8d8bc1d6a41edd73d87b5f2e1d28225b
253120_200w.jpg,200,278,portrait,none,24969,RGB,67ba39edb20ba6e239a49ad4c7e2ab30b1b0f23e
253121_200w.jpg,200,278,portrait,none,19918,RGB,dc2e656321168ce78c3179672e7525a87cba015f
253122_200w.jpg,200,278,portrait,none,22963,RGB,c29ced7cbbdf52256b01902904e6546f86265604
253123_200w.jpg,200,278,portrait,none,21513,RGB,611d9a339baab50867417c6ece449dd32c9d366d
253124_200w.jpg,200,278,portrait,none,19467,RGB,3ac2dcdfadb9a7d50bd37fea1b698b2067f25b69
253125_200w.jpg,200,278,portrait,none,20034,RGB,79e1dfc276fec02f9d37324da38a8193492c3a36
253126_200w.jpg,200,278,portrait,none,20914,RGB,bc9820156c32483ca94dc24e438a86827a376957
253127_200w.jpg,200,278,portrait,none,22950,RGB,e3d4d80396938bfa2cd6b0255281ceee9bc9fc1a
253128_200w.jpg,200,278,portrait,none,24312,RGB,ba480f4314aef5cf278f2d69483bcad07dfc0c82
253129_200w.jpg,200,278,portrait,none,22040,RGB,9a49304951752685918ea4a196a5fd5639602354
253130_200w.jpg,200,278,portrait,none,24024,RGB,e8f743051fb4efd5de679e8032a874c9fe05bf8b
253131_200w.jpg,200,278,portrait,none,20580,RGB,a88595d6d5ff055265d5c4031eb4ecf15e487a29
253132_200w.jpg,200,278,portrait,none,22823,RGB,badd003126f027a0c07bc18e1c502a13bd56f1b1
253136_200w.jpg,200,278,portrait,none,19212,RGB,97e7960a7994deb841205967c2cafa93ef3f5c0a
253137_200w.jpg,200,278,portrait,none,21637,RGB,cdddc192dacdba57ff46e9bb9c3c1558e9a1ae6e
253138_200w.jpg,200,278,portrait,none,27989,RGB,a978d82454841ac2fe0ff45dbd36d03526d83e16
253139_200w.jpg,200,278,portrait,none,27770,RGB,da88bb0c9da6e667eb054eb1e271b34ec171ff45
253140_200w.jpg,200,279,portrait,none,25274,RGB,97b0622336718da0758454e85e36f877ebc6f1a2
253141_200w.jpg,200,278,portrait,none,29045,RGB,d1ad1aca3903f73ec221ae9b13b54a90e9f3dac0
253142_200w.jpg,200,278,portrait,none,27993,RGB,0e1f8e3a29d926b2415c13d1dbb35c63160fc938
253143_200w.jpg,200,278,portrait,none,29102,RGB,d9d2f7886988dfe755f544a3072f968fff2e67d1
253144_200w.jpg,200,278,portrait,none,30281,RGB,65ef61e1ffddf0c4b70bbdfaec1ba7ab576b569b
253145_200w.jpg,200,278,portrait,none,32628,RGB,add28cb358ea17af69c8ec02db374f03fac26b5a
253146_200w.jpg,200,278,portrait,none,25413,RGB,cf157b943d6906885fab303461a8dd5e03b853fb
253147_200w.jpg,200,278,portrait,none,29537,RGB,c19cf0ff73d0d90a1be8700dfdd8b508e14370c0
253149_200w.jpg,200,278,portrait,none,25182,RGB,572faf7f8198af650b3e129e1b15126e7df419e9
253150_200w.jpg,200,278,portrait,none,24259,RGB,7ea0ba0a4391cad846109d8dc69de2c032348007
253152_200w.jpg,200,278,portrait,none,33095,RGB,353f18543fdea4d48ab4a79545ac8880241d4bdf
253154_200w.jpg,200,278,portrait,none,30905,RGB,310f221da28db1c7058a78b337996fde668cff60
253155_200w.jpg,200,278,portrait,none,30862,RGB,b440ba8a5842cacbf2ece30ae8d79742249edea6
253156_200w.jpg,200,278,portrait,none,28206,RGB,ce01e13f5071cfa9ce08ee4235cadfc11a93b41d
253157_200w.jpg,200,278,portrait,none,26724,RGB,0bdaf9e576bdc458f4eb0568e579949618d79057
253158_200w.jpg,200,278,portrait,none,24139,RGB,e9c2eb31c3acaf310226d59cd37728963cbdda96
253159_200w.jpg,200,278,portrait,none,28692,RGB,95b825cd09352ce5f1de7e016b4d9a4bf8a7ed91
253160_200w.jpg,200,278,portrait,none,26829,RGB,01287108813f65abf8be0854a95f6e465f441f4c
253161_200w.jpg,200,278,portrait,none,29485,RGB,0cc39210010f933f8b977af3e22bc2ac87650ddc
253162_200w.jpg,200,278,portrait,none,23085,RGB,f55fe98a67f45f827f7b906c0b327815af7b4046
253163_200w.jpg,200,278,portrait,none,23601,RGB,f3d19a283a9f06da114bb29905aa10322eed0e4a
253164_200w.jpg,200,278,portrait,none,27664,RGB,88fbb9bdd3338320e546367ed3912883755e0cd6
253165_200w.jpg,200,278,portrait,none,24777,RGB,66f3ccf4e7a6a6853de935914e229c244486c1e6
253166_200w.jpg,200,278,portrait,none,22762,RGB,6a9194fd0a47b5fd351a1e107e08565941dab183
253167_200w.jpg,200,278,portrait,none,28551,RGB,25ff725300f1ad09360b4fc96df7f8a772b482da
253168_200w.jpg,200,278,portrait,none,29178,RGB,510e22f273381f6bad58c15fbcd18e981a018945
253170_200w.jpg,200,278,portrait,none,28680,RGB,cc7be77c54cd26c6b8dc678dd6fceca500791262
253171_200w.jpg,200,278,portrait,none,29524,RGB,4431f876d351c0360b12cca856071bc68f3df032
253172_200w.jpg,200,278,portrait,none,21130,RGB,036b3b17fada69bc55a5eb608198cc1f8064e718
253174_200w.jpg,200,278,portrait,none,24858,RGB,913348500033b223c7650262e1e6b884bf4f4959
253175_200w.jpg,200,278,portrait,none,21814,RGB,dfdb9065ad06be141a787abaf155176042be53c7
253176_200w.jpg,200,278,portrait,none,23481,RGB,a0e6543a9ece9a495dd7afe5cf6115afb72fd51e
253177_200w.jpg,200,278,portrait,none,32038,RGB,8c9ce282a08750a652ac5626691a53e40b226ed7
253179_200w.jpg,200,278,portrait,none,25588,RGB,314ec689aaedd5f599008d9e67c0e50bf849910b
253180_200w.jpg,200,278,portrait,none,23063,RGB,27893a2993ab3d518a277f2edcb2c7c09f7e31f4
253181_200w.jpg,200,278,portrait,none,22982,RGB,8bdf36165e7ff92edd445bef4af1d4ff93a1121b
253182_200w.jpg,200,278,portrait,none,27260,RGB,8eb05ade0cbf3358fd20a10f318449c6cd62d564
253183_200w.jpg,200,278,portrait,none,23892,RGB,8263146f6cff348e1d897a353ff0548607a8cd6a
253184_200w.jpg,200,278,portrait,none,25819,RGB,597ca67184c44e72ba3cf46c077afdc3bf28b2a3
253185_200w.jpg,200,278,portrait,none,26342,RGB,32009a735f077c2333a011effc0320e99b505fe2
253186_200w.jpg,200,278,portrait,none,21792,RGB,e7f49c1a7e963a14f64e9414f76b33b7d7e6913e
253187_200w.jpg,200,278,portrait,none,25443,RGB,761537cf9cd7c81a0930165d8af113cac7664c72
253188_200w.jpg,200,278,portrait,none,27892,RGB,35090fbbcfadc7d28ad028014bc48690fa45c6ea
253189_200w.jpg,200,278,portrait,none,24873,RGB,3b327295f50a14af43e14e7964ca2f0be03446f3
253190_200w.jpg,200,278,portrait,none,24830,RGB,8c9959416c8e5c52014a8f31b1b5c5c7820bceef
253192_200w.jpg,200,278,portrait,none,20908,RGB,6c5fd5085c105667cf109c6fddbc924c94a30c1c
253195_200w.jpg,200,278,portrait,none,23399,RGB,17ca3c56954608ecf32142492811971843b95054
253199_200w.jpg,200,278,portrait,none,23845,RGB,6d0826dcc4cc5e228ea20d2264548cb4652503fa
253201_200w.jpg,200,278,portrait,none,24652,RGB,1ae9eb7f36b2adc636ce7f6a35ce249df02b1924
253205_200w.jpg,200,278,portrait,none,25418,RGB,0e432342d445d5a041d4053a22af7859a5064927
253208_200w.jpg,200,278,portrait,none,24833,RGB,4a67d5bd95f64e468f3a0b965cc30640b43ff858
253209_200w.jpg,200,278,portrait,none,25668,RGB,46a8aa54ac4224cec98829e7b12f1e366d01c9ec
253210_200w.jpg,200,278,portrait,none,25748,RGB,e205451bcb3aa96c1f18eae33dc13e21ef32d558
253211_200w.jpg,200,278,portrait,none,22040,RGB,a1c0007bf2303604b1c547d87110a92abbbc598e
253212_200w.jpg,200,278,portrait,none,24804,RGB,88c29506dfc3c359e22748441d5edafaa70302bb
253215_200w.jpg,200,278,portrait,none,24230,RGB,72b163f7ec49b393e6dee6c6629824b4c5eaa0ae
253218_200w.jpg,200,278,portrait,none,21514,RGB,3af64e999cd06cc167d15fd6da6dd68ad2aa6717
253222_200w.jpg,200,278,portrait,none,24518,RGB,1195a40c61f6fb95f529bce55c5a553d821b1c71
253223_200w.jpg,200,278,portrait,none,28695,RGB,65862ccd7734ac4a56c0db682f47dafa03ce5aa5
253224_200w.jpg,200,278,portrait,none,22684,RGB,249fee0ba1fb46cd834f32ea073a375e99c494d8
253225_200w.jpg,200,278,portrait,none,25051,RGB,11dffd9b88358157ac32d60ac947d0801908ee23
253226_200w.jpg,200,278,portrait,none,28792,RGB,01b4cef9be5e34a058edc692ce59b52def915939
253229_200w.jpg,200,278,portrait,none,26271,RGB,b10e20eb478f72d4dbe0dcaccdcd7cfd0c8c3df9
253232_200w.jpg,200,278,portrait,none,29122,RGB,015a0b97fcccdf48ad2412e6fa25deda3354f1d0
253233_200w.jpg,200,278,portrait,none,32096,RGB,a9d4cc27f615fb44731b664fe5fe7036eb0d0211
253234_200w.jpg,200,278,portrait,none,21727,RGB,bc3020bfe5256d18f2248467ad77caa6db140e6c
253235_200w.jpg,200,278,portrait,none,23979,RGB,659c5ab2bf7e87603404f57d09518cd688264342
253236_200w.jpg,200,278,portrait,none,20519,RGB,df4304893ac4e292fdb414dee660e283a007a0f7
253237_200w.jpg,200,278,portrait,none,23619,RGB,4da09bafc2c86205fa17664094c538289af6284d
253238_200w.jpg,200,278,portrait,none,20582,RGB,1dcb99bb7d25aba41f8d3260d42683b3c67ab258
253240_200w.jpg,200,278,portrait,none,23773,RGB,8a2bcdee804354d77febe981ea3e056fc44c0bfc
253241_200w.jpg,200,278,portrait,none,26528,RGB,42b16852f0acc5eb531d9147b52a210d35417163
253244_200w.jpg,200,278,portrait,none,22614,RGB,267d16903e821349133f250fe8cd85a690e14087
253245_200w.jpg,200,278,portrait,none,21874,RGB,d48a8e8fb75c5f3a3d81fe189b6e67a0d01ca757
253246_200w.jpg,200,278,portrait,none,21089,RGB,f6ebb967176c8fe30d3f3f567786beab230d60bf
253247_200w.jpg,200,278,portrait,none,19508,RGB,c119d916c8e5e4f0ccffc2fefdf6e3ddbc52494d
253248_200w.jpg,200,278,portrait,none,21632,RGB,beead6844f627eeb0a868cd173f3bd50c5f45de8
253249_200w.jpg,200,278,portrait,none,20837,RGB,6aefb115f8572c20957be79c35d4393a0e520ac8
253250_200w.jpg,200,278,portrait,none,21327,RGB,2524491fe58b229a54371df8e1ea22bc8b904e23
253251_200w.jpg,200,278,portrait,none,19775,RGB,c45542b87923633ff6842e377f2696aa33de9fde
253252_200w.jpg,200,278,portrait,none,23776,RGB,29b7d571fec3942ffe7789511e0fe342fa0288ba
253253_200w.jpg,200,278,portrait,none,24800,RGB,11b52bd66aa35f0d6e88c01cd0e5de9be0da1e33
253254_200w.jpg,200,278,portrait,none,23455,RGB,610e54bfbafd111e83cf7a5f6badb470ae11744e
253255_200w.jpg,200,278,portrait,none,23450,RGB,1d5facab8d0786f5d416e7e2c507302881f92f6a
253256_200w.jpg,200,278,portrait,none,20700,RGB,58dfadc71d0df10a21254cb0662c114039d23ba5
253257_200w.jpg,200,278,portrait,none,24075,RGB,58f035536e5074443795db32510a6a9cdc628545
253258_200w.jpg,200,278,portrait,none,21888,RGB,81624794ac29d5f7a6dcc9022854ae7dfffc7bbd
253259_200w.jpg,200,278,portrait,none,30033,RGB,8f8910feb0890991540b41d3197ac870b7877fb0
253260_200w.jpg,200,278,portrait,none,29734,RGB,90c2f4c167f0e44a5e49a28698d87d3406e0210c
253261_200w.jpg,200,278,portrait,none,22385,RGB,229163437f069bfdfd7d17a7bee885826ea9ad8a
253262_200w.jpg,200,278,portrait,none,22789,RGB,1a6a177cef5ed4ec954bfee5b84edfc7cfb31cd8
253263_200w.jpg,200,278,portrait,none,23071,RGB,1584ebb9d8c607ffe8e7d241f6e8f7b243ea4401
253264_200w.jpg,200,278,portrait,none,25049,RGB,47970d916ae437f265862a335fed8577d130be97
253265_200w.jpg,200,278,portrait,none,28340,RGB,1083ee00bb45d9389e49407909914a15702b4eb2
253266_200w.jpg,200,278,portrait,none,29584,RGB,cdab014106dcca749f7b81612f311db6d0320e9c
253267_200w.jpg,200,278,portrait,none,22437,RGB,c19adf2db713fb820322f52d89cd5840a4ecaa8d
253268_200w.jpg,200,278,portrait,none,21026,RGB,c3373a6192ba35bcefe74bff635b0395c2d60f00
253269_200w.jpg,200,278,portrait,none,19400,RGB,11c4861b898202bff000d40ba6e91d76eb270686
253270_200w.jpg,200,278,portrait,none,23949,RGB,c7c8f00f34d97f1f5e4722c84cd0df7f792e667c
253271_200w.jpg,200,278,portrait,none,25634,RGB,c71a8cb990ecd2f5921121e63d93aaecac227691
253272_200w.jpg,200,278,portrait,none,19265,RGB,f25108a9c5ae5bb38345f1ceb9372ee3ce2ecc84
253273_200w.jpg,200,278,portrait,none,22850,RGB,246a582d11e5852f2910ae272bcb54ec22c98c6a
253274_200w.jpg,200,278,portrait,none,26865,RGB,b5a0f8d77e52a24fc94e6d0a9e0731221ffe1f9e
253275_200w.jpg,200,278,portrait,none,30172,RGB,5804310040036d363f317b599c88ea20caaa65b6
253276_200w.jpg,200,278,portrait,none,20864,RGB,2db43631864cf2391a800e7478fd0fa9ddfc0cca
253277_200w.jpg,200,278,portrait,none,17978,RGB,52c485aef204a7d56a503af6021034e4844e2c5f
253278_200w.jpg,200,278,portrait,none,20107,RGB,76798110036f5ebf2b6c01e9d8ddce7cc47ab10a
253279_200w.jpg,200,278,portrait,none,18784,RGB,5e76df0b79e364df6b4c780953c0e4d30cb1e791
253280_200w.jpg,200,278,portrait,none,18987,RGB,25f70edb9440d74419f41011c5a1c1b5a1e5beb4
253281_200w.jpg,200,278,portrait,none,19441,RGB,ff72a3cbcfa196da4f858643f5302bffcec691e5
253282_200w.jpg,200,278,portrait,none,21377,RGB,0deb47eb7854af2e0fa12973704ae8f77b347285
253283_200w.jpg,200,278,portrait,none,19741,RGB,5ab5e2fa0505140aabd1325fde2125c18dde345d
253284_200w.jpg,200,278,portrait,none,23717,RGB,f24576e764ba7e173443470aa38e7da46334af49
253285_200w.jpg,200,278,portrait,none,23468,RGB,df9a37703d940af416204533e655fbafd902b18e
253286_200w.jpg,200,278,portrait,none,26283,RGB,bc0d9edad32d0a053187c847c4806ac9bead7b23
253287_200w.jpg,200,278,portrait,none,18507,RGB,45a08aa5e779358fd78d79d485fd0024cef31c95
253288_200w.jpg,200,278,portrait,none,21055,RGB,e3798308bf348124ba4aa26f6679adc5b006c6c0
253289_200w.jpg,200,278,portrait,none,18229,RGB,372c85e8d7e7919ea867948f3927736a987df444
253290_200w.jpg,200,278,portrait,none,20594,RGB,6056d9c333f68c31a91b3677ee8faf280e82f6e6
253291_200w.jpg,200,278,portrait,none,19305,RGB,192c060f23a419088507d043ed131d5868264feb
253292_200w.jpg,200,278,portrait,none,20020,RGB,cd3d1b0f202d4aa31ad7a7bfc4cea6f68af9db0b
253293_200w.jpg,200,278,portrait,none,22683,RGB,7139661486b95ed81ed09424f3b5732fb39ff777
253294_200w.jpg,200,278,portrait,none,17313,RGB,867a1f5c3e11b22ba8b322411f47905e5e576a7e
253295_200w.jpg,200,278,portrait,none,27402,RGB,045f877cbcba1fb15b8d9896e2cc13da9fb3c6a1
253296_200w.jpg,200,278,portrait,none,19182,RGB,2f598ebc277e66ba55f0845744a7816579aa0f60
253297_200w.jpg,200,278,portrait,none,23701,RGB,7260b67bbdda59676eea78350b4d7943d11efe3e
253298_200w.jpg,200,278,portrait,none,22958,RGB,fb1fb0c0506af5dc1732992f1049dbe254159fbd
253299_200w.jpg,200,278,portrait,none,23636,RGB,349393a8577d14658bc1defbd7c9b9ff39bc2df2
253300_200w.jpg,200,278,portrait,none,21216,RGB,dc344cbb5db7dfd7f5a88a87276dbbece3b0d5b6
253301_200w.jpg,200,278,portrait,none,18835,RGB,efcd3daae447afed0e3caa8c3b2c615d98baa5bc
253302_200w.jpg,200,278,portrait,none,20659,RGB,ff411201ac48f729d25b7aa405ae3ab9e3647a78
253303_200w.jpg,200,278,portrait,none,22992,RGB,b4e8f5079899b36057f39d23a0019351ecc93fdf
253304_200w.jpg,200,278,portrait,none,21764,RGB,9dfb1bdee24c65466b5f6f1d1d9f2455ea008e78
253305_200w.jpg,200,278,portrait,none,22027,RGB,52a1ba8f23663c49531563372d9e296def564a57
253306_200w.jpg,200,278,portrait,none,20572,RGB,25f66507428bbb316c318478910ab90cd0834026
253307_200w.jpg,200,278,portrait,none,24394,RGB,25429aff426a6d137155fe562c41f8336c99c7bd
253308_200w.jpg,200,278,portrait,none,22364,RGB,bb8e94c76c00d123ee2d4a31c6f7f53ce42fa728
253309_200w.jpg,200,278,portrait,none,21686,RGB,6e9b066f565bbde33ce81d6c9b7c710467af0809
253310_200w.jpg,200,278,portrait,none,21134,RGB,ef1c35e51af47f0dbb525384da044719573b81b6
253311_200w.jpg,200,278,portrait,none,22553,RGB,667d9526aa8e88ce5e8ba4c7bd816e0e6663b6bd
253312_200w.jpg,200,278,portrait,none,20456,RGB,03096cc8abd22e0ce73adcd9d7eac9a85cf702bc
253313_200w.jpg,200,278,portrait,none,22755,RGB,2557aaff77667ef5b45da161f84401e3a4600d08
253314_200w.jpg,200,278,portrait,none,21252,RGB,165040d2b8025e6c82fa824982b6a777084d470a
253315_200w.jpg,200,278,portrait,none,21188,RGB,ac68399609ea6e4312e19198cafd272e483e2482
253316_200w.jpg,200,278,portrait,none,25937,RGB,f2c52ac89df429f35ed57b15c4bc361773058884
253318_200w.jpg,200,278,portrait,none,21856,RGB,1264c2517f0dc035d5c1a5df908517ab8fbcb572
253319_200w.jpg,200,278,portrait,none,20247,RGB,fd87c9c3db248b5c4f8b4d204b682c66b2303b60
253320_200w.jpg,200,278,portrait,none,20969,RGB,9594231a213ff90fc2d41e80d47d1ec3e321be4a
253321_200w.jpg,200,278,portrait,none,20632,RGB,7052d7a57b47fd0a77274a0f966a910459483921
253322_200w.jpg,200,278,portrait,none,21250,RGB,ac72124d92dcb087c5c43cbc5ab148761af6c100
253323_200w.jpg,200,278,portrait,none,19737,RGB,7098af2d14fcdabfa8de84022cb2731a20a58662
253324_200w.jpg,200,278,portrait,none,21444,RGB,1d9bb20f75453c4a25a1d87faddda1c65db35388
253325_200w.jpg,200,278,portrait,none,21989,RGB,883e785342dd527f1946db73141e31b7036a288d
253326_200w.jpg,200,278,portrait,none,23453,RGB,4c84953d79d4997e57a9862d34fe68beac38be24
253327_200w.jpg,200,278,portrait,none,24579,RGB,b05ee3f631f3eff3ce034c4e948967259a3ad2e9
253328_200w.jpg,200,278,portrait,none,25683,RGB,3af5da726ba801dfe47bc7dac78a1f3bb8d35efd
253329_200w.jpg,200,278,portrait,none,23654,RGB,56725e84ce1f1a36d3328034e255f25b99db548c
253330_200w.jpg,200,278,portrait,none,25853,RGB,82a71d4b9c64e7e7ded2d8690e78c8b17247b4cb
253331_200w.jpg,200,278,portrait,none,23257,RGB,e94afc64028c4a97c580c95cfb90fb78c17fff28
253332_200w.jpg,200,278,portrait,none,21916,RGB,101ff212dee9ab6e5689fbf7a5f5dea276f47259
253333_200w.jpg,200,278,portrait,none,28548,RGB,734edaf02c5ddfa887a5f5be075ae931771c2510
253334_200w.jpg,200,278,portrait,none,21384,RGB,f4d91bdf8121ffe6109c27c82363bb7ce8416298
253335_200w.jpg,200,278,portrait,none,22993,RGB,619c2001dcd684a9aa1de6d797ffc7762dd83eb2
253336_200w.jpg,200,278,portrait,none,22503,RGB,442df1415ffa300702886ab1cca99b7f44a60da7
253337_200w.jpg,200,278,portrait,none,22215,RGB,c39855f35a1e966f2ae5197b23c334e3dc6be5f3
253338_200w.jpg,200,278,portrait,none,23141,RGB,86dfae42ef4f75672e4a562b96ed76476af0b6ff
253339_200w.jpg,200,278,portrait,none,19858,RGB,e5ba6e1775f7d20be515e2edac8b5b02da3a4824
253340_200w.jpg,200,278,portrait,none,26038,RGB,da591213791d7d2f5132024bcbc8925bc3cb6390
253341_200w.jpg,200,278,portrait,none,22369,RGB,4e8d93370f990ea3f3eaaee449cbbb3fdbc404dd
253342_200w.jpg,200,278,portrait,none,24554,RGB,9590f5ff288b45fa75d88081e79e81448b50d62f
253343_200w.jpg,200,278,portrait,none,23593,RGB,0d4337045bbc1b0eaabdba4725f4e578b0226387
253344_200w.jpg,200,278,portrait,none,24409,RGB,273e0464a25e2b58448d3db73fd3177d13a4f1fe
253345_200w.jpg,200,278,portrait,none,22931,RGB,290cce0ac8efb7a766a31f097149000ccca113be
253346_200w.jpg,200,278,portrait,none,24817,RGB,dfc03cacf89bb462ae557f41b4ab3c6b94be5628
253347_200w.jpg,200,278,portrait,none,25886,RGB,5eecf134ebf4c9911753f2ed257ad7d05aeed07d
253348_200w.jpg,200,278,portrait,none,22890,RGB,c7e519de6275ef3a3e8a9cd2a54f6998665e40ab
253349_200w.jpg,200,278,portrait,none,25793,RGB,0b163b6e3fc17fc85dfacf2a9addccbe9f2ea84a
253350_200w.jpg,200,278,portrait,none,22603,RGB,aba8d2d5a112ace070df240205355d1ccbdd56fa
253351_200w.jpg,200,278,portrait,none,24310,RGB,b0fa56cdeebb80591eb81ac5a69fa9f09a76df0e
253352_200w.jpg,200,278,portrait,none,22072,RGB,f36edbb4e54d89f5bd1e2c4a6c4445ef4fb33129
253353_200w.jpg,200,278,portrait,none,20635,RGB,048ab4269d78f893bc30f60900272a0eb7f9c577
253354_200w.jpg,200,278,portrait,none,22418,RGB,8d66f3859564e9d0e75e7c59320e7be3e896d337
253355_200w.jpg,200,278,portrait,none,25192,RGB,85e8de9106abe1016ad628efceacc7671c64f81d
253356_200w.jpg,200,278,portrait,none,20301,RGB,bdfb16cbb81655008686ed7fc728583aab95bbfe
253357_200w.jpg,200,278,portrait,none,25157,RGB,7c18b69c36561f57fa7d7defe5a45aa31bdef0c1
253359_200w.jpg,200,278,portrait,none,24671,RGB,366f6fc3507679461ad2fc12b7e25eb43683727b
253360_200w.jpg,200,278,portrait,none,25751,RGB,cd80d9cb5a657095857e024218c810ee854f639a
253361_200w.jpg,200,278,portrait,none,19669,RGB,e5b79d7e6abeeffc84237ba9599d399880149333
253362_200w.jpg,200,278,portrait,none,23109,RGB,4b6d8854df550001616f94d0b270b64378111bdf
253363_200w.jpg,200,278,portrait,none,25230,RGB,2b935bebaf36883eb55265d52edd617cdd747244
253364_200w.jpg,200,278,portrait,none,21146,RGB,31e99faa0924f3e49855cbeec6c7137bf63bce97
253365_200w.jpg,200,278,portrait,none,24512,RGB,3e2d1c31d7c9796b1d04def4ceff44814f3abebe
253366_200w.jpg,200,278,portrait,none,20941,RGB,bf0b7de828f4fd6168ce22a3871c9f2f37b5c15c
253367_200w.jpg,200,278,portrait,none,22776,RGB,9ab29c01643b0c00ee49777d9a4e1811247ae042
253368_200w.jpg,200,278,portrait,none,23649,RGB,e811cc42713524930880ad2124ff798e0b0cbf2a
253369_200w.jpg,200,278,portrait,none,22261,RGB,707711ed3e7b9ba920f9e5fd44817bb9ccfa12e5
253370_200w.jpg,200,278,portrait,none,24890,RGB,4f3bf8da528385c3339bd96a37347c7cb507771c
253371_200w.jpg,200,278,portrait,none,29499,RGB,92ab76751379003ac00713abf9df208a9f0a3162
253372_200w.jpg,200,278,portrait,none,26121,RGB,7143be4af1497d3b877023457efd6ebb042c5866
253373_200w.jpg,200,278,portrait,none,23765,RGB,a91bd1bb7d97cfd88c258c578ab23ddb3714cb7f
253374_200w.jpg,200,278,portrait,none,22834,RGB,abf8ce612979c23a1d9cdfc61f9c743244d5cc92
253375_200w.jpg,200,278,portrait,none,25702,RGB,7ad2f41f57c382ad6a99f6d44445ffa908e4be96
253376_200w.jpg,200,278,portrait,none,23117,RGB,ac579b7d8b14afdac9e07d6800abe0332da3fa68
253377_200w.jpg,200,278,portrait,none,24650,RGB,2e28e9cca299f232890bb2723450830e9a8670dc
253378_200w.jpg,200,278,portrait,none,23581,RGB,ae3f4a326baba354b62f45e312e1427f05f20fe0
253379_200w.jpg,200,278,portrait,none,24489,RGB,cbf94d79806e0bbe0757c19cd9f9301d6be834d4
253380_200w.jpg,200,278,portrait,none,25693,RGB,90fe05623f9cdd99123d9f148753c176fca5ce88
253381_200w.jpg,200,278,portrait,none,22995,RGB,b319f9dd217698c17429a267ca8f426d3ea330e8
253382_200w.jpg,200,278,portrait,none,26964,RGB,6ca4016dda98fa25c96a01a06d5078dd457f1a6e
253383_200w.jpg,200,278,portrait,none,24014,RGB,3abc8ac87c0f7d97482f9ac55be23a814e2eab24
253384_200w.jpg,200,278,portrait,none,24812,RGB,598539b53edf4130a4081f28ed3664dd6d1932d8
253385_200w.jpg,200,278,portrait,none,24692,RGB,af3846fcae111646cdbd9116ecb7c2a0f6665f00
253386_200w.jpg,200,278,portrait,none,24868,RGB,efaf915a7ed946edcb2479200171521b73192249
253387_200w.jpg,200,278,portrait,none,24869,RGB,3198da0ed9a867848a07af95289b134ff7235724
253388_200w.jpg,200,278,portrait,none,23638,RGB,b77c7a7c804b47850724cfda73b3f70ce33b0e84
253389_200w.jpg,200,278,portrait,none,24260,RGB,644f621e0ed2adca9a6aa343832c84ba4c37508c
253390_200w.jpg,200,278,portrait,none,23819,RGB,e8c1595a2340db10c5cffa055159d5568533546a
253391_200w.jpg,200,278,portrait,none,25112,RGB,24a59016936ff8fc01e4e159ba75bab3f25a5ea3
253392_200w.jpg,200,278,portrait,none,25878,RGB,f4074025ee98fa52fe596d47c96ef87eedc558c8
253393_200w.jpg,200,278,portrait,none,23449,RGB,0966de9af515e0171a48c1dc76bc004f3cf67824
253394_200w.jpg,200,278,portrait,none,31106,RGB,3b7b7ef42890908f8c269c7c05b1bc8738a67116
253395_200w.jpg,200,279,portrait,none,31812,RGB,141730aff3ce9f12281d2170c1d3eb5cf3baabb3
253397_200w.jpg,200,278,portrait,none,31116,RGB,161ddf3dbc8147bf6d9c4cd4c51b62b5b0d1aba3
253398_200w.jpg,200,279,portrait,none,31175,RGB,fbb528b680eef8c2595b4ca5b0550ee7d40ee0af
253399_200w.jpg,200,279,portrait,none,31125,RGB,9c7ecfc4551aad155bd662cfee6fdb078a38577e
253400_200w.jpg,200,276,portrait,none,19810,RGB,28935e522031f079586c0dfe1fd5df4edee850c8
253401_200w.jpg,200,278,portrait,none,23150,RGB,27ebfdbb9e264af9dedee9860cec416d4b31d891
253402_200w.jpg,200,278,portrait,none,23431,RGB,705ee10c10acdfb139820b788962d914196406a0
253403_200w.jpg,200,277,portrait,none,21945,RGB,429168160396ed6c038d2ce2933ec493da976d2b
253404_200w.jpg,200,278,portrait,none,26879,RGB,ac4fcbecf21ad1fa40cb78b2be1791f2e61ecfb8
253405_200w.jpg,200,278,portrait,none,24694,RGB,e57d861bff2d2df1ab2ac33a7136bba4826a871f
253406_200w.jpg,200,278,portrait,none,24915,RGB,90f614b92e26a9b02fdec257908162c117d1040a
253407_200w.jpg,200,278,portrait,none,25754,RGB,19a4494ff7b20be3103228809454d2cedd8b38ff
253408_200w.jpg,200,278,portrait,none,20820,RGB,c577d1d29fcc8348b0cafc6b5e9c35741c08f5a6
253409_200w.jpg,200,278,portrait,none,20909,RGB,27ef1cedbc3663798c29dc86734a09d1e7d1a824
253410_200w.jpg,200,280,portrait,none,23274,RGB,5764fcd1d484f511cd2d209b9fa96fa9cbfbe867
253412_200w.jpg,200,278,portrait,none,27811,RGB,978e88f3e288e34ccc9040eea02cd592cfc3b8d6
253413_200w.jpg,200,279,portrait,none,20537,RGB,6d876869a27655b1fa40468f95e0953d877c394e
253414_200w.jpg,200,278,portrait,none,29618,RGB,5075f87822d417ed40cc45a15352652c332cdc89
253415_200w.jpg,200,278,portrait,none,27912,RGB,b6097e3a2dc54f74c6519f1b0e9622d77a21a889
253416_200w.jpg,200,278,portrait,none,28667,RGB,1796e611b00bb661bf5d3ca5ef0d6572a6cb9695
253417_200w.jpg,200,278,portrait,none,30642,RGB,8fcfa8cd1dc5daab30a6bbf9ea6da563b42fc167
253418_200w.jpg,200,278,portrait,none,30661,RGB,a050090ffccb7224b174777d292cf07d32455d31
253419_200w.jpg,200,278,portrait,none,31127,RGB,7dc9ad0bc24ebfc5b38abe46ccc3926237c2105a
253420_200w.jpg,200,279,portrait,none,28264,RGB,e8cbcfcf81461fbd926cbe65de63c2767a89b5bf
253421_200w.jpg,200,279,portrait,none,27494,RGB,43bab549cba07d4cf4b4fde0fdbd324d07bddb55
253449_200w.jpg,200,278,portrait,none,21816,RGB,187f3d8dc4ddd35113cfa3444e0eb5fac47a137f
253456_200w.jpg,200,142,landscape,rotate_90_or_270,8638,RGB,43f6460e4a81efc7f9429fb39e0d9771ac2f30aa
253457_200w.jpg,200,142,landscape,rotate_90_or_270,8633,RGB,e45c097ac13e271c0f934a89702bec818c8b61d8
253840_200w.jpg,200,276,portrait,none,19691,RGB,21c7f782003e508d1543f412b898739a17c3e714
253841_200w.jpg,200,280,portrait,none,22727,RGB,91db8c38787b70165994756e69295ec0714645ae
253842_200w.jpg,200,288,portrait,none,20553,RGB,01941f6e5a7e38bdfefea7f780a7404526328b57
253843_200w.jpg,200,279,portrait,none,14613,RGB,fb0237f97c16416647f60553a8132eabe5df49af
253847_200w.jpg,200,280,portrait,none,25631,RGB,6af299b2a928eb2a7eff4328c5140d9f9993d6d6
254761_200w.jpg,200,277,portrait,none,13828,RGB,505e1402fd7153df5b9ab4e95f103aad7835bdf5
256123_200w.jpg,200,142,landscape,rotate_90_or_270,8630,RGB,07e1a8d9c3be9596255b8a2314e34d80d0955ff5
256131_200w.jpg,200,142,landscape,rotate_90_or_270,8196,RGB,6d8786bc23318ebd3817e0c224486a08ad32e4fc
256322_200w.jpg,200,278,portrait,none,24579,RGB,b05ee3f631f3eff3ce034c4e948967259a3ad2e9
256467_200w.jpg,200,143,landscape,rotate_90_or_270,8585,RGB,a0ab8cfe71bf3f16b75335a807fadd3e709582bb
256468_200w.jpg,200,143,landscape,rotate_90_or_270,7578,RGB,dc17376fc4659b5d5bcf28a442c89d7b27aa2414
256469_200w.jpg,200,143,landscape,rotate_90_or_270,7680,RGB,66e9e8d1965e06606b6353409354dc0f24b285e5
256470_200w.jpg,200,143,landscape,rotate_90_or_270,7931,RGB,f2db3842a11c5fb0ffce2a427db90904b2ae5a42
256471_200w.jpg,200,143,landscape,rotate_90_or_270,7931,RGB,2930ee6e019c8da02c63b9491768c099caea5acf
256776_200w.jpg,200,142,landscape,rotate_90_or_270,8217,RGB,6b14023d391e33ed906f701476fb3b5f0309033c
256777_200w.jpg,200,142,landscape,rotate_90_or_270,8209,RGB,6508b8d0bff32d2e442e2b4de2f9f4b82b1bfb2a
256834_200w.jpg,200,279,portrait,none,27378,RGB,bca3b97e20f6633b7b57eab1f29d0d0c2f3a7c03
257102_200w.jpg,200,284,portrait,none,23865,RGB,e5450efe4d0b93f4821f8059b10b3cb8ecd1e385
257103_200w.jpg,200,283,portrait,none,22626,RGB,7a6ca884508aef3486fb836325917de450adf74b
257241_200w.jpg,200,279,portrait,none,31934,RGB,fdc32bef36963f8aff81e618040dee1ed4097d8f
257242_200w.jpg,200,279,portrait,none,32504,RGB,3e4b9da718b84ea14b4fa6099846097f85986c5e
257275_200w.jpg,200,280,portrait,none,25488,RGB,3ba826ae6b6723f550a4eb136d3cc2947a76964e
257279_200w.jpg,200,278,portrait,none,27635,RGB,4db0bdf9a9a8b6624f7e8cb67a14aee286d60fc4
257293_200w.jpg,200,279,portrait,none,28172,RGB,caab6bf6248170f42575606a006f417dbc7c9463
257299_200w.jpg,200,278,portrait,none,27789,RGB,b8f8aeeee6376e4a98e16dc31e801c6dbbb38615
257306_200w.jpg,200,280,portrait,none,20570,RGB,fdee8f4d6061b6583e70c6e4158a68c1daa2378a
257307_200w.jpg,200,278,portrait,none,19318,RGB,d89a9850b801881ce33f4d7295bdb212e238cd88
257310_200w.jpg,200,280,portrait,none,20637,RGB,d8b5f8853af6b6b7c273802ff6e677fba0edacc8
257422_200w.jpg,200,142,landscape,rotate_90_or_270,8640,RGB,c3020dffbe3903134d62133c4da28fcb06eb119e
257423_200w.jpg,200,142,landscape,rotate_90_or_270,8650,RGB,c8a1be6897de1aec736034e2766f0ed7e1f5cc6f
257484_200w.jpg,200,279,portrait,none,23517,RGB,8e27743a81636bf02518336fb6040743ec7900d5
257485_200w.jpg,200,279,portrait,none,22608,RGB,3c9a171f14f77b6d1a26f6f4dd45cd20859be3bd
257496_200w.jpg,200,277,portrait,none,27211,RGB,76e33a901474be9a689754b99de0c222d52b1ee5
257516_200w.jpg,200,142,landscape,rotate_90_or_270,8376,RGB,913d2cd91e42d29b9dcd87f3e2e72a181ebe5c0c
257517_200w.jpg,200,142,landscape,rotate_90_or_270,8191,RGB,a9a1a60341b71761a51fb14aeef1da779f8ee6e6
257518_200w.jpg,200,142,landscape,rotate_90_or_270,8368,RGB,64d84e64ff2d80ff6579b78420683f84cd8619ea
257519_200w.jpg,200,142,landscape,rotate_90_or_270,8209,RGB,5268e4ea171532559164d6eb140585f360e479c4
257520_200w.jpg,200,142,landscape,rotate_90_or_270,8342,RGB,92958838ee0970261f28005030920b11b3d37935
257521_200w.jpg,200,142,landscape,rotate_90_or_270,8573,RGB,fcbe40d69ea8507fa5ca0fec3887d5fc9f150057
257522_200w.jpg,200,142,landscape,rotate_90_or_270,8548,RGB,9ee6a7e11187c1f0f0e019d6862d19ed9924d4b1
257523_200w.jpg,200,142,landscape,rotate_90_or_270,8485,RGB,84a1884d7c5bb5feaa64feeac1d5d247a719a12c
257524_200w.jpg,200,142,landscape,rotate_90_or_270,8457,RGB,785a43500136dfa91a1dbda5fbbb41a835b61dff
257525_200w.jpg,200,142,landscape,rotate_90_or_270,8655,RGB,457c67d75702ff5255089ff37e9cf399a1f44cc9
257526_200w.jpg,200,142,landscape,rotate_90_or_270,8366,RGB,2c2899d40cd0a11c4be6b3536defc1cce699f7d6
257527_200w.jpg,200,142,landscape,rotate_90_or_270,8352,RGB,7423af7515f0a36b5a4cd4a3846ed6f04ec300ca
257528_200w.jpg,200,142,landscape,rotate_90_or_270,8260,RGB,58fe9bbaaec27b7d67887191ce70157264647622
257529_200w.jpg,200,142,landscape,rotate_90_or_270,8375,RGB,9ff2e54d20e729a98df2adf889bd6446c662a47e
257530_200w.jpg,200,142,landscape,rotate_90_or_270,8495,RGB,e24dcbe20c0a688ffb119f5117d829ef9df37fb7
257531_200w.jpg,200,142,landscape,rotate_90_or_270,8764,RGB,cf3b93f4168cb6dde5331ae8330acc280e319956
257532_200w.jpg,200,142,landscape,rotate_90_or_270,8507,RGB,1beba3371d5171a2e4dd10e16832ef83fcfdad11
257533_200w.jpg,200,142,landscape,rotate_90_or_270,8736,RGB,5dc467af80889568c7df6f5dbf20232b6c01ff5e
257534_200w.jpg,200,142,landscape,rotate_90_or_270,8569,RGB,cc5a2213822421ad0f87c3491ca273afd9ca0adf
257535_200w.jpg,200,142,landscape,rotate_90_or_270,8654,RGB,bf949a22899f8685f31b166fc6ee950b5e1558c9
257536_200w.jpg,200,142,landscape,rotate_90_or_270,8169,RGB,091c4e63bbadbac51063667ace6c2aef6f5e347f
257537_200w.jpg,200,142,landscape,rotate_90_or_270,8207,RGB,c497417bd1da3f2998570c173ab9d210d7534560
257538_200w.jpg,200,142,landscape,rotate_90_or_270,8360,RGB,6f2dabfa090b04c595ce913eb1f9601d81eb9aa3
257539_200w.jpg,200,142,landscape,rotate_90_or_270,8373,RGB,2ab306d0d0abca29c0261aa7d61d240a6125ba1a
257540_200w.jpg,200,142,landscape,rotate_90_or_270,8536,RGB,b185cbfd142b250603383edb237f5a251d0cc417
257541_200w.jpg,200,142,landscape,rotate_90_or_270,8496,RGB,626194e34d1a4285b3eb9a0f96aab573769288cf
257542_200w.jpg,200,142,landscape,rotate_90_or_270,8127,RGB,23742f2910d4385f3889f38d61d36663bdac717f
257543_200w.jpg,200,142,landscape,rotate_90_or_270,8045,RGB,4d7221fe0f68fb95e5cf73bf22c950340e3d02ab
257544_200w.jpg,200,142,landscape,rotate_90_or_270,8241,RGB,99a05d577081c5b12978b7d9b641afe2be7ed2bf
257545_200w.jpg,200,142,landscape,rotate_90_or_270,8258,RGB,511f70066805ad1bcc8e802b5544f0fa37c1d3d6
257546_200w.jpg,200,142,landscape,rotate_90_or_270,8644,RGB,93fbba897e55682c9e865afa59b277658b96b4da
257547_200w.jpg,200,142,landscape,rotate_90_or_270,8388,RGB,f79ba5e81086a8d1ac49376af30118056535361a
257548_200w.jpg,200,142,landscape,rotate_90_or_270,7889,RGB,7fd971ad9874bb1ab2b98b56acb57b8acddb6143
257549_200w.jpg,200,142,landscape,rotate_90_or_270,9241,RGB,689c39133008c7ac92830217db91b7f638704f14
257550_200w.jpg,200,142,landscape,rotate_90_or_270,8364,RGB,51f8e50971134feb643b29212ad3033b1f315d9e
257708_200w.jpg,200,279,portrait,none,31047,RGB,2839304d1d00bf28aea6e6e1a085a29101205a1a
257709_200w.jpg,200,279,portrait,none,28713,RGB,af8fee9d73d1d216c3b8114fb84e2c65d0732839
257710_200w.jpg,200,279,portrait,none,30945,RGB,ed126a34c91782f70f273f0d454ba94dc6c8c7f5
257770_200w.jpg,200,278,portrait,none,21478,RGB,b98aa37e1f1bbb218b8460302c2bdfbc00bd5069
260711_200w.jpg,200,278,portrait,none,26437,RGB,7269f9e32e03b36bf157461afa63090c1a4f343a
260712_200w.jpg,200,279,portrait,none,28427,RGB,80a2b867992ef763124b1a6e405a0f7253179495
260877_200w.jpg,200,279,portrait,none,26759,RGB,9d66fbc2f61e288a577b9dd3672520ade9581b3c
260878_200w.jpg,200,279,portrait,none,26807,RGB,52ee0961bf92e4b154af126e97b59bceb8f1a0cd
260879_200w.jpg,200,279,portrait,none,25884,RGB,9cf267e1324b8b34972cbf1da7b0826061bae65b
260886_200w.jpg,200,278,portrait,none,25874,RGB,98103fab9b28b57169f458951c18fee5d1ec9dfd
261732_200w.jpg,200,280,portrait,none,24449,RGB,43dd3446d4d3fc556aa859cf6661cbf9a2dd2d94
262156_200w.jpg,200,280,portrait,none,25571,RGB,874f7502e17deb7d0efabe2a3ff6ba720ad04588
262158_200w.jpg,200,280,portrait,none,25683,RGB,88e00868824b566044a3cad882ef4fb3e89dd0a6
262212_200w.jpg,200,142,landscape,rotate_90_or_270,8184,RGB,30751b8c3decf886f90f07dc55dd8ed7c4054d54
262213_200w.jpg,200,142,landscape,rotate_90_or_270,8349,RGB,1b9fd76bf86e07f8e7599865fa532ab453ac68c3
262214_200w.jpg,200,142,landscape,rotate_90_or_270,8470,RGB,9dcf77b5612e4f5171102dcaafd74ff15a7db157
262563_200w.jpg,200,278,portrait,none,27275,RGB,981a3890d6d084be6ba328c12eede6ca25fa2e5a
262566_200w.jpg,200,278,portrait,none,28113,RGB,b1244bd220f880e4faf143aac7582719aa740f22
262569_200w.jpg,200,278,portrait,none,27329,RGB,22d3dbf718bf7c151b214d9d3853a6b54c754392
262571_200w.jpg,200,278,portrait,none,26771,RGB,b519de159ee884a97390af93b43b0b8bbaec68b0
263260_200w.jpg,200,279,portrait,none,29687,RGB,7c6a8e390ea7e244587bb185d1f043b9511426d8
263261_200w.jpg,200,279,portrait,none,28604,RGB,98ea46ee5cf3037b5beb69af8ba77a6e3509b925
263578_200w.jpg,200,278,portrait,none,20388,RGB,fcf10d78153acbbb45f8739c25b599185db93214
263579_200w.jpg,200,278,portrait,none,21248,RGB,b0a1504fd9a6421d292e6c0484e5c0b3ce9dffe8
263580_200w.jpg,200,278,portrait,none,21392,RGB,34cff4d9723daddd7f9dff4831027b2105ae8b0b
263583_200w.jpg,200,278,portrait,none,22146,RGB,a4cfa905f574d8118d7c27d8bcb48b9ebba4a3b6
263585_200w.jpg,200,278,portrait,none,21743,RGB,512e2e921e4e2039d55e6c52514ef78c02e12a89
263589_200w.jpg,200,278,portrait,none,20762,RGB,5a534c52c43dedda129ddd6fdd9e090db7d8668e
263592_200w.jpg,200,278,portrait,none,23922,RGB,ba048618d96e6d25a4a57d59bcb88dc18e1d3a8a
263597_200w.jpg,200,278,portrait,none,22228,RGB,9d6e91637ca5988167e242e6373a59ce05f54bac
263598_200w.jpg,200,278,portrait,none,22607,RGB,54f5059a1fcfa770878577bca245ce8805a53220
263605_200w.jpg,200,278,portrait,none,22058,RGB,03764dddec3b036d6525bbb3023d26a7dfffa311
263606_200w.jpg,200,278,portrait,none,20777,RGB,4aa9c48bb042d73458c84f52e8a4fd10978303d8
263608_200w.jpg,200,278,portrait,none,25994,RGB,7c2ce248f411d879a91c966c0b6f87ace58caaf9
263703_200w.jpg,200,278,portrait,none,19451,RGB,f859093ab334f9f1e0141a8f991fa13ec9094039
263704_200w.jpg,200,278,portrait,none,27690,RGB,1fea745c8298823eab31b3d64ea48dd19f71af03
263705_200w.jpg,200,278,portrait,none,26147,RGB,ea59d7d56283e87d8cf9dcd96b5335b01dbfe5ad
263708_200w.jpg,200,278,portrait,none,24348,RGB,17c639f2c8a7a9379e818c6422a3801e70198212
263711_200w.jpg,200,278,portrait,none,23649,RGB,d121f16556ee5ecb48aa4655cec19bf183ad8781
263715_200w.jpg,200,278,portrait,none,28222,RGB,51d433e8a1145285cc89adfcf4023780dad92ebe
263716_200w.jpg,200,278,portrait,none,22274,RGB,43a055f90472b16c4461fa882501998c555ce657
263723_200w.jpg,200,278,portrait,none,21279,RGB,0384dbf15b804718687782a3ae5a8a61521e24cf
263724_200w.jpg,200,278,portrait,none,23309,RGB,6547bd0f8e0e632fc325e97987c790d35ae22ef7
263725_200w.jpg,200,278,portrait,none,26705,RGB,e3c515360ab5cc1b2279a4c4a96ccafe2b13a630
263726_200w.jpg,200,278,portrait,none,30258,RGB,b31e3fc0aaf1b5c8a8f14091f7ae2a68d1bcb6ba
263727_200w.jpg,200,278,portrait,none,27487,RGB,5982598f8d117f4d892f1a1b41e42c5b361c0ad1
263728_200w.jpg,200,278,portrait,none,31583,RGB,01b7a68e3a4928d820d791b61c6849c4a9f4cb37
263729_200w.jpg,200,278,portrait,none,23265,RGB,80b2934c5d755af38093f0af8b409b4ba27a5e3d
263730_200w.jpg,200,278,portrait,none,23368,RGB,40684b18b3b7897164ab072b77c18a6614f7109f
263732_200w.jpg,200,278,portrait,none,25197,RGB,4a7309e67995428200c96866987f42f6057c8d1e
263733_200w.jpg,200,278,portrait,none,20828,RGB,d4a2730c3ae7b677ab9005d484766721b1760cc8
263734_200w.jpg,200,278,portrait,none,21086,RGB,4a0f1a483e75fb73e0ba0da18ea02201516c2f3f
263735_200w.jpg,200,278,portrait,none,22407,RGB,4472ba2c0fe1e1e2f64dce60d6103d5353ec8472
263736_200w.jpg,200,278,portrait,none,26234,RGB,982d2f9704ba748a863d2a3f99e005d5651ba8f5
263737_200w.jpg,200,278,portrait,none,23507,RGB,10d35610f96aac7a48f8678bcd6aea166e8b57c8
263738_200w.jpg,200,278,portrait,none,23837,RGB,ebe186f9b51e7929d1605a015a24bf62ac005765
263740_200w.jpg,200,278,portrait,none,27698,RGB,22189b73145d939603290fbb9916b41ce2ffda11
263741_200w.jpg,200,278,portrait,none,21911,RGB,8722730309682625c177183c2addac73d64d439c
263742_200w.jpg,200,278,portrait,none,20390,RGB,eee7d2c44ed50e18f8e086ac6a1c300f78e9dd3c
263743_200w.jpg,200,278,portrait,none,23343,RGB,993e83ef6db1710c62f823aca4a5d190f015a823
263745_200w.jpg,200,278,portrait,none,26635,RGB,5c01c3f0f348ad1f774d7cd25408be2f6f916ce1
263747_200w.jpg,200,278,portrait,none,29293,RGB,8c8b9a47f881de1ed78a868f240bf0e6061e60cd
263750_200w.jpg,200,278,portrait,none,22159,RGB,091603b7cec7c872d2f35323832589f936af1f8b
263751_200w.jpg,200,278,portrait,none,26613,RGB,644fde1892c0c5a0a995f4e3b1bbb9d925cc4498
263754_200w.jpg,200,278,portrait,none,29482,RGB,89c79d408e1fdb4714560c8c627f38acd0e31039
263755_200w.jpg,200,278,portrait,none,19311,RGB,9920d4d1ff3b6b8f92bd0ae4966eddfb69a8b4dd
263756_200w.jpg,200,278,portrait,none,23594,RGB,30ae4214b365fb789e0ecc9bffa86a1052906966
263757_200w.jpg,200,278,portrait,none,24209,RGB,f819d7337b3f1b979c433b56bacd1b0171dfe25e
263758_200w.jpg,200,278,portrait,none,20169,RGB,7ea504158a120dd63400c67ce453f6137665c945
263769_200w.jpg,200,278,portrait,none,20794,RGB,4903317e6fec5231c00ed116d33b41583c0385ad
263770_200w.jpg,200,278,portrait,none,21040,RGB,59aa0666cd089108bef2942efc9487519aa59eb5
263771_200w.jpg,200,278,portrait,none,21903,RGB,9e3790dcdee95faad203f92615fb857d15ea4abf
263772_200w.jpg,200,278,portrait,none,23114,RGB,92ea0f8568951b142156df01b4416f16fe1ced2a
263773_200w.jpg,200,278,portrait,none,25813,RGB,209f6011d60ad1fb892ad1180eee8f5a5dcf517b
263774_200w.jpg,200,278,portrait,none,19328,RGB,72335134eecc8c30d6668f6b82777e84ade8f72a
263775_200w.jpg,200,278,portrait,none,20086,RGB,a8086167a4121e7feb4be22bcb55ce2d1bd7b7f6
263776_200w.jpg,200,278,portrait,none,18582,RGB,fb76be71db8b01dcd5734dccc62cee3bdd79698f
263777_200w.jpg,200,278,portrait,none,18722,RGB,250e8f3867e028de4010ad65640a340a7812f0c1
263778_200w.jpg,200,278,portrait,none,23402,RGB,a5669c9442ecbe28b1bba8bca0cbe0235da2a462
263779_200w.jpg,200,278,portrait,none,20598,RGB,812d38959bc35943ee03db013d2bf2dd1476d378
263780_200w.jpg,200,278,portrait,none,25179,RGB,4ec49f01884e336b50fade59553d0256ca4bbb40
263781_200w.jpg,200,278,portrait,none,26586,RGB,e8239f548576a06a0be0bac58519ba468b424741
263782_200w.jpg,200,278,portrait,none,22339,RGB,a810b55581542798194f6df5b5d35fe713708772
263783_200w.jpg,200,278,portrait,none,22446,RGB,ff699e9ea8b16633b5da93fde4cb27602a9daea0
263784_200w.jpg,200,278,portrait,none,27388,RGB,7e6f51404414281332edcba63d6b2c9d9c3ba39d
263785_200w.jpg,200,278,portrait,none,29250,RGB,4a08883037a947828bb9e506fe5ffc1002b70687
263786_200w.jpg,200,278,portrait,none,20996,RGB,607034741d11a4a61c16853d4ba4b48245a2b526
263787_200w.jpg,200,278,portrait,none,23644,RGB,55422ba6e35b7fa273c2f361b7f5aa3c5e3ffefa
263788_200w.jpg,200,278,portrait,none,21572,RGB,958025f85107b201f5f2cf1cd140421d262e9c44
263789_200w.jpg,200,278,portrait,none,18494,RGB,7ebfb968a570c513fb142ee6533514cfa6f556bd
263790_200w.jpg,200,278,portrait,none,19469,RGB,008434693dd04826c08ba537ef2df6c4a536463c
263791_200w.jpg,200,278,portrait,none,23174,RGB,330bd74d2ead61c4ff8da3a060cab5e50a001530
263792_200w.jpg,200,278,portrait,none,23247,RGB,434084a04679328f79eb5eaffb8ebe89a938cb6f
263793_200w.jpg,200,278,portrait,none,24402,RGB,280df88df44c8aab4416dc552214f4430b36a800
263794_200w.jpg,200,278,portrait,none,21785,RGB,d1fd4c04440d744b77e20fe231e03bebf2df7a4f
263795_200w.jpg,200,278,portrait,none,26854,RGB,a891e81bc16b007816da2f97e9a2645b038105c8
263796_200w.jpg,200,278,portrait,none,22038,RGB,374d91edb6e7efef48e9eb5c3e7d4d17f23bebe7
263797_200w.jpg,200,278,portrait,none,24611,RGB,06f176100d14d5fb22ae85798c4d9b1ee896d040
263798_200w.jpg,200,278,portrait,none,22181,RGB,ae95eb98fa0cb392a2d28b7beb7dadc01451f44d
263799_200w.jpg,200,278,portrait,none,22104,RGB,7ed6cd3f353e08ed10862fa28d94b71a4cd6e334
263800_200w.jpg,200,278,portrait,none,23480,RGB,f2cc288fbe08f7fc8e3c710c1faebf9c9893a14c
263801_200w.jpg,200,278,portrait,none,24339,RGB,d3c4c0ec262e9e29a905c7bc43dff45091d59c43
263803_200w.jpg,200,278,portrait,none,26639,RGB,593dc233cab9984d4131f92f243edd08a684040b
263804_200w.jpg,200,278,portrait,none,24738,RGB,4e328a3dcf8e506945c36d34a7afd86d838cf65c
263806_200w.jpg,200,278,portrait,none,23640,RGB,164e41c8069f869cc3f0b2029dfffe4c7d4e3fd1
263807_200w.jpg,200,278,portrait,none,23173,RGB,cfa63cb7591233b9e6342c006dee024239e27247
263809_200w.jpg,200,278,portrait,none,25142,RGB,84a7506b12789e61dc379d855548ce071df491b5
263810_200w.jpg,200,278,portrait,none,23768,RGB,b1ee81dd5ed70e88736e17a4711e155eb6f796eb
263811_200w.jpg,200,278,portrait,none,23415,RGB,ddf64511f17d66db99ce0a93d980f3314510e0fd
263812_200w.jpg,200,278,portrait,none,26663,RGB,24872e3919bb59bca45b49bd7b90e11dacf7cbb0
263813_200w.jpg,200,278,portrait,none,27354,RGB,86143635f7abf314d78f2dd51037826d3105f1a0
263814_200w.jpg,200,278,portrait,none,27506,RGB,0972cc7702041573174478d2a87c9aea5ecf0e25
263815_200w.jpg,200,278,portrait,none,29896,RGB,a152bf94506ac4e8ccf27ee5fcb5cb68c1a7a9ce
263818_200w.jpg,200,278,portrait,none,23246,RGB,b7373004febe705461f91ed88c4bb5b2af2b9e86
263819_200w.jpg,200,278,portrait,none,24319,RGB,42ef03dc706ae88e2a3d7eac367b5ea5f0b182ce
263820_200w.jpg,200,278,portrait,none,25876,RGB,f48c01ad73cbd6b008782f3fdfcd30131207c7c4
263822_200w.jpg,200,278,portrait,none,20226,RGB,2bba02754601eaa7e3744032533d33e5779b0bb7
263823_200w.jpg,200,278,portrait,none,23500,RGB,28d5c11e8c95744ca74a2c31e2c0fea577245571
263824_200w.jpg,200,278,portrait,none,24570,RGB,c6ebe3e4c2476e3f308e4908eb0eef47e76fef7d
263825_200w.jpg,200,278,portrait,none,28531,RGB,e64db0408da89ef04e01eaa81cfa5921c5ba4c7a
263826_200w.jpg,200,278,portrait,none,26566,RGB,d658ff0703447f47afee370b0714d3c1130e0945
263827_200w.jpg,200,278,portrait,none,21093,RGB,003ce5fd24aacd3b694a4249bcff0a23e8729d85
263828_200w.jpg,200,278,portrait,none,21431,RGB,349292d4ba36a5d4236c90f2daa1378772e7fcac
263829_200w.jpg,200,278,portrait,none,25472,RGB,42c7eeedc1540be67fbaab5fbd37003c924907d1
263830_200w.jpg,200,278,portrait,none,21957,RGB,01a8910f3cb147f7ecbcc97e9307b32604318036
263832_200w.jpg,200,278,portrait,none,22916,RGB,f4b5443e8d5220abb95a7055ba6eaab8edece9a7
263833_200w.jpg,200,278,portrait,none,22464,RGB,264bc7389c2e6b541cc5485e729eb2e44968e3bf
263834_200w.jpg,200,278,portrait,none,21826,RGB,f08ee5469401c37a63f7de7b25f58f64652995cf
263836_200w.jpg,200,278,portrait,none,25874,RGB,5ef9574642fad0236125d450e94129daa6cc8b85
263838_200w.jpg,200,278,portrait,none,23268,RGB,27154eca9c6fd2d7b872c47312f443022c0d11f8
263839_200w.jpg,200,278,portrait,none,20203,RGB,a04e5e1aafa9bc00903e185eaf9efb8580730009
263842_200w.jpg,200,278,portrait,none,19344,RGB,2130ebe2767defda92b2a1376290397173e439c2
263843_200w.jpg,200,278,portrait,none,19589,RGB,42da40e0d17511d886b61e33e0f88a861109a8b0
263844_200w.jpg,200,278,portrait,none,22587,RGB,e31bc3215fc4d33535587de5ec2c6acb014b5a5f
263845_200w.jpg,200,278,portrait,none,19794,RGB,7548e58abd3e4e539d21f8ef3b318a4892e0c460
263846_200w.jpg,200,278,portrait,none,23323,RGB,2069347194922b4e563c99bd4a6e1ce3d4d9e7c9
263847_200w.jpg,200,278,portrait,none,22834,RGB,608a161806091a19f5dece067834ee9f384a883d
263848_200w.jpg,200,278,portrait,none,20723,RGB,ed6fd6256ed498d71b288a5cbcc8ad015a87b0a4
263849_200w.jpg,200,278,portrait,none,25753,RGB,dbd7295eea361cda317421ce562e820f1e516e89
263850_200w.jpg,200,278,portrait,none,22347,RGB,2343db80b5d467cc67ce84b30166760462547514
263851_200w.jpg,200,278,portrait,none,24696,RGB,9c9207ce733a12e651b2980d3857610c6214fb7e
263852_200w.jpg,200,278,portrait,none,20048,RGB,da8fc536b0fa6edb92fdc03a64594f05cac7d46d
263853_200w.jpg,200,278,portrait,none,18967,RGB,24875c90d04ed474c84c031a70a769e9723ffe0a
263854_200w.jpg,200,278,portrait,none,22101,RGB,a0beeed0f88a61e50a50a90148aa4b6916da5888
263855_200w.jpg,200,278,portrait,none,19685,RGB,144ba42427e3c735f19bd7b392c4c960b3981793
263856_200w.jpg,200,278,portrait,none,20858,RGB,fd52523714c55ca71d2913a26fdbfb4b01cd032a
263857_200w.jpg,200,278,portrait,none,20890,RGB,8d0e0ecb1464fabea82782ec5b361a8690cf3635
263858_200w.jpg,200,278,portrait,none,20869,RGB,1bb38e2559b28799362d5261705045098f32d771
263859_200w.jpg,200,278,portrait,none,23597,RGB,dca282d79bb82c9d4cafd5a47516bed3cfa24d52
263860_200w.jpg,200,278,portrait,none,19439,RGB,066e7f17c188418dae79d5aad46cc210657419d7
263861_200w.jpg,200,278,portrait,none,17848,RGB,c68957f5b49d5270841d02c24c5b155cf0c5164a
263862_200w.jpg,200,278,portrait,none,21561,RGB,f8d49f31fc2cf92b66fd5752f8dd57bfe72b814d
263863_200w.jpg,200,278,portrait,none,21135,RGB,635f603b6ca4a6c72c2e4ae2245d426f9b76af72
263864_200w.jpg,200,278,portrait,none,21383,RGB,2d5097d73337974c639541abdd4bc827dcdd9e39
263865_200w.jpg,200,278,portrait,none,19074,RGB,27ad8b1fe139703e3998d712fbe7221e84866778
263866_200w.jpg,200,278,portrait,none,20782,RGB,425ce793fd3d67341b55ec78085648ecc58fcc37
263867_200w.jpg,200,278,portrait,none,18818,RGB,62c5c714d47f47b3ed1779080cef6abf501ab455
263868_200w.jpg,200,278,portrait,none,23914,RGB,2885c0e4b56dc8e62b34d5c7198df56ddd8dfea5
263869_200w.jpg,200,278,portrait,none,23017,RGB,b453442e681303e2a0bba534b0819c81f42b1970
263870_200w.jpg,200,278,portrait,none,19171,RGB,ff5111330fd39a506b13cc0bff5e7287c1cd1f54
263871_200w.jpg,200,278,portrait,none,25866,RGB,4ae95a239dc9f0b2735ee07c4a9a7fb9d0ab139c
263872_200w.jpg,200,278,portrait,none,27813,RGB,35e1a5fb86382390cd7ecb8831b5f47d8049e641
263873_200w.jpg,200,278,portrait,none,24779,RGB,1500452dbceef75aaa494db92252d730749a53cb
263874_200w.jpg,200,278,portrait,none,27634,RGB,05bcf580c65dab25d4457438c570fa14806af1e6
263875_200w.jpg,200,278,portrait,none,29872,RGB,7ceaab2c85812fa5dbb721de289e08a445d0c4fa
263876_200w.jpg,200,278,portrait,none,24316,RGB,645921e2f01d0b845ab6f5b8aec09d35cc72f6e0
263877_200w.jpg,200,278,portrait,none,26994,RGB,17bd0afee05bc3d681076fbfbc02702b9f7d962f
263878_200w.jpg,200,278,portrait,none,24853,RGB,875c40800fb9ad7cd6cbb7c5c70b52145352e585
263879_200w.jpg,200,278,portrait,none,24044,RGB,d75eb530df52c36bc1fdee78486ecd7ed0401103
263880_200w.jpg,200,278,portrait,none,28609,RGB,fe9714609fea97ccfdf3d075d9ddc06fcb24324f
263881_200w.jpg,200,278,portrait,none,28072,RGB,a1466c0a0622a36b8be790c095758aa42e83343a
263882_200w.jpg,200,278,portrait,none,32892,RGB,2a8d120822142b4671e39750602e94730858bc17
263883_200w.jpg,200,278,portrait,none,27892,RGB,c4c8df113299ffcfeb044fb806c7ef44b55fbc91
263884_200w.jpg,200,278,portrait,none,24136,RGB,71f22c280c537376ba0d3f83d130a1dbaad48456
263885_200w.jpg,200,278,portrait,none,27492,RGB,9c94a56e2b8f37912cfe77f4bdd2d5a11d9be932
263886_200w.jpg,200,278,portrait,none,24909,RGB,9b1369a9ede50b9813906b857a69fa6043661ca8
263887_200w.jpg,200,278,portrait,none,25450,RGB,cde288abce5a95c566aafd66d86dbc07bb84c3b5
263888_200w.jpg,200,278,portrait,none,22772,RGB,70d75cfe288d0903fc5cdc6f1be3118528527947
263889_200w.jpg,200,278,portrait,none,25118,RGB,cd9d19fc60d1e861fec83400fc6a253d765c9bd0
263890_200w.jpg,200,278,portrait,none,28417,RGB,0dc3fc0d2c63839c651fef4909ce1f6eff90812a
263891_200w.jpg,200,278,portrait,none,24692,RGB,95788f8293bf7df998f00bb0a537e44dd46c65c7
263892_200w.jpg,200,278,portrait,none,24330,RGB,49a35b4ad10702103e8245eec535d3df70d5d6d0
263893_200w.jpg,200,278,portrait,none,25849,RGB,5a41e1496b9fab22c3a42054c3b359b8117d9c93
263895_200w.jpg,200,278,portrait,none,24538,RGB,76454afab84e4172cddb7fe613c48d2e8c74eb76
263896_200w.jpg,200,278,portrait,none,27184,RGB,7d884808e58f7079479d4f9fa723cd4fde10482b
263897_200w.jpg,200,278,portrait,none,19293,RGB,a6bd7a728c1862f159f20e7399890f4e8427cbd5
263898_200w.jpg,200,278,portrait,none,20916,RGB,3ad61ab9409e1c71bdc033d53e08b8dca0836df3
263899_200w.jpg,200,278,portrait,none,19906,RGB,8590993920410d4a7d06da21284987f38bb12132
263900_200w.jpg,200,278,portrait,none,21856,RGB,b43a98bacfb1970c6dbc097637c4ec88bc84fbe0
263901_200w.jpg,200,278,portrait,none,26071,RGB,6bdee240337015876340d272b004c1a4bd8cd616
263902_200w.jpg,200,278,portrait,none,28595,RGB,4244070ab9983b26a8b57c9c42ce003381e34378
263903_200w.jpg,200,278,portrait,none,29590,RGB,5226e1d1aff9ae1a3cb152f71f5ff70f19d5746d
263904_200w.jpg,200,278,portrait,none,28882,RGB,29241d98326e5c326920b80f41b86abb08d3edb8
263906_200w.jpg,200,278,portrait,none,25935,RGB,f3c8f2b97da30076929b1af1dd256bf1a0f8f519
263907_200w.jpg,200,278,portrait,none,21751,RGB,f0efe25d220c82efe73b00f7c1556e1f2e98e100
264202_200w.jpg,200,278,portrait,none,27970,RGB,e91ca93c4302f9c4e482667f6d11caccf8cceb2f
264203_200w.jpg,200,278,portrait,none,26744,RGB,b3f2caf4112cb184e525ca3be6f4c0d06c301e5e
264204_200w.jpg,200,278,portrait,none,27092,RGB,16f1e3cd2c10426512b69bb13f26165a15796680
264205_200w.jpg,200,279,portrait,none,24379,RGB,c4134df5307525af687b6fd5aaf5ad2fb6e8a447
264206_200w.jpg,200,278,portrait,none,30362,RGB,9321f1c063add565d5359b172bc48fe40b105961
264207_200w.jpg,200,278,portrait,none,29140,RGB,5b4a81f4b1469a98e295d07ce0016ba5010c05fd
264208_200w.jpg,200,278,portrait,none,28774,RGB,1fe2ee9fde07eeaa2dcc6cb76607515499283fce
264209_200w.jpg,200,278,portrait,none,29908,RGB,e519784d5f1d3d1d4e380724f030137f8e1da791
264210_200w.jpg,200,278,portrait,none,25978,RGB,8326a3160a1a44ba29a01de24074a555ed68e3d6
264211_200w.jpg,200,278,portrait,none,28343,RGB,ea2ad2977461305a21351b066808707a30687e83
264212_200w.jpg,200,278,portrait,none,29783,RGB,b2f42f6f8aae23f6ea2099a14c72e9fe984b5b06
264213_200w.jpg,200,278,portrait,none,29298,RGB,56c13cc8f40425392e6c61f62dee52c9f38109f0
264214_200w.jpg,200,278,portrait,none,26943,RGB,d5f07f102b0208041f74c8e72fa3b4e16116087d
264215_200w.jpg,200,278,portrait,none,30123,RGB,bd0bf573843fe1fc114aa7b87c17b9a2ac5c8d1b
264216_200w.jpg,200,278,portrait,none,24614,RGB,fd22b910f1809808791a9e52e5a78aa66905ac89
264217_200w.jpg,200,278,portrait,none,29913,RGB,87f96b7f033712da798cb8a4c663938eef2bba7c
264218_200w.jpg,200,278,portrait,none,28710,RGB,a41064e69bf459d0cd291089773bdcdb9cfcbd83
264219_200w.jpg,200,278,portrait,none,33622,RGB,027ace73c76e044716ab46f0c67311d7df1b1278
264221_200w.jpg,200,278,portrait,none,26998,RGB,aeff2236e4dcc259ba251a68062354b9e5e58d80
264222_200w.jpg,200,278,portrait,none,29024,RGB,8217b7d637b480c2d872dc22c19e64421d0fbd87
264224_200w.jpg,200,278,portrait,none,31536,RGB,94d6a1fe289eff29044bfbcb66da17bd3d2d00fb
264225_200w.jpg,200,278,portrait,none,31149,RGB,333fb6da669bcb31cafc4f832e44ac15264e0f6b
264226_200w.jpg,200,278,portrait,none,30076,RGB,36e87a398977065b1db92db767ac0c6324466a4a
264227_200w.jpg,200,278,portrait,none,32907,RGB,43c82b22436f9ff203b4154a7f26a36d1b1d1b75
264228_200w.jpg,200,278,portrait,none,23926,RGB,05efcd3c0c78bbb1949193f988cb3cdcdfc997e8
264229_200w.jpg,200,278,portrait,none,25107,RGB,c2b022865b32a7d72ae7ca4688b0ee06498c46ff
264230_200w.jpg,200,278,portrait,none,28709,RGB,9a126c8bf7ed0314b1f51c3bdb0431dba01c2dfd
264231_200w.jpg,200,278,portrait,none,29768,RGB,554e63bf4a21917c5efc4322f4a3437c9e4afe7e
264232_200w.jpg,200,278,portrait,none,17049,RGB,cee23976f828eda75af98333cf675f0d6e8a287c
264234_200w.jpg,200,278,portrait,none,37292,RGB,21754f3d315acfa8f0b3f53e62386700ad96c6ee
264247_200w.jpg,200,278,portrait,none,18273,RGB,9ca59473dc5ef8dcdfc5dcad64723b40c101ed95
264248_200w.jpg,200,278,portrait,none,17315,RGB,0c6d6a15a85170408bc3d692565e59bb3a85584e
264249_200w.jpg,200,278,portrait,none,17236,RGB,48e6dcd8db478758b21cbf3219fcdd1730bee9ed
264250_200w.jpg,200,278,portrait,none,14082,RGB,340d853a0ec5e24e9a9865c31ee338d065bab206
264251_200w.jpg,200,278,portrait,none,17366,RGB,678c5c7a121bc008ff3181ace34b698bf5bb219a
264252_200w.jpg,200,278,portrait,none,16639,RGB,1a4a7b750177214f75056587e81fe88ca025456b
264253_200w.jpg,200,278,portrait,none,17753,RGB,57e9643b001e1b5899c71dc5be4d9f047d4c0fd6
264254_200w.jpg,200,278,portrait,none,15164,RGB,922fb504304ce37cb5a37b1b853057f1c68e23fc
264260_200w.jpg,200,142,landscape,rotate_90_or_270,8531,RGB,ae6e242c52dedb508c3a3f30536212477f4d66fc
264261_200w.jpg,200,142,landscape,rotate_90_or_270,8546,RGB,534dd4df45e456e93fb8dc9f1cd68bfd51d203ca
264277_200w.jpg,200,278,portrait,none,25847,RGB,b0051ec4dcfad6e21467f8748802212779a3389d
264278_200w.jpg,200,278,portrait,none,26026,RGB,cc39a5b23e92fd0895e33268b75dd81de57dfeba
264279_200w.jpg,200,278,portrait,none,24760,RGB,b3b7ae6d44d6be2e4d95e91febf07b7bb4243c0d
264280_200w.jpg,200,278,portrait,none,24013,RGB,b6925ad3617bab26a2e0bbd07a4eedd0a4fb1290
264281_200w.jpg,200,278,portrait,none,24841,RGB,828ce3969a4ad5b3d90adff3a01546f86ae5cf14
264282_200w.jpg,200,280,portrait,none,24095,RGB,9d4125064101b82bfefe65af0edde9852fea26c2
264283_200w.jpg,200,280,portrait,none,20310,RGB,2937544ce6d6092a896b62c84deb7893c7d4f81b
264284_200w.jpg,200,279,portrait,none,23924,RGB,3d47e235eb3fbf8cdd4a8cc39211ee760a6c8c8b
264285_200w.jpg,200,282,portrait,none,23654,RGB,707bc1ac69eff87451772f0d1c946efd4dfc5920
264312_200w.jpg,200,279,portrait,none,27204,RGB,36088ba50abad6b07700a235ca2510ef9959206f
264434_200w.jpg,200,279,portrait,none,23036,RGB,469ac3bc5f936f3f4c4c7f8195096e4324e535e1
264551_200w.jpg,200,142,landscape,rotate_90_or_270,8228,RGB,55d1f3cd0c4c11d81f502b9e09906ec426cdd196
264552_200w.jpg,200,142,landscape,rotate_90_or_270,8541,RGB,a73de3a5b925f15ddbc0194363ff251bc12847bd
264553_200w.jpg,200,142,landscape,rotate_90_or_270,8511,RGB,3526d82b92c227b5ea746414aab34edda3395092
264749_200w.jpg,200,142,landscape,rotate_90_or_270,8359,RGB,4b89525997522ec3a915d381b03a5ec01f92aed1
264750_200w.jpg,200,142,landscape,rotate_90_or_270,8504,RGB,3677fc3d4f38cfc0bf56a75d888dbc3fcaa9a6c7
264821_200w.jpg,200,278,portrait,none,23649,RGB,d121f16556ee5ecb48aa4655cec19bf183ad8781
264822_200w.jpg,200,278,portrait,none,22228,RGB,9d6e91637ca5988167e242e6373a59ce05f54bac
264823_200w.jpg,200,278,portrait,none,26705,RGB,e3c515360ab5cc1b2279a4c4a96ccafe2b13a630
264824_200w.jpg,200,278,portrait,none,26854,RGB,a891e81bc16b007816da2f97e9a2645b038105c8
264825_200w.jpg,200,278,portrait,none,23323,RGB,2069347194922b4e563c99bd4a6e1ce3d4d9e7c9
264837_200w.jpg,200,278,portrait,none,24977,RGB,561a2727cf1c10df25765da4261b959de37d1921
264925_200w.jpg,200,280,portrait,none,10966,RGB,af0ae77e5bf27f614b40fe46e855f504a967f298
265234_200w.jpg,200,142,landscape,rotate_90_or_270,8736,RGB,7ac80413b0c50f5c23512ae998357259acda78af
265325_200w.jpg,200,280,portrait,none,25485,RGB,cc7468717a9d64264afa185ae84dc2bd37a40166
265707_200w.jpg,200,142,landscape,rotate_90_or_270,7710,RGB,279df385b97850abb372c656a14025805dfa3ceb
265708_200w.jpg,200,142,landscape,rotate_90_or_270,8037,RGB,134a58e85dd272fd7ac8c84230195a593f48f6d2
266406_200w.jpg,200,142,landscape,rotate_90_or_270,8334,RGB,4fc00e4942af02e1491b5c6f241e73c352599d95
266407_200w.jpg,200,142,landscape,rotate_90_or_270,8243,RGB,f95f4388e4bcd35658aa7fa272ef513249480b50
266408_200w.jpg,200,142,landscape,rotate_90_or_270,8691,RGB,16d8d00187ccdbdd3680e86d837e5af8bd3ff3a3
266411_200w.jpg,200,142,landscape,rotate_90_or_270,8747,RGB,0e744751cf678a759d50e25894f23ffcd5544676
266412_200w.jpg,200,142,landscape,rotate_90_or_270,8661,RGB,087d0bac801d1199ff495f280ed2a408c5ec7ca5
266413_200w.jpg,200,142,landscape,rotate_90_or_270,9170,RGB,a49fef8979726924be97815a29f674b2f2b3701a
266414_200w.jpg,200,142,landscape,rotate_90_or_270,8927,RGB,7313dff409d0e53f231695819bd51bc315cf0555
266415_200w.jpg,200,142,landscape,rotate_90_or_270,8244,RGB,c9f616faefd961194d3d76d0644436e448df54f9
266416_200w.jpg,200,142,landscape,rotate_90_or_270,7872,RGB,5995ec787d468827b1e09d0ff2aef8c46bda111c
266417_200w.jpg,200,142,landscape,rotate_90_or_270,8282,RGB,efad95954d7f623acf4107c275484deb3ba49531
266418_200w.jpg,200,142,landscape,rotate_90_or_270,8336,RGB,1ca6558554561affb660d82746d34302e3f90bea
266419_200w.jpg,200,142,landscape,rotate_90_or_270,8417,RGB,2afaa6ae7b2579b32db6b16af7c34c6c771a3162
266420_200w.jpg,200,142,landscape,rotate_90_or_270,8377,RGB,3c9e2e9d5894d6c502dc94f53a19157cb4a49309
266421_200w.jpg,200,142,landscape,rotate_90_or_270,8157,RGB,9856f0d07ccb0aabdb43d4614d4994bb109b8602
266422_200w.jpg,200,142,landscape,rotate_90_or_270,8189,RGB,dda35def4c23865180e3699337ebe5d4d1e25923
266423_200w.jpg,200,142,landscape,rotate_90_or_270,7847,RGB,1763a427adc7365c879da4f3b02d5b058df265ac
266424_200w.jpg,200,142,landscape,rotate_90_or_270,8176,RGB,4021cf02d77ab72a686017854802cfdfc3c8ef30
266425_200w.jpg,200,142,landscape,rotate_90_or_270,8425,RGB,8cbd397e370b0742c840cea7eea99681c43d1be5
266426_200w.jpg,200,142,landscape,rotate_90_or_270,8522,RGB,018d8b6e000ff91f5cac51abb56ef93d6c32a393
266427_200w.jpg,200,142,landscape,rotate_90_or_270,7835,RGB,7b41cb1bbd9571df3186f5bb691a7e14940d661f
266428_200w.jpg,200,142,landscape,rotate_90_or_270,8243,RGB,f47a27dd47f9e4908a6e1628012287a49ce6a613
266429_200w.jpg,200,142,landscape,rotate_90_or_270,8653,RGB,7c233fc81c12dcc011ea4300379975d41be4fd41
266430_200w.jpg,200,142,landscape,rotate_90_or_270,8603,RGB,3aeb9bfa4cc3f5d675094e163c8bce33bd6f3a2e
266431_200w.jpg,200,142,landscape,rotate_90_or_270,8249,RGB,290846eacd3b83db8777a5db1fc34f5ff231d366
266432_200w.jpg,200,142,landscape,rotate_90_or_270,8370,RGB,063802203e5a5e232a69984c9e5a458355d2bf9e
266433_200w.jpg,200,142,landscape,rotate_90_or_270,8771,RGB,c0fbe06b1e7020ed4390d73e9fa950b69f489407
266434_200w.jpg,200,142,landscape,rotate_90_or_270,8760,RGB,0ca851b6bf6d64dae1a9e8c2acd3394f749d37dc
266435_200w.jpg,200,142,landscape,rotate_90_or_270,8916,RGB,87ca74a3765bdbb3279bc2334c2795e747eb2417
266436_200w.jpg,200,142,landscape,rotate_90_or_270,8899,RGB,64e99956ddbf7b5a4ab95f416b1c189f840e0446
266437_200w.jpg,200,142,landscape,rotate_90_or_270,8238,RGB,9f6ce0330540a45dddeee4eb8c87135b15fc4f07
266438_200w.jpg,200,142,landscape,rotate_90_or_270,8316,RGB,acb1a9a83990ee55ec5b6377c180ca130af39dbe
266439_200w.jpg,200,142,landscape,rotate_90_or_270,8350,RGB,01fca36afd651498585fca58cc30a9615b599c5c
266440_200w.jpg,200,142,landscape,rotate_90_or_270,8346,RGB,0217360081a18d5a9c3901e6a10cee947820e7b6
266441_200w.jpg,200,142,landscape,rotate_90_or_270,8251,RGB,b75bd0ae8e0ecadf8ef0b0193223917fd8f2cbbc
266442_200w.jpg,200,142,landscape,rotate_90_or_270,8413,RGB,e5164e6075b73964a3096f551545d0701cbf7847
266443_200w.jpg,200,142,landscape,rotate_90_or_270,8707,RGB,4cf24d19a8121b300483fbe191cdd9f7fab11182
266445_200w.jpg,200,142,landscape,rotate_90_or_270,8654,RGB,b58a43cd23db6163bacad1c044fbe06c36739cb0
266446_200w.jpg,200,142,landscape,rotate_90_or_270,8543,RGB,dbfc111d061f78d1db789dcdddd3a2f40b54f048
266455_200w.jpg,200,142,landscape,rotate_90_or_270,8586,RGB,a9b351a258f9143dea138d8f3de7bf5b7f5f4374
266457_200w.jpg,200,142,landscape,rotate_90_or_270,8668,RGB,6296d3c4c840e06e4c4f7b5fb7f932561f29c1fb
266459_200w.jpg,200,142,landscape,rotate_90_or_270,8739,RGB,0db72af2dd76d78d409191d05c15e822fbdf29c1
266460_200w.jpg,200,142,landscape,rotate_90_or_270,9002,RGB,12636ee9b533867fe05bd2d7bf9813a1dc3f6fc4
266461_200w.jpg,200,142,landscape,rotate_90_or_270,9014,RGB,32d40524532ed3de5bced860dffca37beb00bba1
266462_200w.jpg,200,142,landscape,rotate_90_or_270,8148,RGB,debb17985a86a7d0a8778c915408746eaf768c5b
266463_200w.jpg,200,142,landscape,rotate_90_or_270,8449,RGB,5f5c39d6b717c7e4b30a79843a12fb6d5b019ec8
266464_200w.jpg,200,142,landscape,rotate_90_or_270,8317,RGB,170584bb1f30a78e93307fff961a8993b5898cdf
266465_200w.jpg,200,142,landscape,rotate_90_or_270,8167,RGB,3a05e3c9cbb90185911328fc1d8c1523ec8fb5cc
266466_200w.jpg,200,142,landscape,rotate_90_or_270,8505,RGB,2aacd2d993e5781516829aa20067e505b98e509e
266467_200w.jpg,200,142,landscape,rotate_90_or_270,8235,RGB,636371ede842b9b8be892bfc81693fbb9cf18cc6
266468_200w.jpg,200,142,landscape,rotate_90_or_270,8489,RGB,06fb9d0e4797276ed3a378a04115ed1cd793e511
266470_200w.jpg,200,142,landscape,rotate_90_or_270,8498,RGB,a221904021cc3acbf2bec9f302787adb298dc939
266471_200w.jpg,200,142,landscape,rotate_90_or_270,8497,RGB,2c935ea8faa979dc6a6337c7a3815fab28cabea5
266472_200w.jpg,200,142,landscape,rotate_90_or_270,8203,RGB,c5ee9403cdd0be5cf6223025e6f3e1cbc33eeb20
266473_200w.jpg,200,142,landscape,rotate_90_or_270,8070,RGB,fd4de5abcbc325919675bd8eca3f8a0837d8327f
266474_200w.jpg,200,142,landscape,rotate_90_or_270,8426,RGB,5f7d7e6682b6f29984574f8eac4f7233c90dbda8
266475_200w.jpg,200,142,landscape,rotate_90_or_270,8446,RGB,22bf2ddd8e5dc6b06f755674b32715669a453b3c
266476_200w.jpg,200,142,landscape,rotate_90_or_270,8618,RGB,efbadc00306ba6bb80ea8d0e92d36f333930cdd9
266477_200w.jpg,200,142,landscape,rotate_90_or_270,8539,RGB,40b435194cc8d976fdc26fe440631b145236ec8d
266478_200w.jpg,200,142,landscape,rotate_90_or_270,8765,RGB,c70d4889f595458da44397464b2867c5a76eb228
266479_200w.jpg,200,142,landscape,rotate_90_or_270,9158,RGB,a1e231e4b2d55d84cf1dad010268ea2710f221b5
266480_200w.jpg,200,142,landscape,rotate_90_or_270,8375,RGB,d3633ea399c43b8e79257153e1a8ada7e5423ab3
266481_200w.jpg,200,142,landscape,rotate_90_or_270,8589,RGB,f47fad99f1c835bf52e18239e15fd199605e740a
266482_200w.jpg,200,142,landscape,rotate_90_or_270,8591,RGB,8b8afe96ad062b13debd49931cbdd5b507e4f125
266483_200w.jpg,200,142,landscape,rotate_90_or_270,8301,RGB,347f878e6570f9aaa67dc531bf3fcd14ccd536e6
266484_200w.jpg,200,142,landscape,rotate_90_or_270,8824,RGB,2aeaa0d3ae037cc715285ffd9b118ad3a4b83330
266485_200w.jpg,200,142,landscape,rotate_90_or_270,8655,RGB,4d8aaa9f7713f844f1de0ca0791ca6b7eed1f2b0
266486_200w.jpg,200,142,landscape,rotate_90_or_270,8658,RGB,88fcb354b293174f16fa8256e1ff40e99d0d7a5d
266487_200w.jpg,200,142,landscape,rotate_90_or_270,8652,RGB,1a331496d62971776f0bca0159d08460e752e368
266488_200w.jpg,200,142,landscape,rotate_90_or_270,7882,RGB,4891bdede1c782f2b3c4caee372dca37a1ad3777
266489_200w.jpg,200,142,landscape,rotate_90_or_270,8191,RGB,4e5b8d35718f4513593755a17ac76b9d69cb5d8e
266490_200w.jpg,200,142,landscape,rotate_90_or_270,8507,RGB,300e9c388f27b6e6a94b6dbd31e9143cfa54d406
266491_200w.jpg,200,142,landscape,rotate_90_or_270,8567,RGB,6c37c9894a4c8edf63945c430ad3d5e88388cbab
266492_200w.jpg,200,142,landscape,rotate_90_or_270,8421,RGB,bb1d5421c42b7de955053777def91dd5c4de0be1
266493_200w.jpg,200,142,landscape,rotate_90_or_270,8406,RGB,f83c8dc1d3f34bf149a1e1e4173f1fd50c68b524
266494_200w.jpg,200,142,landscape,rotate_90_or_270,8068,RGB,1685b80062d3781784fe5601829391fa25e139cd
266495_200w.jpg,200,142,landscape,rotate_90_or_270,8035,RGB,13ac4e920d6cc566c5004365f1e267c59fba11cb
266496_200w.jpg,200,142,landscape,rotate_90_or_270,8374,RGB,20e8bbef9e77e4bdee41b356d03809a329ee4725
266497_200w.jpg,200,142,landscape,rotate_90_or_270,8606,RGB,315c15d6f76043d97a99de5fba1cc3e4404a0490
266499_200w.jpg,200,142,landscape,rotate_90_or_270,8441,RGB,534fa7b87139c4b7ed59f4204cb65c246a647c20
266500_200w.jpg,200,142,landscape,rotate_90_or_270,8294,RGB,60477c6d5532a6b9a669e65a59874537dfe46c20
266501_200w.jpg,200,142,landscape,rotate_90_or_270,8576,RGB,2675bdd5b9d5c31bd8104703d3965d56a8a4a89a
266502_200w.jpg,200,142,landscape,rotate_90_or_270,8581,RGB,cfda66fe01977bfcff6a5fd88a33f69107a91a9e
266503_200w.jpg,200,142,landscape,rotate_90_or_270,8742,RGB,91509083ef3839dcf11af19d27046755d4b4d654
266504_200w.jpg,200,142,landscape,rotate_90_or_270,8717,RGB,68d290400af7fefe0d8a4f143a636beb32f1e79a
266505_200w.jpg,200,142,landscape,rotate_90_or_270,7837,RGB,187fa7a712b84e2c622446f915a26c601dfd49bb
266506_200w.jpg,200,142,landscape,rotate_90_or_270,7694,RGB,7cb6e4715361d89f30887740dcb57fafb181ab0f
266507_200w.jpg,200,142,landscape,rotate_90_or_270,8187,RGB,95bac333e2eb42e5e0dc76b2abe2c89cea932789
266512_200w.jpg,200,142,landscape,rotate_90_or_270,8089,RGB,22c2a4745c806f79ae26583183559e47df3021e1
266513_200w.jpg,200,142,landscape,rotate_90_or_270,8159,RGB,69647ddf9094abe8fb583e9bbd8307bee3c5e16d
266515_200w.jpg,200,142,landscape,rotate_90_or_270,8394,RGB,4275c2cbe2e67e4c8b33c85155afd357aa8b1c76
266516_200w.jpg,200,142,landscape,rotate_90_or_270,7865,RGB,b08e55e76b7323673550f969dbc1f9ff6b61d000
266517_200w.jpg,200,142,landscape,rotate_90_or_270,8307,RGB,aa1c79c88ecb445d3eaedc517dcd238703baeb07
266518_200w.jpg,200,142,landscape,rotate_90_or_270,8649,RGB,26c34fd457d11cc845c674f473ce21f97c2193b8
266519_200w.jpg,200,142,landscape,rotate_90_or_270,8639,RGB,50c584cd3f1debf088620cb3d79aea7af11b6972
266520_200w.jpg,200,142,landscape,rotate_90_or_270,7878,RGB,e634b0e966172e6c6b7bedb374b13a7da0095f0b
266521_200w.jpg,200,142,landscape,rotate_90_or_270,8610,RGB,04041a7065fe19a0214c7ba6e553e095173aacc4
266522_200w.jpg,200,142,landscape,rotate_90_or_270,8230,RGB,b9a90289fe97f972ce757b378f4b46c97e1f14ed
266523_200w.jpg,200,142,landscape,rotate_90_or_270,7886,RGB,45ed9317c31bdc43d106221d496872bf44ff4e4a
266524_200w.jpg,200,142,landscape,rotate_90_or_270,8600,RGB,2d9f8ba6b4988a24b3c5d5cd53f739aa29c42ca0
266525_200w.jpg,200,142,landscape,rotate_90_or_270,8574,RGB,cd78b264d1c3bf22e016c7a999f7b92bf09ac869
266526_200w.jpg,200,142,landscape,rotate_90_or_270,8498,RGB,a76ba7cdef2a786a95199bacc2b11c41106d7f1e
266530_200w.jpg,200,142,landscape,rotate_90_or_270,8232,RGB,d4803f26073da50085142fd309617e7e573bab25
266531_200w.jpg,200,142,landscape,rotate_90_or_270,8600,RGB,55558aea5c9301313390aaceec2384e17e86bdaf
266532_200w.jpg,200,142,landscape,rotate_90_or_270,8061,RGB,8a2ad32cefcd3cf3e27f04f0472001a4c900e06a
266533_200w.jpg,200,142,landscape,rotate_90_or_270,8228,RGB,d7f34cd24be149ce610c5eebee49a170fb6eab2b
266534_200w.jpg,200,142,landscape,rotate_90_or_270,8180,RGB,32611e5dfccadcf55e25f94c26d559a762f066a1
266535_200w.jpg,200,142,landscape,rotate_90_or_270,7894,RGB,7540e1603ab3c2127d70b118292ad8be342cce0e
266536_200w.jpg,200,142,landscape,rotate_90_or_270,8165,RGB,d0899a98f1149f4b58d85ff24fa7a3d35f5ca641
266537_200w.jpg,200,142,landscape,rotate_90_or_270,8241,RGB,3ff72ad2ca549380442f1355104410eb97824813
266538_200w.jpg,200,142,landscape,rotate_90_or_270,8503,RGB,a365c0f3df93bd1e7adac28f0873728b7409e6e3
266539_200w.jpg,200,142,landscape,rotate_90_or_270,8444,RGB,be5c3cc52372dcf3a285b933f1df288f64021b07
266540_200w.jpg,200,142,landscape,rotate_90_or_270,8535,RGB,2c904acb8c989d80df74255ff3612b2277545976
266541_200w.jpg,200,142,landscape,rotate_90_or_270,8322,RGB,ecf0c79377532f50d485a6bf5f3f9123902312be
266542_200w.jpg,200,142,landscape,rotate_90_or_270,8263,RGB,4509841c065293e143308a91027c1a807701b390
266543_200w.jpg,200,142,landscape,rotate_90_or_270,8431,RGB,8ab3164a7a64dcf6d2130ab8761c7280be63f38a
266544_200w.jpg,200,142,landscape,rotate_90_or_270,8032,RGB,b0ce52d44d89fedc53abac25fd40d1020ce31bb1
266545_200w.jpg,200,142,landscape,rotate_90_or_270,8186,RGB,8b6a5ef5e0e235e8903479a898c2e96361fe54c3
266546_200w.jpg,200,142,landscape,rotate_90_or_270,8524,RGB,72137b5ce5a8106f49b1ea4d3725f5de5b938353
266547_200w.jpg,200,142,landscape,rotate_90_or_270,8520,RGB,bf84b7c7a800630d3c82d5397a8a4c13d7040062
266548_200w.jpg,200,142,landscape,rotate_90_or_270,8676,RGB,98fd27baf2f80cef6235ec3263df89a11774a632
266549_200w.jpg,200,142,landscape,rotate_90_or_270,8672,RGB,2f116f9561f0b46255ccf2c9969687e919f1022c
266550_200w.jpg,200,142,landscape,rotate_90_or_270,8188,RGB,e9dabc19d35577fff6a3fc812bee279363f8b348
266551_200w.jpg,200,142,landscape,rotate_90_or_270,8196,RGB,36cac08baa5e57f920a5d7b8acf00c8fbb7ae5a5
266552_200w.jpg,200,142,landscape,rotate_90_or_270,8200,RGB,b83bc11aabdc4c3310474a271bf5224dedf74aa3
266553_200w.jpg,200,142,landscape,rotate_90_or_270,8170,RGB,1c8aa32d774b01cfc8a4a25ea498b91128b851cf
266559_200w.jpg,200,142,landscape,rotate_90_or_270,9169,RGB,42279d5144381c74bb0867e833ae39ee63ed1bd8
266560_200w.jpg,200,142,landscape,rotate_90_or_270,8516,RGB,f448e11a82dbaa9f0ddf28ca8a4bb70f0c56ccd7
266564_200w.jpg,200,142,landscape,rotate_90_or_270,8514,RGB,2ed433523b3377e1771df2734799306fd8c8fa01
266565_200w.jpg,200,142,landscape,rotate_90_or_270,8875,RGB,182faa9122fba8db0a87f161976b215b3b1e8331
266566_200w.jpg,200,142,landscape,rotate_90_or_270,8798,RGB,e6d6888f392c6c2a6a818273fbe879c013b6a4e9
266567_200w.jpg,200,142,landscape,rotate_90_or_270,8637,RGB,d71099cd5254065a27270163ab895ec04191fddf
266568_200w.jpg,200,142,landscape,rotate_90_or_270,8371,RGB,46cb62c710abbc342ab70e3848d6ec6a46387705
266569_200w.jpg,200,142,landscape,rotate_90_or_270,8880,RGB,87614dbd2e2808539f5212e91100a0d4d8226c49
266570_200w.jpg,200,142,landscape,rotate_90_or_270,8753,RGB,dd0a7245f9a0ee90ea56f7132a8bbb40914fec67
266571_200w.jpg,200,142,landscape,rotate_90_or_270,8239,RGB,6dc293c64db7e13dd69edaabff27339186a13316
266572_200w.jpg,200,142,landscape,rotate_90_or_270,8580,RGB,ade483c1f4542157793b89c39f1b95050c819117
266573_200w.jpg,200,142,landscape,rotate_90_or_270,8637,RGB,b4b514c10ce9d7a5690d0601d0813f8eb41b02ce
266574_200w.jpg,200,142,landscape,rotate_90_or_270,8678,RGB,b801c1952e1fbe1646e14ab74b4823e6483c3b3e
266575_200w.jpg,200,142,landscape,rotate_90_or_270,8317,RGB,250e60bff2731bf05ad6556097dbcb960200cdcc
266576_200w.jpg,200,142,landscape,rotate_90_or_270,8823,RGB,fbeffa1d0718ea9da30cb53617281e62153103fa
266577_200w.jpg,200,142,landscape,rotate_90_or_270,8600,RGB,68de28cf885ae395f4884991cc53236729e7ddb1
266578_200w.jpg,200,142,landscape,rotate_90_or_270,8613,RGB,326de5746cd3a274b00c2c4fd4ea74746b7bc342
266580_200w.jpg,200,142,landscape,rotate_90_or_270,8614,RGB,a050e89997cc7d16b48cc96e6614baf4b9afd694
266581_200w.jpg,200,142,landscape,rotate_90_or_270,8598,RGB,5559518f4d3df701592580a8861c2709aad7384e
266582_200w.jpg,200,142,landscape,rotate_90_or_270,8510,RGB,f46bd4ded116c1153a6b470c344c149a078fba50
266583_200w.jpg,200,142,landscape,rotate_90_or_270,8316,RGB,83db5e63fc6dbba5c360d9d01f47f2f804f1338e
266584_200w.jpg,200,142,landscape,rotate_90_or_270,8569,RGB,9951ea0c13c1b5564fcbd50467b703dc73660777
266585_200w.jpg,200,142,landscape,rotate_90_or_270,8640,RGB,c256c413d45ae042bab20ef0d016909ff5782869
266586_200w.jpg,200,142,landscape,rotate_90_or_270,8583,RGB,cd7566e58285910c8d097d0ddd067c9439716f79
266587_200w.jpg,200,142,landscape,rotate_90_or_270,8666,RGB,324c1c1afb0aecebb58bff0c7a800ac808ebccf9
266588_200w.jpg,200,142,landscape,rotate_90_or_270,8841,RGB,a9ac50b73e43a53bdc285f4e07173af3a8468615
266589_200w.jpg,200,142,landscape,rotate_90_or_270,8901,RGB,471da4b2b12d29af74993b18354e64dcb717bf36
266590_200w.jpg,200,142,landscape,rotate_90_or_270,8265,RGB,fc06a1f5aefe65439356349e93fedd4a68e59900
266616_200w.jpg,200,280,portrait,none,24593,RGB,ce349b8c2ccba548044a5aa7b7eead94bef49eb3
266627_200w.jpg,200,280,portrait,none,24853,RGB,b1843c1398489d17114f030f1a86eb7599518be6
266913_200w.jpg,200,279,portrait,none,24535,RGB,480077ac405cee8b283d4cf951098cda26ace367
266914_200w.jpg,200,279,portrait,none,23125,RGB,e96cec7e03ae862260d521695d97ea41dc1c6e3e
266915_200w.jpg,200,279,portrait,none,23036,RGB,56810c08e0c78f39f6a51a699ee7adb72e39b8a4
267016_200w.jpg,200,279,portrait,none,22445,RGB,e0d3af31ace8e6828bdb976303faed490b58bedb
267727_200w.jpg,200,143,landscape,rotate_90_or_270,8253,RGB,1f7ea2a1915dce2701965dfb3ba5fa72671e566e
267728_200w.jpg,200,143,landscape,rotate_90_or_270,8021,RGB,861c3805c255103a369287b8b745141ff935eb2d
267732_200w.jpg,200,143,landscape,rotate_90_or_270,8703,RGB,2877ce416188b3cd2b6dc5a530c025211e2fa40e
267733_200w.jpg,200,143,landscape,rotate_90_or_270,8150,RGB,da27696646c9f116f99663dd50846193accccf07
267734_200w.jpg,200,143,landscape,rotate_90_or_270,8498,RGB,ee8dfb4b582576b6da3a389d9e57dcc63bbdcb70
267735_200w.jpg,200,143,landscape,rotate_90_or_270,8515,RGB,4024732ad35e4f6da590dbde189d587b159a1575
267742_200w.jpg,200,143,landscape,rotate_90_or_270,7925,RGB,4ed82a76769fff439f83c4a33c1709c3a438aa3b
267744_200w.jpg,200,143,landscape,rotate_90_or_270,8732,RGB,31e62081dbb24b3a39f38aa293c19bb816412a81
267745_200w.jpg,200,143,landscape,rotate_90_or_270,8896,RGB,47c6a413a6537d38a327bb5a0a18babe8d581238
267746_200w.jpg,200,143,landscape,rotate_90_or_270,8772,RGB,1ef09db99f0b7a546ea5a90410c3509d31873a63
267747_200w.jpg,200,143,landscape,rotate_90_or_270,8073,RGB,6e84005c5463034655706630aa36990fcc8b7420
267748_200w.jpg,200,143,landscape,rotate_90_or_270,8064,RGB,856550318f760039f6907822d762b4f17316ff02
267749_200w.jpg,200,143,landscape,rotate_90_or_270,8120,RGB,307e6e065bdbadeeb8cb3c153fff07d31d2400d4
267750_200w.jpg,200,143,landscape,rotate_90_or_270,8326,RGB,79a38514bbe7b24666121f4161fa9a411abb8b03
267752_200w.jpg,200,143,landscape,rotate_90_or_270,8437,RGB,f4ff8cdf38d2cb81b5a70d68a7faf1035157854b
267753_200w.jpg,200,143,landscape,rotate_90_or_270,8071,RGB,fd23b4a17d8dc7870245913ba528cf8abe1dfd14
267754_200w.jpg,200,143,landscape,rotate_90_or_270,7925,RGB,5a17be69e660f04d98af2801b2ba6be9ce07af62
267755_200w.jpg,200,143,landscape,rotate_90_or_270,8008,RGB,a5080eb5e45d8e9f1a8359c1ffa674df98750b3b
267756_200w.jpg,200,143,landscape,rotate_90_or_270,7978,RGB,5ba27ef311006b2163b7273c22c8014d1bf3a137
267757_200w.jpg,200,143,landscape,rotate_90_or_270,7930,RGB,58016ab179d2582d1dbe26fc90dee850140394dc
267758_200w.jpg,200,143,landscape,rotate_90_or_270,7888,RGB,22aa9bfb30e2852a221fa388a0d89c0e3b9d3d6a
267759_200w.jpg,200,143,landscape,rotate_90_or_270,7656,RGB,b4e614938b4e6365dcc7a40186b3649260c308d7
267760_200w.jpg,200,142,landscape,rotate_90_or_270,9024,RGB,91d82e271efe317788ac7dd6a07db181e6621740
267761_200w.jpg,200,143,landscape,rotate_90_or_270,8006,RGB,3c18f2020504d8c2c0a912e82d4c15df69642f0b
267762_200w.jpg,200,143,landscape,rotate_90_or_270,7987,RGB,d4895460651e3ff536dd62cd9a07524d4a38f97c
267763_200w.jpg,200,143,landscape,rotate_90_or_270,8066,RGB,5858d82acd710823c07ef93c3144e0f864eb530f
267764_200w.jpg,200,142,landscape,rotate_90_or_270,8750,RGB,0fc63db94f57d019122c06ac8b0e0ebd71fe8fd4
267992_200w.jpg,200,280,portrait,none,24907,RGB,a39a7e2b396c0aa9b44f452578808a2233e07083
268071_200w.jpg,200,142,landscape,rotate_90_or_270,8040,RGB,03c16218f32288845c63331e483aa8a305f95d7c
268077_200w.jpg,200,280,portrait,none,22699,RGB,e105f07f6e7821daf4f01802469deb2e71edfdec
268078_200w.jpg,200,278,portrait,none,23063,RGB,baf9dd1751ab0a759592bbf89329ea4854e03d8f
268079_200w.jpg,200,280,portrait,none,22944,RGB,6a950584b738aff26c1edea62fe10dbd10ad579c
268080_200w.jpg,200,278,portrait,none,22017,RGB,f52a74d5db674495c7ba91c52a2b5e078b63e811
268081_200w.jpg,200,278,portrait,none,20499,RGB,93c4686a1267d4210b61c085a30bf77ff3796681
268082_200w.jpg,200,278,portrait,none,20421,RGB,d2db5d5b1a2cf6b787bf24478931574a8f5d3132
268083_200w.jpg,200,282,portrait,none,25276,RGB,36a53495d8a0fac51fb295d0995093f580a09b37
268084_200w.jpg,200,279,portrait,none,24472,RGB,6c0be6cc7402eb94c477e9c291ff1b279657535e
268085_200w.jpg,200,278,portrait,none,24778,RGB,7344089bf08e00b4d05f6418bd5d0101ef7aef44
268092_200w.jpg,200,278,portrait,none,19669,RGB,ca92a74a6d66b16b9a803c71bf6514756fc589d7
268094_200w.jpg,200,278,portrait,none,15430,RGB,dc5cf2260d8dd44a3bfa5a5b17b067b78fe9242d
268095_200w.jpg,200,279,portrait,none,15203,RGB,b3f9942a48d49a6605bbcd8b30285a6e5bb5c184
268096_200w.jpg,200,278,portrait,none,15171,RGB,d606499eebd87ca5f335e97146d4e1b90ea09a2e
268097_200w.jpg,200,278,portrait,none,15248,RGB,5940ff1e80e318eef5624c43b9623e82ea6c5267
268099_200w.jpg,200,277,portrait,none,15053,RGB,95eb225d728f7dbf1f4ab13e0c4451c8c72f2cf6
268100_200w.jpg,200,278,portrait,none,15339,RGB,253088bf55750e9b449446d9ef14a4216f81dd83
268101_200w.jpg,200,278,portrait,none,15491,RGB,27ff5bff193f47c36fe01dc712f1ef1fedba5379
268102_200w.jpg,200,278,portrait,none,15529,RGB,d6d5596dadc87ceb283857f65503d6c6403152a6
268103_200w.jpg,200,278,portrait,none,15611,RGB,6abf1ebb5a62553a390650a4d7c66bb30f95b197
268104_200w.jpg,200,278,portrait,none,15719,RGB,5ea69b67a951a27aef13a5f4b1d0e00f9f41e940
268105_200w.jpg,200,278,portrait,none,15473,RGB,84f1be43c2016923353894c0363a1916e5305704
268106_200w.jpg,200,278,portrait,none,15602,RGB,a8f8e4c09fa30fc92fd9f573d500842406eaa182
268107_200w.jpg,200,278,portrait,none,15324,RGB,7c0dfed5af830fc9d394fa5a107ad51e0d0ed8c8
268108_200w.jpg,200,278,portrait,none,15371,RGB,49a7a39bb94e6146ebd2c9d7bcce103b97b3da18
268109_200w.jpg,200,278,portrait,none,16145,RGB,13de17cf983bf30e7958834a151a701245bd7c80
268110_200w.jpg,200,278,portrait,none,15810,RGB,de3253289467fbeb868dc116f196164d1202abdd
268111_200w.jpg,200,279,portrait,none,19880,RGB,9edb527952dcda6870e238842193b508253c86b4
268112_200w.jpg,200,278,portrait,none,19788,RGB,ebfba3c5e542692235d0beb853a410a039ebe976
268113_200w.jpg,200,278,portrait,none,19720,RGB,4a795321bf40475ad6a570763ef17de616a2f2d9
268114_200w.jpg,200,278,portrait,none,19932,RGB,2a22fc0c9c56db3ae3391f90de9a5e03fa73c0a5
268115_200w.jpg,200,278,portrait,none,18757,RGB,aa409d72df6c9de519811364f00e1744de1b91cc
268116_200w.jpg,200,278,portrait,none,18939,RGB,889732bf3f31c653fde701864ec4d829b73c612e
268117_200w.jpg,200,279,portrait,none,19029,RGB,7117dac2d206af9a701ba0e6ceec54558e13def6
268118_200w.jpg,200,279,portrait,none,17275,RGB,4aaca55f4096b15433d17d0ee1c8f022daa1a700
268123_200w.jpg,200,280,portrait,none,27784,RGB,34df7f4bbcb28a14ec224e26b662a2c610503dd1
268124_200w.jpg,200,279,portrait,none,31493,RGB,a781d80b5d566d1a3226e3c84abfce7c57ef2a50
268126_200w.jpg,200,280,portrait,none,28765,RGB,d2afefbffa81cd3fdf8f3989114dcf6685df948c
268127_200w.jpg,200,279,portrait,none,28691,RGB,2e7432a60e97a026eaf4493ec429c15199140bb9
268131_200w.jpg,200,280,portrait,none,23972,RGB,1b5befd16ea7f9a754c6726bc687bbaba9ab595d
268147_200w.jpg,200,280,portrait,none,24492,RGB,37915e51d78f2846ac1249157c20b4ca5096e32f
268148_200w.jpg,200,278,portrait,none,24576,RGB,caea646d06c420f65e09f91e017388644f597a8b
268149_200w.jpg,200,277,portrait,none,24685,RGB,a1b92fe7bfd09e1ceaa7011ce41f22fa60c3c48b
268150_200w.jpg,200,282,portrait,none,22499,RGB,6eb8a0dd1d364f6077995c32390c6a772631655b
268151_200w.jpg,200,278,portrait,none,22567,RGB,dbdc03037a1ec15df50f68fcd7e5ba096b1a417d
268152_200w.jpg,200,278,portrait,none,20589,RGB,b55cdb2f7ede6dd2e3ced7e0e466fdc960f30dc1
268153_200w.jpg,200,278,portrait,none,20807,RGB,43eef2afcb28e58bc468d416305a517d02e7bfa1
268154_200w.jpg,200,278,portrait,none,16234,RGB,a281f4c2fd26efbea709cf8bd8ffa2ecfa8f0ed1
268155_200w.jpg,200,278,portrait,none,22095,RGB,a2c5dbd35f05b9205e639d00227b8c96b371e2c9
268156_200w.jpg,200,277,portrait,none,21923,RGB,c11aa70bab90506f2ee5f5c92211cf30b91ca13a
268158_200w.jpg,200,278,portrait,none,22211,RGB,2e81a102815ebc8152cbe0ea9b5c74bad4b9c1e3
268159_200w.jpg,200,278,portrait,none,20408,RGB,c7189a58a22eb0e013d0d1be81e3f685729f85dd
268160_200w.jpg,200,279,portrait,none,19379,RGB,ecaf5190b83293f1ee7be66cb1a04b0094d67ffd
268161_200w.jpg,200,279,portrait,none,24700,RGB,988f6c9c22fc1c4b1338bcbd47272e76d9f4f821
268162_200w.jpg,200,278,portrait,none,23470,RGB,40168539b465818ea6abcac090dc1844e3c98bc9
268163_200w.jpg,200,279,portrait,none,23893,RGB,3f330e9359c9636c9afc1cd99b39e3309a8934b4
268164_200w.jpg,200,278,portrait,none,27171,RGB,087280379a6a0feff554e7868974721d7e544015
268166_200w.jpg,200,277,portrait,none,21653,RGB,3da0be97f8f850d96cbd7d23b01ff9a850fe92af
268167_200w.jpg,200,282,portrait,none,22081,RGB,2c487b94a5ca81ead1714a3b01edf7b1add5bf23
268168_200w.jpg,200,278,portrait,none,21575,RGB,fe0323f683922c67f6a422b8b17119438cfa5b0f
268169_200w.jpg,200,277,portrait,none,20224,RGB,7971d08c9ae9eff5cc78d3b05f70a38e3e6ae65b
268170_200w.jpg,200,280,portrait,none,19855,RGB,b0dc1c97e5f655d78136491f3fd7692c95d993f9
268171_200w.jpg,200,279,portrait,none,20166,RGB,77b0b0925e70bdb5573955953b4c77b707e86e5b
268172_200w.jpg,200,280,portrait,none,20276,RGB,cc36f303f6d5242d7c1da6c460c4597c3d4e3adf
268173_200w.jpg,200,280,portrait,none,21956,RGB,0b08d24882cb2c43c374d7837670b22b7b4076d3
268174_200w.jpg,200,278,portrait,none,21677,RGB,75905415dcab283bb37f187739fff3714beac3ed
268175_200w.jpg,200,279,portrait,none,20909,RGB,7cacc83b762cd0eb46a2bca296a07aaa0b75e999
268176_200w.jpg,200,278,portrait,none,20508,RGB,d7cbe9b691200727686265103cee12b7392de5be
268177_200w.jpg,200,280,portrait,none,20770,RGB,f8e460e7460b3ef3f47e128cdd047a9ea59bed5c
268178_200w.jpg,200,278,portrait,none,19980,RGB,e788701317e0999e860766888bf8ddfe08811ada
268179_200w.jpg,200,280,portrait,none,19955,RGB,cc3acb39e61efa72e519f61a6fe7107167d42da2
268180_200w.jpg,200,279,portrait,none,19836,RGB,d4bab7bd8acf1c05ee95a4766b110ebc2b6609b1
268181_200w.jpg,200,279,portrait,none,18780,RGB,a998435614e39a731bf9afbf957b2c087013394f
268182_200w.jpg,200,278,portrait,none,19157,RGB,d3657bf359f8889c0d41f8b5cbf22ba9613a9f58
268183_200w.jpg,200,280,portrait,none,19874,RGB,5d2543005a97e5b00063250baeb6a873d614033f
268184_200w.jpg,200,278,portrait,none,19719,RGB,98f1dbfe8b59e387a40bd998b922d74ccdfa6b9d
268186_200w.jpg,200,278,portrait,none,19946,RGB,a2909b64b0762151b061ea66f76e69e44f948a55
268188_200w.jpg,200,278,portrait,none,12382,RGB,7de5e76d7c69efa1576156fd61121e7ccccb6c96
268189_200w.jpg,200,278,portrait,none,12513,RGB,0bbd892ab1ac76134f175d667c15352d6278bab2
268190_200w.jpg,200,279,portrait,none,12820,RGB,576fe0ddb7158c03b414eb8c23bd427f2f048df6
268191_200w.jpg,200,278,portrait,none,12715,RGB,5bf1d815159bcb587a5ed2d3a8bd356f282c13d3
268192_200w.jpg,200,278,portrait,none,12744,RGB,86ce0260e329062084747e1e0ba9a84a844456ca
268193_200w.jpg,200,280,portrait,none,12857,RGB,9ad618cfbba25b9e517f9dc368b5e156e95e95d9
268194_200w.jpg,200,280,portrait,none,12869,RGB,3da2f4d758a38c7686f0f79d9132d5b63cb16010
268195_200w.jpg,200,278,portrait,none,12470,RGB,8b336b195418f31bebd500232a087bf3b90862f9
268196_200w.jpg,200,279,portrait,none,12876,RGB,2597696a3612b234ba619f326ade5dcc849f17b7
268197_200w.jpg,200,278,portrait,none,12781,RGB,03b557ae406c4ea3dde76f7d63a914b00b5fc9c6
268199_200w.jpg,200,278,portrait,none,12868,RGB,f421473f142f6a84868d93c18285c2c476b13b39
268200_200w.jpg,200,279,portrait,none,12786,RGB,a1593fc6ce27f21fdd501a2b9c530cf5b6b30966
268201_200w.jpg,200,278,portrait,none,12281,RGB,fddc5f96a4be886c14f7d8eb38d07b82d4c56199
268202_200w.jpg,200,280,portrait,none,12850,RGB,dd79307cbe881ac5f333c7da9e0d36e19e29e799
268203_200w.jpg,200,280,portrait,none,12519,RGB,951b7bf6df8e72eca68b0f42f027f6da5f46aa40
268205_200w.jpg,200,279,portrait,none,13031,RGB,91b462b3d7facea82854a26dc6065070e7258458
268207_200w.jpg,200,278,portrait,none,22972,RGB,f622600e49bb0d184fa9cb4fea7ca52df77647dc
268208_200w.jpg,200,279,portrait,none,23299,RGB,448562cfdf909fd33b14d4977d3b00bae0d0ba24
268209_200w.jpg,200,280,portrait,none,23095,RGB,a8e6a46467d11c6d1d5cb2afd258da710c9d732a
268210_200w.jpg,200,280,portrait,none,22060,RGB,869912987834d25bb515acd165f4f95828a2a529
268211_200w.jpg,200,278,portrait,none,21783,RGB,e9e4f6ed6bbac499fd66234a9ac21988ad7fe82b
268212_200w.jpg,200,278,portrait,none,23740,RGB,2b7717392e69295c9fdd16a2bc279d2c1ad2ec4f
268213_200w.jpg,200,279,portrait,none,26488,RGB,17040febe4e3a052849731a6a5da18a2d7925804
268217_200w.jpg,200,279,portrait,none,16745,RGB,f4363cb54c4b0bc5fab3bfe5befde87f17c94527
268218_200w.jpg,200,278,portrait,none,16621,RGB,f668fe9017a50268ba75de213e923b7649fa74af
268220_200w.jpg,200,278,portrait,none,22609,RGB,5df36e82295a4ba2e43a65956ca71494639d3236
268221_200w.jpg,200,280,portrait,none,23266,RGB,076fb0a0bba265cf4127d18cc65f7cd47c10956e
268222_200w.jpg,200,267,portrait,none,21820,RGB,b2aa5db5e9cfc70226cdfff09735857ae1ae07c9
268225_200w.jpg,200,279,portrait,none,20608,RGB,39af0cf7492d5c64375ff1f07a6bc9c20c6389ad
268226_200w.jpg,200,278,portrait,none,20585,RGB,4798c38d1952f9be82dfc39e1026a4d8c8846596
268227_200w.jpg,200,278,portrait,none,20391,RGB,02f48e330e581289853260337bb4c96527cc109b
268228_200w.jpg,200,278,portrait,none,20505,RGB,b48cd5b2166ffef3d242da97680c40b7c3c08f7e
268229_200w.jpg,200,278,portrait,none,22749,RGB,89219b873b105d290206788802cc667a543560e1
268230_200w.jpg,200,279,portrait,none,20712,RGB,0751a8283ce90eebe85c03894aefe5eeb9042cea
268231_200w.jpg,200,278,portrait,none,21094,RGB,7278e456e3948b0ff049cd7454b03fdd6ba96aad
268232_200w.jpg,200,278,portrait,none,21093,RGB,91dc5e15d38ceb21335cbdac09b1ba535556844c
268233_200w.jpg,200,278,portrait,none,21369,RGB,c355f928bd83accda90fd848252106e0f004d9ee
268234_200w.jpg,200,279,portrait,none,23024,RGB,eab84ab5823d0f23ad45bdca0a425971cb5010a9
268235_200w.jpg,200,279,portrait,none,22886,RGB,750fdf7a95f9ecc876b7f2de7572c18d301b6e9b
268236_200w.jpg,200,280,portrait,none,22041,RGB,1d06d53eec12a5e0361aed51a1a6c4f11ab68bcb
268237_200w.jpg,200,280,portrait,none,23734,RGB,8135d86e446b1f3a987a1f88c47e4aec7d47f2fb
268238_200w.jpg,200,279,portrait,none,26259,RGB,0ad626291292c5f5b8ad7bd89a40198c8c9b1ca8
268239_200w.jpg,200,279,portrait,none,23853,RGB,4caaed19e0ac09166170b3c7b583e1a97d2a4f97
268240_200w.jpg,200,278,portrait,none,23911,RGB,859b755f8b90bf8f6311d16963287599b20e7cc9
268241_200w.jpg,200,278,portrait,none,25250,RGB,963069d3484225e2b9240c3779deb57b498e2cc4
268242_200w.jpg,200,278,portrait,none,25650,RGB,870f87be07d9ba431e03d20701081c4fcb1dc63a
268243_200w.jpg,200,278,portrait,none,25413,RGB,ab277b5763abc6e88654aff8aa34c353515e4e75
268244_200w.jpg,200,278,portrait,none,23665,RGB,6a163d5f1a9b84a93d43b53bbb792ee92e88cf09
268245_200w.jpg,200,277,portrait,none,23834,RGB,98043c019e2762bcfb17430e82e7f493bf6292d5
268246_200w.jpg,200,278,portrait,none,21107,RGB,85e6e135a1ea7930c2239055e73dedf69fca38cf
268247_200w.jpg,200,278,portrait,none,20195,RGB,5bbf1c2e8c208f48f1ab75654babf772d6a1f1f3
268248_200w.jpg,200,278,portrait,none,19500,RGB,fe07abd419fcce1eea62869556385fea14b33d16
268250_200w.jpg,200,278,portrait,none,20255,RGB,e7cf8dcae6f9e76f5ffeae56c7c70737118c4e2f
268252_200w.jpg,200,278,portrait,none,22349,RGB,577eac51b9ba2ad29e1af6d2e3c2e32854613c17
268253_200w.jpg,200,277,portrait,none,21565,RGB,1cdb26c36bb8cf5d97bbc8e02e00e134d8cee43d
268255_200w.jpg,200,278,portrait,none,19978,RGB,f0bcd8a44af542b0035a7c9edefbbae25eecc595
268256_200w.jpg,200,278,portrait,none,14267,RGB,6fb1b51625b9165f9983250fec96468e8475ae2f
268258_200w.jpg,200,279,portrait,none,27995,RGB,7f911d9ae3c73a013cca184208ee9e64e3a836c6
268260_200w.jpg,200,279,portrait,none,29152,RGB,21475facf2343591d4b2f47bdeed8b89de74ece9
268261_200w.jpg,200,280,portrait,none,25095,RGB,1d2400b66442ad6e79edcd320e952a8857382b6f
268262_200w.jpg,200,280,portrait,none,26169,RGB,e69cfa3bd1bab30d9954411bcc0f27cbee9d151b
268303_200w.jpg,200,279,portrait,none,25681,RGB,04e5e50ddc34ac67043aeca678abcdd3260b2a73
268304_200w.jpg,200,278,portrait,none,28054,RGB,d1df0dc0940de77afb0ee83508a2005582061fd8
268305_200w.jpg,200,279,portrait,none,28604,RGB,15a88f67f6578fd8bc403888060461044d46046a
268306_200w.jpg,200,278,portrait,none,27926,RGB,1bc9a737c26bd7eb070a5bb7fe09baaf4b730d66
268444_200w.jpg,200,278,portrait,none,26125,RGB,fa316c6d07c9d6ac2fef4a6723c9a06555293421
268445_200w.jpg,200,278,portrait,none,23220,RGB,d36d5cd6b0b7d22ccc65ac627a8190f196efd182
268446_200w.jpg,200,278,portrait,none,28957,RGB,85ce2354347cf2accb19eab359ab131c3458c30d
268447_200w.jpg,200,278,portrait,none,23902,RGB,3fc58dccdac8588fa37df2d34094ceb44a6883f2
268449_200w.jpg,200,279,portrait,none,30487,RGB,8a14a1a2d6c520991de2b1a42a64accd907f8466
268450_200w.jpg,200,278,portrait,none,29905,RGB,806a534c5788ec7487428bb4ecd57dc8baefc19c
268705_200w.jpg,200,278,portrait,none,19418,RGB,74c6468d08656a421b36b80dde500cf3de0dff7b
268706_200w.jpg,200,278,portrait,none,22300,RGB,278cfe7fb026f80192d0c9816ff2f0969ac89485
268707_200w.jpg,200,278,portrait,none,24100,RGB,069ce2a0b87a2910cbdbc462f291baae9bc2c902
268708_200w.jpg,200,278,portrait,none,24700,RGB,d2d611041c2f4d4cf74ca187ec1a2d897456885e
268709_200w.jpg,200,278,portrait,none,24064,RGB,fec940bb134908817ac2be9e1ce93aab264b6f43
268710_200w.jpg,200,278,portrait,none,25639,RGB,7a9390531d81ac9d515dc10b6a1b5244eb1066cb
268711_200w.jpg,200,278,portrait,none,29123,RGB,63aab5ec716eee0e127e0a2dc034e5dd6bf44c02
268712_200w.jpg,200,278,portrait,none,27188,RGB,bc56336679f55670a7a828fa08f8c48582d5e46f
268754_200w.jpg,200,142,landscape,rotate_90_or_270,9014,RGB,c1b316691e3df59e52120cf2b72646da5b097cd4
268992_200w.jpg,200,142,landscape,rotate_90_or_270,8261,RGB,9a27151ea8849a447cb231d2364e2c47a47f85cb
270096_200w.jpg,200,279,portrait,none,23236,RGB,ed12cda4cd30eeb269cb51913d755768ab1a3bcb
270098_200w.jpg,200,279,portrait,none,24703,RGB,6d95bb5543fa47d12d093ee131042886ce026dfc
270101_200w.jpg,200,279,portrait,none,25350,RGB,63084528d163a011d9efa4476e591abbb4a6d7ce
270105_200w.jpg,200,279,portrait,none,20161,RGB,bf4dd5f845f9a8e80104cb23007f660aeb0e4ac1
270463_200w.jpg,200,279,portrait,none,20903,RGB,d744fdc4fb47a07e0b75f6434e70bd29e661e479
270468_200w.jpg,200,278,portrait,none,26839,RGB,4013804679d7fa8f9496c6085c4948008177a70b
270473_200w.jpg,200,143,landscape,rotate_90_or_270,7574,RGB,f571c8f8b9cc0ddb0abd83e38bf5f78c4ffe499e
270475_200w.jpg,200,279,portrait,none,23827,RGB,54b4afaba573b43c4fe4232d680f708ae0e36bcc
270479_200w.jpg,200,286,portrait,none,24279,RGB,191cf7a202956fb7834b84913bc9900d984c4020
270666_200w.jpg,200,142,landscape,rotate_90_or_270,8175,RGB,6308a63ee69ef4779ccdbb7fdedca06169b182f5
270667_200w.jpg,200,142,landscape,rotate_90_or_270,8188,RGB,d50ed3712cb0b9443d0a327f23a4be94b96701a9
270668_200w.jpg,200,142,landscape,rotate_90_or_270,8188,RGB,c11e26301b426b0fee5c6af07007b11c71330e49
270672_200w.jpg,200,142,landscape,rotate_90_or_270,8310,RGB,b97037d2cbb0b815e603b7d25415e7eb61b771be
270718_200w.jpg,200,279,portrait,none,26393,RGB,a9e9bac699bee05f456bd3996538705f89bfc60d
270719_200w.jpg,200,280,portrait,none,26390,RGB,05b248ac0b8e16991676c94ebc745a220b1955f8
270720_200w.jpg,200,280,portrait,none,24346,RGB,1f99dccced22bbf9e5299d7fb3f30a6f4e959968
270721_200w.jpg,200,280,portrait,none,24025,RGB,753985e732d16c09968803696c969f9659db3afc
270722_200w.jpg,200,280,portrait,none,23612,RGB,54992b10e6082132ef5302c82d91f674cdce9285
270723_200w.jpg,200,279,portrait,none,27264,RGB,ee0fc20578b6f8355c68fd5d1e5c1cb28b19fba9
270724_200w.jpg,200,278,portrait,none,25777,RGB,1062ef0bea69de474fae9fa7f3addaff0b942c5c
270852_200w.jpg,200,143,landscape,rotate_90_or_270,8018,RGB,314566ef6c30b03aa9e712481a6c1110b7b1f9dd
270853_200w.jpg,200,143,landscape,rotate_90_or_270,8028,RGB,77c8437d191aa1341d0bcc6c0150aa0d3a3fe190
270854_200w.jpg,200,143,landscape,rotate_90_or_270,8077,RGB,de895a77c3558175741e82ebea3cf59f0fe42db7
270856_200w.jpg,200,143,landscape,rotate_90_or_270,8157,RGB,ef261c25bd541572ed8d7697e3e123423d6945fc
270857_200w.jpg,200,143,landscape,rotate_90_or_270,8183,RGB,82f680107be26065a05e4d40a37abeeb6afe8d5d
270859_200w.jpg,200,143,landscape,rotate_90_or_270,8141,RGB,65d472edaac84198402e484a92f7174e76fbcecf
270861_200w.jpg,200,143,landscape,rotate_90_or_270,8196,RGB,98b30c0a05d5e8ac9572ff8f847a37caa0638e94
270863_200w.jpg,200,143,landscape,rotate_90_or_270,7948,RGB,6e19fcdd2a97e1f14773a39aec5ed5437946daf8
270864_200w.jpg,200,143,landscape,rotate_90_or_270,8110,RGB,4931b0ed944e082e9aec73965d8ccd049c42af06
270865_200w.jpg,200,143,landscape,rotate_90_or_270,7967,RGB,13e223beb5b963eb291851ed5b42df9cb5cab378
270866_200w.jpg,200,143,landscape,rotate_90_or_270,8253,RGB,467954ccf811018afc140639d5ed03c3ad0561d0
270867_200w.jpg,200,142,landscape,rotate_90_or_270,8557,RGB,7fb3a48488165a724c790b10a7219fbd15de6b34
270868_200w.jpg,200,143,landscape,rotate_90_or_270,8370,RGB,783a35bb84654cb97c5f215df8370056a362f751
270870_200w.jpg,200,142,landscape,rotate_90_or_270,8466,RGB,af4e1afba8ddd717fa24eea8002ec3cdc67b9b8f
270871_200w.jpg,200,143,landscape,rotate_90_or_270,7938,RGB,9728fff5a65257d52e7a7eaf0a14b5d96af3a47c
270872_200w.jpg,200,143,landscape,rotate_90_or_270,8108,RGB,025a21456df97e64c160fa97e0b88b4f74d01281
270873_200w.jpg,200,143,landscape,rotate_90_or_270,8367,RGB,f3e78e25566e63e311a51dbb54813a29329c31c8
270874_200w.jpg,200,143,landscape,rotate_90_or_270,8124,RGB,711cbcdd4023d0a7a514812f3e48c7c4a0f3e7d6
270875_200w.jpg,200,142,landscape,rotate_90_or_270,8632,RGB,8f81476cc281a2486ee28d0185bc4b61383a7ee8
271514_200w.jpg,200,143,landscape,rotate_90_or_270,8715,RGB,4d30be8f492c5fbfd4678617ae1a50cf6525ec22
271515_200w.jpg,200,143,landscape,rotate_90_or_270,7930,RGB,3e43f518c3c07233035ebc3919c587cf4508fe03
271517_200w.jpg,200,143,landscape,rotate_90_or_270,8711,RGB,7f002a9be51655d57f4a00791441484b68b56bd1
271518_200w.jpg,200,143,landscape,rotate_90_or_270,8548,RGB,4df2f7b0d7aa8da145360678fa0fe73baf9c5ecd
271519_200w.jpg,200,143,landscape,rotate_90_or_270,8533,RGB,24edbe2562d94d4cddc5e72765f7f1ba569f46ea
271520_200w.jpg,200,143,landscape,rotate_90_or_270,8450,RGB,ef1b3ec258e6244cc2321eaa50062f99923a2b87
271521_200w.jpg,200,143,landscape,rotate_90_or_270,7895,RGB,417df3823aaeece1854327f5341d63f5d8da6c9c
271523_200w.jpg,200,143,landscape,rotate_90_or_270,7906,RGB,fac393b0643f2cf22a61e2d573c5534d50e0e471
271847_200w.jpg,200,143,landscape,rotate_90_or_270,7663,RGB,a96c25578c9f9d75063b87f7ac5f9783814fb405
272094_200w.jpg,200,143,landscape,rotate_90_or_270,8010,RGB,10fece5fb010a4445a4f7b07067ac5eff530152c
272201_200w.jpg,200,278,portrait,none,26782,RGB,f044bfd0f95efcbcc38f4ce3e830caa3a75a7cb0
272202_200w.jpg,200,278,portrait,none,24090,RGB,2785cde06998fdd5b34cec23d20c960cc071d9f4
272203_200w.jpg,200,278,portrait,none,23056,RGB,49e9840fe11328a39476474994321be4aecc5ef4
272204_200w.jpg,200,278,portrait,none,21288,RGB,a3a4ab2dbf40317b4933d5a0b3a7cb54f48ceee9
272205_200w.jpg,200,278,portrait,none,20283,RGB,62927a1fca4088f6de534fc7e044f32b9486311a
272206_200w.jpg,200,278,portrait,none,18796,RGB,28da40543a99873efa8be5340c41f96881451fd8
272207_200w.jpg,200,278,portrait,none,21627,RGB,f66b69ac6a675d285fcc2bab365794d498e5c2d4
272208_200w.jpg,200,278,portrait,none,22674,RGB,3bfda69c5ac72ef56930474f65360a40b480d8e9
272209_200w.jpg,200,278,portrait,none,20186,RGB,5e8f88b5c227aed3830c3d9866b8e13d1e1c6656
272210_200w.jpg,200,278,portrait,none,23414,RGB,94ebf465448c3324a8d855b4add82fdd470865af
272211_200w.jpg,200,278,portrait,none,20367,RGB,204eccc6f388f1e76478cda00c59e655df305c1b
272212_200w.jpg,200,278,portrait,none,23713,RGB,8af2d048f7ae36db61ad5ab513746557e577e6a9
272213_200w.jpg,200,278,portrait,none,22353,RGB,f3250c30a1ef7794a6a9a41a5aedd82ee286b675
272214_200w.jpg,200,278,portrait,none,22483,RGB,3433ee12b0e5240a4286469b78ba2c41aa44dbb8
272215_200w.jpg,200,278,portrait,none,22348,RGB,c614c5fbab6ac000e2dda4dd40e09b862f449271
272216_200w.jpg,200,278,portrait,none,23299,RGB,529ca49cfa9df4c99ad538728735b5cfbd762441
272217_200w.jpg,200,278,portrait,none,26242,RGB,3bf9068f526f6bfdb4d248bdf2903301cff58c66
272218_200w.jpg,200,278,portrait,none,28540,RGB,47966c18d01b22887b4b217247b33588a9128410
272219_200w.jpg,200,278,portrait,none,21038,RGB,7517e91eabd43fbceb3e635ab2df7d17d0e4e593
272220_200w.jpg,200,278,portrait,none,21293,RGB,6f1926815f3baa3576b5542e95f211c655298232
272221_200w.jpg,200,278,portrait,none,21309,RGB,f7cba3cc3fb0e7bedca6bf0bf679dea877f71758
272222_200w.jpg,200,278,portrait,none,23366,RGB,8b7b7925093c169560e5e941cca8d8f0c89c5f1d
272223_200w.jpg,200,278,portrait,none,21002,RGB,f76aa4bdec966ad1b261466f6f850069e4729775
272224_200w.jpg,200,278,portrait,none,21210,RGB,b0d5607c3539a0bf6b9940cf79b19bc8de7b8122
272226_200w.jpg,200,278,portrait,none,30275,RGB,4219f7f5fd4ce8005b213c7a0e002706dcfe17d4
272227_200w.jpg,200,278,portrait,none,24966,RGB,72af4f61b0d67f229afe452d1b0c379dc7325420
272228_200w.jpg,200,278,portrait,none,23476,RGB,be8173452781798b657c60ba00a61eff66ac785e
272229_200w.jpg,200,278,portrait,none,24788,RGB,cad25812bd6885927f864e4a405022c8d436431a
272230_200w.jpg,200,278,portrait,none,25746,RGB,4c10998751b2896b7f4aff3703fee1dec82363c6
272231_200w.jpg,200,278,portrait,none,21021,RGB,0bd28af2f8c27a4772e19df7544f744d9d8b6f3a
272232_200w.jpg,200,278,portrait,none,22981,RGB,74a48160924806431567c714f970a83aad718fa4
272233_200w.jpg,200,278,portrait,none,24712,RGB,1d2b9ccca21be8d4a278cf06e81b044d5134abb5
272234_200w.jpg,200,278,portrait,none,22371,RGB,612cce14433bbde2f43dde98e536035cdc25ffa2
272235_200w.jpg,200,278,portrait,none,21788,RGB,d663c6b34a140d7fdf77a8f84725a6d30cab0f76
272236_200w.jpg,200,278,portrait,none,27460,RGB,f690935d8bb2ccc117fa04e7a90955e5b3920dc3
272237_200w.jpg,200,278,portrait,none,24402,RGB,15658d9f35f522cb4009bb5554db580800a42a84
272238_200w.jpg,200,278,portrait,none,24122,RGB,8bcd425d84489b1cf65b87a76037841d77311857
272239_200w.jpg,200,278,portrait,none,27056,RGB,7742d8c93b51507c28da87e9df7534a35ad7c17d
272240_200w.jpg,200,278,portrait,none,27911,RGB,88d893aa4e55e073b1696a762a839bac45721a38
272241_200w.jpg,200,278,portrait,none,22499,RGB,cc40bb0f8061558906c750b52431d060ba7512ce
272242_200w.jpg,200,278,portrait,none,24288,RGB,edb70b397689f056c9994d710a884df3d7cab225
272243_200w.jpg,200,278,portrait,none,23421,RGB,f59ea3f6c71e09d6ea6e64b5714f36839fa89760
272244_200w.jpg,200,278,portrait,none,26264,RGB,c963ee91b1b63ea32d6f46d422be176396928270
272245_200w.jpg,200,278,portrait,none,22092,RGB,fcd20b72ac5304b4448e8f76a445ff3819f85cc7
272246_200w.jpg,200,278,portrait,none,25549,RGB,a7511ca85a851fd1aae1ffa3456630867e37c12e
272247_200w.jpg,200,278,portrait,none,21122,RGB,083bebb11b6e0ec260581814f2aa7d7021194a84
272248_200w.jpg,200,278,portrait,none,24281,RGB,b922703f122ac152e224d4695cb83d8815e5e10e
272249_200w.jpg,200,278,portrait,none,29409,RGB,949f79ca119a3798ea81b9295eb49b9224b3d02b
272250_200w.jpg,200,278,portrait,none,31262,RGB,8d05b05cd34ce05bbaebe282865ec467933b0b25
272252_200w.jpg,200,278,portrait,none,25121,RGB,66bec33bb58133728119981a4708a105230c684c
272253_200w.jpg,200,278,portrait,none,23322,RGB,0fb1d128410fdb1f7988d3e61272730d8f6cfaae
272255_200w.jpg,200,278,portrait,none,27155,RGB,92d5b1806823417013da05fb8de7c3e802815973
272256_200w.jpg,200,278,portrait,none,20958,RGB,8d93482a37b8eac6b8cd6b959b48246209384d27
272257_200w.jpg,200,278,portrait,none,21838,RGB,b7f6f2269ed64c49f97ceee4390973300cd7d2fb
272258_200w.jpg,200,278,portrait,none,20318,RGB,82708d6e0c0558489ee23d4f1d2913f3db0e8335
272259_200w.jpg,200,278,portrait,none,20964,RGB,cff67373260fda7b91477ffef9cbf464147f0955
272260_200w.jpg,200,278,portrait,none,22247,RGB,2c83c4e1e7651a120f92b2c304a06c703322af8f
272261_200w.jpg,200,278,portrait,none,20783,RGB,f0b1ba383b4fda4559712ed2073a3417a0d84218
272262_200w.jpg,200,278,portrait,none,21372,RGB,7c0f7c56377763d379ee873d94bdbafce1de2837
272263_200w.jpg,200,278,portrait,none,21606,RGB,5f7b5ad6d22fbbc99c4182f343bcb3aa1cec191d
272264_200w.jpg,200,278,portrait,none,20949,RGB,293b8ee89ef5d5c9300505294d522f8300b757c3
272265_200w.jpg,200,278,portrait,none,19536,RGB,2505e38f063ec15ced51270245ce4e3c991924aa
272266_200w.jpg,200,278,portrait,none,19455,RGB,54658dde0f950755b7fe61c28cddf688cbb3896c
272267_200w.jpg,200,278,portrait,none,19590,RGB,a561ae8a599e5760d6036df639f9e0ab4e43a1bf
272268_200w.jpg,200,278,portrait,none,19511,RGB,4e44471c22f226e74c104e0acac68c724769ad37
272269_200w.jpg,200,278,portrait,none,24289,RGB,426b8920de8470f4193c52f83afe2b81f89f1cc4
272270_200w.jpg,200,278,portrait,none,22532,RGB,79aa4e6ac86bdeeb17dfa060660032aab21471c9
272271_200w.jpg,200,278,portrait,none,23684,RGB,1afc44c32900dfbeb6ec8000d5ef115672e02a56
272272_200w.jpg,200,278,portrait,none,23504,RGB,a29c7bed5613354f55a9d9dc26d35c517d226f1a
272273_200w.jpg,200,278,portrait,none,27723,RGB,b8b8d8b33cfc26d087214be84b76c8df018423ca
272274_200w.jpg,200,278,portrait,none,30559,RGB,c09e9dd47150291cbc6fec56536b9e865558eb60
272275_200w.jpg,200,278,portrait,none,21915,RGB,d62ca44ebe3eb0c88ad43b80a8a13e6088e2605d
272276_200w.jpg,200,278,portrait,none,24033,RGB,d4dc63d0b86041382945024fadaea07e5cefddc0
272277_200w.jpg,200,278,portrait,none,22522,RGB,7c82206c088b7716c66eb061c2d6df1dff0ee50e
272278_200w.jpg,200,278,portrait,none,23578,RGB,fd1c86925f75f8c23e48cf644ffd18ff3cdd1dfb
272279_200w.jpg,200,278,portrait,none,27584,RGB,ba295d9fbc75dc007f2bfbcf1952b21bcc5cedc3
272280_200w.jpg,200,278,portrait,none,21822,RGB,2935f698173df7044df3b45d4a9019821cd9d4da
272281_200w.jpg,200,278,portrait,none,22494,RGB,98c9c2c0d8c27f0dd61f6938882694a6e71b5be5
272282_200w.jpg,200,278,portrait,none,24392,RGB,7edd62985222430595c4f8ebbd566907c9060ccf
272283_200w.jpg,200,278,portrait,none,25779,RGB,fb957f3aff37fb58456d27bf45c47a2a24d24172
272284_200w.jpg,200,278,portrait,none,29407,RGB,0445ea8b4c366732a23630109e79fc27cedf66e1
272285_200w.jpg,200,278,portrait,none,27725,RGB,9fed929871b7dfcd5b6b995481f080e7ad937e1a
272286_200w.jpg,200,278,portrait,none,23767,RGB,2a2afdebde77c049c20227d686258b4c05de18be
272287_200w.jpg,200,278,portrait,none,25034,RGB,04b04cad6e99832f48376aa948e11c812006010f
272288_200w.jpg,200,278,portrait,none,27257,RGB,425e5513fc20c4dc92190cf08c1edec0b85c8168
272289_200w.jpg,200,278,portrait,none,23218,RGB,d9d141193e08aa8c04691abb36f931c27e08c13e
272290_200w.jpg,200,278,portrait,none,22128,RGB,0d4483ada7cb199f7e57181b20ad968df4ab044b
272291_200w.jpg,200,278,portrait,none,26558,RGB,87caa33bdb5d5bfc1be25f10aecdf1fa44fb9356
272292_200w.jpg,200,278,portrait,none,25740,RGB,3f4be06a5e4e66a0e3aea8ec5fb0e25c6a32c8ed
272293_200w.jpg,200,278,portrait,none,23376,RGB,d3f02328684c5a5760922a0ca9b41a856eb21409
272294_200w.jpg,200,278,portrait,none,24346,RGB,1e73e2d25ea461d58cfe73fee9308c191e331876
272295_200w.jpg,200,278,portrait,none,26925,RGB,9bc8ddefa2ec3a22448367c89f9892373afe6527
272296_200w.jpg,200,278,portrait,none,26347,RGB,813b07a5fb2a54db9326c0dde38036d600b8e579
272297_200w.jpg,200,278,portrait,none,24576,RGB,1c0ee6d0d8337e82043c5a25c8a1f60265a637c3
272299_200w.jpg,200,278,portrait,none,25657,RGB,75e2966314a268f29d5e90179995b0fbbaf01a8c
272300_200w.jpg,200,278,portrait,none,26336,RGB,38db4d377ae643407b930fdf072cb74f266aeb3d
272301_200w.jpg,200,278,portrait,none,27018,RGB,b0082f82195a584517a3645d8d7ad23abaa126f0
272302_200w.jpg,200,278,portrait,none,28541,RGB,ced1925dcc9b7501c9bf17d5449a4ac0dfd83168
272303_200w.jpg,200,278,portrait,none,28568,RGB,466b3827d057a20b640bdd6deffb3e39f3fba9a6
272304_200w.jpg,200,278,portrait,none,21349,RGB,51099221ebf85076a42b3af53ad8b1dc3ffc9662
272305_200w.jpg,200,278,portrait,none,26246,RGB,7a3026c006e633bdc642a4dd4460be190e7fd464
272306_200w.jpg,200,278,portrait,none,22337,RGB,a23ff6c7b66954ab1d92d048d3bdd6d776bc0700
272307_200w.jpg,200,278,portrait,none,22825,RGB,3b16dcc83fe643db1f11d1f2734444f077247558
272310_200w.jpg,200,278,portrait,none,26642,RGB,77b14865be10e8ecfdae3ca26876a33e3dd4f021
272324_200w.jpg,200,278,portrait,none,23163,RGB,7cc8a4d479461f3f008452760e179a3a5dfcdc92
272325_200w.jpg,200,278,portrait,none,24433,RGB,92c82d85bdb166718c1fe22cac9bce99887a54df
272332_200w.jpg,200,278,portrait,none,20940,RGB,60d5b91b5a7126083407352e2bd2643ae3f373fb
272337_200w.jpg,200,278,portrait,none,27432,RGB,b9a49b71b9756df2a4ea6401d9ab7095c2731ca1
272338_200w.jpg,200,278,portrait,none,26273,RGB,9dcb5ddcbf74d384502e3426e2c03c81b588e230
272339_200w.jpg,200,278,portrait,none,27823,RGB,eab7e45e6b73f70461dd87e5393e0079e0454b91
272343_200w.jpg,200,278,portrait,none,24571,RGB,776f84842e88aae75e730615075e2f2d319734a9
272345_200w.jpg,200,278,portrait,none,24389,RGB,6e3f2fc23443fe8d8cf072d8ea439bb61d6198e8
272346_200w.jpg,200,278,portrait,none,26302,RGB,77607a4996a5fe6965bfb6e10720c89e0633a3ca
272349_200w.jpg,200,278,portrait,none,24156,RGB,2f83ac388d8980d80899fb078ccb9c19e3cf312d
272353_200w.jpg,200,278,portrait,none,23256,RGB,ce135bccbd57cfc3c2426b64602eb4d389bd967e
272355_200w.jpg,200,278,portrait,none,22539,RGB,00db5d159fe4ce1dffe8b9523f90a84c7a52da64
272356_200w.jpg,200,278,portrait,none,22382,RGB,064a52e4c72f5927ce7225ebf2c3ab10ae625670
272359_200w.jpg,200,278,portrait,none,21777,RGB,b4a8a3e413e83f397ab98f07034f99e245118419
272360_200w.jpg,200,278,portrait,none,22056,RGB,9d927c67302e9d73398a4760ff01bc1111e2f338
272361_200w.jpg,200,278,portrait,none,22070,RGB,e5062750bf34425722c98949bb81dfa55807d47d
272362_200w.jpg,200,278,portrait,none,21870,RGB,634e1bbf9f37817b24f809b42da10804c1efe6ee
272363_200w.jpg,200,278,portrait,none,22360,RGB,11f17a9e51f17263edd566f248b9431b29a9e139
272364_200w.jpg,200,278,portrait,none,19594,RGB,e28bf1ea0b32ed13aa442df9231d38fb8297b318
272367_200w.jpg,200,278,portrait,none,23004,RGB,bf936ebf39bed8a3dd731bcb4604741fca343d92
272370_200w.jpg,200,278,portrait,none,21260,RGB,644a01fca93adcf30d77c3198b221663c3ea3635
272371_200w.jpg,200,278,portrait,none,25549,RGB,76f5d595bcb7c85acfc41b70e231a79a1e669984
272372_200w.jpg,200,278,portrait,none,18921,RGB,39a232cd82f17b2ebada1956cc2ed73fad8e3dbe
272373_200w.jpg,200,278,portrait,none,23437,RGB,8dcd34e873be854c484e60e84ac83447a0eca592
272375_200w.jpg,200,278,portrait,none,26425,RGB,29e0d38945ca47bfa169bb6e6913bbe6aea1af0d
272377_200w.jpg,200,278,portrait,none,25445,RGB,cbeace59735bfe28f638cb43b44371ad7bd9ad5d
272387_200w.jpg,200,278,portrait,none,20985,RGB,d6342b09334e8ed0aef50628ef07d6d7d36865c1
272388_200w.jpg,200,278,portrait,none,17857,RGB,9b64c99f015d17017da9cf59b9e161c2ed54d270
272389_200w.jpg,200,278,portrait,none,20004,RGB,6433c6d52ba829c2318583b89d0d0f3de481b44d
272390_200w.jpg,200,278,portrait,none,19423,RGB,3c358f432396460318387cc514f6b108086fb4e0
272391_200w.jpg,200,278,portrait,none,17573,RGB,ea56b42255bf66585e8a0daba7d419e017290ba4
272392_200w.jpg,200,278,portrait,none,20277,RGB,67e984b201832393938edc8ac803fd45fad18e51
272393_200w.jpg,200,278,portrait,none,18140,RGB,940a29bfef897e285d25110b6482197365486643
272396_200w.jpg,200,278,portrait,none,22378,RGB,21046e2381c30e583cdeeee6fe47f7d719f0b9d9
272397_200w.jpg,200,278,portrait,none,21318,RGB,81b89328e60bf41f6a584dfad962e20d4574b38f
272398_200w.jpg,200,278,portrait,none,21681,RGB,a16e41d498ae88f524085c52413f8d04702d9ef8
272399_200w.jpg,200,278,portrait,none,20679,RGB,e1955b2558f5da5f59bc90db7c57fb2c0ca08229
272400_200w.jpg,200,278,portrait,none,19710,RGB,6a4795f1f678fd32f6f2bf9a87b015537389220d
272401_200w.jpg,200,278,portrait,none,18482,RGB,0ac564043c8d00c89aba26f6d0b892996f7b8ff8
272402_200w.jpg,200,278,portrait,none,20040,RGB,a31fdf173745820ebb6758c930af1640522f8c09
272403_200w.jpg,200,278,portrait,none,20314,RGB,489f8c58c16563870dc1084e3cf91c0daa133dd7
272404_200w.jpg,200,278,portrait,none,21035,RGB,b1a538749dd66c44f281df735580044dc76cb28f
272405_200w.jpg,200,278,portrait,none,18585,RGB,c937e77e55981c0cdc2ac0650d364f67ebc444cb
272406_200w.jpg,200,278,portrait,none,19572,RGB,78b2cba86cea2329fc085f0e7fb443b9564a149c
272407_200w.jpg,200,278,portrait,none,19947,RGB,f0cf5dc3a3f5d7a4d00f4acc2229a88575a9c52d
272408_200w.jpg,200,278,portrait,none,20057,RGB,5a020f5f824cc77e77249cbee50f42f0825605e4
272409_200w.jpg,200,278,portrait,none,20077,RGB,202aec153151ae7e9aa3fad4212ccd41f4c735c7
272410_200w.jpg,200,278,portrait,none,20211,RGB,3cf75e27e084da064f0f569c54fe5886c773e692
272411_200w.jpg,200,278,portrait,none,19470,RGB,ddd87eba9f4f7881cbff60abb407dee68729d77f
272412_200w.jpg,200,278,portrait,none,27355,RGB,655df19d53082b97dbadf593979c90a0879e606b
272413_200w.jpg,200,278,portrait,none,29504,RGB,715b54b6d7ed21a81ab3a37ff79506e78a339fd0
272414_200w.jpg,200,278,portrait,none,27936,RGB,f09adc5873e8a39b4a6d1710156afd27692cc80c
272415_200w.jpg,200,278,portrait,none,26195,RGB,8ca9aef50bb1ab8c616291a3b7dfa427ffef7b64
272416_200w.jpg,200,278,portrait,none,26394,RGB,e611666717fab2f292522f03360c8b3df7b336a7
272417_200w.jpg,200,278,portrait,none,28377,RGB,3f65c65b0dd35996986d5e8069182ad10ddc5c95
272418_200w.jpg,200,278,portrait,none,27995,RGB,7d5ba4e191c006480c7ab555c344e6adb9c7da9b
272419_200w.jpg,200,278,portrait,none,29813,RGB,45e3302294e2ece05bdfb02e89a2c1fef8e228aa
272420_200w.jpg,200,278,portrait,none,27552,RGB,18a4954a0d7f46495f4b6c523407733ce5640961
272421_200w.jpg,200,278,portrait,none,26866,RGB,d3e1740fc1481ee729ba49a9f1fd1944ba4d30cf
272422_200w.jpg,200,278,portrait,none,32277,RGB,b646aa8c010cd3acdb6ce51ee5648b579dd5328e
272423_200w.jpg,200,278,portrait,none,29954,RGB,439d9bf78d63a93eb17dedbf7c9d85e0bff0551c
272424_200w.jpg,200,278,portrait,none,27164,RGB,500524c2839c23272b427e7f63b349d4ab304ecc
272425_200w.jpg,200,278,portrait,none,25388,RGB,2f796b62a5615a3a6780f040311fb40975e84eb2
272426_200w.jpg,200,278,portrait,none,32046,RGB,9a3e487333051f81667bd5798e2f67198bb7794a
272427_200w.jpg,200,278,portrait,none,23751,RGB,7b3f12608eb6d6c18931dbf1bc5c39bfaf06c024
272428_200w.jpg,200,278,portrait,none,28955,RGB,e6b65f29547684d198e76890b76732870d8ae833
272429_200w.jpg,200,278,portrait,none,28403,RGB,eae7e5f16a22dea8d2fa79b1803efffaf6caaf87
272430_200w.jpg,200,278,portrait,none,29034,RGB,8def94843e6e2f32013acd6088bfca43bd4e9669
272431_200w.jpg,200,278,portrait,none,25333,RGB,8ace809e0e0579339b682ed5beee6d5a300e5d47
272432_200w.jpg,200,278,portrait,none,22899,RGB,ad2fd8d628674c3bf5afc7d4097684166f1de868
272434_200w.jpg,200,278,portrait,none,25972,RGB,30546ff4c5c09e7f479661099ce1c50d6ecdce1f
272435_200w.jpg,200,278,portrait,none,24950,RGB,c38a479fc7582971733f1893487ff196193132b4
272436_200w.jpg,200,278,portrait,none,27248,RGB,4549b8d45e80ba15c1ba5aeabfd3e8b1894c5723
272437_200w.jpg,200,278,portrait,none,21614,RGB,2eeed80105c18055384a7b6633497b33f4b1e8de
272438_200w.jpg,200,278,portrait,none,25008,RGB,52aa8c3722b3f98e33a12a6731832fd441247c06
272439_200w.jpg,200,278,portrait,none,24401,RGB,a74926e3a95602602c1f622bb1d408d7304027bc
272444_200w.jpg,200,278,portrait,none,26609,RGB,cc304283a5e70b65710f16d0e3719fad10b63c02
272445_200w.jpg,200,278,portrait,none,25360,RGB,1c4909e2374775435f109529ea9b024270781cc8
272446_200w.jpg,200,278,portrait,none,27559,RGB,fc40c5e014cb2f3b1e4b7ccf53a0ec10f77e2ad7
272447_200w.jpg,200,278,portrait,none,25287,RGB,1c29feff6fa52b622bc65a7fedb470c7a13da0de
272448_200w.jpg,200,278,portrait,none,26492,RGB,2ce54db46fcc729c6ae70b6ce7573000b866bdd5
272450_200w.jpg,200,278,portrait,none,26362,RGB,80018bd346bcd51cf2230f48bfe7b1dde633f6a2
272451_200w.jpg,200,278,portrait,none,26986,RGB,686f1e6c5bf7baed8e47de44f92f7e1897d92e90
272452_200w.jpg,200,278,portrait,none,26928,RGB,ae4f19404fac2b1fdc965e7d682fc72faae65282
272453_200w.jpg,200,278,portrait,none,20249,RGB,46b465c647ea46a59da1c7cbcd71754a3eae6689
272454_200w.jpg,200,278,portrait,none,16961,RGB,afe63bb9a08bb6e4cfd5c8a61060fa4b792d2574
272455_200w.jpg,200,278,portrait,none,17515,RGB,c6aad228a28f44a1b3aadb625f96d0be5213397e
272457_200w.jpg,200,278,portrait,none,20581,RGB,90e7840e57a072cd72917e1d1a131fda0e60334c
272458_200w.jpg,200,278,portrait,none,20612,RGB,5f68aa7b9b3a30c70944f4358f5e62a2cb908846
272459_200w.jpg,200,278,portrait,none,19771,RGB,d4d11c34854e9279b18d790f1fcf9a1148445769
272460_200w.jpg,200,278,portrait,none,18360,RGB,1f7dd67a502a8c81e9774ab70d2a32dec8bb8f1e
272462_200w.jpg,200,278,portrait,none,18519,RGB,e1fc34241e8433c5e2d35318b34d9daeaf38d8f1
272463_200w.jpg,200,278,portrait,none,29125,RGB,225cd8f4e258a7567850564021609131afbdd9ec
272464_200w.jpg,200,278,portrait,none,30780,RGB,09da1829050c6885bb583611f574f75b93febf30
272465_200w.jpg,200,278,portrait,none,31582,RGB,a22e203093700ad0625415dff2a38952065dd878
272466_200w.jpg,200,278,portrait,none,23444,RGB,80ed9ac45dd7aafde23659d254bceedd8107e36f
272468_200w.jpg,200,278,portrait,none,26732,RGB,b6bbb41847fed5aeb368adda7ca2b38dd4be16b0
272469_200w.jpg,200,278,portrait,none,24955,RGB,88c867ccde565df1c97e3968e1a89ee58b878d71
272470_200w.jpg,200,278,portrait,none,24283,RGB,72bec4cb36e5549484e7b0ad29bc16eb08482831
272471_200w.jpg,200,278,portrait,none,21052,RGB,aedc455933a87d558a12f7a26ab209b29ca35257
272473_200w.jpg,200,278,portrait,none,26029,RGB,1579902254e864112c3512ef6291fa954ce86e7b
272474_200w.jpg,200,278,portrait,none,29278,RGB,7d870fa38d7eb6014c881758e9f07aa3fbda2487
272475_200w.jpg,200,278,portrait,none,23995,RGB,dea7270b7ee486889011e0d350799d81b6dfbbc9
272476_200w.jpg,200,278,portrait,none,26785,RGB,cf84e3d3a5895da074cea55d41732c359431c1d9
272477_200w.jpg,200,278,portrait,none,28972,RGB,bc6650b6a5695aae11f86b944f4b3bbddaa2d173
272478_200w.jpg,200,278,portrait,none,30383,RGB,fed92e1c442715e5149178f497ff76ec0a4a1f10
272479_200w.jpg,200,278,portrait,none,28224,RGB,5f6659f66765ea2ad9997f9ae5eed87853ffa81d
272480_200w.jpg,200,278,portrait,none,27934,RGB,a7977639a88f8d966e8e2bcdd5b02cafe2d3a962
272481_200w.jpg,200,278,portrait,none,30041,RGB,2a687beb77c93759b660630528eae92ab7169636
272482_200w.jpg,200,278,portrait,none,28279,RGB,f36d2e3fcfa79401d007ea5d8041d513e1dcdef5
272483_200w.jpg,200,278,portrait,none,21199,RGB,c6db49ed44a24d71746f40fcf87e5949f45d5974
272484_200w.jpg,200,278,portrait,none,34578,RGB,a8136c6d8b0ae6fb6a68c4e6c7e7e87924253a27
272485_200w.jpg,200,278,portrait,none,22799,RGB,5a8af2cd0a461d11da61986121d081e881ff4ff4
272487_200w.jpg,200,278,portrait,none,25642,RGB,10cbf0d13eb52e7247d04145b8c9097135bfc868
272489_200w.jpg,200,278,portrait,none,30019,RGB,65357885da2b4d517b7f132921499de992617d38
272491_200w.jpg,200,278,portrait,none,30875,RGB,dead6ecbde63deabf5c66455aa0ffc481c0d960f
272492_200w.jpg,200,278,portrait,none,28516,RGB,7199fe48a45efe552b4b123809ccb90947cfcb34
272493_200w.jpg,200,278,portrait,none,27769,RGB,01f973573074d418fc80d0d8f667dbf0cbc5fca0
272494_200w.jpg,200,278,portrait,none,31541,RGB,1bcf734161bb82ad3ccd866c7fa4515844472504
272495_200w.jpg,200,278,portrait,none,27041,RGB,50ef0ea20b683540e3a2e0732522450e614f6a3e
272496_200w.jpg,200,278,portrait,none,25613,RGB,0878e5bd685c81b57eb5a11ec2a62b54ef892a3a
272497_200w.jpg,200,278,portrait,none,28112,RGB,52d3b856831af4a147d457c435d249eb9165f36b
272498_200w.jpg,200,278,portrait,none,25887,RGB,b8d6a28d4f63df55775f942f9c5498185a5f215b
272499_200w.jpg,200,278,portrait,none,26000,RGB,1086718fea929554746c850d77b9ec0953daed00
272500_200w.jpg,200,278,portrait,none,28719,RGB,3968a3e6d55c22e05480ce8b0fe81fcbab992199
272501_200w.jpg,200,278,portrait,none,32189,RGB,ee5d803dd81f6e17d1a11e2ef1e6762bcca66838
272502_200w.jpg,200,278,portrait,none,32461,RGB,76eb903a6b6314519b1ef0a20e35066fb3e4f5f8
272510_200w.jpg,200,275,portrait,none,21514,RGB,7d3d1773ba907accfa81148c5ba169a34076fac6
272511_200w.jpg,200,278,portrait,none,23054,RGB,3c4b9d4b5331e893c76477b9f5f68c7823a62e36
272708_200w.jpg,200,278,portrait,none,23087,RGB,d16b85da816cd9d1fa5cce42aa367aba0e626d96
272709_200w.jpg,200,278,portrait,none,25473,RGB,5c84bfaba8163e3d8376052da9d0ca42c836e4c1
272710_200w.jpg,200,278,portrait,none,29190,RGB,c3a7a0036fb9555fe403a95ba86cd46700f300a8
273154_200w.jpg,200,278,portrait,none,26103,RGB,34d85951a7f3808f5b9d04eae840f4bb0623c047
273155_200w.jpg,200,278,portrait,none,22645,RGB,52e2dcfc985e0fc2688440b4bc0a80210cf25dcd
273156_200w.jpg,200,278,portrait,none,26805,RGB,ba0d539f81de87507e935311b9fb0589f2b5fc45
273158_200w.jpg,200,278,portrait,none,23963,RGB,0607d019af24bd8da7cc9759ccf9b16cc1fab66e
273445_200w.jpg,200,143,landscape,rotate_90_or_270,7926,RGB,c4013a5eb2908f3f01bc861806c5e43d927ccdf4
273446_200w.jpg,200,143,landscape,rotate_90_or_270,8016,RGB,244c3837e6e49db1c64132ce915e7bbce4260cf2
273447_200w.jpg,200,143,landscape,rotate_90_or_270,8522,RGB,2acdc1fb3c350177c5bf0cf9944d96057a01011e
273448_200w.jpg,200,143,landscape,rotate_90_or_270,8361,RGB,ffab0578535ab4783f9a974438a25733412b3a4b
273449_200w.jpg,200,143,landscape,rotate_90_or_270,8325,RGB,3e154ebe3b1bfeef12f8ab60ee3ea9fcd9ecec0f
273450_200w.jpg,200,143,landscape,rotate_90_or_270,8695,RGB,296eeea02827cd9435c987ea7ea862552d80ed91
273451_200w.jpg,200,143,landscape,rotate_90_or_270,8676,RGB,ec2fe54f3a3e530414d4e98bb52dd0d768704122
273452_200w.jpg,200,143,landscape,rotate_90_or_270,8700,RGB,6d8da538a0aa2da3c83e1b49add7651db72936f4
273583_200w.jpg,200,278,portrait,none,24364,RGB,dc3b34f4e8d7abce197538d04921d17c985e86d5
273585_200w.jpg,200,278,portrait,none,22653,RGB,15cf8ede18006522f36d16c53c388de02790046b
273588_200w.jpg,200,278,portrait,none,21576,RGB,2af82324502afd1cbec6e8678a2b30f1b37f38bc
273590_200w.jpg,200,278,portrait,none,19536,RGB,9fb9059e1e5bec6cccb19088d2e72831b0c9dd25
273901_200w.jpg,200,281,portrait,none,22847,RGB,6daf9e755b639415967dc12a5a2304c6867c145c
273938_200w.jpg,200,278,portrait,none,28731,RGB,c52f27d52d7549983198b4a423d8f12c4a57a1ff
273939_200w.jpg,200,278,portrait,none,29496,RGB,32492ba234aa8c97d41b375205e84dfb8a78a2f2
274093_200w.jpg,200,280,portrait,none,22771,RGB,d4172f59d5f7c6cac739030cc0af82e007a98873
274095_200w.jpg,200,278,portrait,none,25018,RGB,5532ea798e234d1f0c9d8174fd1a5bcce08cd92d
274096_200w.jpg,200,280,portrait,none,26439,RGB,81cb2ad8975067cbbc31da837150f1182c5e3783
274097_200w.jpg,200,280,portrait,none,25428,RGB,a2b7d7c94166d8c53d415f710ab905dddcf40338
274098_200w.jpg,200,279,portrait,none,28277,RGB,ad0aaf912ce44f0baa9043ac7569213646f40a6e
274102_200w.jpg,200,279,portrait,none,24941,RGB,238af044e15b6295b63c9f32e25460f9886becd7
274358_200w.jpg,200,279,portrait,none,22395,RGB,c80384886fb7fb9226d293274cdb70d77ee885a9
274359_200w.jpg,200,279,portrait,none,25186,RGB,293adc91fc1ea26390ed0c778b5af2ab078f2d55
274360_200w.jpg,200,279,portrait,none,26759,RGB,a2e7b8240ff0f17979c7eaff9847eb9f57cf8fe7
274361_200w.jpg,200,279,portrait,none,21948,RGB,66857202fcc9831ff0f67a1e3725c911187aacb7
274362_200w.jpg,200,279,portrait,none,26748,RGB,6e47a472a8f3164e859dfef6e4f9ed28998e529d
274412_200w.jpg,200,274,portrait,none,25248,RGB,0493e9cb97bfab510dee65b28492baa07e8c846c
274414_200w.jpg,200,278,portrait,none,28820,RGB,b2b02117ffb2e6d654443099d314e1db202baebb
274433_200w.jpg,200,279,portrait,none,20802,RGB,3a1137177aea618c037346a5ed072743c1f8fc38
274434_200w.jpg,200,279,portrait,none,21754,RGB,f9ebd79a289cb1aa95496c278cc4ec3355c21026
274435_200w.jpg,200,279,portrait,none,23976,RGB,d21a16b6b6785e7483a1d8813e8d34bcd022ee98
274436_200w.jpg,200,279,portrait,none,21879,RGB,91ecb88ca7cded6373688993b09bf5ddd7ba46ce
274438_200w.jpg,200,279,portrait,none,22905,RGB,e6feec5da8b608fef35b6811b53dd87690c667f0
274439_200w.jpg,200,279,portrait,none,24911,RGB,dffc41b2d9ace205f70775dc2bd5de79e267c46e
274445_200w.jpg,200,279,portrait,none,21703,RGB,6b55482ddef996963b13c993ae04d5eeeab14e6e
274451_200w.jpg,200,279,portrait,none,25311,RGB,f61a7fd1ef52d86af2488231967961fdcca7bcfa
274453_200w.jpg,200,279,portrait,none,26240,RGB,ab98634d6b4847a4d0d962456477b79af69302c7
274457_200w.jpg,200,279,portrait,none,21721,RGB,27a22924f385f1b46322df8e250a674eeb51434c
274459_200w.jpg,200,279,portrait,none,25104,RGB,1a600f36797d4bc79dd8a0f3d6288754432564d7
274461_200w.jpg,200,279,portrait,none,19383,RGB,ebac626b25e0254d3aca39555629a828f3e15230
274465_200w.jpg,200,279,portrait,none,26068,RGB,3d953bf4c603a5dd946093b0f8ba678dc5923648
274467_200w.jpg,200,279,portrait,none,25335,RGB,57bbf59c30f2ffa1808e9a9f23a7a26a50c02b3b
274468_200w.jpg,200,279,portrait,none,26391,RGB,8e704fb4eb75a09c12db5f3d4623cf850ff8da31
274470_200w.jpg,200,279,portrait,none,25887,RGB,970210348a15d5daa73d53f4bb7feadbecdd4d46
275057_200w.jpg,200,279,portrait,none,22887,RGB,c937cc2037721d70cc937ad9560109beb32eef6f
275058_200w.jpg,200,279,portrait,none,21758,RGB,3a6079a12725e1ff0c4a896b2a5fa576b3078e0c
275059_200w.jpg,200,279,portrait,none,22422,RGB,46f9386e881c274ffa172038c2e43286d32911b7
275060_200w.jpg,200,279,portrait,none,24093,RGB,15d632abd7b1ccbc0f18c41e65d24cab0ccf742a
275061_200w.jpg,200,279,portrait,none,23815,RGB,9307053c99e32bede428463907fcb7652790636f
275062_200w.jpg,200,279,portrait,none,24140,RGB,24155aacb69523f6be277b2fe48698ecb1861f80
275063_200w.jpg,200,279,portrait,none,22016,RGB,0ca384ec65b8f88659acfecfac56ac9735775e16
275064_200w.jpg,200,279,portrait,none,23734,RGB,062a5db9bdfd80ff7d20038afb4de7c9926f609a
275065_200w.jpg,200,279,portrait,none,22601,RGB,06e9c789ffbee8b43b97091339afab43a488c9fb
275066_200w.jpg,200,279,portrait,none,23447,RGB,ecc16e592e69f07764b3a8e978647e32cffdf610
275067_200w.jpg,200,279,portrait,none,23147,RGB,af3aeb9180a82f0a65c3973570e1e965ed95a9f0
275069_200w.jpg,200,279,portrait,none,21367,RGB,0f3f3c9be969fa4a5218a8b5cde90fb8f28b000e
275118_200w.jpg,200,143,landscape,rotate_90_or_270,8506,RGB,0118132e44e95de29bd9d80f05f10f78ec963c95
275165_200w.jpg,200,276,portrait,none,29464,RGB,f1f51275d67ae906afcd660df9f575899d6adc90
275166_200w.jpg,200,278,portrait,none,28843,RGB,2bd8e2c343bde009e0db59c2e1e5ae99a69ae435
275167_200w.jpg,200,278,portrait,none,25041,RGB,5328a6b8c9231d5da73b100ae669095c37ebf86d
275828_200w.jpg,200,279,portrait,none,21105,RGB,e0a0565796eef5512994402656d3f954b87e0590
275829_200w.jpg,200,279,portrait,none,21617,RGB,5e137c955feb6a44af89f19e6ef53ae781a13d0f
275830_200w.jpg,200,279,portrait,none,23694,RGB,486313dcc919e525e06fb7801013cb932f8449e1
275831_200w.jpg,200,143,landscape,rotate_90_or_270,8463,RGB,e019b3f09ffd8bbeabfed569ebf63a1500782226
275832_200w.jpg,200,143,landscape,rotate_90_or_270,8481,RGB,c5400120c8031fe16778284ffdbc80bed423cc15
275833_200w.jpg,200,143,landscape,rotate_90_or_270,8344,RGB,022ef16b51c829aea7f26592932263823be92b4c
275843_200w.jpg,200,279,portrait,none,27402,RGB,ee678ba762efcc2e2af1c0c9647955d8b0938330
275844_200w.jpg,200,279,portrait,none,26320,RGB,ce0a52332e70620c1ab2cd907ff116a777533396
276050_200w.jpg,200,278,portrait,none,30511,RGB,a4cd5a8e190c968dec58760cb78d340f7d8ecf10
276051_200w.jpg,200,278,portrait,none,28496,RGB,ea7ff032eaddc0cab375a51df8cbc0d971b1ac01
276363_200w.jpg,200,280,portrait,none,25327,RGB,187e755bf2c99f74052842c186d02ef722fecb3b
276377_200w.jpg,200,277,portrait,none,20910,RGB,1512f701838fbfc21b4184090ddf88be6435a216
276387_200w.jpg,200,279,portrait,none,23197,RGB,e6f923fdf0c5da9e73d4957bbf99fb1e8de7409c
276393_200w.jpg,200,278,portrait,none,22630,RGB,c9ff57fcee7e63c09bc11f83f2156d3a39a3eb1b
276701_200w.jpg,200,143,landscape,rotate_90_or_270,8793,RGB,9511e348036f4f1812285493a7085e46fc4bf900
276703_200w.jpg,200,285,portrait,none,16989,RGB,41f5ff5881efcd01e8ba099a942693c5a2ef6675
276931_200w.jpg,200,278,portrait,none,20938,RGB,eae46730121f0a91dd52e2f75349761278194bff
276933_200w.jpg,200,278,portrait,none,20635,RGB,d72d910ab66cc949d75ac4765accbfa9cbc7a325
276943_200w.jpg,200,278,portrait,none,27652,RGB,d4e9e74f8806d477577d791728fb6e6a71201e09
276944_200w.jpg,200,278,portrait,none,23604,RGB,33e005d134aae4a70afafe5b7e095d0e748f319b
276945_200w.jpg,200,278,portrait,none,24027,RGB,b7d1e4538e5467e4fe52f5f2b713194aaed2cf93
276946_200w.jpg,200,278,portrait,none,19782,RGB,16b474936be29281552eb0f952277eda99615096
276947_200w.jpg,200,278,portrait,none,21091,RGB,4ee9a9620068a75398d2385e3d7468f6e1b56d7a
276948_200w.jpg,200,278,portrait,none,23187,RGB,ef2442ff5405ef0d3082890599f62e86e0898331
276949_200w.jpg,200,278,portrait,none,23209,RGB,892bda8018e8e3280e59a48fd1d9c07679d40f4f
276950_200w.jpg,200,278,portrait,none,25639,RGB,90c5ec10984820e97029e0470721d4c8ef91fdd5
276951_200w.jpg,200,278,portrait,none,25489,RGB,594e2a21481d07c12f9581f4e3af94d071fcfd15
276953_200w.jpg,200,278,portrait,none,23207,RGB,59427ff2ba32e98753053ec7a11991818d0ce5b3
276954_200w.jpg,200,278,portrait,none,25280,RGB,8bbb2bf19383dcc9ee8bd4731c7a94acdba6671c
276955_200w.jpg,200,278,portrait,none,25130,RGB,44dcc8615dcf32ea0b7cdb77e56e595b3d8bb378
276959_200w.jpg,200,278,portrait,none,25676,RGB,29895baa4b2b386b7a9082065fcc5cd66800a563
276960_200w.jpg,200,278,portrait,none,27965,RGB,b6cd8f54a2ce9994a27bb509ab7fd3439ff5371b
276962_200w.jpg,200,278,portrait,none,25926,RGB,58d68bd673a5fb833b1bb96a0997c718c4475e5f
276963_200w.jpg,200,278,portrait,none,25939,RGB,9cb94192bf78f4e7d1c881c515b8426b83e95d92
276964_200w.jpg,200,278,portrait,none,26003,RGB,5735160bf6351328cde1dc561cbf06b09bc56a58
276965_200w.jpg,200,278,portrait,none,20946,RGB,2d21f66beaebcb2400c19bcadc9245b0b2d63aaa
276966_200w.jpg,200,278,portrait,none,19614,RGB,f35e32f5529d30012f5d774adadf0f6c4ee64227
276967_200w.jpg,200,278,portrait,none,22647,RGB,6c9d3d66ae3fbfeb25b5b131a589c5bc6454a808
276969_200w.jpg,200,278,portrait,none,21884,RGB,121bb7628bee1a9456e4c3200d2e3600df088b4f
276971_200w.jpg,200,278,portrait,none,21028,RGB,2f99c3688bb8d7bb55112ca3034e765fb0f39d4d
276972_200w.jpg,200,278,portrait,none,20174,RGB,c957112e594ae689db6f884cd145b1dd9ddd27a2
276974_200w.jpg,200,278,portrait,none,21826,RGB,231076f277a6f5df7183025192784ccdb92293a3
276975_200w.jpg,200,278,portrait,none,22265,RGB,e6b66811c605d0bd2c1b28882f1f627e94e7b9f1
276976_200w.jpg,200,278,portrait,none,22553,RGB,291b0e272ce8c9bbff760ee9e8c4c1ab475c0236
276978_200w.jpg,200,278,portrait,none,25375,RGB,5627040bbcb1e5ceaf654a09529c90da779a74f8
276980_200w.jpg,200,278,portrait,none,26602,RGB,f3a2e4890f725729ecfd42353fc10f812eb64abd
276982_200w.jpg,200,278,portrait,none,22039,RGB,fde8291078b07e89992b05c6a8f9a0ecb1655154
276983_200w.jpg,200,278,portrait,none,24796,RGB,4e2716247d2d3fa56dc7f5db24d7c16ab81c8c92
276984_200w.jpg,200,278,portrait,none,20313,RGB,cb7d87e8219f3b50d285fb74f49b152e223d5681
276985_200w.jpg,200,278,portrait,none,21553,RGB,6ceb4d9b760c10a1205e3c79f2140c70f552692f
276988_200w.jpg,200,278,portrait,none,22882,RGB,060b94dcad47f1b004c503a94cca605c096d672c
276989_200w.jpg,200,278,portrait,none,21817,RGB,8c05ae2a9a7b1eec9ca13bcc693261b8dfdef8a6
276990_200w.jpg,200,278,portrait,none,23790,RGB,aa2e44aaaa8729bdeb8eafb2913dacef67cabd2f
276991_200w.jpg,200,278,portrait,none,20834,RGB,81bd11d685f1d14a5b547dd33731021ec20b14ee
276992_200w.jpg,200,278,portrait,none,19509,RGB,9188003b967779715fd071f1c7120d673f7695d8
276993_200w.jpg,200,278,portrait,none,21771,RGB,0c7a2f73f78ab3b1c5e256090518b8e6890e3372
276994_200w.jpg,200,278,portrait,none,19007,RGB,f3223eecc2c967c6d218e5c9d2bca9863ab83aef
276995_200w.jpg,200,278,portrait,none,20051,RGB,d6f87c2dbf8edc1710f73960e209b26010b98cc8
276996_200w.jpg,200,278,portrait,none,21389,RGB,dff72830bebad847958fc37db3465115cd5aca25
276997_200w.jpg,200,278,portrait,none,22011,RGB,a4d21535fbcc2ae62eca9d9a6f0802b6bff6adcc
276998_200w.jpg,200,278,portrait,none,20830,RGB,72f844f759460bd485562c815d08ae6b1e76c19f
276999_200w.jpg,200,278,portrait,none,27660,RGB,9f638a9a50ed572d924c6a5cd9e975c53657efa7
277000_200w.jpg,200,278,portrait,none,28230,RGB,111af5ecab10ceb07364a033eb6fbaa0aae0176c
277001_200w.jpg,200,278,portrait,none,28859,RGB,ca6453fda54f9ca1ab0b15c62386ca924615b0e9
277002_200w.jpg,200,278,portrait,none,24697,RGB,ac6598c804594dd0c9eaf73a863eae1ef0888b9b
277003_200w.jpg,200,278,portrait,none,24796,RGB,35e59781a6b7c41cfd531f7a367bd7d36c2cf453
277004_200w.jpg,200,278,portrait,none,24163,RGB,8b93622867034169589bf34633e0255ac8acacd9
277005_200w.jpg,200,278,portrait,none,26490,RGB,3c99172ae7e75e28b6924ec82478decb96c627ec
277006_200w.jpg,200,278,portrait,none,26785,RGB,9c1d9cac2cb3ff25cbe0e07831389f7b145a665e
277007_200w.jpg,200,278,portrait,none,28373,RGB,3818e41c5c3f757f50684382aa1cc7de38a92798
277008_200w.jpg,200,278,portrait,none,24434,RGB,e4d5bc456c9b798ede9df6bdae27983556daabc4
277009_200w.jpg,200,278,portrait,none,25908,RGB,9b66f271e21a9ba5fc28ed0e2112a26ebf61434a
277011_200w.jpg,200,278,portrait,none,25738,RGB,d66893386d82c49054d34114373ff7266bfc0b58
277012_200w.jpg,200,278,portrait,none,24961,RGB,a4b66cf3b6855a1dee54c9ba0ec54e647220c202
277013_200w.jpg,200,278,portrait,none,25548,RGB,e94bfd785a8d454068aae49a2cfdad91b52ae616
277014_200w.jpg,200,278,portrait,none,24754,RGB,7b4f55f7cf6f4b5d78a809885ce3305efd31b933
277015_200w.jpg,200,278,portrait,none,19022,RGB,33b46478e1738a359372904578327b2d2a35c7b7
277016_200w.jpg,200,278,portrait,none,25753,RGB,d3308aecc054814729bfcfb6dd4eab69c1e0bf39
277017_200w.jpg,200,278,portrait,none,19469,RGB,645dda9e533b32ca7ae689f369ee0636f041f21b
277018_200w.jpg,200,278,portrait,none,21786,RGB,90cb1c45399657998c078e3461eddf355e7c215c
277019_200w.jpg,200,278,portrait,none,27396,RGB,103c94d04ad83daf3bb63981fba4a011b383a9de
277020_200w.jpg,200,278,portrait,none,20480,RGB,822d9feb2a207cb1a06689a7cb95d90dede0876c
277023_200w.jpg,200,278,portrait,none,31293,RGB,d16073e553deda28e8b7f781c1b8a55cff2c5e5a
277024_200w.jpg,200,278,portrait,none,27361,RGB,ce3e2e00b38381a59397fb2a82a956889ed2a8ae
277025_200w.jpg,200,278,portrait,none,23328,RGB,f5a279c635355c1d3fa1f866c8b1ba2dc4ce05bf
277026_200w.jpg,200,278,portrait,none,23710,RGB,aa4e0446eda0ef9f1c1fc58e692d325c9c4b13e9
277027_200w.jpg,200,278,portrait,none,22832,RGB,ab780e1d58c7931679e190932c6b007571010698
277039_200w.jpg,200,278,portrait,none,8575,RGB,1668061fef49b7aec38a812908215a5ddbb78815
277040_200w.jpg,200,278,portrait,none,26954,RGB,1843628defeac9d115ea96b0b978d337f34d9d29
277668_200w.jpg,200,143,landscape,rotate_90_or_270,8546,RGB,741f063c697c4b44415c77dba72dc0d690727de3
277669_200w.jpg,200,143,landscape,rotate_90_or_270,8558,RGB,b93768e0b4d36767b28ffb7fb86fd9a0090d0049
277670_200w.jpg,200,143,landscape,rotate_90_or_270,7682,RGB,29d20f14003fd15d574d9d53815eeab7e94dfe90
277671_200w.jpg,200,143,landscape,rotate_90_or_270,7956,RGB,1c88ae0344b31a0f8da6f5266c7361f976994acb
277672_200w.jpg,200,143,landscape,rotate_90_or_270,9048,RGB,a4bdb395088ec6af803e125c85debc0198025cc5
277673_200w.jpg,200,143,landscape,rotate_90_or_270,7950,RGB,80ad404b9083f570b00369516feb95e57f617707
277674_200w.jpg,200,143,landscape,rotate_90_or_270,7860,RGB,3e10903b2b3dc87f825a0f3feba4f918b97d3875
277675_200w.jpg,200,276,portrait,none,24502,RGB,2d5874fff477cd6822e861d2d144ee951686b064
277676_200w.jpg,200,274,portrait,none,27459,RGB,ab36c91352659abb05c2b47f90c7948ee965ac35
277678_200w.jpg,200,278,portrait,none,18810,RGB,ecb7bdd53b3d81f7e2798e233da95f5f98795479
277679_200w.jpg,200,279,portrait,none,26044,RGB,8ba8ec4de27c12476943508e1a24459918481a96
277680_200w.jpg,200,278,portrait,none,21398,RGB,b1f6a776bc417772b8ab168aade833a3a547d2b9
277788_200w.jpg,200,279,portrait,none,27900,RGB,ed1a5942673b0e8e189e2628825c0cd5653c9275
277791_200w.jpg,200,278,portrait,none,22448,RGB,1f4b03cb01351740c06f1d4b849975ba982d813b
277884_200w.jpg,200,143,landscape,rotate_90_or_270,7913,RGB,22ed1aa32212a002301dc93af486f407c7963c77
278667_200w.jpg,200,142,landscape,rotate_90_or_270,8552,RGB,4a20884cba17b496860dbc8f6027bf5b1ce58524
278668_200w.jpg,200,143,landscape,rotate_90_or_270,8017,RGB,4d77cf3e462918347b820392e6b1a6931381465a
278670_200w.jpg,200,143,landscape,rotate_90_or_270,8124,RGB,9d49f6b4da282aaff90c62b1b15f7fe5ccc598f0
278671_200w.jpg,200,143,landscape,rotate_90_or_270,7856,RGB,7375d5fdcd6533cc55f8e738f96e25c69163689b
278672_200w.jpg,200,143,landscape,rotate_90_or_270,7850,RGB,cce24d32b826d193388a0ec471628ac9c0e53b91
278673_200w.jpg,200,143,landscape,rotate_90_or_270,7773,RGB,c09a1ed328fd8db758d2b18e8afba0d7a676a708
278675_200w.jpg,200,143,landscape,rotate_90_or_270,8020,RGB,113741892132ed3a1f97b8372935e86c868dbc9b
278676_200w.jpg,200,143,landscape,rotate_90_or_270,8210,RGB,655b480f7c9a81bf442d2415a63d7c39b3ac5df5
278678_200w.jpg,200,142,landscape,rotate_90_or_270,7925,RGB,8122fc1d507f19eb997d15d5c5207ca43d7af734
278680_200w.jpg,200,143,landscape,rotate_90_or_270,8319,RGB,da90cc304e4e57a5ed44bf135b7d0acde1e8ea05
278684_200w.jpg,200,282,portrait,none,22628,RGB,fa7a7e06cf349b673e122409d55a5537cc7ef6ba
278685_200w.jpg,200,276,portrait,none,14128,RGB,f3d251b2742128779ce4343d406e1cc40ff81851
278686_200w.jpg,200,277,portrait,none,16430,RGB,b7c52cf71f329418537daa77d5017a5fab22e299
278687_200w.jpg,200,280,portrait,none,22393,RGB,9deecbe19d1f0c29fa9541ed79111cdae7d3a25d
278705_200w.jpg,200,274,portrait,none,21171,RGB,3d30256939eed8f65af65108c81dfc7354564f95
278807_200w.jpg,200,143,landscape,rotate_90_or_270,8380,RGB,af6c8768e2f3425a4f212cc61b0a59e0516cdcd2
278808_200w.jpg,200,143,landscape,rotate_90_or_270,8228,RGB,7081b90748a96e7b4865ed9c86833cecec2fa6d1
278810_200w.jpg,200,143,landscape,rotate_90_or_270,8491,RGB,90096a37cf7fbc2f61a035b12f846686ad2ce5c2
278811_200w.jpg,200,143,landscape,rotate_90_or_270,8504,RGB,adc0528af5719a7e7f7b810088d9fe6d2fcb24c3
278813_200w.jpg,200,143,landscape,rotate_90_or_270,8723,RGB,1c6d4df5189d89520c61e2654622d9bd9eadc6fe
278814_200w.jpg,200,143,landscape,rotate_90_or_270,8696,RGB,a96fbc7c89546049b05ca8eacaab40d71dfe59a0
279028_200w.jpg,200,279,portrait,none,28578,RGB,7ad5bb5b4d73d1cf562991180404f028dc6baa16
279155_200w.jpg,200,279,portrait,none,19659,RGB,a8183e67ab527907426ab4f02d58834b7581c011
279260_200w.jpg,200,143,landscape,rotate_90_or_270,8975,RGB,42dc72f6a2b171116286d6ea2965ab4450c54435
279261_200w.jpg,200,143,landscape,rotate_90_or_270,8912,RGB,243e21baaa80d27cd173dbde14f4927fc6e4e9da
279328_200w.jpg,200,280,portrait,none,21104,RGB,581ee3066f6279482326976f462dfb3c41be905e
279329_200w.jpg,200,280,portrait,none,21410,RGB,0673296dc822aa11c271829a83ee877879c04128
279926_200w.jpg,200,142,landscape,rotate_90_or_270,8411,RGB,444da523c0fcb3ace58d461fe4512e1f36a90888
279929_200w.jpg,200,279,portrait,none,15911,RGB,83761f5b1d9893cf665662785cff45b1b808d398
